fiscal_year,base_year,sr_no,group_code,cmdty_code,description,month_1,month_2,month_3,month_4,month_5,month_6,month_7,month_8,month_9,month_10,month_11,month_12,fy_avg_index
2015-2016,2007-08,1,00,00,General,201.76,202.25,202.04,203.03,204.22,203.06,203.49,202.98,203.28,206.43,205.99,207.3,203.82
2015-2016,2007-08,2,01,00,Food and non-alcoholic Beverages,219.76,220.51,219.41,220.4,223.17,218.28,216.71,214.99,216.13,221.59,219.65,222.39,219.42
2015-2016,2007-08,3,01,01,Wheat,195.34,194.04,193.88,200.07,202.99,206.87,207.61,209.18,208.84,199.84,190.74,190.65,200
2015-2016,2007-08,4,01,02,Wheat Flour,209.15,208.24,208.52,213.1,216.28,217.09,217.29,217.05,216.95,213.8,208.56,207.51,212.8
2015-2016,2007-08,5,01,03,Wheat Product,212.14,212.75,212.74,214.59,216.05,216.9,216.36,213.03,212.36,214.44,213.99,213.52,214.07
2015-2016,2007-08,6,01,04,Besan,226.93,236.9,240.09,250.61,259.87,263.29,265.87,258.32,258.58,266.21,297.68,304.78,260.76
2015-2016,2007-08,7,01,05,Rice,174.19,174.03,170.56,164.5,158.55,156.85,156.97,156.66,157.09,155.53,154.07,156.23,161.27
2015-2016,2007-08,8,01,06,Cereals,242.61,243.87,244.01,244.03,244.41,244.3,244.57,245.93,248.03,248.02,248.06,248.23,245.51
2015-2016,2007-08,9,01,07,Bakery & Confectionary,208.8,209.48,209.68,209.83,210.04,210.23,210.44,211.97,212.37,212.32,212.69,213.83,210.97
2015-2016,2007-08,10,01,08,Nimco,240.02,240.88,241.24,241.54,242.93,243.73,245.2,246.64,244.62,245.22,245.24,248.02,243.77
2015-2016,2007-08,11,01,09,Meat,250.33,252.42,254.88,255.19,255.84,257.73,258.7,259.99,260.17,260.33,261.05,261.83,257.37
2015-2016,2007-08,12,01,10,Chicken,227.83,189.75,157.49,143.98,174.41,179.49,184.93,148.72,169.42,221.51,207.46,193.47,183.21
2015-2016,2007-08,13,01,11,Fish,211.33,211.3,212.73,214.66,219.78,221.24,223.97,217.07,216.71,220.79,218.98,218.3,217.24
2015-2016,2007-08,14,01,12,Milk Fresh,254.76,255.57,256.67,256.89,257.02,258.64,259.06,259.27,259.52,260.36,261.88,263.49,258.59
2015-2016,2007-08,15,01,13,Milk Products,247.17,247.22,248.48,248.48,249.39,250.23,250.44,250.66,251.48,251.36,253.26,254.37,250.21
2015-2016,2007-08,16,01,14,Milk Powder,226.78,227.17,226.9,230.26,231.58,232.01,233.68,234.3,235.07,235.13,235.69,236.54,232.09
2015-2016,2007-08,17,01,15,Eggs,174.43,196.17,189.42,181.97,201.4,208.94,205.86,202.68,169.12,157.99,150.91,163.75,183.55
2015-2016,2007-08,18,01,16,Mustard Oil,152.44,153.77,153.79,154.04,155.03,154.57,154.93,155.57,155.95,153.28,153.93,153.99,154.27
2015-2016,2007-08,19,01,17,Cooking Oil,142.1,141.58,137.91,135.21,133.44,133.55,132.05,132.13,132.58,132.28,132.88,133.28,134.92
2015-2016,2007-08,20,01,18,Vegetable Ghee,140.77,140.34,138.19,137.08,135.99,136.07,135.63,135.96,136.29,137.14,137.59,137.43,137.37
2015-2016,2007-08,21,01,19,Dry Fruits,252.84,250.52,249.61,252.42,255.1,258.78,261.69,262.54,261.11,263.06,263.17,263.76,257.88
2015-2016,2007-08,22,01,20,Fresh Fruits,263.31,240.08,219.82,217.91,200.95,193.24,203.36,204.55,221.54,251.28,260.15,266.67,228.57
2015-2016,2007-08,23,01,21,Pulse Masoor,195.25,195.95,197.64,199.45,201.38,203.16,204.23,202.55,202.97,204.86,211.25,213.02,202.64
2015-2016,2007-08,24,01,22,Pulse Moong,306.14,298,295.41,300.95,300.34,303.32,303.36,300.13,298.42,300.71,299.54,299.89,300.52
2015-2016,2007-08,25,01,23,Pulse Mash (Washed),253.39,256.02,266.81,308.24,317.19,336.48,346.21,348.73,348.96,361.7,374.98,376.13,324.57
2015-2016,2007-08,26,01,24,Pulse Gram,230.62,245.7,249.32,262.84,269.43,271.32,272.57,268.47,267.42,276.99,311.49,318.34,270.38
2015-2016,2007-08,27,01,25,Gram Whole,199.27,205.35,207.48,214.37,217.36,221.5,224,223.24,222.26,234.94,258.79,273.48,225.17
2015-2016,2007-08,28,01,26,Beans,232.93,234.52,232.23,233.73,233.73,233.87,233.35,233.25,231.25,233.02,234.91,234.45,233.44
2015-2016,2007-08,29,01,27,Potatoes,176.23,182.67,189.18,207.81,234.45,198.29,140,123.43,125.41,124.66,136.23,198.22,169.72
2015-2016,2007-08,30,01,28,Onion,255.12,247.23,309.49,326.26,373.92,312.02,267.82,247.6,248.77,234.53,196.92,192.54,267.69
2015-2016,2007-08,31,01,29,Tomatoes,148.28,197.35,174.35,233.56,275.88,200.23,123.72,114.98,93.51,150,75.85,122.2,159.16
2015-2016,2007-08,32,01,30,Fresh Vegetables,215.04,253.47,258.41,257.22,265.6,202.07,191.2,190.61,203.43,232.56,216.09,228.83,226.21
2015-2016,2007-08,33,01,31,Sugar,232.55,233.44,229.84,221.27,213.03,202.21,214.31,223.59,223.13,226.87,227.12,229.8,223.1
2015-2016,2007-08,34,01,32,Gur,279.18,285.83,290.46,291.22,278.99,266.16,267.27,266.92,267.43,264.7,271.2,274.05,275.28
2015-2016,2007-08,35,01,33,Honey,304.35,304.35,304.38,304.38,305.4,306.28,307.36,307.75,307.12,307.78,307.78,307.78,306.23
2015-2016,2007-08,36,01,34,SweetMeat,235.91,237.2,238.02,238.4,238.79,239.13,239.94,241.33,239.96,239.96,241.33,241.3,239.27
2015-2016,2007-08,37,01,35,Beverages,215.67,215.71,217.39,217.86,217.39,217.44,215.29,215.64,215.86,217.77,219.07,220.83,217.16
2015-2016,2007-08,38,01,36,"Jam, Tomato Ketchup & Pickles",209.37,210.53,211.13,211.33,211.59,211.62,212.15,212.12,211.82,213.44,214.28,215.33,212.06
2015-2016,2007-08,39,01,37,Condiments,258.03,258.1,258.47,258.82,259.27,260.42,261.47,262.38,261.12,263.03,262.65,262.42,260.52
2015-2016,2007-08,40,01,38,Spices,237.36,238.09,238.44,237.3,237.23,238.38,238.16,239.15,238.67,239.67,240.26,241.18,238.66
2015-2016,2007-08,41,01,39,Tea,235.06,252,262.29,265.12,273.45,279.35,284.13,282.69,261.29,257.15,256.86,255.87,263.77
2015-2016,2007-08,42,02,00,"Alcoholic Beverages, Tobacco",309.83,309.9,309.97,309.96,312.26,334.66,337.14,337.57,338.77,344.1,346.08,360.75,329.25
2015-2016,2007-08,43,02,40,Cigarettes,311.47,311.47,311.47,311.47,313.74,336.44,338.92,339.36,340.48,345.88,347.85,362.72,330.94
2015-2016,2007-08,44,02,41,Betel Leaves & Nuts,210.25,214.46,218.57,218.45,222.55,226.79,229.04,229.29,234.38,236.22,238.78,241.34,226.68
2015-2016,2007-08,45,03,00,Clothing and footwear,219.65,220.27,220.68,221.89,222.75,223.65,224.36,224.97,226.4,227.87,228.31,229.34,224.18
2015-2016,2007-08,46,03,42,Cotton Cloth,213.49,214.33,215.25,215.33,215.4,215.47,215.77,216.48,218.51,223.11,223.74,224.62,217.63
2015-2016,2007-08,47,03,43,Woolen Cloth,234.73,236.1,236.31,236.95,237.76,239.67,240.17,240.78,243.45,243.14,243.69,244.55,239.78
2015-2016,2007-08,48,03,44,Readymade Garments,225.49,225.84,225.96,226.37,227.22,227.8,228.16,229.79,232.44,234.6,235.32,236.72,229.64
2015-2016,2007-08,49,03,45,Woolen Readymade Garments,240.86,240.86,240.86,245.98,252.19,258.26,260.8,254.84,252.77,252.74,253.2,252.98,250.53
2015-2016,2007-08,50,03,46,Hosiery,232.85,233.85,234.19,235.05,236.08,237.01,238.25,238.88,239.97,240.25,240.43,241.98,237.4
2015-2016,2007-08,51,03,47,Dopatta,232.89,233.88,234.33,234.91,235,235.93,238.99,239.78,240.45,239.49,239.65,240.75,237.17
2015-2016,2007-08,52,03,48,Cleaning and Laundry,238.32,239.56,242.25,245.7,246.39,248.98,249,251.12,252.25,252.29,253.01,253.34,247.68
2015-2016,2007-08,53,03,49,Tailoring,278.39,278.68,278.92,283.94,285.69,286.25,287.43,289.94,292.19,292.96,293.42,296.54,287.03
2015-2016,2007-08,54,03,50,Footwear,164.77,164.95,164.97,165.1,165.14,165.24,165.25,165.44,165.51,166.17,166.23,166.36,165.43
2015-2016,2007-08,56,04,51,House Rent,168.87,168.87,168.87,170.85,170.85,170.85,174.32,174.32,174.32,176.44,176.44,176.44,172.62
2015-2016,2007-08,57,04,52,Construction Input Items,239.75,240.99,241.38,241.36,241.85,242.37,242.65,242.77,241.67,242.85,243.86,244.53,242.17
2015-2016,2007-08,58,04,53,Construction Wage Rates,215.28,216.01,218.33,220.31,223.39,223.74,224.27,225.13,225.24,226.24,226.72,228.82,222.79
2015-2016,2007-08,59,04,54,Water Supply,149.92,149.92,149.92,149.92,149.92,149.92,153.34,161.1,161.1,161.1,161.1,161.6,154.91
2015-2016,2007-08,60,04,55,Electricity,234.69,238.1,238.1,238.1,238.1,238.1,238.1,238.1,238.1,238.1,238.1,238.1,237.82
2015-2016,2007-08,61,04,56,Gas,143.81,143.81,158.08,158.08,158.08,158.08,158.08,158.08,158.08,158.08,158.08,158.08,155.7
2015-2016,2007-08,62,04,57,Kerosene Oil,223.65,216.11,207.65,208.72,211.04,210.91,203.32,189.04,191.37,194.05,195.28,193.53,203.72
2015-2016,2007-08,63,04,58,Firewood Whole,275.52,275.9,275.9,278.99,279.21,281.03,284.11,283.33,283.78,283.25,284.79,284.87,280.89
2015-2016,2007-08,65,05,59,Furniture,205.94,206.08,206.58,206.7,207.09,207.57,207.96,208.62,210,210.33,211.36,211.58,208.32
2015-2016,2007-08,66,05,60,Household Textiles,209.69,211.55,212.12,213.29,214.08,215.47,216.16,217.54,219.62,219.15,220.62,221.22,215.88
2015-2016,2007-08,67,05,61,Household Equipment,175.41,175.47,175.57,175.73,175.89,176.33,176.48,176.18,176.51,177.64,178.29,178.21,176.48
2015-2016,2007-08,68,05,62,Utensils,216.41,216.86,217.57,218.25,218.4,219.05,219.4,219.75,221.38,222.55,223.5,222.56,219.64
2015-2016,2007-08,69,05,63,Plastic Products,203.33,203.54,204.1,204.85,204.88,205.82,206.03,206.33,206.73,206.9,206.97,207.23,205.56
2015-2016,2007-08,70,05,64,Washing Soaps & Detergents,223.42,224.99,224.73,225.68,225.85,226.72,226.88,226.94,225.2,226.13,226.67,226.76,225.83
2015-2016,2007-08,71,05,65,Sewing Needle & Dr Cell,198.97,200,200.63,200.81,201.89,202.24,202.56,203.4,205.05,208.24,208.58,208.8,203.43
2015-2016,2007-08,72,05,66,Household Servant,234.86,234.86,236.72,237.2,237.2,238.79,239.42,244.5,245.77,246.17,246.18,248.71,240.87
2015-2016,2007-08,73,05,67,Marriage Hall Charges,232.28,232.28,232.49,232.49,234.2,234.48,237.37,238.96,238.96,238.96,240.06,244.63,236.43
2015-2016,2007-08,74,06,00,Health,178.91,179.01,179.51,179.67,180.59,180.83,181.45,184.18,185.68,187.29,187.43,187.68,182.69
2015-2016,2007-08,75,06,68,Drugs & Medicines,148.93,148.93,149.01,149.02,149.14,149.14,149.28,151.34,152.54,152.83,153.11,153.48,150.56
2015-2016,2007-08,76,06,69,Medical Equipments,226.26,226.26,226.26,226.26,226.66,226.66,226.88,227,227.28,232.59,233.19,233.55,228.24
2015-2016,2007-08,77,06,70,Doctor (MBBS) Clinic Fee,242.85,242.85,244.44,244.44,247.4,248.27,250.01,253.49,255.23,260.45,260.45,260.45,250.86
2015-2016,2007-08,78,06,71,Medical Tests,178.44,179.13,179.27,180.37,180.65,180.72,181.17,185.26,187.5,187.54,187.44,187.65,182.93
2015-2016,2007-08,79,07,00,Transport,178.62,178.02,175.6,175.8,177.09,177.69,177.96,174.05,168.25,169.33,169.31,169.34,174.26
2015-2016,2007-08,80,07,72,Motor Vehicles,163.28,163.39,163.02,163.02,163.03,163.01,165.35,165.19,165.19,165.22,165.23,165.17,164.18
2015-2016,2007-08,81,07,73,Motor Vehicle Accessories,226.83,226.83,226.83,227.21,227.45,227.45,227.78,220.92,220.51,216.66,215.24,213.88,223.13
2015-2016,2007-08,82,07,74,Motor Fuel,154.54,153.01,147.25,147.5,150.43,150.77,150.56,144.21,133.68,135.46,135.44,135.58,144.87
2015-2016,2007-08,83,07,75,Mechanical Service,216.37,216.92,217.59,218.85,219.41,221.05,222.39,222.8,223.78,223.78,224.39,224.68,221
2015-2016,2007-08,84,07,76,Motor Vehicle Tax,210.18,210.18,210.18,210.18,210.18,210.18,210.18,210.18,210.18,210.18,210.18,210.18,210.18
2015-2016,2007-08,85,07,77,Transport Services,197.35,197.35,197.35,197.35,197.38,198.32,198.46,195.73,191.93,193.15,193.15,193.15,195.89
2015-2016,2007-08,86,08,00,Communication,130.35,130.36,130.36,130.36,130.39,130.56,130.61,130.57,130.74,130.77,130.77,130.85,130.56
2015-2016,2007-08,87,08,78,Postal Services,229.42,229.93,229.93,229.93,229.93,234.78,235.86,235.86,237.9,238.97,239.1,239.48,234.26
2015-2016,2007-08,88,08,79,Communication & Apparatus,128.27,128.27,128.27,128.27,128.31,128.38,128.4,128.36,128.49,128.5,128.49,128.57,128.38
2015-2016,2007-08,89,09,00,Recreation and culture,193.01,193.03,193.41,193.55,193.66,193.66,193.8,194.38,194.71,195.68,195.79,195.7,194.2
2015-2016,2007-08,90,09,80,Recreation & Culture,128.25,128.25,128.25,128.26,128.29,128.29,128.53,128.58,128.83,129.09,129.15,128.89,128.56
2015-2016,2007-08,91,09,81,Text Books,290.62,290.62,290.62,290.62,290.62,290.62,290.62,290.62,290.62,292.33,292.41,292.41,291.06
2015-2016,2007-08,92,09,82,Newspapers,175.42,175.42,175.42,175.42,175.42,175.42,175.42,175.49,175.49,175.49,175.49,175.49,175.45
2015-2016,2007-08,93,09,83,Stationery,202.14,202.25,204.23,204.88,205.39,205.42,205.59,208.44,209.56,211.49,211.82,211.89,206.93
2015-2016,2007-08,94,10,00,Education,209.17,209.23,209.22,209.25,209.25,209.31,209.36,210.15,210.99,221.48,224.19,224.6,213.02
2015-2016,2007-08,95,10,84,Education,209.17,209.23,209.22,209.25,209.25,209.31,209.36,210.15,210.99,221.48,224.19,224.6,213.02
2015-2016,2007-08,96,11,00,Restaurants and hotels,249.7,250.26,251.29,253.3,254.36,255.77,257.11,259.39,261.8,261.89,263.16,263.41,256.79
2015-2016,2007-08,97,11,85,Readymade Food,249.7,250.26,251.29,253.3,254.36,255.77,257.11,259.39,261.8,261.89,263.16,263.41,256.79
2015-2016,2007-08,98,12,00,Misc. goods and services,223.13,223.88,224.64,225.79,225.02,226.28,227.33,230.15,232.55,232.97,233.52,233.42,228.22
2015-2016,2007-08,99,12,86,Personal Care,207.3,208.36,209.07,209.29,209.48,210.48,211.12,212.55,213.45,213.72,214.76,215.09,211.22
2015-2016,2007-08,100,12,87,Cosmetics,191.12,191.82,192.7,193.11,193.11,196.47,196.94,197.67,198.43,199.01,199.04,199.77,195.77
2015-2016,2007-08,101,12,88,Blades,187.44,188.25,190.75,190.75,190.75,194.65,194.65,195.05,195.05,195.05,195.16,195.16,192.73
2015-2016,2007-08,102,12,89,Personal Equipments,267.12,267.34,268.09,271.23,268.39,269.04,271.14,277.46,283.36,284,283.91,282.68,274.48
2016-2017,2007-08,1,00,00,General,210.08,209.46,209.88,211.57,212.01,210.57,210.94,211.54,213.32,216.3,216.33,215.45,212.29
2016-2017,2007-08,2,01,00,Food and non-alcoholic Beverages,228.36,225.91,226.3,228.3,228.74,223.58,220.96,221.66,226.16,230.25,229.65,229.18,226.59
2016-2017,2007-08,3,01,01,Wheat,190.81,193.5,194.03,202.6,203.78,205.54,206.77,207.84,208.99,203.46,192.57,192.58,200.21
2016-2017,2007-08,4,01,02,Wheat Flour,208.98,209.16,209.04,211.25,212.3,213.35,213.27,213.15,213.15,211.07,208.05,206.83,210.8
2016-2017,2007-08,5,01,03,Wheat Product,214.98,215.54,216.37,217.29,217.35,217.16,217.11,216.39,216.57,216.66,216.02,214.38,216.32
2016-2017,2007-08,6,01,04,Besan,322.68,327.65,315.81,327.42,346.57,350.39,342.04,310.18,296.24,296.79,297.62,285.65,318.25
2016-2017,2007-08,7,01,05,Rice,158.13,159.75,160.52,160.67,160.23,160.68,162.33,168.06,169.87,174.21,177.72,178.03,165.85
2016-2017,2007-08,8,01,06,Cereals,249.62,250.03,250.17,250.57,251.74,253.48,253.51,253.65,253.81,254.41,255.14,254.31,252.54
2016-2017,2007-08,9,01,07,Bakery & Confectionary,215.31,215.45,215.16,215.5,216.46,216.31,216.35,216.92,217.2,217.62,217.9,218.31,216.54
2016-2017,2007-08,10,01,08,Nimco,248.79,248.87,248.88,249.01,250.65,250.57,250.6,250.62,250.97,253.75,254.27,254.89,250.99
2016-2017,2007-08,11,01,09,Meat,262.75,263.86,264.07,264.87,266.48,266.71,267.47,268.26,270.81,271.99,274.72,278.12,268.34
2016-2017,2007-08,12,01,10,Chicken,184.75,157.45,151.17,181.47,174.63,157.28,153.54,165.68,201.47,208.2,192.12,182.45,175.85
2016-2017,2007-08,13,01,11,Fish,218.77,218.81,216.97,216.3,215.91,218.75,218.2,219.56,218.06,217.64,216.86,217.81,217.8
2016-2017,2007-08,14,01,12,Milk Fresh,265.5,266.37,266.39,266.4,267.15,267.57,267.9,268.32,269.32,271.51,273.61,273.62,268.64
2016-2017,2007-08,15,01,13,Milk Products,256.27,256.76,256.76,256.84,257.33,257.72,257.8,258.54,258.9,260.42,261.79,262.51,258.47
2016-2017,2007-08,16,01,14,Milk Powder,236.84,236.75,237.04,237.25,237.27,236.55,236.11,236.18,234.74,234.56,234.48,233.49,235.94
2016-2017,2007-08,17,01,15,Eggs,178.31,192.6,202.98,196.35,241.93,258.52,251.58,229.6,180.6,179.91,178.26,186.21,206.4
2016-2017,2007-08,18,01,16,Mustard Oil,153.99,154.01,153.83,153.72,155.96,156.65,156.91,158.04,157.82,157.82,159.76,159.86,156.53
2016-2017,2007-08,19,01,17,Cooking Oil,133.61,133.69,133.69,133.71,134,134.91,135.3,135.95,136.67,137.69,137.86,137.77,135.4
2016-2017,2007-08,20,01,18,Vegetable Ghee,136.94,136.99,137.89,138.08,138.42,139.83,140.9,141.52,142.06,143.12,142.61,142.61,140.08
2016-2017,2007-08,21,01,19,Dry Fruits,263.57,262.69,258.62,261.23,265,265.05,265.17,264.98,263.92,266.78,266.15,264.11,263.94
2016-2017,2007-08,22,01,20,Fresh Fruits,259.98,235.74,233.93,229.34,211.1,211.59,219.65,225.4,253.63,275.79,303.71,304.46,247.03
2016-2017,2007-08,23,01,21,Pulse Masoor,213.56,214.39,212.1,211.56,211.28,206.54,201.31,192.76,184.74,181.99,181.21,178.77,199.18
2016-2017,2007-08,24,01,22,Pulse Moong,297.08,292.35,287.84,282.92,278.74,272.85,262.78,256.42,247.04,244.75,245.68,243.58,267.67
2016-2017,2007-08,25,01,23,Pulse Mash (Washed),372.81,373.69,359.08,349.16,335.28,320.74,308.62,289.59,279.33,279.7,283.17,282.75,319.49
2016-2017,2007-08,26,01,24,Pulse Gram,336.26,344.99,342.16,351.48,377.06,373.11,365.37,319.93,294.15,288.13,294.91,290.14,331.47
2016-2017,2007-08,27,01,25,Gram Whole,298.45,303.31,301.53,305.15,313.13,318.41,314.06,295.48,283.59,283.71,288.7,287.99,299.46
2016-2017,2007-08,28,01,26,Beans,236.29,235.74,233.29,232.3,231.13,230.8,231.08,232.05,229.58,231.55,234.22,235.22,232.77
2016-2017,2007-08,29,01,27,Potatoes,232.81,242.67,245.55,243.97,295.55,236.78,166.57,162.81,188.01,193.29,231.71,250.82,224.21
2016-2017,2007-08,30,01,28,Onion,195.56,168.93,190.44,176.57,166.58,162.08,163.19,173.49,204.99,199.32,178.05,165.29,178.71
2016-2017,2007-08,31,01,29,Tomatoes,234.89,202.32,192.38,197.51,168.62,163.62,98.21,126.67,213.35,201.46,120.81,132.17,171
2016-2017,2007-08,32,01,30,Fresh Vegetables,294.26,282.55,292.17,309.96,307.5,246.6,220.8,221.5,225.89,272.52,248.13,240.24,263.51
2016-2017,2007-08,33,01,31,Sugar,238.08,253.85,253.32,250.89,260.56,225.55,232.55,226.8,216.84,216.6,211.63,204.5,232.6
2016-2017,2007-08,34,01,32,Gur,280.9,288.05,291.67,291.45,281.47,268.12,266.6,267.08,260.8,258.74,258.77,261.06,272.89
2016-2017,2007-08,35,01,33,Honey,310.8,312.6,316.91,314.49,316.04,317.3,319.03,322.2,323.63,331.39,331.39,331.39,320.6
2016-2017,2007-08,36,01,34,SweetMeat,242.45,243.97,244.89,245.36,245.39,245.95,245.95,246.37,247.44,247.92,250.1,251.16,246.41
2016-2017,2007-08,37,01,35,Beverages,221.71,221.76,221.86,219.47,219.5,218.49,218.57,218.9,219.43,220.59,224.56,227.14,221
2016-2017,2007-08,38,01,36,"Jam, Tomato Ketchup & Pickles",215.61,215.53,215.46,215.72,216.26,216.6,216.69,216.89,217.05,217.1,217.79,218.46,216.6
2016-2017,2007-08,39,01,37,Condiments,263.23,262.89,262.69,263.47,265.31,265.42,265.97,266.55,266.36,267.7,269.19,269.13,265.66
2016-2017,2007-08,40,01,38,Spices,241.62,242.16,241.44,239.79,239.32,238.63,238.31,238.85,237.9,236.82,236.86,236.29,239
2016-2017,2007-08,41,01,39,Tea,255.25,255.57,255.71,255.49,256.46,264.16,266.44,270.18,283.96,286.87,289.9,290.45,269.2
2016-2017,2007-08,42,02,00,"Alcoholic Beverages, Tobacco",364.79,365.41,364.13,364.39,365.33,373.34,377.97,379.55,380.92,382.78,383.32,324.6,368.88
2016-2017,2007-08,43,02,40,Cigarettes,366.77,367.46,366.11,366.41,367.34,375.47,380.19,381.8,383.2,385.02,385.57,325.84,370.93
2016-2017,2007-08,44,02,41,Betel Leaves & Nuts,244.15,241.23,244.31,241.62,243.1,243.86,242.96,243.31,242.66,246.79,246.77,249.57,244.19
2016-2017,2007-08,45,03,00,Clothing and footwear,229.72,230.14,230.47,231.18,232.18,233.48,234.02,234.34,234.46,235.61,236.71,237.99,233.36
2016-2017,2007-08,46,03,42,Cotton Cloth,224.88,225.23,225.04,225.34,225.35,225.47,225.84,226.39,226.99,228.5,230.16,231.26,226.7
2016-2017,2007-08,47,03,43,Woolen Cloth,244.64,244.64,245.97,247.41,250.42,253.61,254.5,254.92,254.82,255.67,256.11,256.38,251.59
2016-2017,2007-08,48,03,44,Readymade Garments,237.04,238.15,236.67,237.88,238.62,239.41,239.29,239.59,240.15,243.07,244.95,246.39,240.1
2016-2017,2007-08,49,03,45,Woolen Readymade Garments,253.14,253.1,253.26,253.35,260.39,262.6,265.41,264.98,260.01,258.64,258.38,258.35,258.47
2016-2017,2007-08,50,03,46,Hosiery,242.55,243.83,242.93,243.74,244.86,245.88,245.83,245.96,246.06,246.51,246.87,247.18,245.18
2016-2017,2007-08,51,03,47,Dopatta,240.75,241.64,241.02,241.74,241.74,243.24,242.99,243.52,243.87,244.46,244.48,244.81,242.86
2016-2017,2007-08,52,03,48,Cleaning and Laundry,253.34,253.54,255.44,256.52,257.02,257.94,259,261.12,261.93,265.87,269.3,270.23,260.1
2016-2017,2007-08,53,03,49,Tailoring,298.33,298.65,302.43,303.96,304.47,308.64,310.4,310.54,311.57,313.43,316.04,321.93,308.37
2016-2017,2007-08,54,03,50,Footwear,166.44,166.5,166.49,166.58,166.74,166.82,166.84,166.91,166.99,167.05,167.13,167.43,166.83
2016-2017,2007-08,55,04,00,"Housing, water, Elec., Gas and other fuels",188.88,188.91,188.9,191.56,191.64,191.7,194.42,194.45,194.44,196.62,196.7,196.71,192.91
2016-2017,2007-08,56,04,51,House Rent,178.64,178.64,178.64,182.22,182.22,182.22,185.86,185.86,185.86,188.68,188.68,188.68,183.85
2016-2017,2007-08,57,04,52,Construction Input Items,247.05,248.07,247.89,247.86,248.6,249.23,249.6,249.82,250.25,250.55,250.49,251.12,249.21
2016-2017,2007-08,58,04,53,Construction Wage Rates,230.1,230.47,230.4,230.48,232.6,234.08,234.42,235.67,235.79,237.79,240.32,240.47,234.38
2016-2017,2007-08,59,04,54,Water Supply,163.32,163.32,163.32,163.38,164.74,164.74,164.74,164.74,164.74,168.16,171.58,171.58,165.7
2016-2017,2007-08,60,04,55,Electricity,238.1,238.1,238.1,238.1,238.1,238.1,238.1,238.1,238.1,238.1,238.1,238.1,238.1
2016-2017,2007-08,61,04,56,Gas,158.08,158.08,158.08,158.08,158.08,158.08,158.08,158.08,158.08,158.08,158.08,158.08,158.08
2016-2017,2007-08,62,04,57,Kerosene Oil,194.7,194.46,195.07,195.65,195.93,198.63,198.47,198.47,198.79,199.32,198.42,200.6,197.38
2016-2017,2007-08,63,04,58,Firewood Whole,284.2,284.2,283.6,284.35,286.97,290.35,292.43,293.08,290.59,290.56,290.23,290.23,288.4
2016-2017,2007-08,64,05,00,Furnishing and household equipment maintenance,221.7,222.31,222.27,222.66,223.21,223.65,223.92,224.32,224.59,224.95,226.42,226.8,223.9
2016-2017,2007-08,65,05,59,Furniture,211.78,212.13,212.26,212.4,214.48,215.42,215.79,216.4,216.92,217.24,217.87,218.43,215.09
2016-2017,2007-08,66,05,60,Household Textiles,221.08,221.72,221.14,223.69,224.66,226.07,226.38,226.59,226.73,226.57,227.19,228.35,225.01
2016-2017,2007-08,67,05,61,Household Equipment,178.43,178.57,179.16,179.23,179.18,179.28,179.16,179.63,180.25,180.69,182.03,182.57,179.85
2016-2017,2007-08,68,05,62,Utensils,222.57,223.28,223.08,224.01,225.32,225.53,226.4,227.9,229.1,230.57,231.84,232.11,226.81
2016-2017,2007-08,69,05,63,Plastic Products,207.38,207.81,207.17,207.19,207.64,208.7,209.1,209.42,209.59,210.32,210.84,210.85,208.83
2016-2017,2007-08,70,05,64,Washing Soaps & Detergents,227.15,228.3,228.76,229.21,229.75,229.76,230.09,230.5,230.42,231.03,231.44,231.8,229.85
2016-2017,2007-08,71,05,65,Sewing Needle & Dr Cell,208.27,208.41,206.32,201.34,201.34,202.74,204.24,204.96,205.59,206.22,206.48,206.48,205.2
2016-2017,2007-08,72,05,66,Household Servant,249.34,249.98,249.98,249.98,249.98,249.98,249.98,249.98,249.98,249.98,253.47,253.47,250.51
2016-2017,2007-08,73,05,67,Marriage Hall Charges,243.04,243.04,242.89,243.15,243.87,243.95,243.95,244.86,245.66,245.66,248.67,248.67,244.78
2016-2017,2007-08,74,06,00,Health,187.84,189.42,192,193.78,195.28,195.93,208.45,210.17,211.21,212.43,212.65,212.66,201.82
2016-2017,2007-08,75,06,68,Drugs & Medicines,153.75,156.31,159,160.65,161.86,162.31,183.44,183.6,184.27,184.57,184.67,184.69,171.59
2016-2017,2007-08,76,06,69,Medical Equipments,234.15,236.25,242.29,245.33,246,248.7,248.7,250.2,251.01,251.01,251.21,251.21,246.34
2016-2017,2007-08,77,06,70,Doctor (MBBS) Clinic Fee,260.45,260.45,264.28,266.89,269.5,270.37,271.39,275.73,277.47,280.95,280.95,280.95,271.62
2016-2017,2007-08,78,06,71,Medical Tests,187.65,188.31,188.05,188.77,189.39,190.38,190.38,193.51,194.69,195.45,196.52,196.52,191.64
2016-2017,2007-08,79,07,00,Transport,169.78,170.1,170.31,170.4,170.65,172.01,172.81,174.75,175.69,176.33,176.43,175.87,172.93
2016-2017,2007-08,80,07,72,Motor Vehicles,167.27,170.42,171,170.94,171.44,171.6,171.79,172.13,172.91,173.26,175.12,175.81,171.97
2016-2017,2007-08,81,07,73,Motor Vehicle Accessories,213.84,214.24,213.67,213.17,213.96,213.37,213.33,213.44,213.27,212.27,211.92,211.58,213.17
2016-2017,2007-08,82,07,74,Motor Fuel,135.77,135.58,136.01,136.36,136.75,139.99,141.65,146.07,148.11,149.4,149.18,147.67,141.88
2016-2017,2007-08,83,07,75,Mechanical Service,227.35,227.4,227.4,227.63,227.84,227.84,228.81,229.62,229.92,230.12,230.37,230.82,228.76
2016-2017,2007-08,84,07,76,Motor Vehicle Tax,210.18,210.18,210.18,210.18,210.18,210.18,210.18,210.18,210.18,210.18,210.18,210.18,210.18
2016-2017,2007-08,85,07,77,Transport Services,193.15,193.4,193.4,193.28,193.28,193.28,193.34,193.34,193.34,193.56,193.59,193.59,193.38
2016-2017,2007-08,86,08,00,Communication,130.89,130.9,130.88,131.26,131.52,131.53,131.54,131.58,132.69,132.87,132.87,132.91,131.79
2016-2017,2007-08,87,08,78,Postal Services,240.38,240.63,242.74,243.32,244.7,244.89,245.18,246,246.14,249.16,249.29,250.18,245.22
2016-2017,2007-08,88,08,79,Communication & Apparatus,128.59,128.59,128.53,128.91,129.15,129.15,129.15,129.17,130.31,130.43,130.42,130.44,129.4
2016-2017,2007-08,89,09,00,Recreation and culture,195.67,195.77,196.15,196.21,196.4,196.5,196.73,196.88,197.14,196.02,196.12,196.15,196.31
2016-2017,2007-08,90,09,80,Recreation & Culture,128.84,128.83,129.68,129.89,129.92,129.41,129.45,129.61,129.62,129.72,129.73,129.73,129.54
2016-2017,2007-08,91,09,81,Text Books,292.41,292.41,292.41,292.41,292.41,292.41,292.41,292.41,292.41,287.98,287.98,287.98,291.3
2016-2017,2007-08,92,09,82,Newspapers,175.49,175.49,175.49,175.49,175.49,177.62,179.2,179.59,180.53,181.01,181.01,181.16,178.13
2016-2017,2007-08,93,09,83,Stationery,211.89,212.39,212.5,212.35,213.25,213.85,214.16,214.35,215.22,215.42,215.94,215.98,213.94
2016-2017,2007-08,94,10,00,Education,224.09,225.17,230.54,232.15,233.4,233.4,233.41,233.96,233.98,249.2,249.23,249.26,235.65
2016-2017,2007-08,95,10,84,Education,224.09,225.17,230.54,232.15,233.4,233.4,233.41,233.96,233.98,249.2,249.23,249.26,235.65
2016-2017,2007-08,96,11,00,Restaurants and hotels,264.37,265.77,266.11,266.35,267.68,268.22,268.9,269.63,271.02,275.88,277.29,277.76,269.92
2016-2017,2007-08,97,11,85,Readymade Food,264.37,265.77,266.11,266.35,267.68,268.22,268.9,269.63,271.02,275.88,277.29,277.76,269.92
2016-2017,2007-08,98,12,00,Misc. goods and services,235.82,237.38,236.99,237.26,238.33,237.77,238.58,241.06,242.19,244.71,245.99,246.71,240.23
2016-2017,2007-08,99,12,86,Personal Care,215.67,216.52,217.9,218.58,218.97,219.13,219.78,221.97,224.06,225.21,226.79,227.42,221
2016-2017,2007-08,100,12,87,Cosmetics,200.22,200.5,199.36,200.19,201.04,201.47,202.56,203.29,203.77,203.88,204.76,204.96,202.17
2016-2017,2007-08,101,12,88,Blades,195.16,195.93,195.16,195.43,195.66,195.66,196.34,196.91,195.52,195.78,197.8,197.8,196.1
2016-2017,2007-08,102,12,89,Personal Equipments,289.27,292.71,289.57,288.83,291.24,288.94,289.89,293.78,293.59,299.71,300.63,301.76,293.33
2017-2018,2007-08,1,00,00,General,216.19,216.61,217.98,219.61,220.42,220.2,220.27,219.58,220.25,224.25,225.4,226.67,220.62
2017-2018,2007-08,2,01,00,Food and non-alcoholic Beverages,229.99,230.99,234.23,235.69,236.61,235.12,232.25,229.23,228.39,231.9,234.4,236.56,232.95
2017-2018,2007-08,3,01,01,Wheat,191.16,190.51,194.8,197.74,200.97,203.16,206.02,205.66,204.63,198.93,192.37,194,198.33
2017-2018,2007-08,4,01,02,Wheat Flour,204.66,203.1,204.81,207.43,211.55,212.54,212.35,212.84,211.52,210.07,206.09,208.16,208.76
2017-2018,2007-08,5,01,03,Wheat Product,213.98,212.62,213.67,213.11,213.19,215,214.91,214.3,214.16,213.09,212.42,212.75,213.6
2017-2018,2007-08,6,01,04,Besan,283.83,279.13,276.11,280.66,280.28,279.43,274.45,271.63,267.57,263.89,268.4,260.94,273.86
2017-2018,2007-08,7,01,05,Rice,179.16,182.03,182.86,182.85,182.82,184.97,190.46,191.61,192.45,193.68,194.33,193.75,187.58
2017-2018,2007-08,8,01,06,Cereals,255.2,255.72,255.64,257.39,257.56,257.59,257.76,259.02,259.04,261.81,264.3,263.9,258.74
2017-2018,2007-08,9,01,07,Bakery & Confectionary,218.39,218.89,218.99,219.29,221.9,222.54,223.47,224.55,224.66,225.07,225.94,226.64,222.53
2017-2018,2007-08,10,01,08,Nimco,255.18,255.83,255.84,256.68,256.9,257.02,257.87,257.41,258.14,258.88,259.43,259.97,257.43
2017-2018,2007-08,11,01,09,Meat,278.7,284.04,283.65,284.72,285.83,287.23,289.65,290.84,293.53,298.76,301.28,304.41,290.22
2017-2018,2007-08,12,01,10,Chicken,190.36,179.73,150.63,151.2,154.15,190.64,209.57,199.06,207.8,216.82,232.54,230.25,192.73
2017-2018,2007-08,13,01,11,Fish,214.09,216.37,215.33,214.23,217.74,219.86,221.6,221.93,224.31,227.59,228.1,228.77,220.83
2017-2018,2007-08,14,01,12,Milk Fresh,275.62,276.02,276.04,277.04,277.08,277.89,279.02,279.48,279.5,281.77,283.4,283.79,278.89
2017-2018,2007-08,15,01,13,Milk Products,264.4,265.43,267.3,268.1,268.37,268.37,270.72,271.59,272.17,274.91,275.28,275.29,270.16
2017-2018,2007-08,16,01,14,Milk Powder,234.53,234.41,234.64,235.75,236.83,237.44,237.95,238.41,239.08,241.94,243.79,244.05,238.24
2017-2018,2007-08,17,01,15,Eggs,193.19,197.47,205.37,209.55,273.24,265.77,237.31,213.54,198.03,188,189.94,182.83,212.85
2017-2018,2007-08,18,01,16,Mustard Oil,159.87,160.1,160.21,161.44,161.96,162.61,162.43,162.81,162.97,164.66,164.68,163.47,162.27
2017-2018,2007-08,19,01,17,Cooking Oil,138.25,138.09,138.1,138.35,138.58,138.59,138.73,138.56,139.23,140.48,140.71,140.8,139.04
2017-2018,2007-08,20,01,18,Vegetable Ghee,142.8,143.05,143.03,143.26,143.68,143.53,143.9,143.55,143.79,144.61,145.16,146.24,143.88
2017-2018,2007-08,21,01,19,Dry Fruits,264.33,263.32,263.91,265.47,269.66,274.4,277,278.6,279.84,284.15,289.34,291.36,275.12
2017-2018,2007-08,22,01,20,Fresh Fruits,284.14,267.92,238.11,235.56,224.34,225.51,235.92,249.68,266.29,281.64,298.56,314.64,260.19
2017-2018,2007-08,23,01,21,Pulse Masoor,178.6,174.98,171.56,172.34,168.46,163.83,163.84,161.17,160.02,158.21,158.06,155.5,165.55
2017-2018,2007-08,24,01,22,Pulse Moong,243.58,239.1,236.76,231.93,222.21,215.02,219.94,220.84,218.82,218.42,217.5,214.05,224.85
2017-2018,2007-08,25,01,23,Pulse Mash (Washed),279.76,272.32,269.29,255.52,242.09,232.82,229.2,221.64,217.65,214.66,211.12,207.61,237.81
2017-2018,2007-08,26,01,24,Pulse Gram,281.95,276.43,275.47,275.63,269.96,265.48,266.59,264.85,259.27,259.25,255.84,253.65,267.03
2017-2018,2007-08,27,01,25,Gram Whole,287.96,287.53,292.37,297.03,296.37,294.07,292.21,287.97,280.9,277.17,274.09,270.48,286.51
2017-2018,2007-08,28,01,26,Beans,242.51,244.13,242.94,244.14,242.81,240.94,241.72,243.43,245.21,244.53,244.28,244.55,243.43
2017-2018,2007-08,29,01,27,Potatoes,261.3,266.3,267.6,273.63,289.11,287.74,215.41,175,160.07,148.56,174.73,186.58,225.5
2017-2018,2007-08,30,01,28,Onion,181.81,243.4,482.74,491.92,478.11,373.37,338.1,252.59,204.19,182.43,177.74,188.72,299.59
2017-2018,2007-08,31,01,29,Tomatoes,128.96,162.16,256.96,337.71,349.9,244.37,153.38,121.9,97.45,105.7,108.95,154.34,185.15
2017-2018,2007-08,32,01,30,Fresh Vegetables,262.61,264.85,291.76,287.98,287.3,276.29,237.87,218.6,202.58,233.55,239.66,236.17,253.27
2017-2018,2007-08,33,01,31,Sugar,200.46,214.35,200,197.79,193.86,195.22,193.08,186.44,184.51,190.58,190.33,191.51,194.84
2017-2018,2007-08,34,01,32,Gur,260.49,259.38,261.22,263.15,259.06,260.27,257.03,245.06,238.44,240.34,243.56,244.3,252.69
2017-2018,2007-08,35,01,33,Honey,331.37,332.15,332.15,334.28,338.91,339.2,340.27,341.03,341.03,341.92,346.18,346.18,338.72
2017-2018,2007-08,36,01,34,SweetMeat,251.88,252.57,253.51,253.94,254.71,254.71,256.43,256.66,257.09,267.41,270.67,270.86,258.37
2017-2018,2007-08,37,01,35,Beverages,226.09,226.1,226.34,226.52,226.48,225.93,225.94,226.8,227.38,230.6,231.59,232.53,227.69
2017-2018,2007-08,38,01,36,"Jam, Tomato Ketchup & Pickles",218.93,219.51,220.13,221.97,223.06,223.9,224.39,224.88,225.48,228.8,230.45,230.49,224.33
2017-2018,2007-08,39,01,37,Condiments,269.74,270.57,271.56,273.37,273.73,274.69,276.69,277.53,278.51,283.14,284.34,284.91,276.57
2017-2018,2007-08,40,01,38,Spices,236.34,238.53,238.8,239.11,239.01,238.45,239.66,239.8,239.75,243.77,246.93,250.42,240.88
2017-2018,2007-08,41,01,39,Tea,291.89,289.16,284.1,283.79,283.98,284.22,282.72,287.65,296.63,300.65,302.62,304.69,291.01
2017-2018,2007-08,42,02,00,"Alcoholic Beverages, Tobacco",306.67,306.25,304.8,305.31,305.51,305.76,309.16,313.39,316.6,317.7,315.26,314.62,310.09
2017-2018,2007-08,43,02,40,Cigarettes,307.56,307.18,305.67,306.09,306.09,306.13,306.13,306.13,306.62,307.42,307.5,307.85,306.7
2017-2018,2007-08,44,02,41,Betel Leaves & Nuts,252.67,250.15,251.93,258.4,270.67,283.31,493,754.58,922.46,941.86,786.31,725.9,515.94
2017-2018,2007-08,45,03,00,Clothing and footwear,238.66,239.19,239.52,239.94,241.01,241.98,244.09,245.03,245.8,252.06,252.58,253.51,244.45
2017-2018,2007-08,46,03,42,Cotton Cloth,232.33,232.48,232.67,233.43,234.28,234.53,235.59,236.48,238.01,243.75,244.99,245.84,237.03
2017-2018,2007-08,47,03,43,Woolen Cloth,256.6,257.77,257.77,258.28,259.17,259.82,262.43,263.65,264.09,268.3,268.37,265.97,261.85
2017-2018,2007-08,48,03,44,Readymade Garments,247.08,247.56,247.97,248.07,248.53,250.26,254.73,254.72,256.2,262.52,262.95,263.47,253.67
2017-2018,2007-08,49,03,45,Woolen Readymade Garments,258.31,258.31,259.27,259.47,263.43,268.48,268.07,266.71,266.38,266.5,266.5,266.61,264
2017-2018,2007-08,50,03,46,Hosiery,248.56,249.96,251.7,252.12,252.67,254.53,257.89,258.3,259.22,264.9,265.27,265.52,256.72
2017-2018,2007-08,51,03,47,Dopatta,246.51,246.66,246.66,246.72,248.38,249.21,250.57,254.12,255.58,261.67,261.94,262.16,252.52
2017-2018,2007-08,52,03,48,Cleaning and Laundry,270.83,271.61,272.37,272.9,273.92,275.28,280.95,284.23,284.44,290.46,290.46,290.46,279.83
2017-2018,2007-08,53,03,49,Tailoring,322.81,324.27,324.65,325.55,328.5,329.52,333.86,336.77,336.91,343.91,344.9,348.45,333.34
2017-2018,2007-08,54,03,50,Footwear,167.43,167.45,167.46,167.5,167.51,167.58,167.79,167.82,167.95,177.36,177.43,179.84,170.26
2017-2018,2007-08,55,04,00,"Housing, water, Elec., Gas and other fuels",198.88,198.93,198.95,200.9,200.94,201.02,202.53,202.62,202.71,207.35,207.58,207.63,202.5
2017-2018,2007-08,56,04,51,House Rent,191.49,191.49,191.49,194.05,194.05,194.05,195.96,195.96,195.96,201.96,201.96,201.96,195.87
2017-2018,2007-08,57,04,52,Construction Input Items,254.05,254.56,255.47,257.07,257.16,259.48,259.82,261.97,264.4,269.11,270.82,272.48,261.37
2017-2018,2007-08,58,04,53,Construction Wage Rates,242.75,245.58,245.96,246.85,248.82,251.2,253.9,255.15,257.14,262.93,264.7,265.67,253.39
2017-2018,2007-08,59,04,54,Water Supply,171.58,171.58,171.58,171.58,171.58,171.58,172.61,173.82,174.83,177.11,189.09,189.09,175.5
2017-2018,2007-08,60,04,55,Electricity,238.1,238.1,238.1,238.1,238.1,238.1,238.1,238.1,238.1,238.1,238.1,238.1,238.1
2017-2018,2007-08,61,04,56,Gas,158.08,158.08,158.08,158.08,158.08,158.08,158.08,158.08,158.08,158.08,158.08,158.08,158.08
2017-2018,2007-08,62,04,57,Kerosene Oil,198.67,197.81,198.39,206.26,215.98,225.46,237.33,246.23,259.58,260.44,264.32,269.54,231.67
2017-2018,2007-08,63,04,58,Firewood Whole,290.72,291.56,291.34,293.2,295.15,295.82,300.58,301.93,302.24,301.32,297.93,298.03,296.65
2017-2018,2007-08,64,05,00,Furnishing and household equipment maintenance,227.74,228.05,229.1,229.47,230.52,230.93,232.97,233.5,234.67,239.29,239.94,240.51,233.06
2017-2018,2007-08,65,05,59,Furniture,219.56,220.16,220.81,221.6,223.87,224.47,226.49,227.53,228.22,235.27,235.84,235.86,226.64
2017-2018,2007-08,66,05,60,Household Textiles,229.7,230.07,231.08,232.05,233.22,234.44,235.87,235.96,236.78,242.24,243.3,242.51,235.6
2017-2018,2007-08,67,05,61,Household Equipment,182.79,183.18,183.36,183.44,183.57,183.53,184.14,184.74,185.7,188.5,189.68,190.12,185.23
2017-2018,2007-08,68,05,62,Utensils,232.63,233.8,234.34,235.07,236.75,238.03,240.15,242.26,242.89,248.73,249.89,251,240.46
2017-2018,2007-08,69,05,63,Plastic Products,211.07,211.37,213.05,213.86,215.02,215.3,217.34,218.4,218.99,224.2,225.28,225.46,217.45
2017-2018,2007-08,70,05,64,Washing Soaps & Detergents,232.61,232.8,232.92,233.12,233.4,233.55,234.72,235.23,235.67,238.88,239.22,240.2,235.19
2017-2018,2007-08,71,05,65,Sewing Needle & Dr Cell,207.74,207.74,209.49,209.49,209.8,209.8,210.07,210.07,211.92,217.51,219.11,219.11,211.82
2017-2018,2007-08,72,05,66,Household Servant,254.9,254.9,257.3,257.3,258.89,258.89,262.86,262.86,265.4,270.32,270.32,271.59,262.13
2017-2018,2007-08,73,05,67,Marriage Hall Charges,248.67,249.2,249.2,249.2,249.98,252.09,256.32,257.76,257.76,260.28,260.28,261.86,254.38
2017-2018,2007-08,74,06,00,Health,212.91,213.05,213.9,214.27,214.79,217.33,218.26,220.58,221.26,223.08,223.74,224.36,218.13
2017-2018,2007-08,75,06,68,Drugs & Medicines,185.1,185.27,185.75,185.84,186.14,186.36,186.69,187.75,187.99,188.62,189.28,189.52,187.03
2017-2018,2007-08,76,06,69,Medical Equipments,251.81,251.81,253.35,253.63,253.69,255.46,255.8,256.26,256.26,259.89,259.89,260.09,255.66
2017-2018,2007-08,77,06,70,Doctor (MBBS) Clinic Fee,280.95,280.95,282.22,282.22,282.22,290.92,292.66,298.32,300.06,301.8,302.67,304.41,291.62
2017-2018,2007-08,78,06,71,Medical Tests,196.54,196.81,198.38,200.53,202.91,203.28,205.04,206.26,206.75,213.34,213.7,213.7,204.77
2017-2018,2007-08,79,07,00,Transport,175.18,174.61,175.74,177.05,178.51,179.67,182.63,184.47,186.98,187.48,189.16,194.64,182.18
2017-2018,2007-08,80,07,72,Motor Vehicles,176.06,176.59,176.88,177.56,177.84,177.95,180.02,180.19,185.84,187.45,187.54,187.53,180.95
2017-2018,2007-08,81,07,73,Motor Vehicle Accessories,211.42,211.91,213.57,214.38,214.98,214.92,215.23,215.18,216.02,216.78,216.95,216.26,214.8
2017-2018,2007-08,82,07,74,Motor Fuel,145.84,144.27,146.77,149.58,152.9,155.48,160.55,163.92,167.63,165.17,167.71,173.22,157.75
2017-2018,2007-08,83,07,75,Mechanical Service,231.88,232.07,232.07,232.74,233,233.41,236.37,237.06,238.14,241.91,242.09,244.37,236.26
2017-2018,2007-08,84,07,76,Motor Vehicle Tax,210.18,210.18,210.18,210.18,210.18,210.18,210.18,210.18,210.18,210.18,210.18,210.18,210.18
2017-2018,2007-08,85,07,77,Transport Services,193.59,193.59,193.59,193.59,193.59,193.71,194.89,195.86,196.76,199.74,201.31,209.41,196.64
2017-2018,2007-08,86,08,00,Communication,132.88,133.03,133.04,133.1,133.14,133.15,133.2,133.28,133.37,133.67,133.67,133.61,133.26
2017-2018,2007-08,87,08,78,Postal Services,250.44,250.44,250.69,251.59,253.38,253.38,254.14,255.8,259,272.18,272.18,272.45,257.97
2017-2018,2007-08,88,08,79,Communication & Apparatus,130.41,130.56,130.57,130.61,130.62,130.62,130.67,130.71,130.73,130.77,130.77,130.7,130.65
2017-2018,2007-08,89,09,00,Recreation and culture,196.09,196.33,196.78,196.83,197.14,197.65,198.46,198.62,200.38,207.96,208.32,208.37,200.24
2017-2018,2007-08,90,09,80,Recreation & Culture,129.2,129.38,129.49,129.49,130.03,130.44,131.6,131.62,132.03,134.05,134.12,134.21,131.31
2017-2018,2007-08,91,09,81,Text Books,287.98,287.98,287.98,287.98,287.98,287.98,287.98,287.98,287.98,303.91,304.43,304.43,292.05
2017-2018,2007-08,92,09,82,Newspapers,181.78,182.9,183.76,184.01,184.4,184.59,184.72,186.23,202.81,202.94,202.94,202.94,190.34
2017-2018,2007-08,93,09,83,Stationery,216.54,216.82,218.46,218.6,218.82,220.48,222.01,222,222.02,233.34,234.29,234.35,223.14
2017-2018,2007-08,94,10,00,Education,249.54,249.61,249.61,258.75,262.35,262.35,262.35,262.35,275.17,281.57,281.88,281.89,264.79
2017-2018,2007-08,95,10,84,Education,249.54,249.61,249.61,258.75,262.35,262.35,262.35,262.35,275.17,281.57,281.88,281.89,264.79
2017-2018,2007-08,96,11,00,Restaurants and hotels,278.44,278.44,281.08,283.85,284.76,285.32,286.89,287.21,287.84,291.05,292.77,292.9,285.88
2017-2018,2007-08,97,11,85,Readymade Food,278.44,278.44,281.08,283.85,284.76,285.32,286.89,287.21,287.84,291.05,292.77,292.9,285.88
2017-2018,2007-08,98,12,00,Misc. goods and services,247.19,248.46,250.11,249.67,252.27,253.23,255.69,255.21,256.35,263.59,263.91,264.25,254.99
2017-2018,2007-08,99,12,86,Personal Care,228.11,229.77,230.31,231.11,231.98,232.45,233.68,233.45,234.18,237.36,238.37,239.22,233.33
2017-2018,2007-08,100,12,87,Cosmetics,205.4,205.72,205.83,206.22,206.64,207.4,206.14,206.6,208.65,222.28,223.29,222.58,210.56
2017-2018,2007-08,101,12,88,Blades,197.8,197.8,197.94,197.94,200.95,201.21,201.35,201.62,201.85,203.39,204.05,204.05,200.83
2017-2018,2007-08,102,12,89,Personal Equipments,301.92,302.99,307.36,304.32,310.95,312.92,319.33,317.95,319.45,331.15,329.93,329.88,315.68
2018-2019,2007-08,1,00,00,General,228.8,229.27,229.12,234.49,234.76,233.78,236.11,237.61,240.99,244.03,245.94,246.82,236.81
2018-2019,2007-08,2,01,00,Food and non-alcoholic Beverages,238.08,238.58,236.78,240.5,239.03,235.23,235.91,239.59,247.17,251.63,254.52,254.36,242.62
2018-2019,2007-08,3,01,01,Wheat,198.49,198.97,200.51,203.64,206.42,207.82,209.26,212.26,212.59,208.4,206.61,211.05,206.34
2018-2019,2007-08,4,01,02,Wheat Flour,211.75,212.13,212.55,214.19,215.36,216.23,216.59,216.91,217.34,215.66,217.25,222.06,215.67
2018-2019,2007-08,5,01,03,Wheat Product,213.01,213.31,213.99,214.54,215.82,217.36,218.78,218.51,217.61,215.88,216.71,218.7,216.19
2018-2019,2007-08,6,01,04,Besan,261.62,265.36,266.82,267.01,266.48,270.56,276.26,274.79,275.2,273.96,273.41,275.43,270.58
2018-2019,2007-08,7,01,05,Rice,195.96,197.74,199.02,200.65,199.78,201.41,201.61,201.45,202.28,203.89,204.99,205.7,201.21
2018-2019,2007-08,8,01,06,Cereals,263.9,264.58,264.45,264.48,265.77,267.98,269.22,269.41,270.7,271.41,272.73,273.24,268.16
2018-2019,2007-08,9,01,07,Bakery & Confectionary,228.08,228.93,229.45,229.04,229.76,230.7,232.52,233.6,234.33,234.69,235.1,239.53,232.14
2018-2019,2007-08,10,01,08,Nimco,260.65,260.84,261.61,260.78,261.15,261.71,261.98,263.41,264.08,264.08,264.45,264.99,262.48
2018-2019,2007-08,11,01,09,Meat,309.43,313.81,314.34,318.04,322.09,325.16,329.05,331.09,332.66,336.48,339.83,343.29,326.27
2018-2019,2007-08,12,01,10,Chicken,191.31,152.83,143.44,194,222.68,207.54,170.06,177.16,205.3,225.63,213.6,202.46,192.17
2018-2019,2007-08,13,01,11,Fish,228.91,228.91,223.09,220.02,228.89,230.75,234.73,239.46,242.29,246.88,244.13,240.7,234.06
2018-2019,2007-08,14,01,12,Milk Fresh,285.71,287.03,287.14,286.97,287.73,288.19,290.49,290.78,291.26,293.07,293.43,296.5,289.86
2018-2019,2007-08,15,01,13,Milk Products,277,277.39,278.55,278.92,279.73,279.87,282.97,284.16,284.62,286.28,287.09,288.08,282.06
2018-2019,2007-08,16,01,14,Milk Powder,244.99,245.56,247.39,248.64,251.43,253.78,256.37,257.66,258.38,259.07,259.46,261.52,253.69
2018-2019,2007-08,17,01,15,Eggs,204.79,199.9,194.28,222.28,244.95,241.73,238.67,228.93,214.46,171.82,169.95,172.61,208.7
2018-2019,2007-08,18,01,16,Mustard Oil,164.01,164.27,164.8,164.9,165.01,165.01,167.11,167.25,167.29,169.31,170.41,171.66,166.75
2018-2019,2007-08,19,01,17,Cooking Oil,140.9,141.32,141.62,142.23,143.37,146.12,147.98,148.19,148.45,151.17,151.39,151.69,146.2
2018-2019,2007-08,20,01,18,Vegetable Ghee,146.78,147.39,147.6,148.48,149.98,152.03,152.96,153.22,154.11,156.14,156.47,158.05,151.93
2018-2019,2007-08,21,01,19,Dry Fruits,293.12,293.19,291.02,292.79,297.85,303.03,308.91,311.34,312.73,311.07,313.89,313.7,303.55
2018-2019,2007-08,22,01,20,Fresh Fruits,267.66,259.58,243.78,243.57,225.16,221.04,228.77,233.39,262.61,326.18,355.63,311.78,264.93
2018-2019,2007-08,23,01,21,Pulse Masoor,157.67,157.72,156.97,158.64,159.97,163.64,164.88,165.53,166.04,166.91,167.55,169.78,162.94
2018-2019,2007-08,24,01,22,Pulse Moong,218.06,217.75,217.37,218.49,222.86,231.9,238.23,238.26,268.48,275.65,290.7,305.38,245.26
2018-2019,2007-08,25,01,23,Pulse Mash (Washed),206.51,206.3,207.73,205.28,212.68,218.1,221.02,220.61,220.8,219.98,233.03,241.63,217.81
2018-2019,2007-08,26,01,24,Pulse Gram,257.38,257.89,265.3,266.59,268.87,276.84,282.99,283.17,284.87,282.3,285.07,285.29,274.71
2018-2019,2007-08,27,01,25,Gram Whole,269.64,267.44,265.65,265.11,265.08,266.58,267.54,268.3,266.42,263.21,259.79,260.01,265.4
2018-2019,2007-08,28,01,26,Beans,244.74,245.51,245.51,246.97,250.39,257.17,258.59,266.68,269.96,268.5,273.13,270.65,258.15
2018-2019,2007-08,29,01,27,Potatoes,204.11,218.08,215.21,215.48,230.55,183.9,156.3,142.26,135.14,143.36,180.34,211.51,186.35
2018-2019,2007-08,30,01,28,Onion,200.99,253.14,226.63,216.58,200.31,173.8,164.24,169.85,236.56,248.09,315.54,324.85,227.55
2018-2019,2007-08,31,01,29,Tomatoes,178.46,263.39,231.71,240.62,135.42,106.79,136.22,340.59,404.71,237.08,159.18,144.53,214.89
2018-2019,2007-08,32,01,30,Fresh Vegetables,290.45,280.39,280.93,291.33,257.83,201.68,204.94,208.68,259.66,288.05,286.39,278.79,260.76
2018-2019,2007-08,33,01,31,Sugar,197.72,199.54,197.47,197.97,197.86,200.11,212.42,212.28,218.09,232.83,240.83,255.67,213.57
2018-2019,2007-08,34,01,32,Gur,249.15,252.43,259.35,262.49,260.99,259.69,265.55,271.58,279.41,287.7,299.59,312.32,271.69
2018-2019,2007-08,35,01,33,Honey,348.07,351.07,352.68,356.59,361.11,381.37,383.26,389.58,392.98,399.03,403,406.02,377.06
2018-2019,2007-08,36,01,34,SweetMeat,271.48,271.54,273.01,273.59,274.99,274.96,275.93,277.48,278.37,279.53,283.12,285.9,276.66
2018-2019,2007-08,37,01,35,Beverages,233.36,233.42,233.14,235.01,234.44,233.54,233.73,234.18,234.23,235.98,239.05,240.22,235.03
2018-2019,2007-08,38,01,36,"Jam, Tomato Ketchup & Pickles",231.54,232.81,233.2,235.37,236.33,237.94,238.45,239.5,239.87,241.85,243.64,244.42,237.91
2018-2019,2007-08,39,01,37,Condiments,285.6,286.39,286.64,288.04,289.66,290.89,294.79,297.84,299.19,299.5,300.66,304.45,293.64
2018-2019,2007-08,40,01,38,Spices,259.44,260.82,264.25,269.25,272.35,274.09,276.34,279.54,282.09,286.08,289.38,291.97,275.47
2018-2019,2007-08,41,01,39,Tea,306.22,306.97,307.5,308.83,310.54,315.81,318.33,319.43,319.96,320.98,321.62,322.11,314.86
2018-2019,2007-08,42,02,00,"Alcoholic Beverages, Tobacco",313.65,313.47,314.42,344.03,348,349.35,353.17,354.79,355.5,356.08,357.39,384.13,345.33
2018-2019,2007-08,43,02,40,Cigarettes,307.93,308.24,309.5,339.42,343.62,345.08,349.14,350.86,351.79,352.2,353.23,380.62,340.97
2018-2019,2007-08,44,02,41,Betel Leaves & Nuts,661.19,630.86,613.03,623.88,614.21,608.69,597.65,593.36,580.96,591.41,610.05,597.21,610.21
2018-2019,2007-08,45,03,00,Clothing and footwear,254.13,254.67,255.36,256.1,259.07,260.69,261.58,261.82,263.54,265.36,268.98,269.25,260.88
2018-2019,2007-08,46,03,42,Cotton Cloth,247.24,247.77,248.9,249.22,250.74,252.8,253.16,253.46,259.3,263.74,270.34,270.26,255.58
2018-2019,2007-08,47,03,43,Woolen Cloth,266.09,267.11,268.05,268.51,277.56,279.67,280.3,280.51,278.73,280.61,285.01,285.01,276.43
2018-2019,2007-08,48,03,44,Readymade Garments,264.02,264.49,264.55,266.32,267.64,268.4,269.28,269.46,270.9,272.89,275.68,275.79,269.12
2018-2019,2007-08,49,03,45,Woolen Readymade Garments,266.61,266.61,267.54,267.56,280.1,285.91,289.31,289.31,289.31,289.31,289.77,289.87,280.93
2018-2019,2007-08,50,03,46,Hosiery,265.98,266.49,267.72,269.25,272.44,273.1,274.69,275.19,277.45,279.59,281.08,281.81,273.73
2018-2019,2007-08,51,03,47,Dopatta,263.12,265.73,266.54,267.69,271.05,271.39,271.72,272.04,273.38,275.65,281.95,282.02,271.86
2018-2019,2007-08,52,03,48,Cleaning and Laundry,290.77,291.3,292.02,293.09,295.39,296.59,300.26,300.26,303.52,305.07,307.61,310.23,298.84
2018-2019,2007-08,53,03,49,Tailoring,349.59,349.6,350.43,351.86,353.67,356.47,358.21,358.48,359.07,359.16,364.75,365.95,356.44
2018-2019,2007-08,54,03,50,Footwear,179.77,179.97,180.09,180.14,180.49,180.86,180.9,181.1,181.18,181.19,181.34,181.38,180.7
2018-2019,2007-08,55,04,00,"Housing, water, Elec., Gas and other fuels",210.71,210.8,210.82,219.07,219.24,219.28,226,226.02,226.12,228.21,228.25,228.37,221.07
2018-2019,2007-08,56,04,51,House Rent,206,206,206,207.09,207.09,207.09,212.02,212.02,212.02,214.78,214.78,214.78,209.97
2018-2019,2007-08,57,04,52,Construction Input Items,276.97,280.01,280.39,285.53,289.23,290.47,292.42,293.08,295.39,296.83,298.32,303,290.14
2018-2019,2007-08,58,04,53,Construction Wage Rates,265.71,267.25,268.44,271.55,276.45,277.35,277.46,278.16,281.4,282.22,282.74,284.21,276.08
2018-2019,2007-08,59,04,54,Water Supply,189.09,189.82,189.82,194.95,194.95,194.95,194.95,194.95,195.29,195.29,195.29,195.63,193.75
2018-2019,2007-08,60,04,55,Electricity,238.1,238.1,238.1,238.1,238.1,238.1,258.28,258.28,258.28,258.28,258.28,258.28,248.19
2018-2019,2007-08,61,04,56,Gas,158.08,158.08,158.08,292.94,292.94,292.94,292.94,292.94,292.94,292.94,292.94,292.94,259.23
2018-2019,2007-08,62,04,57,Kerosene Oil,272.04,274.04,272.49,271.88,278.21,275.39,275.63,274.12,278.25,284.86,295.47,298.12,279.21
2018-2019,2007-08,63,04,58,Firewood Whole,298.03,298.7,299.07,299.07,303.78,305.35,305.94,305.94,307.17,307.99,308.96,309.64,304.14
2018-2019,2007-08,64,05,00,Furnishing and household equipment maintenance,241.18,242.2,243.36,245.5,247.76,250.22,252.03,255.07,257,259.19,260.95,262.78,251.44
2018-2019,2007-08,65,05,59,Furniture,236.67,237.77,238.44,242.25,244.56,247.26,250.86,251.62,252.79,255.11,256.83,257.55,247.64
2018-2019,2007-08,66,05,60,Household Textiles,243,243.45,243.85,245.96,248.54,249.62,251.22,251.59,253.05,253.98,255.72,256.3,249.69
2018-2019,2007-08,67,05,61,Household Equipment,190.99,192.31,193.22,194.5,196.96,197.85,197.6,198.07,198.67,202,205.33,205.81,197.78
2018-2019,2007-08,68,05,62,Utensils,252.51,255.56,257.08,259.94,262.52,265.24,268.14,272.66,273.6,275.24,277.6,278.6,266.56
2018-2019,2007-08,69,05,63,Plastic Products,225.98,227.91,229.26,231.09,233.84,237.13,239.16,242.52,245.73,248.2,250.05,250.68,238.46
2018-2019,2007-08,70,05,64,Washing Soaps & Detergents,241.08,242.53,245.92,248.45,252.39,256.02,257.38,260.03,261.3,263.63,264,265.35,254.84
2018-2019,2007-08,71,05,65,Sewing Needle & Dr Cell,219.36,221.16,221.76,223.03,223.94,225.74,229.39,230.38,231.04,232.24,232.84,238.85,227.48
2018-2019,2007-08,72,05,66,Household Servant,271.59,271.59,271.59,273.41,274.2,277.43,279.81,286.73,290.6,292.98,295.04,299.18,282.01
2018-2019,2007-08,73,05,67,Marriage Hall Charges,266.62,266.62,270.18,271.76,272.04,272.06,272.06,275.23,277.33,279.97,279.97,280.41,273.69
2018-2019,2007-08,74,06,00,Health,224.67,225.2,226.78,234.03,235.09,235.75,236.58,237.67,239.12,241.75,243.18,243.63,235.29
2018-2019,2007-08,75,06,68,Drugs & Medicines,190.05,190.58,191.25,197.59,198.54,199.56,200.93,201.8,204.15,206.92,208.87,209.38,199.97
2018-2019,2007-08,76,06,69,Medical Equipments,260.09,261.95,263.71,263.99,266.6,267.75,268.3,271.19,277.26,281.94,283.11,283.19,270.76
2018-2019,2007-08,77,06,70,Doctor (MBBS) Clinic Fee,304.41,304.41,307.89,318.34,320.01,320.01,320.01,321.75,321.75,324.35,324.35,324.35,317.64
2018-2019,2007-08,78,06,71,Medical Tests,213.79,215.21,216.89,222.03,222.39,222.85,223.06,223.77,224.24,226.33,228.31,229.39,222.36
2018-2019,2007-08,79,07,00,Transport,202.71,204.74,204.94,210,213.89,212.38,209.96,209.05,211.31,214.61,220.7,223.75,211.5
2018-2019,2007-08,80,07,72,Motor Vehicles,192.28,196.91,197.12,200.53,203.52,204.45,204.71,205.06,206.44,207.61,211.31,211.41,203.45
2018-2019,2007-08,81,07,73,Motor Vehicle Accessories,216.65,218.65,220.6,224.74,229.64,235.16,236.56,237.99,238.24,239.38,240.79,241.01,231.62
2018-2019,2007-08,82,07,74,Motor Fuel,182,184.6,182.56,189.09,196.83,195.52,189.53,186.52,189.4,197.39,209.23,216.36,193.25
2018-2019,2007-08,83,07,75,Mechanical Service,244.59,244.82,245.9,248.46,248.8,251.72,252.53,255.38,256.98,256.98,258.15,258.72,251.92
2018-2019,2007-08,84,07,76,Motor Vehicle Tax,210.18,210.18,210.18,210.18,210.18,210.18,210.18,210.18,210.18,211.97,211.97,211.97,210.63
2018-2019,2007-08,85,07,77,Transport Services,219.83,221,223.39,227.93,228.4,224.6,224.55,224.79,226.96,226.34,228.09,228.09,225.33
2018-2019,2007-08,86,08,00,Communication,133.63,133.78,133.78,143.45,143.57,143.57,143.57,143.63,143.65,143.65,143.78,145.39,141.29
2018-2019,2007-08,87,08,78,Postal Services,272.45,272.45,272.45,272.57,272.63,272.63,272.63,272.63,272.63,272.63,272.63,347.68,278.83
2018-2019,2007-08,88,08,79,Communication & Apparatus,130.72,130.86,130.87,140.74,140.86,140.86,140.86,140.93,140.94,140.94,141.07,141.14,138.4
2018-2019,2007-08,89,09,00,Recreation and culture,208.71,209.89,210.12,213.73,214.34,214.51,215.3,215.79,219.77,222.37,223.08,223.19,215.9
2018-2019,2007-08,90,09,80,Recreation & Culture,134.65,137.22,137.22,137.39,137.58,137.61,137.61,137.68,137.69,138.16,138.17,138.17,137.43
2018-2019,2007-08,91,09,81,Text Books,304.43,304.43,304.43,304.61,304.92,304.92,304.92,304.92,316.96,321.86,322.93,323.14,310.21
2018-2019,2007-08,92,09,82,Newspapers,202.94,202.94,202.94,235.21,235.21,235.21,235.21,235.21,235.21,242.78,242.78,242.78,229.04
2018-2019,2007-08,93,09,83,Stationery,235.12,235.55,236.7,238.8,241.07,241.84,245.87,248.25,251.19,252.72,254.76,255.05,244.74
2018-2019,2007-08,94,10,00,Education,281.89,281.89,287.41,288.62,288.62,289.54,288.68,289.13,292.02,297.27,297.27,297.27,289.97
2018-2019,2007-08,95,10,84,Education,281.89,281.89,287.41,288.62,288.62,289.54,288.68,289.13,292.02,297.27,297.27,297.27,289.97
2018-2019,2007-08,96,11,00,Restaurants and hotels,293.25,295.01,295.86,297.39,298.18,301.38,302.94,303.57,306.48,308.62,309.79,311.97,302.04
2018-2019,2007-08,97,11,85,Readymade Food,293.25,295.01,295.86,297.39,298.18,301.38,302.94,303.57,306.48,308.62,309.79,311.97,302.04
2018-2019,2007-08,98,12,00,Misc. goods and services,265.48,264.45,267.3,271.44,272.19,275.96,278.6,280.4,282.45,284.46,285.37,289.65,276.48
2018-2019,2007-08,99,12,86,Personal Care,239.94,240.91,242.09,244.22,245.08,246.54,248.28,249.74,250.69,251.1,252.77,254.78,247.18
2018-2019,2007-08,100,12,87,Cosmetics,222.96,224.25,225.61,227.83,230.19,231.29,232.5,233.79,236.95,237.4,241.15,242.5,232.2
2018-2019,2007-08,101,12,88,Blades,204.43,205.13,206.54,206.96,210.38,211.72,217.6,217.6,221.15,221.15,226.31,227.91,214.74
2018-2019,2007-08,102,12,89,Personal Equipments,332.42,326.73,333.26,341.98,341.68,350.88,355.64,358.33,361.77,367.39,365.51,375.22,350.9
2019-2020,2015-16,1,00,00,General,124.95,126.77,127.72,129.75,131.05,130.57,132.77,131.32,131.49,130.6,130.99,131.89,129.99
2019-2020,2015-16,2,01,00,Food and non-alcoholic Beverages,118.77,123.19,125.97,128.09,131.67,128.95,132.91,130.25,130.93,129.25,131.55,134.23,128.81
2019-2020,2015-16,3,01,01,Wheat,108.38,108.06,110.14,111.48,119.13,125.83,141.72,136.73,125.2,121.08,117,129.67,121.2
2019-2020,2015-16,4,01,02,Wheat flour,108.27,109.66,113.19,113.59,118.97,118.67,127.48,120.73,116.9,116.61,116.41,130.29,117.56
2019-2020,2015-16,5,01,03,Wheat products,111.56,112.56,113.03,114.87,119.6,121.24,124.44,124.81,125.56,123.84,124.64,127.34,120.29
2019-2020,2015-16,6,01,04,Besan,108.08,109.49,109.74,111.15,114.77,115.21,129.14,126.13,123.78,133.72,127.86,122.51,119.3
2019-2020,2015-16,7,01,05,Rice,126.95,127.33,127.78,128.37,129.01,129.56,131.12,131.69,131.98,132.45,133.45,134.64,130.36
2019-2020,2015-16,8,01,06,Bakery and confectionary,114.52,117.16,120.07,120.53,122.36,124.03,124.48,125.69,126.07,126.31,126.34,126.4,122.83
2019-2020,2015-16,9,01,07,Nimco,113.69,115.5,115.67,116.71,117.77,119.29,120.46,122.87,124.31,124.74,125.49,125.99,120.21
2019-2020,2015-16,10,01,08,Meat,135.95,136.89,137.72,139.33,140.3,140.77,141.84,142.13,143.33,145.46,146.83,147.76,141.53
2019-2020,2015-16,11,01,09,Chicken,103.52,145.7,139.26,113.96,111.36,98.88,116.21,118.94,122.8,96.02,135.83,137.92,120.03
2019-2020,2015-16,12,01,10,Fish,121.14,121.83,121,123.42,124.87,126.39,127.9,126.83,115.1,114.32,114.13,114.26,120.93
2019-2020,2015-16,13,01,11,Milk fresh,113.88,114.39,117.63,118.51,120.19,120.26,120.51,120.5,121.66,116.44,121.83,123.69,119.12
2019-2020,2015-16,14,01,12,Milk products,116.53,117,122.55,123.45,122.9,122.93,122.98,123,124.15,122.67,124.94,125.86,122.41
2019-2020,2015-16,15,01,13,Milk powder,118.54,119.17,120.92,123.08,123.53,123.96,125.19,127.12,129.49,129.99,129.91,130.2,125.09
2019-2020,2015-16,16,01,14,Eggs,102.76,112.79,110.13,131.87,130.72,136.75,156.28,115.09,116.96,134.17,109.03,132.7,124.1
2019-2020,2015-16,17,01,15,Butter,136.49,136.56,139.46,141.34,148.69,148.69,157.5,163.19,165.21,165.88,170.16,170.23,153.62
2019-2020,2015-16,18,01,16,Mustard oil,109.45,111.36,111.34,112.04,114.83,115.2,118.51,123.55,125.65,125.59,125.68,125.68,118.24
2019-2020,2015-16,19,01,17,Cooking oil,121.83,127.53,128.25,128.66,130.2,132.43,133.08,146.75,147.02,146.37,144.78,144.82,135.98
2019-2020,2015-16,20,01,18,Vegetable ghee,121.51,126.59,128.23,128.59,129.87,131.1,133.96,151.57,152.14,150.61,149.49,149.51,137.76
2019-2020,2015-16,21,01,19,Dry fruits,117.63,117.74,118.02,120.22,124.09,131.97,133.41,133.88,132.27,129.31,129.72,130.03,126.52
2019-2020,2015-16,22,01,20,Fresh fruits,139.86,117.99,111.38,109.83,108.84,111.34,115.72,120.53,130.81,153.98,168.95,161.59,129.24
2019-2020,2015-16,23,01,21,Pulse masoor,83.54,85.66,86.61,87.51,89.84,90.19,96.8,97.16,93.87,119.72,114.42,110.33,96.3
2019-2020,2015-16,24,01,22,Pulse moong,104.84,105.67,106.47,107.01,115.35,117.52,140.72,143.92,143.99,177.27,176.38,171.75,134.24
2019-2020,2015-16,25,01,23,Pulse mash,74.96,75.72,76.01,76.35,85.3,86.87,95.81,96.9,94.64,107.87,107.89,104.68,90.25
2019-2020,2015-16,26,01,24,Pulse gram,105.3,106.81,108.32,108.91,111.02,111.78,132.12,129.03,122.41,135.67,125.84,118.49,117.98
2019-2020,2015-16,27,01,25,Gram whohe,117.58,117.64,118.1,118.96,120.2,120.8,128.87,129.28,128.08,133.69,129.92,128.54,124.31
2019-2020,2015-16,28,01,26,Beans,110.62,111.12,111.39,114.21,119.38,120.84,130.61,135.69,137.29,143.77,144.87,144.13,126.99
2019-2020,2015-16,29,01,27,Potatoes,148.09,157.28,162.25,178.6,190.6,186.87,179.98,156.74,173.87,172.48,226.28,230.8,180.32
2019-2020,2015-16,30,01,28,Onions,121.57,160.85,178.32,187.2,194.35,170.16,138.91,126.7,171.14,131.88,101.08,83.83,147.17
2019-2020,2015-16,31,01,29,Tomatoes,98.92,135.99,128.05,172.83,431.06,273.76,250.86,99.67,76.46,67.97,62.71,70.92,155.77
2019-2020,2015-16,32,01,30,Fresh vegetables,121.79,137.43,159.12,187.27,165.7,158.05,176.54,156.27,144.11,138.55,111.37,115.88,147.67
2019-2020,2015-16,33,01,31,Sugar,115.7,120.07,120.31,118.66,117.26,113.11,118.85,128.89,128.2,131.47,131.06,130.37,122.83
2019-2020,2015-16,34,01,32,Gur,120.76,123.81,125.25,126.5,126.13,125.33,137.23,137.37,138.91,139.17,140.83,136.49,131.48
2019-2020,2015-16,35,01,33,Honey,113.24,113.38,115.65,116.04,116.07,116.4,116.76,118.4,118.78,118.89,118.89,119.37,116.82
2019-2020,2015-16,36,01,34,Sweetmeat,128.77,130.71,134.3,134.5,134.69,135.16,135.78,137.53,138.69,138.87,139.49,141.24,135.81
2019-2020,2015-16,37,01,35,Ice cream,117.76,119.23,122.31,123.33,123.43,124.12,124.87,125.04,126.01,126.06,126.61,126.91,123.81
2019-2020,2015-16,38,01,36,Condiments and Spices,135.32,139.73,141.84,142.81,145.46,145.09,155.47,159.13,161.65,160.45,166.4,175.46,152.4
2019-2020,2015-16,39,01,37,Dessert preparation,112.18,112.62,112.76,115.02,115.86,117.5,118.23,118.96,120.7,121.42,124.02,125.08,117.86
2019-2020,2015-16,40,01,38,Tea,128.35,128.39,138.85,140.05,140.36,140.39,140.63,140.74,140.74,140.74,140.74,140.74,138.39
2019-2020,2015-16,41,01,39,Beverages,116.59,118.97,120.77,121.6,121.7,121.8,122.14,122.25,123.31,124.67,126.47,126.76,122.25
2019-2020,2015-16,42,02,00,"Alcoholic Beverages, Tobacco",141.67,141.93,142.24,142.53,142.63,142.7,143.25,143.51,143.54,144.82,145.03,145.1,143.25
2019-2020,2015-16,43,02,40,Cigarettes,134.05,134.35,134.41,134.58,134.64,134.65,134.71,134.72,134.73,134.87,135.09,135.18,134.67
2019-2020,2015-16,44,02,41,Pan prepared,181.46,181.46,183.12,184.05,184.34,184.7,187.81,189.39,189.54,196.75,196.9,196.9,188.04
2019-2020,2015-16,45,03,00,Clothing and footwear,121.6,123.36,123.86,124.17,125.23,126.1,127.13,127.81,129.69,129.69,131.67,132.5,126.9
2019-2020,2015-16,46,03,42,Cotton cloth,123.51,124.77,125.93,126.13,126.52,126.56,127.02,127.83,128.83,128.83,134.03,136.39,128.03
2019-2020,2015-16,47,03,43,Woolen cloth,113.89,115.35,115.36,115.92,119.57,120.94,124.66,125.76,125.98,125.99,126.22,127.1,121.4
2019-2020,2015-16,48,03,44,Readymade garments,125.6,126.21,126.24,126.76,126.97,127.38,127.58,128.66,129.95,129.96,130.2,130.22,127.98
2019-2020,2015-16,49,03,45,Woolen readymade garments,115.81,115.81,115.98,116.29,120.5,123.78,126.89,126.89,126.88,126.88,126.88,126.88,122.46
2019-2020,2015-16,50,03,46,Tailoring,128.73,129.07,130.09,130.52,131.54,134.64,136.53,136.79,136.89,136.89,140.36,140.63,134.39
2019-2020,2015-16,51,03,47,Hosiry,123.04,123.52,123.72,124.05,124.69,125.57,125.84,127.4,127.52,127.52,127.61,128.14,125.72
2019-2020,2015-16,52,03,48,Dopatta,113.01,114.86,115.36,115.58,119.59,120.01,121.05,122.87,123.85,123.85,124.09,124.49,119.88
2019-2020,2015-16,53,03,49,Cleaning and laundring,124.21,126.08,126.74,127.78,128.17,129.05,129.91,130.41,130.5,130.5,130.66,131.01,128.75
2019-2020,2015-16,54,03,50,Footware,116.51,122.07,122.09,122.11,122.39,122.39,122.49,122.51,129.66,129.66,129.66,129.66,124.27
2019-2020,2015-16,55,04,00,"Housing, water, Elec., Gas and other fuels",127.2,127.15,126.98,131.37,131.21,131.62,133.62,130.34,130.4,130.08,130.22,130.09,130.02
2019-2020,2015-16,56,04,51,House rent,126.65,126.65,126.65,127.29,127.29,127.29,129.68,129.68,129.68,130.02,130.02,130.02,128.41
2019-2020,2015-16,57,04,52,Construcion input items,135.46,136.74,137.95,138.84,140.21,143.1,142.98,142.64,142.8,143.04,143.58,143.08,140.87
2019-2020,2015-16,58,04,53,Construction wage rates,141.48,142.04,142.68,144.18,145.73,146.32,146.43,147.66,148.1,148.38,148.8,149.2,145.92
2019-2020,2015-16,59,04,54,Water supply,119.55,122.55,122.55,131.54,131.54,131.54,131.54,131.89,131.89,131.89,143.78,143.78,131.17
2019-2020,2015-16,60,04,55,Garbage collection,145.38,145.38,145.54,145.54,146.12,154.8,154.8,154.8,154.8,156.98,156.98,159.37,151.71
2019-2020,2015-16,61,04,56,Electricity charges,108.25,108.25,107.18,126.9,125.72,127.65,124.87,108.04,108.04,108.04,108.04,108.04,114.09
2019-2020,2015-16,62,04,57,Gas charges,216.94,216.94,216.94,216.94,216.94,216.94,216.94,216.94,216.94,216.94,216.94,216.94,216.94
2019-2020,2015-16,63,04,58,Liquified Hydrocarbons,135.05,128.04,127.07,148.23,147.54,147.47,186.07,160.89,164.55,133.83,128.31,121.3,144.03
2019-2020,2015-16,64,04,59,Solid Fuel,108.52,108.75,109.22,109.67,110.58,111.28,114.22,115.58,114.27,114.27,114.43,114.44,112.1
2019-2020,2015-16,65,05,00,Furnishing and household equipment maintenance,122.28,123.05,123.78,124.64,125.7,126.59,126.84,127.57,128.21,128.45,128.8,129.35,126.27
2019-2020,2015-16,66,05,60,Furniture and furnishing,119.52,120.43,120.94,122.94,123.59,126.9,127.19,128.23,128.32,128.32,129.15,130.08,125.47
2019-2020,2015-16,67,05,61,Carpets,106.49,107.32,107.34,107.59,107.59,107.52,107.45,110.97,111.09,111.09,111.16,111.18,108.9
2019-2020,2015-16,68,05,62,Household textiles,121.89,122.53,122.73,123.48,124.17,124.36,124.51,125.08,125.71,125.71,125.82,125.85,124.32
2019-2020,2015-16,69,05,63,Household equipments,121.02,121.61,123.08,123.38,123.84,125.07,125.47,125.99,127.53,127.53,128,129.09,125.13
2019-2020,2015-16,70,05,64,Plastic products,114.06,114.39,114.78,115.02,115.84,115.87,115.88,116.63,116.63,116.63,116.84,116.93,115.79
2019-2020,2015-16,71,05,65,Major tools & equipments,117.75,117.82,118.29,118.31,119.1,119.1,119.44,119.93,120.32,120.32,120.39,121.25,119.34
2019-2020,2015-16,72,05,66,Washing soap/detergents/match box,121.58,122.93,123.58,124.92,126.33,126.88,127.18,128.04,128.6,129.31,129.65,130.05,126.59
2019-2020,2015-16,73,05,67,Household servant,128.31,128.31,128.63,128.75,130.45,130.45,130.45,130.96,130.99,130.99,131.02,131.21,130.04
2019-2020,2015-16,74,06,00,Health,133.63,133.97,134.58,135.68,136.36,137.1,137.89,138.29,139.56,139.6,139.92,140.28,137.24
2019-2020,2015-16,75,06,68,Drugs and medicines,131.83,131.84,132.04,133.92,135.17,136.73,137.56,138.19,138.81,138.92,139.26,139.6,136.16
2019-2020,2015-16,76,06,69,Therapeutic Appliances and Equipme,106.46,106.58,106.62,106.81,107.01,107.01,107.01,107.17,107.2,107.2,107.2,111.06,107.28
2019-2020,2015-16,77,06,70,Doctor (MBBS) clinic fee,157.13,157.92,160.75,160.79,161.01,161.06,163.19,163.48,168.77,168.77,169.68,169.79,163.53
2019-2020,2015-16,78,06,71,Dental services,114.79,115.3,115.43,115.47,115.64,115.64,115.98,116.23,118.61,118.61,118.61,118.61,116.58
2019-2020,2015-16,79,06,72,Medical tests,120.65,121.34,121.27,122.98,123.51,123.64,123.91,124.15,124.34,124.34,124.35,126.01,123.37
2019-2020,2015-16,80,06,73,Hospitals services,126.57,127.04,127.14,127.34,127.34,127.34,127.35,127.47,127.53,127.49,127.49,127.51,127.3
2019-2020,2015-16,81,07,00,Transport,141.72,144.36,142.32,142.96,143.6,145.01,146.34,146.55,139.85,133.49,124.89,123.36,139.54
2019-2020,2015-16,82,07,74,Motor vehicles,141.89,144.24,145.22,145.23,145.35,145.41,146.36,146.45,146.48,146.48,146.86,147.46,145.62
2019-2020,2015-16,83,07,75,Motor vehicle accessories,121.74,122.32,122.59,123.67,123.72,125.88,126.72,127.55,127.83,128.16,130.09,130.68,125.91
2019-2020,2015-16,84,07,76,Motor fuel,156.53,162.6,157.35,157.58,158.91,158.62,161.69,161.97,151.98,138.53,119.92,111.18,149.74
2019-2020,2015-16,85,07,77,Mechanical services,120.34,121.22,126.04,126.2,126.3,128.45,128.99,129.02,129.15,129.15,130.66,130.87,127.2
2019-2020,2015-16,86,07,78,Motor vehicle tax,126.72,126.72,126.72,126.72,126.72,126.72,126.72,126.72,126.72,126.72,126.72,126.72,126.72
2019-2020,2015-16,87,07,79,Transport services,124.88,122.65,122.55,124.29,124.21,128.87,127.76,127.89,120.92,120.93,120.93,129.73,124.63
2019-2020,2015-16,88,08,00,Communication,107.8,107.84,107.88,107.96,107.98,108.18,108.19,108.22,108.22,108.22,108.22,108.22,108.08
2019-2020,2015-16,89,08,80,Postal services,147.05,147.05,147.05,147.05,147.05,147.05,147.05,147.05,147.05,147.05,147.05,147.05,147.05
2019-2020,2015-16,90,08,81,Communication apparatus,116.55,116.73,116.98,117.36,117.5,118.5,118.58,118.73,118.74,118.74,118.74,118.74,117.99
2019-2020,2015-16,91,08,82,Communication Services,105.3,105.3,105.3,105.3,105.3,105.3,105.3,105.3,105.3,105.3,105.3,105.3,105.3
2019-2020,2015-16,92,09,00,Recreation and culture,115.31,116.23,116.63,116.89,117.14,117.22,117.24,117.38,118.01,118.08,118.12,118.29,117.21
2019-2020,2015-16,93,09,83,Recreation and culture,106.83,108.11,108.1,108.13,108.52,108.53,108.56,108.8,110.25,110.25,110.31,110.7,108.92
2019-2020,2015-16,94,09,84,Text books,115.92,116.83,117.03,117.03,117.05,117.05,117.06,117.06,117.25,117.25,117.25,117.25,117
2019-2020,2015-16,95,09,85,Newspapers,151.55,151.55,151.55,151.55,151.55,151.55,151.55,151.55,151.55,151.55,151.55,151.55,151.55
2019-2020,2015-16,96,09,86,stationery,122.54,122.97,124.6,125.87,126.34,126.73,126.74,126.99,127.11,127.42,127.51,127.66,126.04
2019-2020,2015-16,97,10,00,Education,143.47,143.62,144.16,144.43,144.63,144.67,144.71,144.71,144.98,144.98,144.98,144.98,144.53
2019-2020,2015-16,98,10,87,Education,143.47,143.62,144.16,144.43,144.63,144.67,144.71,144.71,144.98,144.98,144.98,144.98,144.53
2019-2020,2015-16,99,11,00,Restaurants and hotels,122.67,123.22,124.01,124.31,124.95,124.97,127.33,128.88,129.7,129.74,129.8,130.52,126.68
2019-2020,2015-16,100,11,88,Readymade food,122.04,122.67,123.72,124.12,124.89,124.91,125.84,127.9,128.93,128.98,129.07,130.02,126.09
2019-2020,2015-16,101,11,89,Marriage Hall Charges,125.45,125.79,125.79,125.79,126.09,126.1,133.14,133.19,133.41,133.41,133.41,133.41,129.58
2019-2020,2015-16,102,11,90,Accommodation Services,112.01,112.07,112.11,112.17,112.4,112.4,112.4,112.4,112.4,112.4,112.4,112.4,112.3
2019-2020,2015-16,103,12,00,Misc. goods and services,127.23,128.97,130.9,131.58,131.88,132.17,133.78,134.2,135.66,137.08,137.02,138.14,133.22
2019-2020,2015-16,104,12,91,Personal Grooming Services,121.77,122.08,122.93,123.3,123.3,123.67,124.01,124.19,125.75,125.75,126.43,127.59,124.23
2019-2020,2015-16,105,12,92,Electrical Appliances for Personal,114.97,115.37,115.76,116.52,116.55,116.54,116.78,116.78,116.78,116.78,116.78,116.88,116.37
2019-2020,2015-16,106,12,93,Appliances/Articles/Products for P,120.23,120.74,122.96,124,124.46,125.23,125.91,126.55,127.37,127.62,127.73,128.06,125.07
2019-2020,2015-16,107,12,94,Personal Effects n.e.c.,154.58,161.43,163.46,163.27,163.32,162.03,167.73,167.65,171.17,177.51,176.28,179.94,167.36
2020-2021,2015-16,1,00,00,General,134.73,135.82,137.53,139.27,140.16,139.67,139.45,142.61,142.99,144.91,145.19,144.55,140.57
2020-2021,2015-16,2,01,00,Food and non-alcoholic Beverages,138.88,137.9,142.73,147.23,149.77,145.86,141.87,143.95,146.51,151.24,152.94,149.13,145.67
2020-2021,2015-16,3,01,01,Wheat,139.29,155.93,156.54,169.68,162.73,156.22,168.98,169.26,169.23,153.76,151.98,154.29,158.99
2020-2021,2015-16,4,01,02,Wheat flour,128.32,135.3,136.03,141.61,134.77,134.63,136.7,137.04,139.04,136.34,149.63,147.79,138.1
2020-2021,2015-16,5,01,03,Wheat products,129.4,138.26,139.8,151.08,152.98,152.82,154.97,159.51,160.24,159.55,159.69,159.52,151.49
2020-2021,2015-16,6,01,04,Besan,117.95,116.52,118.83,122.27,122.64,121.01,121.77,124.15,126.25,126.22,125.41,125.44,122.37
2020-2021,2015-16,7,01,05,Rice,135.86,136.28,137.42,139.41,138.43,138.23,138.51,140.17,142.43,142.32,144.34,145.4,139.9
2020-2021,2015-16,8,01,06,Bakery and confectionary,127.15,135.6,138.33,138.87,141.38,141.7,142.16,142.89,143.03,145.53,147.58,148.38,141.05
2020-2021,2015-16,9,01,07,Nimco,129.75,131.66,132.95,133.68,134.36,135.25,137.11,140.68,141.67,142.55,142.81,144.39,137.24
2020-2021,2015-16,10,01,08,Meat,153.62,153.64,154.2,155.08,155.07,155.77,155.97,156.32,157.53,160.11,167.61,172.38,158.11
2020-2021,2015-16,11,01,09,Chicken,141.5,89.93,106.4,134.72,163.5,165.48,118.35,162.15,172.82,185.45,216.74,136.86,149.49
2020-2021,2015-16,12,01,10,Fish,113.6,111.48,111.86,112.33,114.45,116.18,118.09,117.48,115.39,115.17,115.33,113.13,114.54
2020-2021,2015-16,13,01,11,Milk fresh,125.39,131.39,132.92,133.5,133.85,134.33,137.63,138.15,139.22,140.16,140.61,141.24,135.7
2020-2021,2015-16,14,01,12,Milk products,128.05,134.08,136.35,136.98,137.07,137.19,140.25,140.6,142.41,143.87,144.8,145.49,138.93
2020-2021,2015-16,15,01,13,Milk powder,130.29,131.01,132.88,133.81,134.76,134.85,135.28,135.37,136.73,136.98,138.07,138.33,134.86
2020-2021,2015-16,16,01,14,Eggs,147.06,145.1,152.65,189,194.34,224.8,190.2,170.45,192.54,191.07,168.95,176.33,178.54
2020-2021,2015-16,17,01,15,Butter,171.57,171.57,172.14,173.48,178.01,190.03,191.2,191.73,191.73,191.73,193.07,193.95,184.18
2020-2021,2015-16,18,01,16,Mustard oil,126.67,127.61,128.98,131.01,132.19,132.56,146.06,151.61,154.47,156.28,164.33,166.32,143.17
2020-2021,2015-16,19,01,17,Cooking oil,142.88,142.03,142.54,143.33,143.35,146.5,151.3,169.33,169.44,174.51,174.63,176.58,156.37
2020-2021,2015-16,20,01,18,Vegetable ghee,148.6,147.32,148.51,148.86,149.13,153.71,163.03,177.75,178.71,182.31,182.53,185.02,163.79
2020-2021,2015-16,21,01,19,Dry fruits,130.37,130.72,130.99,131.56,137.32,143.6,145.49,144.97,141.8,141.82,139.93,137.03,137.97
2020-2021,2015-16,22,01,20,Fresh fruits,151.5,116.43,109.22,105.6,104.93,102.99,108.54,118.59,130.45,159.57,176.39,140.99,127.1
2020-2021,2015-16,23,01,21,Pulse masoor,103.41,102.4,104.03,104.91,104,103.53,103.86,107.27,107.83,107.51,106.31,107.65,105.23
2020-2021,2015-16,24,01,22,Pulse moong,153.33,143.36,148.32,150.82,145.48,144.65,147.57,148.35,150.28,147.89,146.01,137.1,146.93
2020-2021,2015-16,25,01,23,Pulse mash,101.84,99.52,102.27,103.56,104.59,104.19,105.42,108.18,113.12,114.02,112.46,111.06,106.69
2020-2021,2015-16,26,01,24,Pulse gram,115.66,114.17,119.32,120.29,117.96,116.51,116.33,121.54,126.88,125.99,124.31,122.05,120.08
2020-2021,2015-16,27,01,25,Gram whohe,125.07,122.84,122.25,123.29,123.02,122.97,124.15,126.44,128.08,129.68,129.71,130.59,125.67
2020-2021,2015-16,28,01,26,Beans,148.56,156.01,156.25,157.51,157.35,156.91,156.81,159.22,159.53,160.06,159.79,159.9,157.33
2020-2021,2015-16,29,01,27,Potatoes,241.36,255.49,271.28,273.51,297.55,258.5,171.71,149.52,163.78,189.67,191.01,192.9,221.36
2020-2021,2015-16,30,01,28,Onions,97.59,107.74,123.37,171.57,181.53,128.67,96.67,89.05,86.94,79.7,69.22,79.58,109.3
2020-2021,2015-16,31,01,29,Tomatoes,198,134.98,194.46,288.5,333.74,243.22,170.19,70.28,73.56,123.36,65.82,84.87,165.08
2020-2021,2015-16,32,01,30,Fresh vegetables,143.5,139.51,181.82,170.25,179.83,145.33,130.59,120.99,119.2,154.42,125.32,129.22,145
2020-2021,2015-16,33,01,31,Sugar,135.35,153.66,150.87,157.78,159.21,130.44,149.69,151.01,158.29,155.4,159.39,158.45,151.63
2020-2021,2015-16,34,01,32,Gur,137.48,140.02,144.31,147.74,146.47,142.29,143.28,146.1,144.83,144.48,147.35,150.08,144.54
2020-2021,2015-16,35,01,33,Honey,124.39,128.22,128.34,130.05,130.08,130.72,130.72,131.01,131.08,131.22,131.29,131.29,129.87
2020-2021,2015-16,36,01,34,Sweetmeat,143.37,144.06,144.79,147.36,147.68,148.63,148.82,149.71,149.91,150.5,152.82,153.1,148.4
2020-2021,2015-16,37,01,35,Ice cream,133.79,136.32,136.32,136.35,136.35,136.35,136.35,136.57,137.47,137.47,142.53,146.19,137.67
2020-2021,2015-16,38,01,36,Condiments and Spices,188.74,194.04,199.86,195.08,200.15,213.93,197.79,208.66,207.97,211.18,210.85,216.29,203.71
2020-2021,2015-16,39,01,37,Dessert preparation,125.3,125.85,125.99,126.53,126.7,127.03,127.16,130.81,131.54,131.74,131.78,133.1,128.63
2020-2021,2015-16,40,01,38,Tea,140.74,140.74,140.74,140.7,140.7,140.68,140.74,140.83,140.83,140.83,140.84,140.84,140.77
2020-2021,2015-16,41,01,39,Beverages,126.99,127.61,127.85,127.64,127.99,128.02,128.02,128.11,130.41,130.93,131.05,131.05,128.81
2020-2021,2015-16,42,02,00,"Alcoholic Beverages, Tobacco",148.36,149.8,150.34,151.34,152.13,152.1,152.14,152.48,153.44,153.57,153.81,153.94,151.95
2020-2021,2015-16,43,02,40,Cigarettes,139.07,139.96,140.28,141.25,141.26,141.02,141.02,141.06,141.06,141.06,141.09,141.09,140.77
2020-2021,2015-16,44,02,41,Pan prepared,196.9,201.15,202.89,203.97,208.87,209.96,210.17,212.12,218.11,218.9,220.2,221,210.35
2020-2021,2015-16,45,03,00,Clothing and footwear,132.97,133.2,133.75,134.1,136.62,137.25,137.97,143.58,144.65,146.21,146.36,146.45,139.43
2020-2021,2015-16,46,03,42,Cotton cloth,137.01,137.16,137.16,137.17,142.31,142.39,143.01,146.62,149.21,150.16,150.21,150.24,143.55
2020-2021,2015-16,47,03,43,Woolen cloth,128.47,128.48,131.47,131.55,134.61,136.48,137.04,138.84,140.2,141.06,141.18,141.24,135.89
2020-2021,2015-16,48,03,44,Readymade garments,130.49,130.56,131.13,132.21,132.81,133.13,133.57,137.48,137.77,138.91,138.92,139.1,134.67
2020-2021,2015-16,49,03,45,Woolen readymade garments,126.88,126.88,127.17,127.19,138.45,139.94,141.04,141.11,142.21,142.21,142.21,142.21,136.46
2020-2021,2015-16,50,03,46,Tailoring,140.83,141.42,141.8,142.01,142.26,142.27,142.46,142.93,143.43,149.88,150.71,150.72,144.23
2020-2021,2015-16,51,03,47,Hosiry,129.25,129.98,130.41,132.36,132.73,137.28,138.26,140.98,141.45,143.52,143.63,144.29,137.01
2020-2021,2015-16,52,03,48,Dopatta,124.79,125.09,125.8,126.54,126.96,127.58,127.61,127.73,128.26,129.91,129.91,129.93,127.51
2020-2021,2015-16,53,03,49,Cleaning and laundring,131.67,137.55,142.15,142.34,142.65,146.56,146.87,147.53,147.72,147.95,148.23,148.51,144.14
2020-2021,2015-16,54,03,50,Footware,129.74,129.76,129.81,129.87,129.88,129.92,131.41,150.67,150.68,150.72,150.75,150.78,138.67
2020-2021,2015-16,55,04,00,"Housing, water, Elec., Gas and other fuels",131.76,134.06,134.02,134.44,134.09,135.34,137.52,143.34,141.07,142.12,140.52,141.05,137.44
2020-2021,2015-16,56,04,51,House rent,132.08,132.08,132.08,133.24,133.24,133.24,135.86,135.86,135.86,138.09,138.09,138.09,134.82
2020-2021,2015-16,57,04,52,Construcion input items,143.2,143.57,146.96,147.35,148.04,148.41,149.44,149.66,150.9,153.04,153.18,154.3,149
2020-2021,2015-16,58,04,53,Construction wage rates,149.55,151.71,152.47,152.51,152.57,153.37,153.39,154.26,154.6,154.99,155.01,156.06,153.37
2020-2021,2015-16,59,04,54,Water supply,143.78,152.62,156.23,156.43,156.64,157.86,157.86,157.86,158.19,158.19,158.39,158.72,156.06
2020-2021,2015-16,60,04,55,Garbage collection,167.3,169.2,169.2,169.2,169.2,171.58,173.35,173.35,173.7,173.9,173.9,173.9,171.48
2020-2021,2015-16,61,04,56,Electricity charges,108.04,120.58,119.83,117.04,113.29,120.04,119.4,154.56,142.12,139.44,131.62,130.87,126.4
2020-2021,2015-16,62,04,57,Gas charges,216.94,216.94,216.94,216.94,216.94,216.94,216.94,216.94,216.94,216.94,216.94,216.94,216.94
2020-2021,2015-16,63,04,58,Liquified Hydrocarbons,130.12,129.23,127.28,129.98,143.38,143.72,163.64,157.19,146.44,140.88,125.78,158.81,141.37
2020-2021,2015-16,64,04,59,Solid Fuel,114.45,114.6,114.7,114.89,116.09,119.96,121.54,121.73,121.39,120.94,120.56,120.79,118.47
2020-2021,2015-16,65,05,00,Furnishing and household equipment maintenance,130.01,130.64,131.57,132.88,133.72,134.34,134.95,137.06,138.33,139.46,140.17,140.9,135.34
2020-2021,2015-16,66,05,60,Furniture and furnishing,130.99,131.85,132.35,134.87,137.1,137.74,139.61,139.84,140.45,140.98,141.22,141.76,137.4
2020-2021,2015-16,67,05,61,Carpets,112.03,112.09,112.12,112.53,112.55,112.67,112.8,112.8,113.21,113.21,113.24,113.24,112.71
2020-2021,2015-16,68,05,62,Household textiles,126.11,126.95,127.04,128.77,131.89,132.73,133.54,134.43,134.74,134.76,135.27,135.27,131.79
2020-2021,2015-16,69,05,63,Household equipments,129.93,131.38,131.92,133.08,133.21,133.37,134.03,136.47,138.46,140.94,141.72,142.73,135.6
2020-2021,2015-16,70,05,64,Plastic products,117.68,118.25,119.17,119.25,119.52,120.06,120.09,120.73,121.98,122.42,122.61,122.71,120.37
2020-2021,2015-16,71,05,65,Major tools & equipments,125.72,127.98,128.4,128.73,129.26,133.83,135.02,137.05,137.94,138.44,138.51,138.62,133.29
2020-2021,2015-16,72,05,66,Washing soap/detergents/match box,130.1,130.36,132.44,133.49,134.14,135.33,135.69,139.71,141.57,142.88,144.18,144.87,137.06
2020-2021,2015-16,73,05,67,Household servant,132.71,132.71,132.74,133.89,134.21,134.27,134.48,134.55,134.66,134.66,134.66,135.61,134.1
2020-2021,2015-16,74,06,00,Health,141.55,142.89,144.31,145.63,145.98,147.24,148.06,150.26,151.94,152.72,153.41,154.68,148.22
2020-2021,2015-16,75,06,68,Drugs and medicines,141.05,142.25,142.68,143.18,143.8,145.66,146.9,149.64,151.74,153.01,154.25,154.58,147.4
2020-2021,2015-16,76,06,69,Therapeutic Appliances and Equipme,112.42,113.06,113.39,114.67,114.94,114.98,115.16,116.2,116.53,116.6,116.6,116.64,115.1
2020-2021,2015-16,77,06,70,Doctor (MBBS) clinic fee,172.1,174.13,179.85,184.48,184.48,186,186.63,189.71,190.2,190.39,190.81,192.11,185.07
2020-2021,2015-16,78,06,71,Dental services,118.91,120.43,121.35,121.66,121.81,121.81,124.53,126.85,128.1,128.73,128.73,128.98,124.32
2020-2021,2015-16,79,06,72,Medical tests,126.68,128.31,130.3,130.41,130.65,130.73,131.84,132.69,133.32,133.7,134.08,134.39,131.43
2020-2021,2015-16,80,06,73,Hospitals services,127.99,128.99,129.02,130.09,130.22,130.69,130.7,131.81,134.03,134.49,134.49,137.93,131.7
2020-2021,2015-16,81,07,00,Transport,134.88,139.08,140.06,140.58,137.2,139.79,142.26,145.36,144.34,142.56,142.67,144.31,141.09
2020-2021,2015-16,82,07,74,Motor vehicles,147.76,148.34,149.05,149.33,150.68,151.66,152.3,153.75,153.87,154.08,154.41,154.49,151.64
2020-2021,2015-16,83,07,75,Motor vehicle accessories,131.04,131.46,132.52,133.7,134.54,137.31,137.86,137.86,140.01,140.14,141.66,141.95,136.67
2020-2021,2015-16,84,07,76,Motor fuel,141.21,145.93,146.18,146.32,143.74,144.72,150.99,153.46,153.47,151.13,150.42,152.12,148.31
2020-2021,2015-16,85,07,77,Mechanical services,131.11,131.58,132.38,133.42,133.67,135.79,136.24,136.53,136.87,137.2,137.66,137.66,135.01
2020-2021,2015-16,86,07,78,Motor vehicle tax,126.72,126.72,126.72,126.72,126.72,126.72,126.72,126.72,126.72,126.72,126.72,126.72,126.72
2020-2021,2015-16,87,07,79,Transport services,119.93,126.42,128.79,129.86,121.53,127.69,125.47,131.49,127.54,124.98,126.12,128.98,126.57
2020-2021,2015-16,88,08,00,Communication,108.22,108.22,108.23,108.26,108.74,108.8,108.87,108.95,108.95,110.33,110.33,110.36,109.02
2020-2021,2015-16,89,08,80,Postal services,147.05,147.05,147.05,147.39,147.39,147.39,151.88,161.25,161.25,162.27,162.27,162.27,153.71
2020-2021,2015-16,90,08,81,Communication apparatus,118.75,118.75,118.77,118.91,118.95,119.29,119.48,119.48,119.49,119.49,119.49,119.65,119.21
2020-2021,2015-16,91,08,82,Communication Services,105.3,105.3,105.3,105.3,105.89,105.89,105.89,105.89,105.89,107.61,107.61,107.61,106.12
2020-2021,2015-16,92,09,00,Recreation and culture,118.86,119.36,120.03,120.33,120.84,121.05,121.14,121.56,121.89,121.91,122.15,124.35,121.12
2020-2021,2015-16,93,09,83,Recreation and culture,110.71,111.23,111.59,111.67,112.03,112.08,112.16,112.73,113.44,113.5,113.75,113.96,112.4
2020-2021,2015-16,94,09,84,Text books,118.66,119.02,119.49,120,120.68,120.78,120.8,120.8,120.8,120.8,121.19,126.34,120.78
2020-2021,2015-16,95,09,85,Newspapers,151.55,151.55,151.55,151.55,151.55,151.55,151.55,151.55,151.55,151.55,151.55,151.55,151.55
2020-2021,2015-16,96,09,86,stationery,127.78,128.6,130.38,130.77,131.3,132.08,132.33,133.38,133.68,133.69,133.7,134.4,131.84
2020-2021,2015-16,97,10,00,Education,144.98,145.07,145.49,146.16,146.16,146.16,146.25,146.26,146.26,146.71,146.71,146.89,146.09
2020-2021,2015-16,98,10,87,Education,144.98,145.07,145.49,146.16,146.16,146.16,146.25,146.26,146.26,146.71,146.71,146.89,146.09
2020-2021,2015-16,99,11,00,Restaurants and hotels,130.92,133.37,134.14,135.28,136.53,137.47,138.39,139,140.53,140.81,141.66,142.77,137.57
2020-2021,2015-16,100,11,88,Readymade food,130.57,133.47,134.48,135.8,136.99,138.2,139.43,140.08,142.01,142.38,143.5,144.99,138.49
2020-2021,2015-16,101,11,89,Marriage Hall Charges,133.41,134.6,134.64,135.29,136.83,136.99,136.99,137.52,137.88,137.94,137.97,137.97,136.5
2020-2021,2015-16,102,11,90,Accommodation Services,112.4,112.72,112.72,113.2,113.2,113.2,113.2,113.2,113.2,113.2,113.2,113.3,113.06
2020-2021,2015-16,103,12,00,Misc. goods and services,140.4,145.22,144.68,144.4,145.64,146.15,147.67,150.08,149.64,150.56,151.81,153.41,147.47
2020-2021,2015-16,104,12,91,Personal Grooming Services,128.38,130.63,132.07,132.1,133.95,134.51,136.72,136.73,137.64,137.97,138.14,138.39,134.77
2020-2021,2015-16,105,12,92,Electrical Appliances for Personal,116.91,118.32,118.32,118.37,118.42,118.43,118.43,118.43,118.43,118.48,118.48,118.5,118.29
2020-2021,2015-16,106,12,93,Appliances/Articles/Products for P,128.69,130.58,131.35,132.08,133.52,134.6,135.37,139.84,140.61,141.97,142.85,143.49,136.25
2020-2021,2015-16,107,12,94,Personal Effects n.e.c.,188.67,205.06,198.7,194.97,195.1,193.82,197.2,195.25,189.82,189.9,193.32,199.16,195.08
2021-2022,2015-16,1,00,00,General,146.41,147.12,150.08,152.59,156.96,157.46,157.56,159.03,160.07,162.63,163.13,173.23,157.19
2021-2022,2015-16,2,01,00,Food and non-alcoholic Beverages,151.66,152.49,158.53,161.09,167.96,162.85,161.12,164.76,168.17,175.41,177.05,185.86,165.58
2021-2022,2015-16,3,01,01,Wheat,153.98,154.33,165.61,177.61,179.43,179.07,183.87,185.89,176.8,176.35,179.98,203.44,176.36
2021-2022,2015-16,4,01,02,Wheat flour,147.46,147.97,162.31,159.97,160.43,160.37,158.31,157.68,155.97,161.35,178.31,171.61,160.15
2021-2022,2015-16,5,01,03,Wheat products,160.75,161.02,163.94,166.74,170.74,170.4,171.61,174.1,180.71,174.78,184.97,192.14,172.66
2021-2022,2015-16,6,01,04,Besan,125.39,124.23,127.17,126.87,127.25,131.29,136.3,139.01,140.28,141.73,143.34,156.75,134.97
2021-2022,2015-16,7,01,05,Rice,146.7,146.82,146.91,148.2,150.76,152.12,154.07,156.84,157.93,158.54,163.93,183.06,155.49
2021-2022,2015-16,8,01,06,Bakery and confectionary,148.47,148.7,149.97,151.61,156.86,161.51,162.82,164.74,166.04,167.09,169.04,182.23,160.76
2021-2022,2015-16,9,01,07,Nimco,144.86,147.14,150.4,154.23,160.71,163.59,166.44,169.35,172.11,176.76,182.03,193.49,165.09
2021-2022,2015-16,10,01,08,Meat,174.06,174.71,178.55,181.62,186.39,187.55,190.88,193.27,194.83,201.16,209.16,217.33,190.79
2021-2022,2015-16,11,01,09,Chicken,123.08,108.34,153.89,181.45,173.58,141.75,138.57,154.66,206.67,187.24,219.04,201.9,165.85
2021-2022,2015-16,12,01,10,Fish,112.86,112.91,113.33,115.85,118.05,119.87,120.35,124.33,123.38,123.29,123.28,124.55,119.34
2021-2022,2015-16,13,01,11,Milk fresh,142.6,145.37,145.52,146.11,149.52,153.75,152.9,153.12,155.45,157.43,158.36,171.31,152.62
2021-2022,2015-16,14,01,12,Milk products,146.68,149.28,149.61,149.94,151.47,157.39,155.89,156.51,157.87,160.82,161.39,172.73,155.8
2021-2022,2015-16,15,01,13,Milk powder,138.86,140.36,142.02,142.69,143.08,143.67,144.37,145.86,156.17,155.31,156.94,165.29,147.89
2021-2022,2015-16,16,01,14,Eggs,182.46,179.46,205.35,193.16,212.84,206.39,204.06,179.95,153.41,153.97,174.09,208.87,187.83
2021-2022,2015-16,17,01,15,Butter,195.19,195.19,195.79,196.85,197.28,206.36,207.46,208.2,224.43,226.2,226.27,233.91,209.43
2021-2022,2015-16,18,01,16,Mustard oil,168.88,169.86,177.61,185.93,207.49,213.12,214.24,227.19,247.02,252.73,257.61,302.41,218.67
2021-2022,2015-16,19,01,17,Cooking oil,188.17,190.26,197.19,200.69,220.17,233.42,233.5,238.81,250.86,279.33,279.49,301.59,234.46
2021-2022,2015-16,20,01,18,Vegetable ghee,197.41,200.86,207.28,212.91,236.06,240.29,240.31,246.75,267.27,289.34,289.68,326.94,246.26
2021-2022,2015-16,21,01,19,Dry fruits,137.03,136.9,137.28,138.34,146.16,150.51,151.54,152.61,152.94,152.07,152.1,154.18,146.81
2021-2022,2015-16,22,01,20,Fresh fruits,130.4,120.29,121,122.33,127.67,133.81,139.31,149.51,172.19,208.47,181.5,195.46,150.16
2021-2022,2015-16,23,01,21,Pulse masoor,106.31,106.66,123.41,123.4,127.27,138.27,146.75,148.48,149.15,150.83,159.82,187.66,139
2021-2022,2015-16,24,01,22,Pulse moong,121.52,118.66,113.89,106.9,106.16,109.08,111.13,110.31,109.54,109.53,110.93,111.79,111.62
2021-2022,2015-16,25,01,23,Pulse mash,105.31,105.23,109.24,106.92,107.61,114.69,118.56,118.96,118.85,118.7,121.59,130.21,114.66
2021-2022,2015-16,26,01,24,Pulse gram,128.02,121.39,126.65,123.74,123.58,130.09,134.56,138.43,138.31,139.02,141.23,161.05,133.84
2021-2022,2015-16,27,01,25,Gram whohe,129.39,129.2,136.93,138.63,141.09,147.73,154.81,157.26,160.58,169.68,181.02,205.67,154.33
2021-2022,2015-16,28,01,26,Beans,160.39,168.55,174.2,176.82,177.45,179.31,180.91,179.97,181.26,183.16,181.45,194.67,178.18
2021-2022,2015-16,29,01,27,Potatoes,202.33,206.06,200.66,225.08,244.99,196.57,170.39,153.89,148.23,150.35,149.75,201.59,187.49
2021-2022,2015-16,30,01,28,Onions,107.06,106.28,140.81,122.93,113.13,92.99,92.43,84.29,90.2,128.83,175.43,178.5,119.41
2021-2022,2015-16,31,01,29,Tomatoes,154.8,182.42,147.95,148.53,344.06,172.94,98.79,288.19,182.91,277.17,172.59,188.17,196.54
2021-2022,2015-16,32,01,30,Fresh vegetables,133.99,150.76,156.72,180.64,199.47,148.15,145.71,161.29,160.82,183.99,155.92,150.4,160.66
2021-2022,2015-16,33,01,31,Sugar,166.5,168.77,173.9,160.47,162.77,147.76,148.7,142.81,141.36,140.37,137.49,140.58,152.62
2021-2022,2015-16,34,01,32,Gur,151.65,153.52,156.29,160.48,164.5,162.39,162.29,162.6,160.81,158.84,154.87,155.81,158.67
2021-2022,2015-16,35,01,33,Honey,131.84,131.84,137.01,139.57,147.4,151.26,155.88,156.03,156.08,156.31,156.31,156.46,148
2021-2022,2015-16,36,01,34,Sweetmeat,156.04,156.91,157.45,165.2,174.52,180.22,182.68,183.39,186.04,186.64,190.83,197.31,176.44
2021-2022,2015-16,37,01,35,Ice cream,146.34,146.41,146.51,146.73,146.86,146.93,146.93,146.93,147.48,147.88,148.05,148.7,147.15
2021-2022,2015-16,38,01,36,Condiments and Spices,222.03,215.92,216.14,207.82,207.85,208.31,192.68,180.21,175.93,176.74,173.95,172.79,195.86
2021-2022,2015-16,39,01,37,Dessert preparation,133.21,133.21,133.27,133.28,133.28,133.41,134.51,139.72,140.8,141.58,145.38,151.88,137.79
2021-2022,2015-16,40,01,38,Tea,140.84,140.84,144.75,151.88,152.53,152.8,152.87,155.49,158.48,158.76,158.99,159.11,152.28
2021-2022,2015-16,41,01,39,Beverages,131.44,131.92,133.86,134.6,135.37,135.42,135.43,138.19,140.01,140.58,142.94,148.52,137.36
2021-2022,2015-16,42,02,00,"Alcoholic Beverages, Tobacco",153.94,153.94,154.23,154.56,155.04,155.24,155.25,155.56,155.67,160.86,168.24,182.04,158.71
2021-2022,2015-16,43,02,40,Cigarettes,141.09,141.09,141.09,141.09,141.09,141.09,141.09,141.09,141.09,147.28,154.18,167.05,144.86
2021-2022,2015-16,44,02,41,Pan prepared,221,221,222.8,224.89,227.85,229.08,229.15,231.1,231.75,231.75,241.63,260.32,231.03
2021-2022,2015-16,45,03,00,Clothing and footwear,146.78,146.97,147.12,147.74,149.65,153.96,155.09,157.08,158.48,161.57,162.38,167.25,154.51
2021-2022,2015-16,46,03,42,Cotton cloth,150.39,150.56,150.57,150.63,154.61,156.54,157.39,163.16,165.48,168.87,169.04,173.84,159.26
2021-2022,2015-16,47,03,43,Woolen cloth,141.25,141.67,142.33,142.62,143.93,148.7,148.89,149.07,153.75,154.28,154.44,157.31,148.19
2021-2022,2015-16,48,03,44,Readymade garments,139.34,139.41,139.71,143.12,143.97,144.88,145.32,146.03,146.41,148.41,150.3,151.09,144.83
2021-2022,2015-16,49,03,45,Woolen readymade garments,142.21,142.21,142.21,142.27,143.59,149.45,159.42,159.54,159.54,159.54,159.54,159.54,151.59
2021-2022,2015-16,50,03,46,Tailoring,152.45,153.06,153.06,153.06,154.21,155.1,155.42,155.59,156.47,166.44,168.69,170.63,157.85
2021-2022,2015-16,51,03,47,Hosiry,144.55,144.77,145.1,145.3,146.54,148.02,150.87,153.93,154.65,161.47,161.93,163.86,151.75
2021-2022,2015-16,52,03,48,Dopatta,129.93,129.93,130.01,130.05,131.01,131.81,133.66,134.42,136.27,139.66,140.55,141.2,134.04
2021-2022,2015-16,53,03,49,Cleaning and laundring,148.59,148.59,148.68,148.8,172.85,176.42,179.22,181.31,182.58,182.94,188.9,193.44,171.03
2021-2022,2015-16,54,03,50,Footware,150.78,150.78,150.81,150.81,150.92,164.83,164.88,165.07,165.08,165.1,165.34,179.93,160.36
2021-2022,2015-16,55,04,00,"Housing, water, Elec., Gas and other fuels",143,143.73,145.99,149.31,152.28,156.18,157.06,154.52,151.06,150.11,146.71,157.02,150.58
2021-2022,2015-16,56,04,51,House rent,140.07,140.07,140.07,142.06,142.06,142.06,144.19,144.19,144.19,145.8,145.8,145.8,143.03
2021-2022,2015-16,57,04,52,Construcion input items,157.03,158.57,159.3,160.32,163.51,165.26,165.13,165.69,169,172.11,173.48,182.61,166
2021-2022,2015-16,58,04,53,Construction wage rates,157.85,157.88,158.01,163.87,164.77,165.44,165.66,166.27,166.59,169.46,170.65,174.25,165.06
2021-2022,2015-16,59,04,54,Water supply,158.84,162.68,162.68,162.68,162.68,163,163.51,163.51,164.74,165.01,166.58,166.58,163.54
2021-2022,2015-16,60,04,55,Garbage collection,174.58,175.57,177.21,177.21,177.79,179.94,181.75,182.71,182.71,183.11,196.32,197.91,182.23
2021-2022,2015-16,61,04,56,Electricity charges,131.51,131.62,146.62,154.66,167.52,191.32,186.5,172.03,148.98,137.3,116.08,176.21,155.03
2021-2022,2015-16,62,04,57,Gas charges,216.94,216.94,216.94,216.94,216.94,216.94,216.94,216.94,216.94,216.94,216.94,216.94,216.94
2021-2022,2015-16,63,04,58,Liquified Hydrocarbons,179.02,211.66,196.38,222.3,258.57,247.74,250.94,243.01,261.95,252.12,255.45,255.6,236.23
2021-2022,2015-16,64,04,59,Solid Fuel,120.73,120.79,120.78,121.03,125.4,128.41,135.04,137.15,137.02,135.65,135.73,136.86,129.55
2021-2022,2015-16,66,05,60,Furniture and furnishing,143.57,144.24,144.91,145.12,147.02,148.91,149.88,150.38,154.19,155.65,159.48,162.78,150.51
2021-2022,2015-16,67,05,61,Carpets,113.24,113.69,113.92,113.97,118.08,121.31,121.35,121.67,121.86,121.93,122.02,125.72,119.06
2021-2022,2015-16,68,05,62,Household textiles,135.54,135.54,135.57,136.05,137.22,139.57,140.23,141.86,142.76,142.81,143.16,144.9,139.6
2021-2022,2015-16,69,05,63,Household equipments,145.78,146.49,147.6,148.64,149.76,152.32,152.64,153.72,156.11,162.17,165.49,169.74,154.21
2021-2022,2015-16,70,05,64,Plastic products,125.7,126.43,131.04,131.53,132.29,133.03,134.17,134.53,135.42,136.1,142.57,148.09,134.24
2021-2022,2015-16,71,05,65,Major tools & equipments,138.67,138.91,138.91,139.53,140.06,147.86,149.89,151.49,152.12,158.97,162.15,167.93,148.87
2021-2022,2015-16,72,05,66,Washing soap/detergents/match box,145.93,146.73,148.76,150.11,153.47,157.75,160.05,163.58,165.23,167.48,171.15,177.65,158.99
2021-2022,2015-16,73,05,67,Household servant,135.61,135.87,136.1,136.95,138.23,138.35,139.87,147.16,147.34,147.88,150.52,152.26,142.18
2021-2022,2015-16,74,06,00,Health,155,155.91,156.84,157.83,159.57,162.05,162.93,165.61,167.16,168.5,169.14,171.46,162.67
2021-2022,2015-16,75,06,68,Drugs and medicines,154.71,155.75,156.28,158.13,160.71,163.73,164.68,166.91,169.37,170.76,171.9,173.82,163.9
2021-2022,2015-16,76,06,69,Therapeutic Appliances and Equipme,116.66,116.67,116.78,116.9,118.41,119.84,120.14,122.47,122.87,122.88,122.89,123.13,119.97
2021-2022,2015-16,77,06,70,Doctor (MBBS) clinic fee,192.56,193.89,195.83,196.06,198.64,202.1,203.2,206.4,207.52,209.76,210.21,213.15,202.44
2021-2022,2015-16,78,06,71,Dental services,128.98,128.98,128.98,129.11,129.62,130.59,130.63,135.2,135.34,136.13,136.79,138.06,132.37
2021-2022,2015-16,79,06,72,Medical tests,134.74,134.84,134.86,135.39,136.06,137.3,138.48,142.66,142.89,145.8,146.03,149.22,139.86
2021-2022,2015-16,80,06,73,Hospitals services,138.5,139.23,140.61,140.75,140.8,142.18,142.65,145.15,145.87,145.87,145.92,148.22,142.98
2021-2022,2015-16,81,07,00,Transport,150.24,151.29,153.57,161.7,172.43,174.72,175.48,181.41,182.29,183.31,188.65,233.01,175.68
2021-2022,2015-16,82,07,74,Motor vehicles,151.83,152.56,152.69,154.29,162.77,163.8,163.9,166.83,169.77,178.98,184.89,186.84,165.76
2021-2022,2015-16,83,07,75,Motor vehicle accessories,142.81,144.34,145.7,149.72,153.36,156.28,157.22,159.72,161.89,162.49,165.75,173.04,156.03
2021-2022,2015-16,84,07,76,Motor fuel,164.41,169.01,171.84,186.71,202.4,202.14,205.68,214.41,210.22,210.42,217.13,297.76,204.34
2021-2022,2015-16,85,07,77,Mechanical services,138.01,139,139.13,140.01,146.82,147.77,149.7,153.7,154.9,156.5,158.26,160,148.65
2021-2022,2015-16,86,07,78,Motor vehicle tax,136.37,136.37,136.37,136.37,136.37,136.37,136.37,136.37,136.37,136.37,136.37,136.37,136.37
2021-2022,2015-16,87,07,79,Transport services,130.13,125.41,128.45,130.85,136.4,143.85,139.99,143.67,151.85,150.38,154.43,173.86,142.44
2021-2022,2015-16,88,08,00,Communication,112.29,112.3,112.32,112.42,112.42,112.43,112.55,112.56,112.57,112.58,112.82,113.09,112.53
2021-2022,2015-16,89,08,80,Postal services,163.41,163.41,163.41,163.41,163.41,163.41,164.62,164.62,164.62,164.62,164.62,184.35,165.66
2021-2022,2015-16,90,08,81,Communication apparatus,128.14,128.2,128.31,128.79,128.79,128.86,129.41,129.48,129.54,129.57,130.82,131.43,129.28
2021-2022,2015-16,91,08,82,Communication Services,107.97,107.97,107.97,107.97,107.97,107.97,107.97,107.97,107.97,107.97,107.97,107.97,107.97
2021-2022,2015-16,92,09,00,Recreation and culture,125.24,125.93,127.58,129.48,129.92,130.62,130.97,131.23,132.47,132.71,136.64,140.84,131.14
2021-2022,2015-16,93,09,83,Recreation and culture,114.76,115.15,115.18,115.38,115.88,117.36,117.37,117.46,118.21,118.24,119.49,123.4,117.32
2021-2022,2015-16,94,09,84,Text books,127.71,128.89,132.99,133.65,134.04,134.04,134.04,134.06,135.16,135.67,137.89,137.89,133.84
2021-2022,2015-16,95,09,85,Newspapers,151.55,151.55,151.55,151.55,151.55,151.55,151.55,151.55,151.55,151.55,156.62,157.93,152.5
2021-2022,2015-16,96,09,86,stationery,134.68,135.16,135.48,143.31,143.83,144.58,146.28,147.38,150.07,150.25,162.27,175.73,147.42
2021-2022,2015-16,97,10,00,Education,147.13,148.72,148.76,148.99,149.34,150.01,150.69,150.87,159.39,160.26,161.96,162.1,153.19
2021-2022,2015-16,98,10,87,Education,147.13,148.72,148.76,148.99,149.34,150.01,150.69,150.87,159.39,160.26,161.96,162.1,153.19
2021-2022,2015-16,99,11,00,Restaurants and hotels,143.31,143.47,145.51,146.92,152.1,155.66,156.62,159.82,160.94,161.24,162.26,173.02,155.07
2021-2022,2015-16,100,11,88,Readymade food,145.7,145.92,148.51,150.35,153.74,156.96,158.16,161.98,163.34,163.75,165.1,175.9,157.45
2021-2022,2015-16,101,11,89,Marriage Hall Charges,137.97,137.97,138.12,138.27,149.46,154.31,154.59,156.03,156.2,156.21,156.23,167.64,150.25
2021-2022,2015-16,102,11,90,Accommodation Services,113.3,113.3,117.69,117.75,118.21,118.71,118.71,118.79,122.69,122.69,122.77,122.86,118.96
2021-2022,2015-16,103,12,00,Misc. goods and services,153.38,154.1,156.29,157.79,160.41,161.4,162.52,164.52,167.48,168.57,170.38,176.62,162.79
2021-2022,2015-16,104,12,91,Personal Grooming Services,138.39,138.99,140.52,140.72,143.51,144.86,144.92,151.34,152.27,152.74,153.18,158.05,146.62
2021-2022,2015-16,105,12,92,Electrical Appliances for Personal,118.5,119.66,119.8,120.1,120.76,130.12,130.92,131.65,132.18,133.85,134.54,135.58,127.31
2021-2022,2015-16,106,12,93,Appliances/Articles/Products for P,144.24,145.68,147.2,148.63,149.52,150.4,151.09,152.39,154.47,155.48,157.63,164.14,151.74
2021-2022,2015-16,107,12,94,Personal Effects n.e.c.,196.65,195.18,200.13,203,211.02,211.64,215.02,215.56,223.16,224.96,226.92,233.75,213.08
2022-2023,2015-16,1,00,00,General,180.95,185.72,181.9,190.08,190.8,191.46,195.97,204.87,212.85,217.11,220.37,220.59,199.39
2022-2023,2015-16,2,01,00,Food and non-alcoholic Beverages,193.75,196.59,207.23,217.09,216.54,215.98,224.73,234.18,244.66,254.53,258.05,257.65,226.75
2022-2023,2015-16,3,01,01,Wheat,220.25,222.98,257.21,258.9,257.3,281.61,328,317.24,343.55,358.9,350.67,330.12,293.89
2022-2023,2015-16,4,01,02,Wheat flour,182.49,183.94,201.8,219.76,217.48,225.45,255.27,245.85,265.12,333.51,354.87,325.87,250.95
2022-2023,2015-16,5,01,03,Wheat products,196.93,202.89,217.8,224.06,228.88,233.24,260.52,268.6,278.52,290.97,303.67,301.3,250.62
2022-2023,2015-16,6,01,04,Besan,172.44,183.65,201.53,205.85,198.64,192.22,195.25,216.68,219.09,214.25,213.68,208.08,201.78
2022-2023,2015-16,7,01,05,Rice,192.5,200.08,205.41,208.61,210.69,223.02,254.59,278.87,288.08,297.83,303.57,316.38,248.3
2022-2023,2015-16,8,01,06,Bakery and confectionary,185.75,187.99,195.92,208.05,212.43,214.99,226.66,231.61,234.47,238.11,243.88,249.35,219.1
2022-2023,2015-16,9,01,07,Nimco,202.38,208.32,217.31,221.93,224.38,226.18,231.04,241.81,246.08,249.51,251.78,258.41,231.59
2022-2023,2015-16,10,01,08,Meat,219.27,221.55,222.99,227.65,228.34,228.87,229.07,233.5,235.41,240.46,251.27,257.54,232.99
2022-2023,2015-16,11,01,09,Chicken,195.81,173.22,195.83,203.63,193.28,203.78,253.96,304.46,293.32,267.99,298.29,318.43,241.83
2022-2023,2015-16,12,01,10,Fish,124.55,124.28,125.68,133.69,143.06,144.28,147.16,151.05,150.96,150.76,149,149,141.12
2022-2023,2015-16,13,01,11,Milk fresh,177.89,181.73,187.11,189.38,190.84,193.72,197.65,202.1,211.2,214.72,218.05,225.78,199.18
2022-2023,2015-16,14,01,12,Milk products,177.39,181.53,188.82,191.38,192.62,195.12,197.96,202.83,212.14,216.39,218.91,228.78,200.32
2022-2023,2015-16,15,01,13,Milk powder,165.6,168.42,178.84,183.07,188.51,191.46,194.99,206.83,208.81,210.29,215.29,218.39,194.21
2022-2023,2015-16,16,01,14,Eggs,225.77,242.76,277.23,275.71,290.44,318.63,332.52,321.62,281.66,309.29,331.24,286.06,291.08
2022-2023,2015-16,17,01,15,Butter,242.5,253.18,276.94,287.66,301.94,302.62,313.58,317.75,318.67,319.13,330.02,330.23,299.52
2022-2023,2015-16,18,01,16,Mustard oil,307.27,307.72,305.22,299.61,300.22,301.52,304.81,336.5,339.69,338.93,335.4,320.45,316.45
2022-2023,2015-16,19,01,17,Cooking oil,324.7,332.3,326.01,317.22,312.38,308.05,306.95,359.78,385.1,376.23,373.99,360.75,340.29
2022-2023,2015-16,20,01,18,Vegetable ghee,343.66,341.11,325.77,324.68,319.04,312.55,308.77,359.98,378.16,366.7,365.87,356.05,341.86
2022-2023,2015-16,21,01,19,Dry fruits,155.76,156.73,157.54,167.06,188.42,205.07,212.76,225.68,226.46,226.68,227.83,229.44,198.29
2022-2023,2015-16,22,01,20,Fresh fruits,181.56,145.28,145.31,161.28,158.1,179.23,188.53,217.05,260.54,287.1,278.02,274.25,206.35
2022-2023,2015-16,23,01,21,Pulse masoor,204.57,228.62,221.57,198.76,176.56,172.3,179.14,189.7,189.33,190.84,193.9,190.59,194.66
2022-2023,2015-16,24,01,22,Pulse moong,114.78,132.31,158.15,160.18,155.3,155.79,162.25,172.56,173.37,172.17,175.04,168.24,158.35
2022-2023,2015-16,25,01,23,Pulse mash,142.88,160.69,170.74,166.08,159,158.59,162.54,179.36,182.46,185.62,192.4,195.21,171.3
2022-2023,2015-16,26,01,24,Pulse gram,183.38,194.53,207.96,204.27,193.02,188.89,194.48,215.94,212.69,206.32,209.69,199.93,200.93
2022-2023,2015-16,27,01,25,Gram whohe,216.7,228.98,238.92,235.39,230.67,226.29,232.94,259.37,265.2,263.94,267.09,264.12,244.13
2022-2023,2015-16,28,01,26,Beans,196.47,202.5,209.01,211.15,213.41,221.54,227.92,246.89,260.3,270.07,277.94,287.33,235.38
2022-2023,2015-16,29,01,27,Potatoes,223.5,234.66,275.56,272.02,311.64,245.17,180.92,188.39,209.6,265.93,311.73,331.99,254.26
2022-2023,2015-16,30,01,28,Onions,202.86,202.51,194.7,323.91,435.4,478.88,525.5,435.56,322.57,195.66,131.18,148.99,299.81
2022-2023,2015-16,31,01,29,Tomatoes,164.72,251.78,337.04,476.29,430.75,198.33,120.96,107.55,121.71,145.23,103.28,132.53,215.85
2022-2023,2015-16,32,01,30,Fresh vegetables,188.21,213.51,261.98,286.83,211.04,158.52,158,180.07,191.27,209.05,186.66,171.02,201.35
2022-2023,2015-16,33,01,31,Sugar,142.35,142.29,140.96,141.47,146.66,151.24,149.93,150.09,168.83,199.52,194,199.12,160.54
2022-2023,2015-16,34,01,32,Gur,157.23,158.19,160.12,161.11,158.52,158.03,157.88,159.56,162.53,171.54,198.53,212.84,168.01
2022-2023,2015-16,35,01,33,Honey,156.51,165.75,165.75,166.25,166.11,167.14,168.16,168.15,171.43,171.79,172.88,172.59,167.71
2022-2023,2015-16,36,01,34,Sweetmeat,199.43,205.41,211.31,215,217.92,218.69,223.02,233.99,238.8,245.08,256.45,261.57,227.22
2022-2023,2015-16,37,01,35,Ice cream,149.17,154.93,165.52,170.61,171.8,171.8,172,172.02,184.05,184.12,192.6,196.37,173.75
2022-2023,2015-16,38,01,36,Condiments and Spices,174.89,178.29,185.67,185.02,187.52,191.55,194.66,205.07,214.94,218.36,223.86,224.7,198.71
2022-2023,2015-16,39,01,37,Dessert preparation,156.22,162.09,176.45,185.52,186.73,197.31,204.1,238.23,243.94,254.62,262.58,262.43,210.85
2022-2023,2015-16,40,01,38,Tea,173.4,175.86,196.24,215.51,247.38,250.3,252.3,253.13,325.18,331.42,337.35,339.05,258.09
2022-2023,2015-16,41,01,39,Beverages,150.57,154.76,157.93,159.35,160.01,163.66,164.09,171.38,191.53,196.24,198.62,205.21,172.78
2022-2023,2015-16,42,02,00,"Alcoholic Beverages, Tobacco",187.28,193.6,206.74,209.33,212.67,213.06,213.22,240.99,374.9,375.93,377.76,377.89,265.28
2022-2023,2015-16,43,02,40,Cigarettes,171.44,176.54,191.04,193.39,193.73,194.04,194.23,224.61,382.6,382.76,382.88,382.88,255.85
2022-2023,2015-16,44,02,41,Pan prepared,269.99,282.61,288.67,292.57,311.54,312.34,312.34,326.48,334.7,340.26,351.01,351.8,314.53
2022-2023,2015-16,45,03,00,Clothing and footwear,168.85,174.62,174.86,176.6,178.94,180.13,181.13,183.44,194.04,196.25,197,199.16,183.75
2022-2023,2015-16,46,03,42,Cotton cloth,177.68,185.98,186.23,187.02,189,189.97,190.01,193.87,219.65,221.99,222.33,223.29,198.92
2022-2023,2015-16,47,03,43,Woolen cloth,160.08,162.06,162.27,172.25,174.44,177.98,178.41,178.63,189.24,191.5,191.79,194.69,177.78
2022-2023,2015-16,48,03,44,Readymade garments,151.4,163.28,163.56,165.44,166.13,166.58,167.42,167.73,175.47,176.32,177.02,183.66,168.67
2022-2023,2015-16,49,03,45,Woolen readymade garments,159.54,159.54,159.54,159.7,180,185.5,186.86,186.87,186.87,186.87,186.87,186.87,177.09
2022-2023,2015-16,50,03,46,Tailoring,171.38,179.26,179.69,180.27,181.39,182.15,184.55,192.29,194.5,201.76,201.97,203.12,187.69
2022-2023,2015-16,51,03,47,Hosiry,165.12,165.33,165.56,166.35,168.45,169.37,176.03,176.79,188.24,189.95,190.77,193.58,176.3
2022-2023,2015-16,52,03,48,Dopatta,141.78,145.46,147.1,147.84,151.31,152.57,152.87,153.39,160.22,164.14,164.43,167.18,154.02
2022-2023,2015-16,53,03,49,Cleaning and laundring,193.74,206.78,206.85,208.12,209.23,209.85,213.26,222.48,224.07,227.36,233.19,238.6,216.13
2022-2023,2015-16,54,03,50,Footware,179.97,180.24,180.26,180.32,180.41,180.41,180.61,180.66,180.76,180.87,182.93,183.45,180.91
2022-2023,2015-16,55,04,00,"Housing, water, Elec., Gas and other fuels",170.45,179.33,147.5,163.5,163.42,162.56,164.86,171.88,173.72,171.9,173.07,172.95,167.93
2022-2023,2015-16,56,04,51,House rent,147.94,147.94,147.94,149.54,149.54,149.54,152.02,152.02,152.02,153.59,153.59,153.59,150.77
2022-2023,2015-16,57,04,52,Construcion input items,188.42,202.61,206.07,211.67,212.59,215.81,217.5,229.49,232.51,236.18,239.53,247.65,220
2022-2023,2015-16,58,04,53,Construction wage rates,177.08,183.05,184.17,184.71,185.82,188.1,189.25,190.86,198.02,200.38,200.95,203.67,190.51
2022-2023,2015-16,59,04,54,Water supply,166.58,166.58,170.32,170.32,171.56,171.56,171.56,171.98,172.57,172.8,175.39,175.39,171.38
2022-2023,2015-16,60,04,55,Garbage collection,200.69,207.57,207.57,207.57,207.57,207.65,207.65,208.44,209.09,209.09,209.09,209.67,207.64
2022-2023,2015-16,61,04,56,Electricity charges,245.55,294,101.93,193.25,192.6,186.17,187.78,184.78,196.25,179.64,184.89,190.25,194.76
2022-2023,2015-16,62,04,57,Gas charges,216.94,216.94,216.94,216.94,216.94,216.94,216.94,353.22,353.22,353.22,353.22,353.22,273.72
2022-2023,2015-16,63,04,58,Liquified Hydrocarbons,260.68,282.91,300.85,266.63,258.48,258.74,266,360.56,348.85,337.57,347.85,285.62,297.9
2022-2023,2015-16,64,04,59,Solid Fuel,137.45,138.87,143.8,146.3,154.89,165.16,170.49,177.82,178.96,179.01,178.94,179.02,162.56
2022-2023,2015-16,65,05,00,Furnishing and household equipment maintenance,168.11,171.9,179.01,184.97,189.7,194.05,196.16,206.59,217.4,222.82,229.36,233.01,199.42
2022-2023,2015-16,66,05,60,Furniture and furnishing,164.9,168.75,172.49,177.89,181.23,182.82,185.41,193.32,199.22,201.34,205.25,207.75,186.7
2022-2023,2015-16,67,05,61,Carpets,125.99,128.62,129.13,129.24,131.62,131.78,132.62,134.27,140.05,142.18,143.3,143.94,134.4
2022-2023,2015-16,68,05,62,Household textiles,145.37,145.55,145.97,150.38,158.69,160.06,160.64,161.42,166.48,167.72,168.2,168.3,158.23
2022-2023,2015-16,69,05,63,Household equipments,171.13,173.47,176.98,180.45,182.62,183.32,184.43,200.41,221.57,228.57,234.55,237.3,197.9
2022-2023,2015-16,70,05,64,Plastic products,150.17,150.67,158.42,158.76,160.98,161.78,162.95,169.88,174.77,177.73,183.41,188.52,166.5
2022-2023,2015-16,71,05,65,Major tools & equipments,169.47,170.05,171.69,173.63,174.41,174.6,179.46,188.8,204.25,206.53,208.4,208.84,185.84
2022-2023,2015-16,72,05,66,Washing soap/detergents/match box,182.01,189.07,204.77,212.39,220.1,231.34,235.26,248.04,259.69,268.66,280.18,287.72,234.94
2022-2023,2015-16,73,05,67,Household servant,153.66,155.26,156.64,164.49,166.65,166.66,167.21,172.54,174.47,175.54,178.34,178.35,167.48
2022-2023,2015-16,74,06,00,Health,171.68,174.36,176.15,179.22,182,183.92,190.17,196.23,197.03,200.69,201.87,203.22,188.05
2022-2023,2015-16,75,06,68,Drugs and medicines,174.21,174.89,177.38,181.83,185.64,188.95,196.61,204.5,203.87,207.6,209.39,210.24,192.93
2022-2023,2015-16,76,06,69,Therapeutic Appliances and Equipme,123.13,123.38,123.95,124.75,126.97,127.06,127.13,127.9,128.98,132.06,132.07,132.81,127.52
2022-2023,2015-16,77,06,70,Doctor (MBBS) clinic fee,213.19,225.85,226.5,229.62,232.48,232.94,248.16,252.15,254.96,254.96,256.28,258.55,240.47
2022-2023,2015-16,78,06,71,Dental services,138.06,144.65,145.05,145.8,146.92,148.34,148.94,150.8,153.74,153.74,154.48,155.77,148.86
2022-2023,2015-16,79,06,72,Medical tests,149.45,149.69,154.26,156.42,157.3,159.82,159.91,168.2,170.22,170.59,171.1,173.33,161.69
2022-2023,2015-16,80,06,73,Hospitals services,148.22,148.56,148.75,149.66,151.29,151.42,151.47,154.82,156.31,163.91,164.09,165.42,154.49
2022-2023,2015-16,81,07,00,Transport,246.08,245.69,250.71,245.33,245.03,243.22,242.19,271.89,281.79,285.69,285.67,279.52,260.23
2022-2023,2015-16,82,07,74,Motor vehicles,188.32,211.09,205.96,207.19,208.62,208.82,209.85,231.51,247.09,253.28,255.16,255.24,223.51
2022-2023,2015-16,83,07,75,Motor vehicle accessories,174.77,183.85,193.44,196.59,201.64,202.17,203.23,218.88,226.07,231.65,240.59,241.29,209.51
2022-2023,2015-16,84,07,76,Motor fuel,319.65,311.34,321.28,307.71,307.69,302.09,300.29,349.92,360.75,369.15,368.91,352.95,330.98
2022-2023,2015-16,85,07,77,Mechanical services,162.87,166.83,170.3,173.59,175.94,176.37,182.74,185.22,192.33,195.66,197.39,201.53,181.73
2022-2023,2015-16,86,07,78,Motor vehicle tax,136.37,148.53,148.53,148.53,148.53,148.53,148.53,148.53,148.53,148.53,148.53,148.53,147.52
2022-2023,2015-16,87,07,79,Transport services,181.74,181.33,182.9,184.85,182,184.73,181.95,191.27,198.25,193.65,191.69,195.54,187.49
2022-2023,2015-16,88,08,00,Communication,113.57,113.61,113.68,114.37,114.4,114.49,114.53,117.76,122.1,122.29,123,123.07,117.24
2022-2023,2015-16,89,08,80,Postal services,184.35,184.35,185.49,185.94,185.94,186.05,186.05,189.66,190.07,190.07,190.16,196.15,187.86
2022-2023,2015-16,90,08,81,Communication apparatus,131.57,131.76,132.07,135.64,135.8,136.25,136.48,153.13,175.72,176.67,180.39,180.49,150.5
2022-2023,2015-16,91,08,82,Communication Services,108.53,108.53,108.53,108.53,108.53,108.53,108.53,108.53,108.53,108.53,108.53,108.53,108.53
2022-2023,2015-16,92,09,00,Recreation and culture,142.58,151.58,154.54,157.14,158.91,180.24,188.05,194.76,200.57,223.56,234.43,235.57,185.16
2022-2023,2015-16,93,09,83,Recreation and culture,123.92,124.75,125.13,126.27,130.23,131.77,134.01,136.14,143.02,144.24,144.68,145.01,134.1
2022-2023,2015-16,94,09,84,Text books,138.87,154.61,155.85,161.2,161.51,213.39,229.6,233.44,235.21,280.61,295.06,295.06,212.87
2022-2023,2015-16,95,09,85,Newspapers,157.93,157.93,157.93,157.93,157.93,157.93,157.93,157.93,157.93,157.93,209.69,209.69,166.56
2022-2023,2015-16,96,09,86,stationery,181.56,194.79,206.5,207.08,207.93,211.9,215.58,237.83,250.61,276.05,291.08,296.16,231.42
2022-2023,2015-16,97,10,00,Education,162.6,163.68,163.69,165.49,165.87,166.24,166.36,166.56,168.64,169.92,171.25,171.65,166.83
2022-2023,2015-16,98,10,87,Education,162.6,163.68,163.69,165.49,165.87,166.24,166.36,166.56,168.64,169.92,171.25,171.65,166.83
2022-2023,2015-16,99,11,00,Restaurants and hotels,178.75,182.8,187.9,193.58,196.97,200.18,207.39,216.08,225.06,226.36,237.02,240.11,207.68
2022-2023,2015-16,100,11,88,Readymade food,183.51,187.83,194.55,201.99,204.81,208.15,216.26,224.6,233.21,234.65,247.97,251.6,215.76
2022-2023,2015-16,101,11,89,Marriage Hall Charges,167.88,171.31,171.68,172.17,177.52,180.51,185.4,195.81,206.64,207.58,208.46,210.03,187.92
2022-2023,2015-16,102,11,90,Accommodation Services,122.86,123.61,123.76,124.74,126.05,126.49,126.49,127.23,127.26,127.33,156.41,157.13,130.78
2022-2023,2015-16,103,12,00,Misc. goods and services,179.12,185.12,192.34,195.11,198.51,203.2,209.39,219.3,224.93,234.41,243.64,246.46,210.96
2022-2023,2015-16,104,12,91,Personal Grooming Services,163.58,167.61,179.15,184.03,185.8,186.99,190.79,198.41,199.48,201.45,210.57,212.97,190.07
2022-2023,2015-16,105,12,92,Electrical Appliances for Personal,137.58,139.54,140.61,143.08,143.67,144.36,145.52,146.58,149.12,150.64,154.09,154.5,145.77
2022-2023,2015-16,106,12,93,Appliances/Articles/Products for P,167.02,174.2,179.75,184.04,185.91,189.12,191.37,200.88,207.49,215.6,220.85,227.2,195.29
2022-2023,2015-16,107,12,94,Personal Effects n.e.c.,232.52,236.64,245.79,241.97,251.72,264.28,285.15,298.7,305.23,325.77,347.98,340.13,281.32
2023-2024,2015-16,1,00,00,General,228.47,232.12,235.99,238.51,248.87,250.68,255.22,255.82,259.47,259.24,251.99,253.44,247.49
2023-2024,2015-16,2,01,00,Food and non-alcoholic Beverages,268.74,269.77,273.95,275.74,278.07,275.22,284.23,278.76,286.46,281.53,260.78,262.18,274.62
2023-2024,2015-16,3,01,01,Wheat,366.9,366.07,362.58,356.57,355.7,363.38,365.12,364.2,356.85,319.6,248.76,229.07,337.9
2023-2024,2015-16,4,01,02,Wheat flour,369.42,367.3,365.84,359,355.62,358.54,359.34,356.36,351.77,317.77,253.82,231.16,337.16
2023-2024,2015-16,5,01,03,Wheat products,307.14,322.66,324.05,321.48,321.76,324.07,324.65,324.8,325.81,324.39,311.01,286.91,318.23
2023-2024,2015-16,6,01,04,Besan,206.15,208.38,212.42,209.02,201.83,205.71,211.09,216.3,217.59,215.75,216.12,229.97,212.53
2023-2024,2015-16,7,01,05,Rice,325.07,333.77,338.34,338.52,333.57,324.72,327.22,328.7,328.95,329.95,321.96,308.6,328.28
2023-2024,2015-16,8,01,06,Bakery and confectionary,252.51,256.8,263,265.29,265.86,266.15,267.75,268.56,266.52,269.28,269.7,262.89,264.53
2023-2024,2015-16,9,01,07,Nimco,263.1,267.22,274.82,278.61,278.74,278.99,281.34,281.92,285.1,285.51,287.01,285.08,278.95
2023-2024,2015-16,10,01,08,Meat,259.29,262.96,265.01,267.24,268.2,268.73,273.76,277.13,288.2,293.8,305.73,308.21,278.19
2023-2024,2015-16,11,01,09,Chicken,309.64,290.25,255.94,255.61,249.02,238.56,313.57,312.3,295.01,358.08,231.76,251.04,280.07
2023-2024,2015-16,12,01,10,Fish,149.19,151.36,151.57,156.12,168.22,173.56,183.05,188.79,188.89,193.59,193.16,194.26,174.31
2023-2024,2015-16,13,01,11,Milk fresh,231.26,234.88,239.65,235.5,235.88,235.89,236.06,236.22,236.51,236.75,238.18,242.46,236.6
2023-2024,2015-16,14,01,12,Milk products,235.52,238.7,243.89,244.69,244.64,243.98,244.09,244.44,244.77,245.12,245.58,251.67,243.92
2023-2024,2015-16,15,01,13,Milk powder,230.45,243.18,249.53,250.11,250.5,251.17,251.56,251.65,251.64,255,256.2,256.69,249.81
2023-2024,2015-16,16,01,14,Eggs,287.81,334.61,339.37,359.89,385.64,403.9,473.47,320.66,311.74,298.32,303.09,287.57,342.17
2023-2024,2015-16,17,01,15,Butter,340.17,346.39,346.57,346.57,347.56,347.56,349.75,350.46,352.02,352.02,352.02,374.05,350.43
2023-2024,2015-16,18,01,16,Mustard oil,311.4,302.99,306.11,298.99,289.25,288.93,288.42,288.39,286.1,286.71,284.62,282.3,292.85
2023-2024,2015-16,19,01,17,Cooking oil,359.18,343.76,338.52,333.32,320.98,316.01,311.76,308.68,298.11,297.74,301.49,301.35,319.24
2023-2024,2015-16,20,01,18,Vegetable ghee,342.49,333.36,330.72,325.39,317.46,308.9,305.54,304.5,302.05,301.62,305.45,305.3,315.23
2023-2024,2015-16,21,01,19,Dry fruits,231.54,233.22,234.98,237.28,256.04,269.25,280.41,282.08,281.9,281.11,279.24,279.9,262.25
2023-2024,2015-16,22,01,20,Fresh fruits,225.17,169.56,177.13,188.62,188.06,184.95,191.69,204.85,249.72,247.35,227.41,237.93,207.7
2023-2024,2015-16,23,01,21,Pulse masoor,188.78,191.4,229.3,225.66,216.98,227.94,229.26,229.45,230.68,228.37,222.63,217.53,219.83
2023-2024,2015-16,24,01,22,Pulse moong,165.08,168.81,178.11,174.45,172.22,175.69,181.42,185.33,188.95,188.73,187.79,188.78,179.61
2023-2024,2015-16,25,01,23,Pulse mash,201.54,212.75,232.87,232.01,225.24,227.89,230.33,231.11,231.75,232.62,235.09,242.69,227.99
2023-2024,2015-16,26,01,24,Pulse gram,194.78,199.1,204.88,197.27,189.21,196.26,211.23,214.36,214.7,212.24,213.32,234.99,206.86
2023-2024,2015-16,27,01,25,Gram whohe,263.83,266.89,269.24,266.88,255.35,253.41,256.28,259.23,264.2,262.91,264.57,272.34,262.93
2023-2024,2015-16,28,01,26,Beans,289.79,304.47,326.2,331.12,330.76,339.57,347.47,349.03,350.16,350.12,363.8,369.74,337.69
2023-2024,2015-16,29,01,27,Potatoes,359.07,374.78,370.77,384.57,441.96,359.8,244.33,230.58,285.11,291.65,334.62,356.98,336.19
2023-2024,2015-16,30,01,28,Onions,145.69,138.77,193.34,268.19,301.22,394.09,503.91,463.69,593.72,501.2,244.84,295.59,337.02
2023-2024,2015-16,31,01,29,Tomatoes,176.86,310.12,267.31,259,415.49,239.9,307.74,230.75,351.06,329.19,160.56,223.12,272.59
2023-2024,2015-16,32,01,30,Fresh vegetables,235.4,194.96,217.91,256.56,268.02,262.21,283.99,263.32,297.07,261.47,241.27,236.14,251.53
2023-2024,2015-16,33,01,31,Sugar,222.7,242.8,267.76,240.36,219.86,225.35,231.86,230.28,231.78,229.56,230.91,229.96,233.6
2023-2024,2015-16,34,01,32,Gur,227.3,254.61,270.57,265.49,237.78,229.48,236.39,233.76,234.11,233.27,233.16,235.3,240.94
2023-2024,2015-16,35,01,33,Honey,173,173.05,173.05,173.14,174.32,174.47,176.68,182.3,182.53,182.34,183.04,183.14,177.59
2023-2024,2015-16,36,01,34,Sweetmeat,262.03,276.02,283.88,285.1,285.9,287.4,289.73,290.28,293.74,296.77,298.24,298.24,287.28
2023-2024,2015-16,37,01,35,Ice cream,196.57,196.84,198.04,199.28,198.48,198.48,198.48,198.48,198.48,198.51,198.48,198.73,198.24
2023-2024,2015-16,38,01,36,Condiments and Spices,266.94,312.26,331.92,341.44,314.36,309.81,315.19,318.53,320.44,319.47,311.54,319.33,315.1
2023-2024,2015-16,39,01,37,Dessert preparation,262.71,263.17,263.25,263.33,263.38,263.38,264.27,264.44,264.44,264.44,264.41,264.46,263.81
2023-2024,2015-16,40,01,38,Tea,342.05,342.05,339.55,333.87,377.09,344.84,361.83,333.34,333.43,332.73,332.73,332.73,342.19
2023-2024,2015-16,41,01,39,Beverages,213.44,226.62,230.27,232.51,234.43,234.84,238.57,240.37,244.57,244.51,245.4,244.98,235.88
2023-2024,2015-16,42,02,00,"Alcoholic Beverages, Tobacco",379.48,380.5,382.08,382.4,382.32,385.43,385.76,386.05,386.2,386.36,387.13,401.92,385.47
2023-2024,2015-16,43,02,40,Cigarettes,383.1,383.94,384.15,384.17,384.07,384.62,384.62,384.62,384.62,384.67,384.73,402.22,385.79
2023-2024,2015-16,44,02,41,Pan prepared,360.53,362.55,371.28,373.16,373.16,389.61,391.7,393.51,394.44,395.17,399.64,400.36,383.76
2023-2024,2015-16,45,03,00,Clothing and footwear,200.25,202.6,205.7,207.5,211.64,212.48,213.55,214.12,216.67,230.79,231.28,233.53,215.01
2023-2024,2015-16,46,03,42,Cotton cloth,224.29,225.25,234.02,236.67,244.87,245.08,245.13,246.53,248.8,273.04,273.95,275.45,247.76
2023-2024,2015-16,47,03,43,Woolen cloth,199.25,199.67,200.05,203.84,210.63,212.27,213.22,213.45,215.69,223.94,224.02,224.68,211.73
2023-2024,2015-16,48,03,44,Readymade garments,184.21,191.32,192.62,193.28,193.7,193.76,193.86,194.06,198.36,200.11,200.77,202.2,194.85
2023-2024,2015-16,49,03,45,Woolen readymade garments,186.87,187.07,187.07,191.48,207.1,215.42,230.16,230.65,230.68,230.68,230.68,230.68,213.21
2023-2024,2015-16,50,03,46,Tailoring,203.45,203.96,206.11,207.64,208.48,208.52,208.77,209.18,215.73,216.57,216.81,226.76,211
2023-2024,2015-16,51,03,47,Hosiry,195.3,198.09,199.47,200.93,202.42,203.89,205.32,205.69,206.99,207.84,208.93,211.97,203.9
2023-2024,2015-16,52,03,48,Dopatta,169.31,170.38,171.03,171.49,173.29,176.1,177.25,177.34,178.53,184.94,185.79,187.61,176.92
2023-2024,2015-16,53,03,49,Cleaning and laundring,243.56,245.32,246.86,249.2,249.62,249.82,250.04,252.12,252.5,253.08,253.74,253.83,249.97
2023-2024,2015-16,54,03,50,Footware,183.58,186.92,187.04,187.15,187.22,187.26,187.35,187.36,187.39,219.54,219.57,219.6,195
2023-2024,2015-16,55,04,00,"Housing, water, Elec., Gas and other fuels",186.79,188.75,189.18,194.82,229.11,236.27,241.33,247.13,250.13,246.31,243.36,246.77,225
2023-2024,2015-16,56,04,51,House rent,155.7,155.7,155.7,157.98,157.98,157.98,160.17,160.17,160.17,162.5,162.5,162.5,159.09
2023-2024,2015-16,57,04,52,Construcion input items,254.65,256.4,259.92,257.41,257.8,259.53,258.59,259.04,259.24,258.92,257.56,259.33,258.2
2023-2024,2015-16,58,04,53,Construction wage rates,204.06,208.16,208.9,210.83,210.88,212.02,212.13,212.27,213.53,213.75,213.78,214.4,211.23
2023-2024,2015-16,59,04,54,Water supply,175.56,196.07,196.48,198.12,199.06,199.06,199.06,199.06,199.06,199.06,199.4,199.4,196.62
2023-2024,2015-16,60,04,55,Garbage collection,209.88,232.54,237.56,239.88,240.04,240.04,243.95,243.95,246.85,247.08,247.08,249.68,239.88
2023-2024,2015-16,61,04,56,Electricity charges,266.13,269.77,268.81,291.1,259.91,300.86,320.26,323.15,339.66,307.4,293.57,317.36,296.5
2023-2024,2015-16,62,04,57,Gas charges,353.22,353.22,353.22,353.22,1344.19,1344.19,1344.19,1479.08,1479.08,1479.08,1479.08,1479.08,1070.07
2023-2024,2015-16,63,04,58,Liquified Hydrocarbons,255.87,293.34,320.41,332.8,322.36,330.95,339.32,333.6,343.26,341.19,308.96,275.54,316.47
2023-2024,2015-16,64,04,59,Solid Fuel,179.19,185.07,185.35,185.98,192.53,197.2,201.02,202.61,203.06,203.67,202.86,202.07,195.05
2023-2024,2015-16,65,05,00,Furnishing and household equipment maintenance,237.21,243,246.47,248.56,250.25,252.29,253.34,255.2,256.37,257.23,257.55,258.39,251.32
2023-2024,2015-16,66,05,60,Furniture and furnishing,209.14,216.34,219.12,223.42,225.26,234.17,237.67,241.9,243.45,243.67,244.56,245.76,232.04
2023-2024,2015-16,67,05,61,Carpets,144.9,145.08,145.88,146,146.55,147.23,147.94,148.03,148.03,148.08,148.38,148.42,147.04
2023-2024,2015-16,68,05,62,Household textiles,168.76,169.11,169.55,172.37,176.86,180.4,182.37,182.52,182.73,183.22,183.6,184.36,177.99
2023-2024,2015-16,69,05,63,Household equipments,240.39,243.38,245.76,247.68,248.41,249.94,250.74,251.31,251.94,253.43,253.08,253.69,249.15
2023-2024,2015-16,70,05,64,Plastic products,190.7,191.57,197.77,198.88,199.43,202.12,204.11,204.5,205.44,206.18,206.97,206.97,201.22
2023-2024,2015-16,71,05,65,Major tools & equipments,209.47,210.49,213.59,216.94,218.33,220.42,221.17,221.18,222.76,224.12,224.12,225.82,219.03
2023-2024,2015-16,72,05,66,Washing soap/detergents/match box,296.52,308.24,312.96,315.28,316.68,317.48,318.08,320.57,322.47,323.65,324.38,325.4,316.81
2023-2024,2015-16,73,05,67,Household servant,179.27,180,184.31,184.66,186.92,186.99,187.19,189.12,189.91,189.91,189.97,190.67,186.58
2023-2024,2015-16,74,06,00,Health,209.2,213.56,223.51,229.53,232.12,234.2,234.72,235.03,236.76,237.26,243.2,247.37,231.37
2023-2024,2015-16,75,06,68,Drugs and medicines,214.94,221.71,239.62,248.54,249.9,250.2,250.58,250.96,253.95,254.89,257.63,263.2,246.34
2023-2024,2015-16,76,06,69,Therapeutic Appliances and Equipme,132.81,139.45,141.16,144.45,146.79,147.02,147.38,147.54,147.55,147.59,147.7,148.33,144.81
2023-2024,2015-16,77,06,70,Doctor (MBBS) clinic fee,270.51,273.23,275.26,283.58,290.07,291.41,292.6,292.69,293.79,293.79,309.88,311.96,289.9
2023-2024,2015-16,78,06,71,Dental services,158.56,160.42,164.45,165.37,173.96,175.02,176.08,176.43,177.03,178.09,204.16,204.66,176.19
2023-2024,2015-16,79,06,72,Medical tests,175.21,178.83,182.09,183.54,183.9,184.16,184.35,184.54,184.89,185.45,189.21,191.91,184.01
2023-2024,2015-16,80,06,73,Hospitals services,171.37,172.78,176.38,177.43,180.34,187.04,187.5,187.86,188.3,188.31,193.46,197.24,184
2023-2024,2015-16,81,07,00,Transport,279.49,296.49,319.47,310.68,302.48,305.96,300.26,306.81,305.33,312.92,309.36,303.14,304.37
2023-2024,2015-16,82,07,74,Motor vehicles,255.47,256.35,256.47,256.48,254.55,254.55,254.51,254.54,255.69,256.04,255.59,257.72,255.66
2023-2024,2015-16,83,07,75,Motor vehicle accessories,242.59,247.59,251.22,252.37,250.2,250.39,250.34,250.42,252.48,252.7,252.68,254.28,250.61
2023-2024,2015-16,84,07,76,Motor fuel,347.94,376.78,419.34,402.5,379.15,370.07,357.18,369.78,376.07,389.71,377.32,356.81,376.89
2023-2024,2015-16,85,07,77,Mechanical services,202.05,213.01,214.46,216.37,216.83,217.21,218.14,219.13,219.88,220.5,221.08,221.38,216.67
2023-2024,2015-16,86,07,78,Motor vehicle tax,148.53,148.53,148.53,148.53,148.53,148.53,148.53,148.53,148.53,148.53,148.53,148.53,148.53
2023-2024,2015-16,87,07,79,Transport services,203.38,211.41,220.48,217.03,228.11,255.38,256.6,258.34,241.73,245.35,253.56,264.61,238
2023-2024,2015-16,88,08,00,Communication,123.76,123.77,124.41,124.83,125,125.01,138.73,138.73,138.77,138.77,137.91,138.28,131.5
2023-2024,2015-16,89,08,80,Postal services,200.76,201.18,202.44,205.74,207.37,207.37,207.37,207.37,207.37,207.37,207.37,209.03,205.9
2023-2024,2015-16,90,08,81,Communication apparatus,183.9,183.92,187.2,189.25,190.04,190.09,190.69,190.69,190.87,190.89,186.4,188.25,188.52
2023-2024,2015-16,91,08,82,Communication Services,108.53,108.53,108.53,108.53,108.53,108.53,125.55,125.55,125.55,125.55,125.55,125.55,117.04
2023-2024,2015-16,92,09,00,Recreation and culture,236.46,245.05,245.62,245.87,245.81,245.92,246.06,246,246.16,247.36,251.25,255.02,246.38
2023-2024,2015-16,93,09,83,Recreation and culture,146.98,147.42,147.81,148.18,148.34,148.64,148.69,148.71,148.85,150.72,150.82,151.58,148.9
2023-2024,2015-16,94,09,84,Text books,295.06,314.57,314.48,314.48,314.48,314.48,314.48,314.48,314.48,315.78,323.15,332.02,315.16
2023-2024,2015-16,95,09,85,Newspapers,209.69,209.69,209.69,211.87,211.87,211.87,211.87,211.87,211.87,211.87,211.87,211.87,211.33
2023-2024,2015-16,96,09,86,stationery,296.96,301.56,303.88,303.97,303.36,303.4,304,303.66,304.15,304.17,309.29,309.65,304
2023-2024,2015-16,97,10,00,Education,171.66,177.89,178.55,184.31,186.73,187.28,187.42,187.42,188.09,192.49,194.43,194.55,185.9
2023-2024,2015-16,98,10,87,Education,171.66,177.89,178.55,184.31,186.73,187.28,187.42,187.42,188.09,192.49,194.43,194.55,185.9
2023-2024,2015-16,99,11,00,Restaurants and hotels,242.65,247.58,252.06,256.43,258.07,260.11,262.77,263.47,265.74,268.67,265.2,263.73,258.87
2023-2024,2015-16,100,11,88,Readymade food,254.62,259.88,263.2,265.03,266.44,267.78,269.53,270.36,273.29,275.14,270.4,268.22,266.99
2023-2024,2015-16,101,11,89,Marriage Hall Charges,211.26,215.51,223.98,236.14,238.6,243.02,248.73,249.07,249.33,255.77,256,256.66,240.34
2023-2024,2015-16,102,11,90,Accommodation Services,157.13,157.21,157.4,164.49,164.52,164.52,164.52,164.77,166.21,167.44,168.29,168.29,163.73
2023-2024,2015-16,103,12,00,Misc. goods and services,249.16,257.91,259.03,258.91,262.84,265.25,267.64,269.89,271.71,275.96,276.03,277.61,266
2023-2024,2015-16,104,12,91,Personal Grooming Services,214.08,220.1,222.32,225.79,228.6,229.18,234.38,236.25,239.46,244.49,245.95,247.38,232.33
2023-2024,2015-16,105,12,92,Electrical Appliances for Personal,154.58,156.81,156.98,160.07,161.34,161.44,161.58,161.72,161.72,161.75,161.79,161.93,160.14
2023-2024,2015-16,106,12,93,Appliances/Articles/Products for P,236.27,244.45,246.48,249.28,250.54,253.33,254.55,257.25,257.89,258.07,258.93,259.37,252.2
2023-2024,2015-16,107,12,94,Personal Effects n.e.c.,324.23,337.36,334.76,322.19,335.63,338.49,342.32,343.56,348.03,364.69,361.1,366.45,343.23
2024-2025,2015-16,1,00,00,General,258.59,259.3,257.92,260.64,261.92,261.67,262.17,260.46,262.48,260.65,260.84,261.04,260.64
2024-2025,2015-16,2,01,00,Food and non-alcoholic Beverages,276.1,280.27,276.17,281.39,279.93,279.9,278.37,271.84,277.04,271.43,273.34,271.3,276.42
2024-2025,2015-16,3,01,01,Wheat,240.17,232.01,221.66,234.88,239.83,240.47,239.73,232.61,233.62,204.55,189.58,189.88,224.92
2024-2025,2015-16,4,01,02,Wheat flour,250.19,240.52,229.63,237.71,239.82,237.45,238.03,232.72,230.33,207.75,195.42,198.41,228.17
2024-2025,2015-16,5,01,03,Wheat products,295.36,294.24,293.1,293.91,292.49,291.44,289.03,285.42,285.06,276.39,272.88,267.39,286.39
2024-2025,2015-16,6,01,04,Besan,260.58,273.29,313.38,320.94,321.18,312.98,305.48,278.97,264.73,254.37,254.68,255.22,284.65
2024-2025,2015-16,7,01,05,Rice,310.37,313.42,315.6,314.76,312.05,309.73,310.41,311.63,310.05,310.29,309.63,314.81,311.9
2024-2025,2015-16,8,01,06,Bakery and confectionary,259.67,260.5,260.22,262.99,262.97,264.44,264.66,267.82,265.44,268.1,268.69,268.92,264.54
2024-2025,2015-16,9,01,07,Nimco,287.62,288.04,289.86,292.5,292.66,295.4,295.6,295.66,298.32,298.45,299.53,300.39,294.5
2024-2025,2015-16,10,01,08,Meat,309.95,313.03,320.44,321.62,323.58,326.19,327.14,328.66,333.93,338.94,341.71,342.39,327.3
2024-2025,2015-16,11,01,09,Chicken,275.86,313.44,309.9,324.19,269.26,234.1,316.64,311.85,345.76,324.2,352.18,229.03,300.53
2024-2025,2015-16,12,01,10,Fish,193.9,195.22,196.82,207.73,213.87,217.77,219.12,218.86,214.24,208.87,208,208,208.53
2024-2025,2015-16,13,01,11,Milk fresh,255.33,258.57,259.28,259.55,259.93,259.98,262.53,262.54,263.01,262.98,263.62,264.68,261
2024-2025,2015-16,14,01,12,Milk products,259.85,262.96,263.84,264.32,265.51,265.64,265.77,265.51,265.27,265.67,265.98,266.92,264.77
2024-2025,2015-16,15,01,13,Milk powder,301.19,301.95,302.15,302.42,302.94,303.02,303.35,303.45,303.55,303.57,312.06,314.48,304.51
2024-2025,2015-16,16,01,14,Eggs,292.17,328.38,352.44,348.81,390.09,394.02,338.87,290.64,333.99,265.99,330.84,360.03,335.52
2024-2025,2015-16,17,01,15,Butter,375.6,375.71,375.71,376.31,389.46,396.71,401.94,424.47,435.93,438.33,444.06,444.13,406.53
2024-2025,2015-16,18,01,16,Mustard oil,283.24,285.15,284.82,288.85,310.45,319.64,324.74,320.88,319.9,312.06,309.96,308.44,305.68
2024-2025,2015-16,19,01,17,Cooking oil,303.6,304.74,298.4,299.2,306.42,319.87,332.42,333.57,331.14,330.79,327.86,327.17,317.93
2024-2025,2015-16,20,01,18,Vegetable ghee,306.02,309.4,310.52,311.51,326.11,343.79,352.75,355.08,349.44,349.31,344.4,343.73,333.51
2024-2025,2015-16,21,01,19,Dry fruits,281.92,282.43,284.29,287.8,296.58,297.52,297.23,297.23,296.97,297.1,298.15,298.35,292.96
2024-2025,2015-16,22,01,20,Fresh fruits,248.43,215.89,204.03,203.14,189.46,206.21,216.54,248.99,295.45,290.97,294.49,298.56,242.68
2024-2025,2015-16,23,01,21,Pulse masoor,222.45,221.18,212.36,211.12,208.5,206.94,206.79,203.7,202.09,200.35,200.93,201.02,208.12
2024-2025,2015-16,24,01,22,Pulse moong,205.29,211.09,207.35,212.18,235.83,236.31,249.15,245.84,247.56,244.94,246.25,246.76,232.38
2024-2025,2015-16,25,01,23,Pulse mash,248.23,250.35,243.67,237.68,220.18,214.47,208.82,202.93,196.04,192.93,191.15,190.56,216.42
2024-2025,2015-16,26,01,24,Pulse gram,271.07,283.41,321.62,340.04,325.32,302.73,299.37,268.81,256.39,249.53,252.26,252.71,285.27
2024-2025,2015-16,27,01,25,Gram whohe,290.74,301.84,316.86,324.31,319.38,314.63,310.11,293.18,285.02,277.43,276.58,276.9,298.92
2024-2025,2015-16,28,01,26,Beans,373.9,375.57,375.02,375.4,384.23,386.38,388.8,389.63,379.53,373.53,370.34,370.98,378.61
2024-2025,2015-16,29,01,27,Potatoes,385.21,396.38,400.25,403.68,438.57,493.04,354.62,283.34,264,250.54,254.64,320.18,353.7
2024-2025,2015-16,30,01,28,Onions,266.97,327.94,344.14,370.44,359.21,341.58,293.83,201.29,171.31,126.77,111.49,128.5,253.62
2024-2025,2015-16,31,01,29,Tomatoes,392.3,360.58,272.81,283.61,358.95,347.16,275.3,119.03,162.3,137.53,108.93,171.38,249.16
2024-2025,2015-16,32,01,30,Fresh vegetables,306.29,343.82,281.48,317.78,295.01,288.32,230.73,192.12,203.9,217.11,217.42,213.89,258.99
2024-2025,2015-16,33,01,31,Sugar,233.9,233.94,228.78,218.36,213.05,217.31,225.78,246.88,275.23,270.06,281.05,285.31,244.14
2024-2025,2015-16,34,01,32,Gur,237.74,240.21,241.93,247.62,242.53,241.32,241.77,243.68,244.27,246.15,255.15,262.16,245.38
2024-2025,2015-16,35,01,33,Honey,187.54,188.88,188.88,189.01,208.55,214.16,217.74,220.17,220.9,221.9,221.9,222.27,208.49
2024-2025,2015-16,36,01,34,Sweetmeat,298.83,299.43,306.04,312.78,316.56,317.01,322.82,322.98,324.52,325.4,327.96,329.34,316.97
2024-2025,2015-16,37,01,35,Ice cream,199.33,199.33,199.33,199.33,199.33,199.45,199.45,199.45,199.45,199.45,199.45,199.45,199.4
2024-2025,2015-16,38,01,36,Condiments and Spices,321.67,324.02,334.78,353.2,343.27,334.36,334.59,339.91,349.39,354.3,373.79,373.41,344.72
2024-2025,2015-16,39,01,37,Dessert preparation,264.66,262.83,262.75,269.99,270.14,270.14,270.14,270.14,272.19,271.09,272.44,275.21,269.31
2024-2025,2015-16,40,01,38,Tea,332.73,332.73,332.73,332.73,332.73,332.73,332.73,299.35,276.33,275.78,273.67,273.67,310.66
2024-2025,2015-16,41,01,39,Beverages,249.63,250.41,250.98,251.62,254.18,254.77,253.86,256.8,257.84,258.89,261.14,261.46,255.13
2024-2025,2015-16,42,02,00,"Alcoholic Beverages, Tobacco",407.5,407.24,407.83,408.28,403.16,405.62,406.23,410.59,414.86,417.98,418.05,418.82,410.51
2024-2025,2015-16,43,02,40,Cigarettes,407.26,405.76,406.04,406.25,399.64,401.03,401.22,402.86,407.84,409.98,410.06,410.28,405.69
2024-2025,2015-16,44,02,41,Pan prepared,408.73,414.94,417.17,418.9,421.5,429.58,432.4,450.94,451.52,459.74,459.74,463.42,435.72
2024-2025,2015-16,45,03,00,Clothing and footwear,235.24,236.21,237.02,237.24,244.54,245.42,246.32,246.69,249.74,251.04,254.43,254.64,244.88
2024-2025,2015-16,46,03,42,Cotton cloth,279.49,279.69,279.95,279.95,280.13,280.39,280.55,281.5,286.41,288.37,297.59,297.99,284.33
2024-2025,2015-16,47,03,43,Woolen cloth,224.88,225.56,228.49,228.89,235.28,235.97,236.95,237.12,238.44,242.23,243.05,243.05,234.99
2024-2025,2015-16,48,03,44,Readymade garments,202.48,205,206.45,206.62,208.75,209.07,212.42,212.63,217.2,218.67,220.91,221.11,211.78
2024-2025,2015-16,49,03,45,Woolen readymade garments,230.68,230.68,230.68,230.71,246.66,256.69,257.1,257.23,257.23,256.71,256.71,256.71,247.32
2024-2025,2015-16,50,03,46,Tailoring,227.71,227.53,227.84,228.16,228.82,229.09,229.72,229.85,234.07,234.43,236.65,237.09,230.91
2024-2025,2015-16,51,03,47,Hosiry,218.98,226.45,226.83,227.67,232.65,233.67,234.38,234.6,237.73,238.2,239.04,239.06,232.44
2024-2025,2015-16,52,03,48,Dopatta,188.43,191.92,195.46,197.13,197.45,199.76,199.95,200.63,203.87,204.13,205.09,205.11,199.08
2024-2025,2015-16,53,03,49,Cleaning and laundring,255.48,255.72,260.52,262.2,263.18,263.39,265.97,266.32,266.43,266.56,268.28,268.63,263.56
2024-2025,2015-16,54,03,50,Footware,219.61,219.63,219.7,219.75,246.91,246.93,247.08,247.12,247.14,247.48,247.48,247.52,238.03
2024-2025,2015-16,55,04,00,"Housing, water, Elec., Gas and other fuels",246.75,243.39,241.96,245.75,246.49,244.15,245.5,244.76,244.31,239.51,236.58,238.2,243.11
2024-2025,2015-16,56,04,51,House rent,164.08,164.08,164.08,165.69,165.69,165.69,168.09,168.09,168.09,170.49,170.49,170.49,167.09
2024-2025,2015-16,57,04,52,Construcion input items,265.27,266.39,267.19,266.17,266.1,265.94,265.06,263.77,263.38,265.59,266.21,266.09,265.6
2024-2025,2015-16,58,04,53,Construction wage rates,215.78,215.95,217.12,217.43,221.34,221.36,221.55,223.2,224.08,224.87,225.22,227.48,221.28
2024-2025,2015-16,59,04,54,Water supply,201.12,201.62,204.19,221.86,228.37,228.99,228.99,228.99,228.99,228.99,228.99,228.99,221.67
2024-2025,2015-16,60,04,55,Garbage collection,250.31,250.31,252.22,252.22,261.18,261.28,261.72,262.24,262.68,262.68,262.68,262.68,258.52
2024-2025,2015-16,61,04,56,Electricity charges,304.07,284.46,275.67,289.5,288.85,272.45,270.31,269.56,266.13,225.72,209.86,221.44,264.84
2024-2025,2015-16,62,04,57,Gas charges,1479.08,1479.08,1479.08,1479.08,1479.08,1479.08,1479.08,1479.08,1479.08,1479.08,1479.08,1479.08,1479.08
2024-2025,2015-16,63,04,58,Liquified Hydrocarbons,325.93,321.05,319.38,316.48,344.79,357.75,353.81,324.38,330.32,345.34,332.17,314.65,332.17
2024-2025,2015-16,64,04,59,Solid Fuel,203.51,204.49,204.59,206.59,215.01,225.71,231.37,227.94,228.41,227.08,225.95,224.63,218.77
2024-2025,2015-16,65,05,00,Furnishing and household equipment maintenance,259.61,259.86,258.43,261.24,264.13,263.2,264.44,264.72,264.94,267.22,267.57,267.58,263.58
2024-2025,2015-16,66,05,60,Furniture and furnishing,247.48,247.94,248.64,253.65,254.06,254.91,256.78,258.02,258.89,259.43,260.05,260.45,255.03
2024-2025,2015-16,67,05,61,Carpets,149.02,149.43,149.43,150.43,150.55,150.75,150.8,150.8,150.8,150.8,150.8,154.05,150.64
2024-2025,2015-16,68,05,62,Household textiles,185.25,185.82,186.36,193.65,198.51,207.66,208.18,208.77,208.79,209.12,209.85,210.1,201.01
2024-2025,2015-16,69,05,63,Household equipments,255.56,256.45,255.31,261.92,263.5,263.75,264.71,265.44,265.51,270.94,271.42,271.99,263.88
2024-2025,2015-16,70,05,64,Plastic products,209.84,212.01,214.4,215.58,216.13,217.79,219.27,220.66,222.91,223.33,223.4,225.11,218.37
2024-2025,2015-16,71,05,65,Major tools & equipments,230.32,232.35,232.96,234.27,233.96,237.52,238.7,241.46,242,243.43,246.43,250.4,238.65
2024-2025,2015-16,72,05,66,Washing soap/detergents/match box,326.67,326.03,321.98,320.8,323.95,318.22,320.23,319.78,319.91,322.31,322.59,321.86,322.03
2024-2025,2015-16,73,05,67,Household servant,190.67,191.26,191.76,193.75,198.83,199.33,199.47,199.69,199.81,199.94,199.94,199.94,197.03
2024-2025,2015-16,74,06,00,Health,251.47,253.98,257.52,260.72,267.04,268.54,270.5,271.35,271.71,273.81,274.2,276.26,266.43
2024-2025,2015-16,75,06,68,Drugs and medicines,265.47,269.05,273.52,276.17,288.37,291.11,292.08,292.45,292.7,293.06,293.8,297.55,285.44
2024-2025,2015-16,76,06,69,Therapeutic Appliances and Equipme,150.51,150.7,150.84,150.99,153.39,154.64,154.74,154.81,154.81,155.03,155.03,155.58,153.42
2024-2025,2015-16,77,06,70,Doctor (MBBS) clinic fee,316.61,319.39,326.91,331.8,332.65,332.67,333.7,336.38,337.27,345.42,345.44,346.49,333.73
2024-2025,2015-16,78,06,71,Dental services,206.48,206.69,212.92,213.7,216.6,217.31,222.14,223.27,225.18,225.9,226.43,228.94,218.8
2024-2025,2015-16,79,06,72,Medical tests,194.3,195.4,195.41,198.2,200.55,201.5,212.3,213.1,213.6,214.72,214.86,214.98,205.74
2024-2025,2015-16,80,06,73,Hospitals services,205.14,206.15,206.58,209.84,210.81,211.27,212.04,212.51,212.62,214.16,214.26,214.68,210.84
2024-2025,2015-16,81,07,00,Transport,307.43,305.69,299.64,294.62,296.81,300.02,302.43,303.09,302.14,301.84,301.57,304.52,301.65
2024-2025,2015-16,82,07,74,Motor vehicles,259.11,259.33,259.34,259.37,259.37,259.37,259.37,259.34,259.38,259.38,264.21,264.37,260.16
2024-2025,2015-16,83,07,75,Motor vehicle accessories,258.64,259.13,259.99,260.1,261,263.75,263.88,264.18,265.06,263.81,264.05,264.26,262.32
2024-2025,2015-16,84,07,76,Motor fuel,366.26,359.75,347.75,339.72,341.34,345.61,348.32,350.94,349.7,348.56,346.24,350.16,349.53
2024-2025,2015-16,85,07,77,Mechanical services,222.54,224.23,225.49,230.14,230.74,230.93,230.98,233.04,233.29,237.51,237.93,237.99,231.23
2024-2025,2015-16,86,07,78,Motor vehicle tax,148.53,399.23,399.23,399.23,399.23,399.23,399.23,399.23,399.23,399.23,399.23,399.23,378.34
2024-2025,2015-16,87,07,79,Transport services,262.52,259.76,258.09,252.66,257.39,261.21,265.13,262.57,261.11,261.06,261.6,265.35,260.7
2024-2025,2015-16,88,08,00,Communication,138.28,138.3,138.34,138.37,138.39,138.4,138.38,138.38,138.38,138.39,138.43,138.6,138.39
2024-2025,2015-16,89,08,80,Postal services,209.03,209.23,214.41,218.1,219.67,220.45,218.04,217.79,217.79,217.79,221.59,221.59,217.12
2024-2025,2015-16,90,08,81,Communication apparatus,188.25,188.35,188.35,188.38,188.41,188.41,188.43,188.43,188.43,188.51,188.51,189.42,188.49
2024-2025,2015-16,91,08,82,Communication Services,125.55,125.55,125.55,125.55,125.55,125.55,125.55,125.55,125.55,125.55,125.55,125.55,125.55
2024-2025,2015-16,92,09,00,Recreation and culture,256.42,259.63,259.42,259.72,260.05,260.51,260.67,260.96,258.99,261.43,250.5,250.36,258.22
2024-2025,2015-16,93,09,83,Recreation and culture,153.19,153.29,152.8,152.95,153.91,154.56,154.82,154.84,154.84,155.01,155.01,155.07,154.19
2024-2025,2015-16,94,09,84,Text books,332.44,332.44,332.57,332.81,332.81,332.81,332.81,333.89,329.07,335.43,306.62,306.27,328.33
2024-2025,2015-16,95,09,85,Newspapers,211.87,211.87,216.94,216.94,216.94,216.94,216.94,216.94,216.94,216.94,216.94,216.94,216.1
2024-2025,2015-16,96,09,86,stationery,312.81,328.7,327.3,328.06,327.89,329.01,329.33,328.63,328.06,327.71,328.48,328.3,327.02
2024-2025,2015-16,97,10,00,Education,194.55,195.37,195.66,195.98,199.91,199.96,200.02,200.61,203.07,211.42,212.23,212.44,201.77
2024-2025,2015-16,98,10,87,Education,194.55,195.37,195.66,195.98,199.91,199.96,200.02,200.61,203.07,211.42,212.23,212.44,201.77
2024-2025,2015-16,99,11,00,Restaurants and hotels,265.28,266.75,271.99,272.98,276.36,277.24,279.39,280.26,280.73,282.36,282.75,283.57,276.64
2024-2025,2015-16,100,11,88,Readymade food,270.11,271.68,278.58,279.53,283.99,285.08,286.9,287.84,288.41,289.63,289.97,290.36,283.51
2024-2025,2015-16,101,11,89,Marriage Hall Charges,257.27,258.5,258.89,260.01,260.26,260.5,263.83,263.95,263.95,266.94,267.51,269.74,262.61
2024-2025,2015-16,102,11,90,Accommodation Services,168.37,168.39,168.39,169.14,169.14,169.66,169.69,178.3,180.92,181.26,181.32,181.32,173.83
2024-2025,2015-16,103,12,00,Misc. goods and services,281.53,283.85,286.58,289.03,291.88,292.4,294.76,299.81,304.14,311.43,316.36,317.53,297.44
2024-2025,2015-16,104,12,91,Personal Grooming Services,248.76,250.28,250.88,250.97,253.09,253.7,256.74,257.13,259.17,261.24,261.85,261.86,255.47
2024-2025,2015-16,105,12,92,Electrical Appliances for Personal,162.07,162.29,167.19,168.24,177,177.15,177.26,177.43,177.9,190.18,190.32,190.57,176.47
2024-2025,2015-16,106,12,93,Appliances/Articles/Products for P,263.26,263.65,264.66,265.24,266.2,266.74,269.2,272.16,275.56,279.42,280.74,281.33,270.68
2024-2025,2015-16,107,12,94,Personal Effects n.e.c.,372.8,382.01,391.85,402.27,411.42,411.8,413.4,429.18,438.64,460.92,481.13,485.11,423.38
2025-2026,2015-16,1,00,00,General,270.04,268.26,272.53,276.28,277.77,276.76,277.41,278.15,281.87,289.61,291.58,290.2,279.21
2025-2026,2015-16,2,01,00,Food and non-alcoholic Beverages,279.27,274.74,287.74,293.61,294.42,288.12,287.32,284.29,284.32,291.71,291.88,294.92,287.7
2025-2026,2015-16,3,01,01,Wheat,189.03,189.35,260.5,287.88,291.1,301.23,331.87,331.77,313.6,285.23,307.41,312.71,283.47
2025-2026,2015-16,4,01,02,Wheat flour,196.36,193.92,260.69,275,274.13,279.63,293.09,293.08,284.79,271.25,301.66,308.22,269.32
2025-2026,2015-16,5,01,03,Wheat products,265.88,262.39,280.38,287.7,292.34,296.8,304.48,306.55,308.3,305.37,305.61,312.09,293.99
2025-2026,2015-16,6,01,04,Besan,252.84,251.59,254.06,249.47,237.8,231.51,227.14,223.35,214.64,213.21,212.49,211.13,231.6
2025-2026,2015-16,7,01,05,Rice,319.42,321.76,330.09,330.87,328.09,327.41,328.33,328.22,328.41,331.65,332.93,335.13,328.53
2025-2026,2015-16,8,01,06,Bakery and confectionary,269.17,269.45,270.74,270.83,272.88,273.15,276.49,277.31,279.3,286.67,293.56,294.18,277.81
2025-2026,2015-16,9,01,07,Nimco,300.45,300.77,301.17,302.11,302.13,302.13,303.17,303.87,305.66,305.73,307.54,312.48,303.93
2025-2026,2015-16,10,01,08,Meat,344.49,345.89,348.63,350.61,356.95,358.68,360.53,365.75,371.36,381.23,389.8,392.09,363.83
2025-2026,2015-16,11,01,09,Chicken,297.11,309.48,292.98,229.92,269.83,262.31,304.64,243.75,275.43,282.84,278.35,215.89,271.88
2025-2026,2015-16,12,01,10,Fish,207.96,210.99,211.35,219.45,225.91,230.17,233.69,233.48,231.96,228.18,225.94,225.1,223.68
2025-2026,2015-16,13,01,11,Milk fresh,265.43,265.95,266.65,268.25,268.47,268.65,269.25,269.32,269.49,277.27,281.17,284.75,271.22
2025-2026,2015-16,14,01,12,Milk products,267.79,268.22,268.56,269.24,271.89,272.44,272.53,273.21,273.12,282.79,286.91,289.69,274.7
2025-2026,2015-16,15,01,13,Milk powder,316,317.07,317.55,320.03,322.98,329.53,331.45,332.05,332.39,332.9,334.44,334.9,326.77
2025-2026,2015-16,16,01,14,Eggs,306.58,345.94,361.49,376.76,406.59,419.89,393.74,305.6,250.66,286.7,269.54,240.58,330.34
2025-2026,2015-16,17,01,15,Butter,446.57,460.75,477.26,487.8,492.4,492.4,492.4,492.4,497.52,498.09,503.61,505.91,487.26
2025-2026,2015-16,18,01,16,Mustard oil,308.67,308.24,310.45,312.24,314.38,311.83,313.79,317.56,319.15,319.15,318.42,318.8,314.39
2025-2026,2015-16,19,01,17,Cooking oil,325,324.73,324.71,328.02,333.09,342.56,345.06,341.83,337.75,337.47,340.53,345.74,335.54
2025-2026,2015-16,20,01,18,Vegetable ghee,343.62,343.22,343.87,350.45,352.81,359.59,360.52,356.94,356.7,356.8,359.95,366.62,354.26
2025-2026,2015-16,21,01,19,Dry fruits,298.42,298.48,298.95,299.77,305.47,315.53,318.82,321.3,323.41,323.85,324.98,326.2,312.93
2025-2026,2015-16,22,01,20,Fresh fruits,277.14,218.5,220.51,225.89,231.01,246.67,252.3,281.27,312.92,309.51,305.27,306.99,265.67
2025-2026,2015-16,23,01,21,Pulse masoor,201.94,200.28,200.35,199.7,197.83,196.36,188.4,180.81,178.33,177.12,177.01,176.65,189.57
2025-2026,2015-16,24,01,22,Pulse moong,245.3,238.41,237.88,237.4,232.69,232.42,235.08,238.03,238.39,239.13,238.07,235.59,237.37
2025-2026,2015-16,25,01,23,Pulse mash,190.63,187.97,185.78,185.86,184.05,181.89,178.38,192.99,198.35,203.53,200.23,198.26,190.66
2025-2026,2015-16,26,01,24,Pulse gram,253.37,248.07,251.67,247.29,228.28,222.79,209.66,210.37,208.59,208.43,204.99,204.21,224.81
2025-2026,2015-16,27,01,25,Gram whohe,276.74,270.77,269.69,267.59,261.26,253.23,244.95,244.54,236.36,236.78,236.51,236.82,252.94
2025-2026,2015-16,28,01,26,Beans,367.9,366.5,364.08,357.07,350.67,352.87,350.77,350.83,349.82,346.84,345.68,342.59,353.8
2025-2026,2015-16,29,01,27,Potatoes,355.3,324.13,342.66,334.57,343.49,282.07,202.74,170.52,150.03,156.68,162.96,191.9,251.42
2025-2026,2015-16,30,01,28,Onions,140.53,160.74,206.52,245.17,362.71,243.04,173.82,167.04,164.49,179.68,170.28,205.7,201.64
2025-2026,2015-16,31,01,29,Tomatoes,205.52,245.86,405.76,643.69,300.55,164.69,176.11,216.7,153.52,241.18,137.04,260.51,262.59
2025-2026,2015-16,32,01,30,Fresh vegetables,311.77,254.16,277.14,311.02,292.67,230.34,192.13,184.67,193.93,272.81,204.8,230.51,246.33
2025-2026,2015-16,33,01,31,Sugar,302.74,286.12,293.97,294.42,295.93,275.32,248.88,248,242.77,240.37,240.07,240.13,267.39
2025-2026,2015-16,34,01,32,Gur,271.28,273.43,277.53,283.46,279.31,271.14,264.27,263.24,263.02,260.57,260.04,260.3,268.97
2025-2026,2015-16,35,01,33,Honey,222.58,222.69,222.73,222.62,222.62,222.62,222.62,222.56,222.56,222.71,222.37,222.63,222.61
2025-2026,2015-16,36,01,34,Sweetmeat,329.58,331.14,332.76,333.14,335.16,335.51,336.52,338.53,343.57,344.9,349.64,350.07,338.38
2025-2026,2015-16,37,01,35,Ice cream,199.68,199.68,199.68,199.68,199.68,199.68,199.68,200.62,208.3,210.48,222.04,223.63,205.24
2025-2026,2015-16,38,01,36,Condiments and Spices,369.77,372.15,373.17,375.91,374.08,376.23,383.83,383.64,381.87,382.79,383.44,384.39,378.44
2025-2026,2015-16,39,01,37,Dessert preparation,297.12,297.85,297.93,300.37,300.63,300.63,300.63,300.63,300.57,301.71,307.25,312.68,301.5
2025-2026,2015-16,40,01,38,Tea,273.67,273.67,273.67,273.67,273.67,273.67,273.67,273.67,273.67,273.67,273.67,273.67,273.67
2025-2026,2015-16,41,01,39,Beverages,261.58,261.06,261.09,260.89,260.74,262,262.45,266.79,257.52,267.99,270.07,270.95,263.59
2025-2026,2015-16,42,02,00,"Alcoholic Beverages, Tobacco",419.92,420.23,420.57,420.73,422.93,423.08,423.06,425.08,426.28,426.88,427.73,434.78,424.27
2025-2026,2015-16,43,02,40,Cigarettes,411.55,411.55,411.79,411.78,411.75,411.88,411.76,414.06,414.97,415.56,415.9,422.91,413.79
2025-2026,2015-16,44,02,41,Pan prepared,463.64,465.58,466.38,467.46,481.31,481.53,482.03,482.61,485.35,486,489.47,496.75,479.01
2025-2026,2015-16,45,03,00,Clothing and footwear,254.87,255.32,255.85,256.5,258.42,259.13,259.76,260.8,262.74,264.87,280.55,283.12,262.66
2025-2026,2015-16,46,03,42,Cotton cloth,298.32,298.53,299.83,299.86,300.07,300.07,300.08,300.73,303.09,305.69,310.08,315.05,302.62
2025-2026,2015-16,47,03,43,Woolen cloth,243.09,243.55,243.92,244.87,253.81,254.35,257.78,258.39,260.04,264.21,265.04,267.09,254.68
2025-2026,2015-16,48,03,44,Readymade garments,221.16,222.92,223.24,223.65,224.08,224.78,226.35,226.61,228.64,230.64,232.21,233.31,226.47
2025-2026,2015-16,49,03,45,Woolen readymade garments,256.71,256.71,256.71,257.61,267.14,273.66,273.83,273.83,273.83,273.83,273.83,273.87,267.63
2025-2026,2015-16,50,03,46,Tailoring,237.68,237.76,238.22,240.93,242.64,243.85,244.02,248.99,254.08,256.23,261.15,265.69,247.6
2025-2026,2015-16,51,03,47,Hosiry,239.3,239.41,239.53,240.18,241.46,241.6,241.68,242.09,242.82,246.85,248.47,248.58,242.66
2025-2026,2015-16,52,03,48,Dopatta,205.16,205.28,205.48,206.21,206.28,206.53,206.61,206.93,208.81,210.99,211.74,219.74,208.31
2025-2026,2015-16,53,03,49,Cleaning and laundring,272.66,276.51,276.51,276.81,280.82,282.02,282.14,288.04,289.51,293.55,297.37,297.48,284.45
2025-2026,2015-16,54,03,50,Footware,247.53,247.53,247.57,247.6,247.72,247.72,247.61,247.61,247.65,248.03,320.07,320.1,259.73
2025-2026,2015-16,55,04,00,"Housing, water, Elec., Gas and other fuels",258.93,256.33,255.72,259.29,262.3,263.6,265.9,270.49,273.89,278.36,274.66,272.81,266.02
2025-2026,2015-16,56,04,51,House rent,172.97,172.97,172.97,175.49,175.49,175.49,178.39,178.39,178.39,180.88,180.88,180.88,176.93
2025-2026,2015-16,57,04,52,Construcion input items,268.15,268.48,269.9,269.81,269.51,270.45,270.47,270.88,273.08,278.63,280.79,283.4,272.8
2025-2026,2015-16,58,04,53,Construction wage rates,227.57,227.64,228.36,228.68,231.8,231.89,235.38,236.62,236.79,236.86,245.48,247.79,234.57
2025-2026,2015-16,59,04,54,Water supply,228.99,230.44,230.44,231.4,231.4,231.4,244.9,244.9,245.91,246.74,247.62,248.17,238.53
2025-2026,2015-16,60,04,55,Garbage collection,265.81,265.81,265.81,265.81,266.16,266.16,266.52,266.52,268.46,268.46,275.69,275.69,268.08
2025-2026,2015-16,61,04,56,Electricity charges,252.84,239.76,234.41,244.37,261.74,263.13,262.92,289.28,303.97,301.82,286.39,274.06,267.89
2025-2026,2015-16,62,04,57,Gas charges,1817.96,1817.96,1817.96,1817.96,1817.96,1817.96,1817.96,1817.96,1817.96,1817.96,1817.96,1817.96,1817.96
2025-2026,2015-16,63,04,58,Liquified Hydrocarbons,318.63,295.37,308.77,311.04,310.43,361.24,358.63,362.1,407.82,564.16,496.32,505.18,383.31
2025-2026,2015-16,64,04,59,Solid Fuel,224.94,225.46,226.86,228.56,233.62,240.06,242.09,246.24,247.07,249.04,250.74,250.66,238.78
2025-2026,2015-16,66,05,60,Furniture and furnishing,261.25,262.63,263.17,263.79,264.29,264.74,265.06,265.61,267.4,269.47,271.74,275.02,266.18
2025-2026,2015-16,67,05,61,Carpets,154.07,154.14,154.28,154.92,157,157.04,157.16,157.75,158.14,157.91,159.35,159.33,156.76
2025-2026,2015-16,68,05,62,Household textiles,210.16,210.31,212.08,212.86,214.05,214.73,215.43,215.67,215.92,216.5,217.08,216.76,214.3
2025-2026,2015-16,69,05,63,Household equipments,273.09,273.66,274.22,276.53,277.04,277.49,277.54,278.43,280.78,283.4,288.41,289.08,279.14
2025-2026,2015-16,70,05,64,Plastic products,233.54,233.56,233.65,233.69,233.93,233.93,234.53,234.65,236.8,238.8,245.08,246.44,236.55
2025-2026,2015-16,71,05,65,Major tools & equipments,250.42,251.27,251.7,252.17,252.56,253.31,257.67,258.12,266.4,269.92,278.56,283.18,260.44
2025-2026,2015-16,72,05,66,Washing soap/detergents/match box,319.51,322.82,323.9,325.05,325.12,323.36,322.97,323.42,325.27,326.86,334.37,340.91,326.13
2025-2026,2015-16,73,05,67,Household servant,205.08,205.26,206.41,207.79,208.87,210.89,211.16,211.55,212.67,213.55,214,215.67,210.24
2025-2026,2015-16,74,06,00,Health,276.72,278.71,280.61,282.04,285.7,286.29,287.22,288.28,289.27,290.64,292.4,294.3,286.02
2025-2026,2015-16,75,06,68,Drugs and medicines,298.04,298.59,301.47,303.89,308.39,309.08,310.36,311.17,311.69,311.93,312.94,313.39,307.58
2025-2026,2015-16,76,06,69,Therapeutic Appliances and Equipme,155.64,155.67,155.97,156.04,156.75,156.75,156.75,156.87,157.09,157.25,157.61,158.14,156.71
2025-2026,2015-16,77,06,70,Doctor (MBBS) clinic fee,347.69,351.91,353.04,353.99,357.17,357.82,358.25,362.01,365.39,365.7,371.76,377.23,360.16
2025-2026,2015-16,78,06,71,Dental services,229.35,230.24,231.05,233.79,234.7,236.28,236.61,236.82,238.75,239.09,240.43,242.43,235.8
2025-2026,2015-16,79,06,72,Medical tests,215.14,215.91,217.37,217.81,222.04,222.55,223.09,223.28,223.67,230.51,230.9,234.32,223.05
2025-2026,2015-16,80,06,73,Hospitals services,214.68,218.35,219.2,219.47,221.79,222.17,222.99,223,223.41,225.41,226.15,227.61,222.02
2025-2026,2015-16,81,07,00,Transport,315.95,312.8,311.84,314.95,315.13,315.14,310.77,303.91,340.79,398.87,420.75,390.16,337.59
2025-2026,2015-16,82,07,74,Motor vehicles,267.39,267.19,267.42,267.42,267.45,267.55,267.56,267.62,267.63,267.71,267.7,267.72,267.53
2025-2026,2015-16,83,07,75,Motor vehicle accessories,265.36,265.92,266.36,266.57,268.35,269.38,269.88,271.3,272.82,273.72,274.4,274.46,269.88
2025-2026,2015-16,84,07,76,Motor fuel,365.73,360.2,360.42,361.89,361.54,359.14,347.27,350.32,413.4,488.73,525.98,462.54,396.43
2025-2026,2015-16,85,07,77,Mechanical services,238.01,238.72,239.15,241.07,242.1,246.76,248.97,250.86,254.09,254.7,260.64,261.5,248.05
2025-2026,2015-16,86,07,78,Motor vehicle tax,399.23,399.23,399.23,399.23,399.23,399.23,399.23,399.23,399.23,399.23,399.23,399.23,399.23
2025-2026,2015-16,87,07,79,Transport services,278.02,276.04,272.03,280.01,280.78,283.48,287.31,257.5,281.05,359.34,372.65,370.58,299.9
2025-2026,2015-16,88,08,00,Communication,138.62,138.68,138.78,138.97,139.02,139.07,139.1,139.11,139.25,139.47,139.76,139.81,139.14
2025-2026,2015-16,89,08,80,Postal services,221.59,221.59,224.6,238.31,243.55,243.55,245.15,245.15,250.41,269.29,295.92,298.48,249.8
2025-2026,2015-16,90,08,81,Communication apparatus,189.52,189.85,190.24,190.66,190.66,190.93,191.03,191.06,191.56,191.96,192.35,192.46,191.02
2025-2026,2015-16,91,08,82,Communication Services,125.55,125.55,125.55,125.55,125.55,125.55,125.55,125.55,125.55,125.55,125.55,125.55,125.55
2025-2026,2015-16,92,09,00,Recreation and culture,250.53,251.61,250.7,248.77,248.81,249.17,249.18,249.21,249.7,249.8,250.24,252.1,249.99
2025-2026,2015-16,93,09,83,Recreation and culture,155.07,155.07,155.07,155.07,155.56,156.34,156.34,156.46,157.66,157.71,157.92,157.96,156.35
2025-2026,2015-16,94,09,84,Text books,306.66,306.66,303.56,297.49,297.49,297.49,297.49,297.49,297.49,297.49,297.49,298.07,299.57
2025-2026,2015-16,95,09,85,Newspapers,216.94,242.82,242.82,242.82,242.82,242.82,242.82,242.82,242.82,242.82,242.82,278.85,243.67
2025-2026,2015-16,96,09,86,stationery,328.43,328.45,329.89,331.92,331.18,331.52,331.59,331.5,331.73,332.11,333.94,334.55,331.4
2025-2026,2015-16,97,10,00,Education,212.7,216.13,216.28,216.38,216.38,218.2,218.2,218.23,221.05,227.74,229.64,229.95,220.07
2025-2026,2015-16,98,10,87,Education,212.7,216.13,216.28,216.38,216.38,218.2,218.2,218.23,221.05,227.74,229.64,229.95,220.07
2025-2026,2015-16,99,11,00,Restaurants and hotels,283.97,284.54,286.84,288.06,288.7,290.95,291.46,292.5,294.18,296.83,299.09,298.29,291.28
2025-2026,2015-16,100,11,88,Readymade food,290.75,291.51,294.01,295.32,296.13,297.44,297.74,299.06,300.65,303.87,306.49,309.04,298.5
2025-2026,2015-16,101,11,89,Marriage Hall Charges,270.21,270.21,272.07,273.01,273.21,278.57,279.8,280,281.71,282.73,284.01,272.53,276.51
2025-2026,2015-16,102,11,90,Accommodation Services,181.32,181.32,181.46,182,182,182,182,182.04,187.35,187.71,187.71,189.06,183.83
2025-2026,2015-16,103,12,00,Misc. goods and services,321,323.39,328.68,341.17,343.1,347.83,356.81,369.72,369.43,367.68,363.87,356.59,349.11
2025-2026,2015-16,104,12,91,Personal Grooming Services,272.28,272.28,272.47,273.18,273.44,273.6,274.41,274.58,276.33,278.53,280.62,281.23,275.25
2025-2026,2015-16,105,12,92,Electrical Appliances for Personal,190.69,190.81,190.99,191.11,191.56,191.75,191.91,192.09,196.81,197.16,199.01,199.12,193.58
2025-2026,2015-16,106,12,93,Appliances/Articles/Products for P,283.19,284.81,286.2,289.78,292.4,293.1,295.18,295.99,296.6,298.15,299.98,300.8,293.02
2025-2026,2015-16,107,12,94,Personal Effects n.e.c.,487.99,494.93,517.1,568.27,569.56,591.05,629.14,691.68,686.55,670.96,644.07,604.19,596.29
