date,fiscal_year,base_year,group_code,cmdty_code,description,index_value
2015-07-01,2015-2016,2007-08,00,00,General,201.76
2015-08-01,2015-2016,2007-08,00,00,General,202.25
2015-09-01,2015-2016,2007-08,00,00,General,202.04
2015-10-01,2015-2016,2007-08,00,00,General,203.03
2015-11-01,2015-2016,2007-08,00,00,General,204.22
2015-12-01,2015-2016,2007-08,00,00,General,203.06
2016-01-01,2015-2016,2007-08,00,00,General,203.49
2016-02-01,2015-2016,2007-08,00,00,General,202.98
2016-03-01,2015-2016,2007-08,00,00,General,203.28
2016-04-01,2015-2016,2007-08,00,00,General,206.43
2016-05-01,2015-2016,2007-08,00,00,General,205.99
2016-06-01,2015-2016,2007-08,00,00,General,207.3
2016-07-01,2016-2017,2007-08,00,00,General,210.08
2016-08-01,2016-2017,2007-08,00,00,General,209.46
2016-09-01,2016-2017,2007-08,00,00,General,209.88
2016-10-01,2016-2017,2007-08,00,00,General,211.57
2016-11-01,2016-2017,2007-08,00,00,General,212.01
2016-12-01,2016-2017,2007-08,00,00,General,210.57
2017-01-01,2016-2017,2007-08,00,00,General,210.94
2017-02-01,2016-2017,2007-08,00,00,General,211.54
2017-03-01,2016-2017,2007-08,00,00,General,213.32
2017-04-01,2016-2017,2007-08,00,00,General,216.3
2017-05-01,2016-2017,2007-08,00,00,General,216.33
2017-06-01,2016-2017,2007-08,00,00,General,215.45
2017-07-01,2017-2018,2007-08,00,00,General,216.19
2017-08-01,2017-2018,2007-08,00,00,General,216.61
2017-09-01,2017-2018,2007-08,00,00,General,217.98
2017-10-01,2017-2018,2007-08,00,00,General,219.61
2017-11-01,2017-2018,2007-08,00,00,General,220.42
2017-12-01,2017-2018,2007-08,00,00,General,220.2
2018-01-01,2017-2018,2007-08,00,00,General,220.27
2018-02-01,2017-2018,2007-08,00,00,General,219.58
2018-03-01,2017-2018,2007-08,00,00,General,220.25
2018-04-01,2017-2018,2007-08,00,00,General,224.25
2018-05-01,2017-2018,2007-08,00,00,General,225.4
2018-06-01,2017-2018,2007-08,00,00,General,226.67
2018-07-01,2018-2019,2007-08,00,00,General,228.8
2018-08-01,2018-2019,2007-08,00,00,General,229.27
2018-09-01,2018-2019,2007-08,00,00,General,229.12
2018-10-01,2018-2019,2007-08,00,00,General,234.49
2018-11-01,2018-2019,2007-08,00,00,General,234.76
2018-12-01,2018-2019,2007-08,00,00,General,233.78
2019-01-01,2018-2019,2007-08,00,00,General,236.11
2019-02-01,2018-2019,2007-08,00,00,General,237.61
2019-03-01,2018-2019,2007-08,00,00,General,240.99
2019-04-01,2018-2019,2007-08,00,00,General,244.03
2019-05-01,2018-2019,2007-08,00,00,General,245.94
2019-06-01,2018-2019,2007-08,00,00,General,246.82
2015-07-01,2015-2016,2007-08,01,00,Food and non-alcoholic Beverages,219.76
2015-08-01,2015-2016,2007-08,01,00,Food and non-alcoholic Beverages,220.51
2015-09-01,2015-2016,2007-08,01,00,Food and non-alcoholic Beverages,219.41
2015-10-01,2015-2016,2007-08,01,00,Food and non-alcoholic Beverages,220.4
2015-11-01,2015-2016,2007-08,01,00,Food and non-alcoholic Beverages,223.17
2015-12-01,2015-2016,2007-08,01,00,Food and non-alcoholic Beverages,218.28
2016-01-01,2015-2016,2007-08,01,00,Food and non-alcoholic Beverages,216.71
2016-02-01,2015-2016,2007-08,01,00,Food and non-alcoholic Beverages,214.99
2016-03-01,2015-2016,2007-08,01,00,Food and non-alcoholic Beverages,216.13
2016-04-01,2015-2016,2007-08,01,00,Food and non-alcoholic Beverages,221.59
2016-05-01,2015-2016,2007-08,01,00,Food and non-alcoholic Beverages,219.65
2016-06-01,2015-2016,2007-08,01,00,Food and non-alcoholic Beverages,222.39
2016-07-01,2016-2017,2007-08,01,00,Food and non-alcoholic Beverages,228.36
2016-08-01,2016-2017,2007-08,01,00,Food and non-alcoholic Beverages,225.91
2016-09-01,2016-2017,2007-08,01,00,Food and non-alcoholic Beverages,226.3
2016-10-01,2016-2017,2007-08,01,00,Food and non-alcoholic Beverages,228.3
2016-11-01,2016-2017,2007-08,01,00,Food and non-alcoholic Beverages,228.74
2016-12-01,2016-2017,2007-08,01,00,Food and non-alcoholic Beverages,223.58
2017-01-01,2016-2017,2007-08,01,00,Food and non-alcoholic Beverages,220.96
2017-02-01,2016-2017,2007-08,01,00,Food and non-alcoholic Beverages,221.66
2017-03-01,2016-2017,2007-08,01,00,Food and non-alcoholic Beverages,226.16
2017-04-01,2016-2017,2007-08,01,00,Food and non-alcoholic Beverages,230.25
2017-05-01,2016-2017,2007-08,01,00,Food and non-alcoholic Beverages,229.65
2017-06-01,2016-2017,2007-08,01,00,Food and non-alcoholic Beverages,229.18
2017-07-01,2017-2018,2007-08,01,00,Food and non-alcoholic Beverages,229.99
2017-08-01,2017-2018,2007-08,01,00,Food and non-alcoholic Beverages,230.99
2017-09-01,2017-2018,2007-08,01,00,Food and non-alcoholic Beverages,234.23
2017-10-01,2017-2018,2007-08,01,00,Food and non-alcoholic Beverages,235.69
2017-11-01,2017-2018,2007-08,01,00,Food and non-alcoholic Beverages,236.61
2017-12-01,2017-2018,2007-08,01,00,Food and non-alcoholic Beverages,235.12
2018-01-01,2017-2018,2007-08,01,00,Food and non-alcoholic Beverages,232.25
2018-02-01,2017-2018,2007-08,01,00,Food and non-alcoholic Beverages,229.23
2018-03-01,2017-2018,2007-08,01,00,Food and non-alcoholic Beverages,228.39
2018-04-01,2017-2018,2007-08,01,00,Food and non-alcoholic Beverages,231.9
2018-05-01,2017-2018,2007-08,01,00,Food and non-alcoholic Beverages,234.4
2018-06-01,2017-2018,2007-08,01,00,Food and non-alcoholic Beverages,236.56
2018-07-01,2018-2019,2007-08,01,00,Food and non-alcoholic Beverages,238.08
2018-08-01,2018-2019,2007-08,01,00,Food and non-alcoholic Beverages,238.58
2018-09-01,2018-2019,2007-08,01,00,Food and non-alcoholic Beverages,236.78
2018-10-01,2018-2019,2007-08,01,00,Food and non-alcoholic Beverages,240.5
2018-11-01,2018-2019,2007-08,01,00,Food and non-alcoholic Beverages,239.03
2018-12-01,2018-2019,2007-08,01,00,Food and non-alcoholic Beverages,235.23
2019-01-01,2018-2019,2007-08,01,00,Food and non-alcoholic Beverages,235.91
2019-02-01,2018-2019,2007-08,01,00,Food and non-alcoholic Beverages,239.59
2019-03-01,2018-2019,2007-08,01,00,Food and non-alcoholic Beverages,247.17
2019-04-01,2018-2019,2007-08,01,00,Food and non-alcoholic Beverages,251.63
2019-05-01,2018-2019,2007-08,01,00,Food and non-alcoholic Beverages,254.52
2019-06-01,2018-2019,2007-08,01,00,Food and non-alcoholic Beverages,254.36
2015-07-01,2015-2016,2007-08,01,01,Wheat,195.34
2015-08-01,2015-2016,2007-08,01,01,Wheat,194.04
2015-09-01,2015-2016,2007-08,01,01,Wheat,193.88
2015-10-01,2015-2016,2007-08,01,01,Wheat,200.07
2015-11-01,2015-2016,2007-08,01,01,Wheat,202.99
2015-12-01,2015-2016,2007-08,01,01,Wheat,206.87
2016-01-01,2015-2016,2007-08,01,01,Wheat,207.61
2016-02-01,2015-2016,2007-08,01,01,Wheat,209.18
2016-03-01,2015-2016,2007-08,01,01,Wheat,208.84
2016-04-01,2015-2016,2007-08,01,01,Wheat,199.84
2016-05-01,2015-2016,2007-08,01,01,Wheat,190.74
2016-06-01,2015-2016,2007-08,01,01,Wheat,190.65
2016-07-01,2016-2017,2007-08,01,01,Wheat,190.81
2016-08-01,2016-2017,2007-08,01,01,Wheat,193.5
2016-09-01,2016-2017,2007-08,01,01,Wheat,194.03
2016-10-01,2016-2017,2007-08,01,01,Wheat,202.6
2016-11-01,2016-2017,2007-08,01,01,Wheat,203.78
2016-12-01,2016-2017,2007-08,01,01,Wheat,205.54
2017-01-01,2016-2017,2007-08,01,01,Wheat,206.77
2017-02-01,2016-2017,2007-08,01,01,Wheat,207.84
2017-03-01,2016-2017,2007-08,01,01,Wheat,208.99
2017-04-01,2016-2017,2007-08,01,01,Wheat,203.46
2017-05-01,2016-2017,2007-08,01,01,Wheat,192.57
2017-06-01,2016-2017,2007-08,01,01,Wheat,192.58
2017-07-01,2017-2018,2007-08,01,01,Wheat,191.16
2017-08-01,2017-2018,2007-08,01,01,Wheat,190.51
2017-09-01,2017-2018,2007-08,01,01,Wheat,194.8
2017-10-01,2017-2018,2007-08,01,01,Wheat,197.74
2017-11-01,2017-2018,2007-08,01,01,Wheat,200.97
2017-12-01,2017-2018,2007-08,01,01,Wheat,203.16
2018-01-01,2017-2018,2007-08,01,01,Wheat,206.02
2018-02-01,2017-2018,2007-08,01,01,Wheat,205.66
2018-03-01,2017-2018,2007-08,01,01,Wheat,204.63
2018-04-01,2017-2018,2007-08,01,01,Wheat,198.93
2018-05-01,2017-2018,2007-08,01,01,Wheat,192.37
2018-06-01,2017-2018,2007-08,01,01,Wheat,194
2018-07-01,2018-2019,2007-08,01,01,Wheat,198.49
2018-08-01,2018-2019,2007-08,01,01,Wheat,198.97
2018-09-01,2018-2019,2007-08,01,01,Wheat,200.51
2018-10-01,2018-2019,2007-08,01,01,Wheat,203.64
2018-11-01,2018-2019,2007-08,01,01,Wheat,206.42
2018-12-01,2018-2019,2007-08,01,01,Wheat,207.82
2019-01-01,2018-2019,2007-08,01,01,Wheat,209.26
2019-02-01,2018-2019,2007-08,01,01,Wheat,212.26
2019-03-01,2018-2019,2007-08,01,01,Wheat,212.59
2019-04-01,2018-2019,2007-08,01,01,Wheat,208.4
2019-05-01,2018-2019,2007-08,01,01,Wheat,206.61
2019-06-01,2018-2019,2007-08,01,01,Wheat,211.05
2015-07-01,2015-2016,2007-08,01,02,Wheat Flour,209.15
2015-08-01,2015-2016,2007-08,01,02,Wheat Flour,208.24
2015-09-01,2015-2016,2007-08,01,02,Wheat Flour,208.52
2015-10-01,2015-2016,2007-08,01,02,Wheat Flour,213.1
2015-11-01,2015-2016,2007-08,01,02,Wheat Flour,216.28
2015-12-01,2015-2016,2007-08,01,02,Wheat Flour,217.09
2016-01-01,2015-2016,2007-08,01,02,Wheat Flour,217.29
2016-02-01,2015-2016,2007-08,01,02,Wheat Flour,217.05
2016-03-01,2015-2016,2007-08,01,02,Wheat Flour,216.95
2016-04-01,2015-2016,2007-08,01,02,Wheat Flour,213.8
2016-05-01,2015-2016,2007-08,01,02,Wheat Flour,208.56
2016-06-01,2015-2016,2007-08,01,02,Wheat Flour,207.51
2016-07-01,2016-2017,2007-08,01,02,Wheat Flour,208.98
2016-08-01,2016-2017,2007-08,01,02,Wheat Flour,209.16
2016-09-01,2016-2017,2007-08,01,02,Wheat Flour,209.04
2016-10-01,2016-2017,2007-08,01,02,Wheat Flour,211.25
2016-11-01,2016-2017,2007-08,01,02,Wheat Flour,212.3
2016-12-01,2016-2017,2007-08,01,02,Wheat Flour,213.35
2017-01-01,2016-2017,2007-08,01,02,Wheat Flour,213.27
2017-02-01,2016-2017,2007-08,01,02,Wheat Flour,213.15
2017-03-01,2016-2017,2007-08,01,02,Wheat Flour,213.15
2017-04-01,2016-2017,2007-08,01,02,Wheat Flour,211.07
2017-05-01,2016-2017,2007-08,01,02,Wheat Flour,208.05
2017-06-01,2016-2017,2007-08,01,02,Wheat Flour,206.83
2017-07-01,2017-2018,2007-08,01,02,Wheat Flour,204.66
2017-08-01,2017-2018,2007-08,01,02,Wheat Flour,203.1
2017-09-01,2017-2018,2007-08,01,02,Wheat Flour,204.81
2017-10-01,2017-2018,2007-08,01,02,Wheat Flour,207.43
2017-11-01,2017-2018,2007-08,01,02,Wheat Flour,211.55
2017-12-01,2017-2018,2007-08,01,02,Wheat Flour,212.54
2018-01-01,2017-2018,2007-08,01,02,Wheat Flour,212.35
2018-02-01,2017-2018,2007-08,01,02,Wheat Flour,212.84
2018-03-01,2017-2018,2007-08,01,02,Wheat Flour,211.52
2018-04-01,2017-2018,2007-08,01,02,Wheat Flour,210.07
2018-05-01,2017-2018,2007-08,01,02,Wheat Flour,206.09
2018-06-01,2017-2018,2007-08,01,02,Wheat Flour,208.16
2018-07-01,2018-2019,2007-08,01,02,Wheat Flour,211.75
2018-08-01,2018-2019,2007-08,01,02,Wheat Flour,212.13
2018-09-01,2018-2019,2007-08,01,02,Wheat Flour,212.55
2018-10-01,2018-2019,2007-08,01,02,Wheat Flour,214.19
2018-11-01,2018-2019,2007-08,01,02,Wheat Flour,215.36
2018-12-01,2018-2019,2007-08,01,02,Wheat Flour,216.23
2019-01-01,2018-2019,2007-08,01,02,Wheat Flour,216.59
2019-02-01,2018-2019,2007-08,01,02,Wheat Flour,216.91
2019-03-01,2018-2019,2007-08,01,02,Wheat Flour,217.34
2019-04-01,2018-2019,2007-08,01,02,Wheat Flour,215.66
2019-05-01,2018-2019,2007-08,01,02,Wheat Flour,217.25
2019-06-01,2018-2019,2007-08,01,02,Wheat Flour,222.06
2015-07-01,2015-2016,2007-08,01,03,Wheat Product,212.14
2015-08-01,2015-2016,2007-08,01,03,Wheat Product,212.75
2015-09-01,2015-2016,2007-08,01,03,Wheat Product,212.74
2015-10-01,2015-2016,2007-08,01,03,Wheat Product,214.59
2015-11-01,2015-2016,2007-08,01,03,Wheat Product,216.05
2015-12-01,2015-2016,2007-08,01,03,Wheat Product,216.9
2016-01-01,2015-2016,2007-08,01,03,Wheat Product,216.36
2016-02-01,2015-2016,2007-08,01,03,Wheat Product,213.03
2016-03-01,2015-2016,2007-08,01,03,Wheat Product,212.36
2016-04-01,2015-2016,2007-08,01,03,Wheat Product,214.44
2016-05-01,2015-2016,2007-08,01,03,Wheat Product,213.99
2016-06-01,2015-2016,2007-08,01,03,Wheat Product,213.52
2016-07-01,2016-2017,2007-08,01,03,Wheat Product,214.98
2016-08-01,2016-2017,2007-08,01,03,Wheat Product,215.54
2016-09-01,2016-2017,2007-08,01,03,Wheat Product,216.37
2016-10-01,2016-2017,2007-08,01,03,Wheat Product,217.29
2016-11-01,2016-2017,2007-08,01,03,Wheat Product,217.35
2016-12-01,2016-2017,2007-08,01,03,Wheat Product,217.16
2017-01-01,2016-2017,2007-08,01,03,Wheat Product,217.11
2017-02-01,2016-2017,2007-08,01,03,Wheat Product,216.39
2017-03-01,2016-2017,2007-08,01,03,Wheat Product,216.57
2017-04-01,2016-2017,2007-08,01,03,Wheat Product,216.66
2017-05-01,2016-2017,2007-08,01,03,Wheat Product,216.02
2017-06-01,2016-2017,2007-08,01,03,Wheat Product,214.38
2017-07-01,2017-2018,2007-08,01,03,Wheat Product,213.98
2017-08-01,2017-2018,2007-08,01,03,Wheat Product,212.62
2017-09-01,2017-2018,2007-08,01,03,Wheat Product,213.67
2017-10-01,2017-2018,2007-08,01,03,Wheat Product,213.11
2017-11-01,2017-2018,2007-08,01,03,Wheat Product,213.19
2017-12-01,2017-2018,2007-08,01,03,Wheat Product,215
2018-01-01,2017-2018,2007-08,01,03,Wheat Product,214.91
2018-02-01,2017-2018,2007-08,01,03,Wheat Product,214.3
2018-03-01,2017-2018,2007-08,01,03,Wheat Product,214.16
2018-04-01,2017-2018,2007-08,01,03,Wheat Product,213.09
2018-05-01,2017-2018,2007-08,01,03,Wheat Product,212.42
2018-06-01,2017-2018,2007-08,01,03,Wheat Product,212.75
2018-07-01,2018-2019,2007-08,01,03,Wheat Product,213.01
2018-08-01,2018-2019,2007-08,01,03,Wheat Product,213.31
2018-09-01,2018-2019,2007-08,01,03,Wheat Product,213.99
2018-10-01,2018-2019,2007-08,01,03,Wheat Product,214.54
2018-11-01,2018-2019,2007-08,01,03,Wheat Product,215.82
2018-12-01,2018-2019,2007-08,01,03,Wheat Product,217.36
2019-01-01,2018-2019,2007-08,01,03,Wheat Product,218.78
2019-02-01,2018-2019,2007-08,01,03,Wheat Product,218.51
2019-03-01,2018-2019,2007-08,01,03,Wheat Product,217.61
2019-04-01,2018-2019,2007-08,01,03,Wheat Product,215.88
2019-05-01,2018-2019,2007-08,01,03,Wheat Product,216.71
2019-06-01,2018-2019,2007-08,01,03,Wheat Product,218.7
2015-07-01,2015-2016,2007-08,01,04,Besan,226.93
2015-08-01,2015-2016,2007-08,01,04,Besan,236.9
2015-09-01,2015-2016,2007-08,01,04,Besan,240.09
2015-10-01,2015-2016,2007-08,01,04,Besan,250.61
2015-11-01,2015-2016,2007-08,01,04,Besan,259.87
2015-12-01,2015-2016,2007-08,01,04,Besan,263.29
2016-01-01,2015-2016,2007-08,01,04,Besan,265.87
2016-02-01,2015-2016,2007-08,01,04,Besan,258.32
2016-03-01,2015-2016,2007-08,01,04,Besan,258.58
2016-04-01,2015-2016,2007-08,01,04,Besan,266.21
2016-05-01,2015-2016,2007-08,01,04,Besan,297.68
2016-06-01,2015-2016,2007-08,01,04,Besan,304.78
2016-07-01,2016-2017,2007-08,01,04,Besan,322.68
2016-08-01,2016-2017,2007-08,01,04,Besan,327.65
2016-09-01,2016-2017,2007-08,01,04,Besan,315.81
2016-10-01,2016-2017,2007-08,01,04,Besan,327.42
2016-11-01,2016-2017,2007-08,01,04,Besan,346.57
2016-12-01,2016-2017,2007-08,01,04,Besan,350.39
2017-01-01,2016-2017,2007-08,01,04,Besan,342.04
2017-02-01,2016-2017,2007-08,01,04,Besan,310.18
2017-03-01,2016-2017,2007-08,01,04,Besan,296.24
2017-04-01,2016-2017,2007-08,01,04,Besan,296.79
2017-05-01,2016-2017,2007-08,01,04,Besan,297.62
2017-06-01,2016-2017,2007-08,01,04,Besan,285.65
2017-07-01,2017-2018,2007-08,01,04,Besan,283.83
2017-08-01,2017-2018,2007-08,01,04,Besan,279.13
2017-09-01,2017-2018,2007-08,01,04,Besan,276.11
2017-10-01,2017-2018,2007-08,01,04,Besan,280.66
2017-11-01,2017-2018,2007-08,01,04,Besan,280.28
2017-12-01,2017-2018,2007-08,01,04,Besan,279.43
2018-01-01,2017-2018,2007-08,01,04,Besan,274.45
2018-02-01,2017-2018,2007-08,01,04,Besan,271.63
2018-03-01,2017-2018,2007-08,01,04,Besan,267.57
2018-04-01,2017-2018,2007-08,01,04,Besan,263.89
2018-05-01,2017-2018,2007-08,01,04,Besan,268.4
2018-06-01,2017-2018,2007-08,01,04,Besan,260.94
2018-07-01,2018-2019,2007-08,01,04,Besan,261.62
2018-08-01,2018-2019,2007-08,01,04,Besan,265.36
2018-09-01,2018-2019,2007-08,01,04,Besan,266.82
2018-10-01,2018-2019,2007-08,01,04,Besan,267.01
2018-11-01,2018-2019,2007-08,01,04,Besan,266.48
2018-12-01,2018-2019,2007-08,01,04,Besan,270.56
2019-01-01,2018-2019,2007-08,01,04,Besan,276.26
2019-02-01,2018-2019,2007-08,01,04,Besan,274.79
2019-03-01,2018-2019,2007-08,01,04,Besan,275.2
2019-04-01,2018-2019,2007-08,01,04,Besan,273.96
2019-05-01,2018-2019,2007-08,01,04,Besan,273.41
2019-06-01,2018-2019,2007-08,01,04,Besan,275.43
2015-07-01,2015-2016,2007-08,01,05,Rice,174.19
2015-08-01,2015-2016,2007-08,01,05,Rice,174.03
2015-09-01,2015-2016,2007-08,01,05,Rice,170.56
2015-10-01,2015-2016,2007-08,01,05,Rice,164.5
2015-11-01,2015-2016,2007-08,01,05,Rice,158.55
2015-12-01,2015-2016,2007-08,01,05,Rice,156.85
2016-01-01,2015-2016,2007-08,01,05,Rice,156.97
2016-02-01,2015-2016,2007-08,01,05,Rice,156.66
2016-03-01,2015-2016,2007-08,01,05,Rice,157.09
2016-04-01,2015-2016,2007-08,01,05,Rice,155.53
2016-05-01,2015-2016,2007-08,01,05,Rice,154.07
2016-06-01,2015-2016,2007-08,01,05,Rice,156.23
2016-07-01,2016-2017,2007-08,01,05,Rice,158.13
2016-08-01,2016-2017,2007-08,01,05,Rice,159.75
2016-09-01,2016-2017,2007-08,01,05,Rice,160.52
2016-10-01,2016-2017,2007-08,01,05,Rice,160.67
2016-11-01,2016-2017,2007-08,01,05,Rice,160.23
2016-12-01,2016-2017,2007-08,01,05,Rice,160.68
2017-01-01,2016-2017,2007-08,01,05,Rice,162.33
2017-02-01,2016-2017,2007-08,01,05,Rice,168.06
2017-03-01,2016-2017,2007-08,01,05,Rice,169.87
2017-04-01,2016-2017,2007-08,01,05,Rice,174.21
2017-05-01,2016-2017,2007-08,01,05,Rice,177.72
2017-06-01,2016-2017,2007-08,01,05,Rice,178.03
2017-07-01,2017-2018,2007-08,01,05,Rice,179.16
2017-08-01,2017-2018,2007-08,01,05,Rice,182.03
2017-09-01,2017-2018,2007-08,01,05,Rice,182.86
2017-10-01,2017-2018,2007-08,01,05,Rice,182.85
2017-11-01,2017-2018,2007-08,01,05,Rice,182.82
2017-12-01,2017-2018,2007-08,01,05,Rice,184.97
2018-01-01,2017-2018,2007-08,01,05,Rice,190.46
2018-02-01,2017-2018,2007-08,01,05,Rice,191.61
2018-03-01,2017-2018,2007-08,01,05,Rice,192.45
2018-04-01,2017-2018,2007-08,01,05,Rice,193.68
2018-05-01,2017-2018,2007-08,01,05,Rice,194.33
2018-06-01,2017-2018,2007-08,01,05,Rice,193.75
2018-07-01,2018-2019,2007-08,01,05,Rice,195.96
2018-08-01,2018-2019,2007-08,01,05,Rice,197.74
2018-09-01,2018-2019,2007-08,01,05,Rice,199.02
2018-10-01,2018-2019,2007-08,01,05,Rice,200.65
2018-11-01,2018-2019,2007-08,01,05,Rice,199.78
2018-12-01,2018-2019,2007-08,01,05,Rice,201.41
2019-01-01,2018-2019,2007-08,01,05,Rice,201.61
2019-02-01,2018-2019,2007-08,01,05,Rice,201.45
2019-03-01,2018-2019,2007-08,01,05,Rice,202.28
2019-04-01,2018-2019,2007-08,01,05,Rice,203.89
2019-05-01,2018-2019,2007-08,01,05,Rice,204.99
2019-06-01,2018-2019,2007-08,01,05,Rice,205.7
2015-07-01,2015-2016,2007-08,01,06,Cereals,242.61
2015-08-01,2015-2016,2007-08,01,06,Cereals,243.87
2015-09-01,2015-2016,2007-08,01,06,Cereals,244.01
2015-10-01,2015-2016,2007-08,01,06,Cereals,244.03
2015-11-01,2015-2016,2007-08,01,06,Cereals,244.41
2015-12-01,2015-2016,2007-08,01,06,Cereals,244.3
2016-01-01,2015-2016,2007-08,01,06,Cereals,244.57
2016-02-01,2015-2016,2007-08,01,06,Cereals,245.93
2016-03-01,2015-2016,2007-08,01,06,Cereals,248.03
2016-04-01,2015-2016,2007-08,01,06,Cereals,248.02
2016-05-01,2015-2016,2007-08,01,06,Cereals,248.06
2016-06-01,2015-2016,2007-08,01,06,Cereals,248.23
2016-07-01,2016-2017,2007-08,01,06,Cereals,249.62
2016-08-01,2016-2017,2007-08,01,06,Cereals,250.03
2016-09-01,2016-2017,2007-08,01,06,Cereals,250.17
2016-10-01,2016-2017,2007-08,01,06,Cereals,250.57
2016-11-01,2016-2017,2007-08,01,06,Cereals,251.74
2016-12-01,2016-2017,2007-08,01,06,Cereals,253.48
2017-01-01,2016-2017,2007-08,01,06,Cereals,253.51
2017-02-01,2016-2017,2007-08,01,06,Cereals,253.65
2017-03-01,2016-2017,2007-08,01,06,Cereals,253.81
2017-04-01,2016-2017,2007-08,01,06,Cereals,254.41
2017-05-01,2016-2017,2007-08,01,06,Cereals,255.14
2017-06-01,2016-2017,2007-08,01,06,Cereals,254.31
2017-07-01,2017-2018,2007-08,01,06,Cereals,255.2
2017-08-01,2017-2018,2007-08,01,06,Cereals,255.72
2017-09-01,2017-2018,2007-08,01,06,Cereals,255.64
2017-10-01,2017-2018,2007-08,01,06,Cereals,257.39
2017-11-01,2017-2018,2007-08,01,06,Cereals,257.56
2017-12-01,2017-2018,2007-08,01,06,Cereals,257.59
2018-01-01,2017-2018,2007-08,01,06,Cereals,257.76
2018-02-01,2017-2018,2007-08,01,06,Cereals,259.02
2018-03-01,2017-2018,2007-08,01,06,Cereals,259.04
2018-04-01,2017-2018,2007-08,01,06,Cereals,261.81
2018-05-01,2017-2018,2007-08,01,06,Cereals,264.3
2018-06-01,2017-2018,2007-08,01,06,Cereals,263.9
2018-07-01,2018-2019,2007-08,01,06,Cereals,263.9
2018-08-01,2018-2019,2007-08,01,06,Cereals,264.58
2018-09-01,2018-2019,2007-08,01,06,Cereals,264.45
2018-10-01,2018-2019,2007-08,01,06,Cereals,264.48
2018-11-01,2018-2019,2007-08,01,06,Cereals,265.77
2018-12-01,2018-2019,2007-08,01,06,Cereals,267.98
2019-01-01,2018-2019,2007-08,01,06,Cereals,269.22
2019-02-01,2018-2019,2007-08,01,06,Cereals,269.41
2019-03-01,2018-2019,2007-08,01,06,Cereals,270.7
2019-04-01,2018-2019,2007-08,01,06,Cereals,271.41
2019-05-01,2018-2019,2007-08,01,06,Cereals,272.73
2019-06-01,2018-2019,2007-08,01,06,Cereals,273.24
2015-07-01,2015-2016,2007-08,01,07,Bakery & Confectionary,208.8
2015-08-01,2015-2016,2007-08,01,07,Bakery & Confectionary,209.48
2015-09-01,2015-2016,2007-08,01,07,Bakery & Confectionary,209.68
2015-10-01,2015-2016,2007-08,01,07,Bakery & Confectionary,209.83
2015-11-01,2015-2016,2007-08,01,07,Bakery & Confectionary,210.04
2015-12-01,2015-2016,2007-08,01,07,Bakery & Confectionary,210.23
2016-01-01,2015-2016,2007-08,01,07,Bakery & Confectionary,210.44
2016-02-01,2015-2016,2007-08,01,07,Bakery & Confectionary,211.97
2016-03-01,2015-2016,2007-08,01,07,Bakery & Confectionary,212.37
2016-04-01,2015-2016,2007-08,01,07,Bakery & Confectionary,212.32
2016-05-01,2015-2016,2007-08,01,07,Bakery & Confectionary,212.69
2016-06-01,2015-2016,2007-08,01,07,Bakery & Confectionary,213.83
2016-07-01,2016-2017,2007-08,01,07,Bakery & Confectionary,215.31
2016-08-01,2016-2017,2007-08,01,07,Bakery & Confectionary,215.45
2016-09-01,2016-2017,2007-08,01,07,Bakery & Confectionary,215.16
2016-10-01,2016-2017,2007-08,01,07,Bakery & Confectionary,215.5
2016-11-01,2016-2017,2007-08,01,07,Bakery & Confectionary,216.46
2016-12-01,2016-2017,2007-08,01,07,Bakery & Confectionary,216.31
2017-01-01,2016-2017,2007-08,01,07,Bakery & Confectionary,216.35
2017-02-01,2016-2017,2007-08,01,07,Bakery & Confectionary,216.92
2017-03-01,2016-2017,2007-08,01,07,Bakery & Confectionary,217.2
2017-04-01,2016-2017,2007-08,01,07,Bakery & Confectionary,217.62
2017-05-01,2016-2017,2007-08,01,07,Bakery & Confectionary,217.9
2017-06-01,2016-2017,2007-08,01,07,Bakery & Confectionary,218.31
2017-07-01,2017-2018,2007-08,01,07,Bakery & Confectionary,218.39
2017-08-01,2017-2018,2007-08,01,07,Bakery & Confectionary,218.89
2017-09-01,2017-2018,2007-08,01,07,Bakery & Confectionary,218.99
2017-10-01,2017-2018,2007-08,01,07,Bakery & Confectionary,219.29
2017-11-01,2017-2018,2007-08,01,07,Bakery & Confectionary,221.9
2017-12-01,2017-2018,2007-08,01,07,Bakery & Confectionary,222.54
2018-01-01,2017-2018,2007-08,01,07,Bakery & Confectionary,223.47
2018-02-01,2017-2018,2007-08,01,07,Bakery & Confectionary,224.55
2018-03-01,2017-2018,2007-08,01,07,Bakery & Confectionary,224.66
2018-04-01,2017-2018,2007-08,01,07,Bakery & Confectionary,225.07
2018-05-01,2017-2018,2007-08,01,07,Bakery & Confectionary,225.94
2018-06-01,2017-2018,2007-08,01,07,Bakery & Confectionary,226.64
2018-07-01,2018-2019,2007-08,01,07,Bakery & Confectionary,228.08
2018-08-01,2018-2019,2007-08,01,07,Bakery & Confectionary,228.93
2018-09-01,2018-2019,2007-08,01,07,Bakery & Confectionary,229.45
2018-10-01,2018-2019,2007-08,01,07,Bakery & Confectionary,229.04
2018-11-01,2018-2019,2007-08,01,07,Bakery & Confectionary,229.76
2018-12-01,2018-2019,2007-08,01,07,Bakery & Confectionary,230.7
2019-01-01,2018-2019,2007-08,01,07,Bakery & Confectionary,232.52
2019-02-01,2018-2019,2007-08,01,07,Bakery & Confectionary,233.6
2019-03-01,2018-2019,2007-08,01,07,Bakery & Confectionary,234.33
2019-04-01,2018-2019,2007-08,01,07,Bakery & Confectionary,234.69
2019-05-01,2018-2019,2007-08,01,07,Bakery & Confectionary,235.1
2019-06-01,2018-2019,2007-08,01,07,Bakery & Confectionary,239.53
2015-07-01,2015-2016,2007-08,01,08,Nimco,240.02
2015-08-01,2015-2016,2007-08,01,08,Nimco,240.88
2015-09-01,2015-2016,2007-08,01,08,Nimco,241.24
2015-10-01,2015-2016,2007-08,01,08,Nimco,241.54
2015-11-01,2015-2016,2007-08,01,08,Nimco,242.93
2015-12-01,2015-2016,2007-08,01,08,Nimco,243.73
2016-01-01,2015-2016,2007-08,01,08,Nimco,245.2
2016-02-01,2015-2016,2007-08,01,08,Nimco,246.64
2016-03-01,2015-2016,2007-08,01,08,Nimco,244.62
2016-04-01,2015-2016,2007-08,01,08,Nimco,245.22
2016-05-01,2015-2016,2007-08,01,08,Nimco,245.24
2016-06-01,2015-2016,2007-08,01,08,Nimco,248.02
2016-07-01,2016-2017,2007-08,01,08,Nimco,248.79
2016-08-01,2016-2017,2007-08,01,08,Nimco,248.87
2016-09-01,2016-2017,2007-08,01,08,Nimco,248.88
2016-10-01,2016-2017,2007-08,01,08,Nimco,249.01
2016-11-01,2016-2017,2007-08,01,08,Nimco,250.65
2016-12-01,2016-2017,2007-08,01,08,Nimco,250.57
2017-01-01,2016-2017,2007-08,01,08,Nimco,250.6
2017-02-01,2016-2017,2007-08,01,08,Nimco,250.62
2017-03-01,2016-2017,2007-08,01,08,Nimco,250.97
2017-04-01,2016-2017,2007-08,01,08,Nimco,253.75
2017-05-01,2016-2017,2007-08,01,08,Nimco,254.27
2017-06-01,2016-2017,2007-08,01,08,Nimco,254.89
2017-07-01,2017-2018,2007-08,01,08,Nimco,255.18
2017-08-01,2017-2018,2007-08,01,08,Nimco,255.83
2017-09-01,2017-2018,2007-08,01,08,Nimco,255.84
2017-10-01,2017-2018,2007-08,01,08,Nimco,256.68
2017-11-01,2017-2018,2007-08,01,08,Nimco,256.9
2017-12-01,2017-2018,2007-08,01,08,Nimco,257.02
2018-01-01,2017-2018,2007-08,01,08,Nimco,257.87
2018-02-01,2017-2018,2007-08,01,08,Nimco,257.41
2018-03-01,2017-2018,2007-08,01,08,Nimco,258.14
2018-04-01,2017-2018,2007-08,01,08,Nimco,258.88
2018-05-01,2017-2018,2007-08,01,08,Nimco,259.43
2018-06-01,2017-2018,2007-08,01,08,Nimco,259.97
2018-07-01,2018-2019,2007-08,01,08,Nimco,260.65
2018-08-01,2018-2019,2007-08,01,08,Nimco,260.84
2018-09-01,2018-2019,2007-08,01,08,Nimco,261.61
2018-10-01,2018-2019,2007-08,01,08,Nimco,260.78
2018-11-01,2018-2019,2007-08,01,08,Nimco,261.15
2018-12-01,2018-2019,2007-08,01,08,Nimco,261.71
2019-01-01,2018-2019,2007-08,01,08,Nimco,261.98
2019-02-01,2018-2019,2007-08,01,08,Nimco,263.41
2019-03-01,2018-2019,2007-08,01,08,Nimco,264.08
2019-04-01,2018-2019,2007-08,01,08,Nimco,264.08
2019-05-01,2018-2019,2007-08,01,08,Nimco,264.45
2019-06-01,2018-2019,2007-08,01,08,Nimco,264.99
2015-07-01,2015-2016,2007-08,01,09,Meat,250.33
2015-08-01,2015-2016,2007-08,01,09,Meat,252.42
2015-09-01,2015-2016,2007-08,01,09,Meat,254.88
2015-10-01,2015-2016,2007-08,01,09,Meat,255.19
2015-11-01,2015-2016,2007-08,01,09,Meat,255.84
2015-12-01,2015-2016,2007-08,01,09,Meat,257.73
2016-01-01,2015-2016,2007-08,01,09,Meat,258.7
2016-02-01,2015-2016,2007-08,01,09,Meat,259.99
2016-03-01,2015-2016,2007-08,01,09,Meat,260.17
2016-04-01,2015-2016,2007-08,01,09,Meat,260.33
2016-05-01,2015-2016,2007-08,01,09,Meat,261.05
2016-06-01,2015-2016,2007-08,01,09,Meat,261.83
2016-07-01,2016-2017,2007-08,01,09,Meat,262.75
2016-08-01,2016-2017,2007-08,01,09,Meat,263.86
2016-09-01,2016-2017,2007-08,01,09,Meat,264.07
2016-10-01,2016-2017,2007-08,01,09,Meat,264.87
2016-11-01,2016-2017,2007-08,01,09,Meat,266.48
2016-12-01,2016-2017,2007-08,01,09,Meat,266.71
2017-01-01,2016-2017,2007-08,01,09,Meat,267.47
2017-02-01,2016-2017,2007-08,01,09,Meat,268.26
2017-03-01,2016-2017,2007-08,01,09,Meat,270.81
2017-04-01,2016-2017,2007-08,01,09,Meat,271.99
2017-05-01,2016-2017,2007-08,01,09,Meat,274.72
2017-06-01,2016-2017,2007-08,01,09,Meat,278.12
2017-07-01,2017-2018,2007-08,01,09,Meat,278.7
2017-08-01,2017-2018,2007-08,01,09,Meat,284.04
2017-09-01,2017-2018,2007-08,01,09,Meat,283.65
2017-10-01,2017-2018,2007-08,01,09,Meat,284.72
2017-11-01,2017-2018,2007-08,01,09,Meat,285.83
2017-12-01,2017-2018,2007-08,01,09,Meat,287.23
2018-01-01,2017-2018,2007-08,01,09,Meat,289.65
2018-02-01,2017-2018,2007-08,01,09,Meat,290.84
2018-03-01,2017-2018,2007-08,01,09,Meat,293.53
2018-04-01,2017-2018,2007-08,01,09,Meat,298.76
2018-05-01,2017-2018,2007-08,01,09,Meat,301.28
2018-06-01,2017-2018,2007-08,01,09,Meat,304.41
2018-07-01,2018-2019,2007-08,01,09,Meat,309.43
2018-08-01,2018-2019,2007-08,01,09,Meat,313.81
2018-09-01,2018-2019,2007-08,01,09,Meat,314.34
2018-10-01,2018-2019,2007-08,01,09,Meat,318.04
2018-11-01,2018-2019,2007-08,01,09,Meat,322.09
2018-12-01,2018-2019,2007-08,01,09,Meat,325.16
2019-01-01,2018-2019,2007-08,01,09,Meat,329.05
2019-02-01,2018-2019,2007-08,01,09,Meat,331.09
2019-03-01,2018-2019,2007-08,01,09,Meat,332.66
2019-04-01,2018-2019,2007-08,01,09,Meat,336.48
2019-05-01,2018-2019,2007-08,01,09,Meat,339.83
2019-06-01,2018-2019,2007-08,01,09,Meat,343.29
2015-07-01,2015-2016,2007-08,01,10,Chicken,227.83
2015-08-01,2015-2016,2007-08,01,10,Chicken,189.75
2015-09-01,2015-2016,2007-08,01,10,Chicken,157.49
2015-10-01,2015-2016,2007-08,01,10,Chicken,143.98
2015-11-01,2015-2016,2007-08,01,10,Chicken,174.41
2015-12-01,2015-2016,2007-08,01,10,Chicken,179.49
2016-01-01,2015-2016,2007-08,01,10,Chicken,184.93
2016-02-01,2015-2016,2007-08,01,10,Chicken,148.72
2016-03-01,2015-2016,2007-08,01,10,Chicken,169.42
2016-04-01,2015-2016,2007-08,01,10,Chicken,221.51
2016-05-01,2015-2016,2007-08,01,10,Chicken,207.46
2016-06-01,2015-2016,2007-08,01,10,Chicken,193.47
2016-07-01,2016-2017,2007-08,01,10,Chicken,184.75
2016-08-01,2016-2017,2007-08,01,10,Chicken,157.45
2016-09-01,2016-2017,2007-08,01,10,Chicken,151.17
2016-10-01,2016-2017,2007-08,01,10,Chicken,181.47
2016-11-01,2016-2017,2007-08,01,10,Chicken,174.63
2016-12-01,2016-2017,2007-08,01,10,Chicken,157.28
2017-01-01,2016-2017,2007-08,01,10,Chicken,153.54
2017-02-01,2016-2017,2007-08,01,10,Chicken,165.68
2017-03-01,2016-2017,2007-08,01,10,Chicken,201.47
2017-04-01,2016-2017,2007-08,01,10,Chicken,208.2
2017-05-01,2016-2017,2007-08,01,10,Chicken,192.12
2017-06-01,2016-2017,2007-08,01,10,Chicken,182.45
2017-07-01,2017-2018,2007-08,01,10,Chicken,190.36
2017-08-01,2017-2018,2007-08,01,10,Chicken,179.73
2017-09-01,2017-2018,2007-08,01,10,Chicken,150.63
2017-10-01,2017-2018,2007-08,01,10,Chicken,151.2
2017-11-01,2017-2018,2007-08,01,10,Chicken,154.15
2017-12-01,2017-2018,2007-08,01,10,Chicken,190.64
2018-01-01,2017-2018,2007-08,01,10,Chicken,209.57
2018-02-01,2017-2018,2007-08,01,10,Chicken,199.06
2018-03-01,2017-2018,2007-08,01,10,Chicken,207.8
2018-04-01,2017-2018,2007-08,01,10,Chicken,216.82
2018-05-01,2017-2018,2007-08,01,10,Chicken,232.54
2018-06-01,2017-2018,2007-08,01,10,Chicken,230.25
2018-07-01,2018-2019,2007-08,01,10,Chicken,191.31
2018-08-01,2018-2019,2007-08,01,10,Chicken,152.83
2018-09-01,2018-2019,2007-08,01,10,Chicken,143.44
2018-10-01,2018-2019,2007-08,01,10,Chicken,194
2018-11-01,2018-2019,2007-08,01,10,Chicken,222.68
2018-12-01,2018-2019,2007-08,01,10,Chicken,207.54
2019-01-01,2018-2019,2007-08,01,10,Chicken,170.06
2019-02-01,2018-2019,2007-08,01,10,Chicken,177.16
2019-03-01,2018-2019,2007-08,01,10,Chicken,205.3
2019-04-01,2018-2019,2007-08,01,10,Chicken,225.63
2019-05-01,2018-2019,2007-08,01,10,Chicken,213.6
2019-06-01,2018-2019,2007-08,01,10,Chicken,202.46
2015-07-01,2015-2016,2007-08,01,11,Fish,211.33
2015-08-01,2015-2016,2007-08,01,11,Fish,211.3
2015-09-01,2015-2016,2007-08,01,11,Fish,212.73
2015-10-01,2015-2016,2007-08,01,11,Fish,214.66
2015-11-01,2015-2016,2007-08,01,11,Fish,219.78
2015-12-01,2015-2016,2007-08,01,11,Fish,221.24
2016-01-01,2015-2016,2007-08,01,11,Fish,223.97
2016-02-01,2015-2016,2007-08,01,11,Fish,217.07
2016-03-01,2015-2016,2007-08,01,11,Fish,216.71
2016-04-01,2015-2016,2007-08,01,11,Fish,220.79
2016-05-01,2015-2016,2007-08,01,11,Fish,218.98
2016-06-01,2015-2016,2007-08,01,11,Fish,218.3
2016-07-01,2016-2017,2007-08,01,11,Fish,218.77
2016-08-01,2016-2017,2007-08,01,11,Fish,218.81
2016-09-01,2016-2017,2007-08,01,11,Fish,216.97
2016-10-01,2016-2017,2007-08,01,11,Fish,216.3
2016-11-01,2016-2017,2007-08,01,11,Fish,215.91
2016-12-01,2016-2017,2007-08,01,11,Fish,218.75
2017-01-01,2016-2017,2007-08,01,11,Fish,218.2
2017-02-01,2016-2017,2007-08,01,11,Fish,219.56
2017-03-01,2016-2017,2007-08,01,11,Fish,218.06
2017-04-01,2016-2017,2007-08,01,11,Fish,217.64
2017-05-01,2016-2017,2007-08,01,11,Fish,216.86
2017-06-01,2016-2017,2007-08,01,11,Fish,217.81
2017-07-01,2017-2018,2007-08,01,11,Fish,214.09
2017-08-01,2017-2018,2007-08,01,11,Fish,216.37
2017-09-01,2017-2018,2007-08,01,11,Fish,215.33
2017-10-01,2017-2018,2007-08,01,11,Fish,214.23
2017-11-01,2017-2018,2007-08,01,11,Fish,217.74
2017-12-01,2017-2018,2007-08,01,11,Fish,219.86
2018-01-01,2017-2018,2007-08,01,11,Fish,221.6
2018-02-01,2017-2018,2007-08,01,11,Fish,221.93
2018-03-01,2017-2018,2007-08,01,11,Fish,224.31
2018-04-01,2017-2018,2007-08,01,11,Fish,227.59
2018-05-01,2017-2018,2007-08,01,11,Fish,228.1
2018-06-01,2017-2018,2007-08,01,11,Fish,228.77
2018-07-01,2018-2019,2007-08,01,11,Fish,228.91
2018-08-01,2018-2019,2007-08,01,11,Fish,228.91
2018-09-01,2018-2019,2007-08,01,11,Fish,223.09
2018-10-01,2018-2019,2007-08,01,11,Fish,220.02
2018-11-01,2018-2019,2007-08,01,11,Fish,228.89
2018-12-01,2018-2019,2007-08,01,11,Fish,230.75
2019-01-01,2018-2019,2007-08,01,11,Fish,234.73
2019-02-01,2018-2019,2007-08,01,11,Fish,239.46
2019-03-01,2018-2019,2007-08,01,11,Fish,242.29
2019-04-01,2018-2019,2007-08,01,11,Fish,246.88
2019-05-01,2018-2019,2007-08,01,11,Fish,244.13
2019-06-01,2018-2019,2007-08,01,11,Fish,240.7
2015-07-01,2015-2016,2007-08,01,12,Milk Fresh,254.76
2015-08-01,2015-2016,2007-08,01,12,Milk Fresh,255.57
2015-09-01,2015-2016,2007-08,01,12,Milk Fresh,256.67
2015-10-01,2015-2016,2007-08,01,12,Milk Fresh,256.89
2015-11-01,2015-2016,2007-08,01,12,Milk Fresh,257.02
2015-12-01,2015-2016,2007-08,01,12,Milk Fresh,258.64
2016-01-01,2015-2016,2007-08,01,12,Milk Fresh,259.06
2016-02-01,2015-2016,2007-08,01,12,Milk Fresh,259.27
2016-03-01,2015-2016,2007-08,01,12,Milk Fresh,259.52
2016-04-01,2015-2016,2007-08,01,12,Milk Fresh,260.36
2016-05-01,2015-2016,2007-08,01,12,Milk Fresh,261.88
2016-06-01,2015-2016,2007-08,01,12,Milk Fresh,263.49
2016-07-01,2016-2017,2007-08,01,12,Milk Fresh,265.5
2016-08-01,2016-2017,2007-08,01,12,Milk Fresh,266.37
2016-09-01,2016-2017,2007-08,01,12,Milk Fresh,266.39
2016-10-01,2016-2017,2007-08,01,12,Milk Fresh,266.4
2016-11-01,2016-2017,2007-08,01,12,Milk Fresh,267.15
2016-12-01,2016-2017,2007-08,01,12,Milk Fresh,267.57
2017-01-01,2016-2017,2007-08,01,12,Milk Fresh,267.9
2017-02-01,2016-2017,2007-08,01,12,Milk Fresh,268.32
2017-03-01,2016-2017,2007-08,01,12,Milk Fresh,269.32
2017-04-01,2016-2017,2007-08,01,12,Milk Fresh,271.51
2017-05-01,2016-2017,2007-08,01,12,Milk Fresh,273.61
2017-06-01,2016-2017,2007-08,01,12,Milk Fresh,273.62
2017-07-01,2017-2018,2007-08,01,12,Milk Fresh,275.62
2017-08-01,2017-2018,2007-08,01,12,Milk Fresh,276.02
2017-09-01,2017-2018,2007-08,01,12,Milk Fresh,276.04
2017-10-01,2017-2018,2007-08,01,12,Milk Fresh,277.04
2017-11-01,2017-2018,2007-08,01,12,Milk Fresh,277.08
2017-12-01,2017-2018,2007-08,01,12,Milk Fresh,277.89
2018-01-01,2017-2018,2007-08,01,12,Milk Fresh,279.02
2018-02-01,2017-2018,2007-08,01,12,Milk Fresh,279.48
2018-03-01,2017-2018,2007-08,01,12,Milk Fresh,279.5
2018-04-01,2017-2018,2007-08,01,12,Milk Fresh,281.77
2018-05-01,2017-2018,2007-08,01,12,Milk Fresh,283.4
2018-06-01,2017-2018,2007-08,01,12,Milk Fresh,283.79
2018-07-01,2018-2019,2007-08,01,12,Milk Fresh,285.71
2018-08-01,2018-2019,2007-08,01,12,Milk Fresh,287.03
2018-09-01,2018-2019,2007-08,01,12,Milk Fresh,287.14
2018-10-01,2018-2019,2007-08,01,12,Milk Fresh,286.97
2018-11-01,2018-2019,2007-08,01,12,Milk Fresh,287.73
2018-12-01,2018-2019,2007-08,01,12,Milk Fresh,288.19
2019-01-01,2018-2019,2007-08,01,12,Milk Fresh,290.49
2019-02-01,2018-2019,2007-08,01,12,Milk Fresh,290.78
2019-03-01,2018-2019,2007-08,01,12,Milk Fresh,291.26
2019-04-01,2018-2019,2007-08,01,12,Milk Fresh,293.07
2019-05-01,2018-2019,2007-08,01,12,Milk Fresh,293.43
2019-06-01,2018-2019,2007-08,01,12,Milk Fresh,296.5
2015-07-01,2015-2016,2007-08,01,13,Milk Products,247.17
2015-08-01,2015-2016,2007-08,01,13,Milk Products,247.22
2015-09-01,2015-2016,2007-08,01,13,Milk Products,248.48
2015-10-01,2015-2016,2007-08,01,13,Milk Products,248.48
2015-11-01,2015-2016,2007-08,01,13,Milk Products,249.39
2015-12-01,2015-2016,2007-08,01,13,Milk Products,250.23
2016-01-01,2015-2016,2007-08,01,13,Milk Products,250.44
2016-02-01,2015-2016,2007-08,01,13,Milk Products,250.66
2016-03-01,2015-2016,2007-08,01,13,Milk Products,251.48
2016-04-01,2015-2016,2007-08,01,13,Milk Products,251.36
2016-05-01,2015-2016,2007-08,01,13,Milk Products,253.26
2016-06-01,2015-2016,2007-08,01,13,Milk Products,254.37
2016-07-01,2016-2017,2007-08,01,13,Milk Products,256.27
2016-08-01,2016-2017,2007-08,01,13,Milk Products,256.76
2016-09-01,2016-2017,2007-08,01,13,Milk Products,256.76
2016-10-01,2016-2017,2007-08,01,13,Milk Products,256.84
2016-11-01,2016-2017,2007-08,01,13,Milk Products,257.33
2016-12-01,2016-2017,2007-08,01,13,Milk Products,257.72
2017-01-01,2016-2017,2007-08,01,13,Milk Products,257.8
2017-02-01,2016-2017,2007-08,01,13,Milk Products,258.54
2017-03-01,2016-2017,2007-08,01,13,Milk Products,258.9
2017-04-01,2016-2017,2007-08,01,13,Milk Products,260.42
2017-05-01,2016-2017,2007-08,01,13,Milk Products,261.79
2017-06-01,2016-2017,2007-08,01,13,Milk Products,262.51
2017-07-01,2017-2018,2007-08,01,13,Milk Products,264.4
2017-08-01,2017-2018,2007-08,01,13,Milk Products,265.43
2017-09-01,2017-2018,2007-08,01,13,Milk Products,267.3
2017-10-01,2017-2018,2007-08,01,13,Milk Products,268.1
2017-11-01,2017-2018,2007-08,01,13,Milk Products,268.37
2017-12-01,2017-2018,2007-08,01,13,Milk Products,268.37
2018-01-01,2017-2018,2007-08,01,13,Milk Products,270.72
2018-02-01,2017-2018,2007-08,01,13,Milk Products,271.59
2018-03-01,2017-2018,2007-08,01,13,Milk Products,272.17
2018-04-01,2017-2018,2007-08,01,13,Milk Products,274.91
2018-05-01,2017-2018,2007-08,01,13,Milk Products,275.28
2018-06-01,2017-2018,2007-08,01,13,Milk Products,275.29
2018-07-01,2018-2019,2007-08,01,13,Milk Products,277
2018-08-01,2018-2019,2007-08,01,13,Milk Products,277.39
2018-09-01,2018-2019,2007-08,01,13,Milk Products,278.55
2018-10-01,2018-2019,2007-08,01,13,Milk Products,278.92
2018-11-01,2018-2019,2007-08,01,13,Milk Products,279.73
2018-12-01,2018-2019,2007-08,01,13,Milk Products,279.87
2019-01-01,2018-2019,2007-08,01,13,Milk Products,282.97
2019-02-01,2018-2019,2007-08,01,13,Milk Products,284.16
2019-03-01,2018-2019,2007-08,01,13,Milk Products,284.62
2019-04-01,2018-2019,2007-08,01,13,Milk Products,286.28
2019-05-01,2018-2019,2007-08,01,13,Milk Products,287.09
2019-06-01,2018-2019,2007-08,01,13,Milk Products,288.08
2015-07-01,2015-2016,2007-08,01,14,Milk Powder,226.78
2015-08-01,2015-2016,2007-08,01,14,Milk Powder,227.17
2015-09-01,2015-2016,2007-08,01,14,Milk Powder,226.9
2015-10-01,2015-2016,2007-08,01,14,Milk Powder,230.26
2015-11-01,2015-2016,2007-08,01,14,Milk Powder,231.58
2015-12-01,2015-2016,2007-08,01,14,Milk Powder,232.01
2016-01-01,2015-2016,2007-08,01,14,Milk Powder,233.68
2016-02-01,2015-2016,2007-08,01,14,Milk Powder,234.3
2016-03-01,2015-2016,2007-08,01,14,Milk Powder,235.07
2016-04-01,2015-2016,2007-08,01,14,Milk Powder,235.13
2016-05-01,2015-2016,2007-08,01,14,Milk Powder,235.69
2016-06-01,2015-2016,2007-08,01,14,Milk Powder,236.54
2016-07-01,2016-2017,2007-08,01,14,Milk Powder,236.84
2016-08-01,2016-2017,2007-08,01,14,Milk Powder,236.75
2016-09-01,2016-2017,2007-08,01,14,Milk Powder,237.04
2016-10-01,2016-2017,2007-08,01,14,Milk Powder,237.25
2016-11-01,2016-2017,2007-08,01,14,Milk Powder,237.27
2016-12-01,2016-2017,2007-08,01,14,Milk Powder,236.55
2017-01-01,2016-2017,2007-08,01,14,Milk Powder,236.11
2017-02-01,2016-2017,2007-08,01,14,Milk Powder,236.18
2017-03-01,2016-2017,2007-08,01,14,Milk Powder,234.74
2017-04-01,2016-2017,2007-08,01,14,Milk Powder,234.56
2017-05-01,2016-2017,2007-08,01,14,Milk Powder,234.48
2017-06-01,2016-2017,2007-08,01,14,Milk Powder,233.49
2017-07-01,2017-2018,2007-08,01,14,Milk Powder,234.53
2017-08-01,2017-2018,2007-08,01,14,Milk Powder,234.41
2017-09-01,2017-2018,2007-08,01,14,Milk Powder,234.64
2017-10-01,2017-2018,2007-08,01,14,Milk Powder,235.75
2017-11-01,2017-2018,2007-08,01,14,Milk Powder,236.83
2017-12-01,2017-2018,2007-08,01,14,Milk Powder,237.44
2018-01-01,2017-2018,2007-08,01,14,Milk Powder,237.95
2018-02-01,2017-2018,2007-08,01,14,Milk Powder,238.41
2018-03-01,2017-2018,2007-08,01,14,Milk Powder,239.08
2018-04-01,2017-2018,2007-08,01,14,Milk Powder,241.94
2018-05-01,2017-2018,2007-08,01,14,Milk Powder,243.79
2018-06-01,2017-2018,2007-08,01,14,Milk Powder,244.05
2018-07-01,2018-2019,2007-08,01,14,Milk Powder,244.99
2018-08-01,2018-2019,2007-08,01,14,Milk Powder,245.56
2018-09-01,2018-2019,2007-08,01,14,Milk Powder,247.39
2018-10-01,2018-2019,2007-08,01,14,Milk Powder,248.64
2018-11-01,2018-2019,2007-08,01,14,Milk Powder,251.43
2018-12-01,2018-2019,2007-08,01,14,Milk Powder,253.78
2019-01-01,2018-2019,2007-08,01,14,Milk Powder,256.37
2019-02-01,2018-2019,2007-08,01,14,Milk Powder,257.66
2019-03-01,2018-2019,2007-08,01,14,Milk Powder,258.38
2019-04-01,2018-2019,2007-08,01,14,Milk Powder,259.07
2019-05-01,2018-2019,2007-08,01,14,Milk Powder,259.46
2019-06-01,2018-2019,2007-08,01,14,Milk Powder,261.52
2015-07-01,2015-2016,2007-08,01,15,Eggs,174.43
2015-08-01,2015-2016,2007-08,01,15,Eggs,196.17
2015-09-01,2015-2016,2007-08,01,15,Eggs,189.42
2015-10-01,2015-2016,2007-08,01,15,Eggs,181.97
2015-11-01,2015-2016,2007-08,01,15,Eggs,201.4
2015-12-01,2015-2016,2007-08,01,15,Eggs,208.94
2016-01-01,2015-2016,2007-08,01,15,Eggs,205.86
2016-02-01,2015-2016,2007-08,01,15,Eggs,202.68
2016-03-01,2015-2016,2007-08,01,15,Eggs,169.12
2016-04-01,2015-2016,2007-08,01,15,Eggs,157.99
2016-05-01,2015-2016,2007-08,01,15,Eggs,150.91
2016-06-01,2015-2016,2007-08,01,15,Eggs,163.75
2016-07-01,2016-2017,2007-08,01,15,Eggs,178.31
2016-08-01,2016-2017,2007-08,01,15,Eggs,192.6
2016-09-01,2016-2017,2007-08,01,15,Eggs,202.98
2016-10-01,2016-2017,2007-08,01,15,Eggs,196.35
2016-11-01,2016-2017,2007-08,01,15,Eggs,241.93
2016-12-01,2016-2017,2007-08,01,15,Eggs,258.52
2017-01-01,2016-2017,2007-08,01,15,Eggs,251.58
2017-02-01,2016-2017,2007-08,01,15,Eggs,229.6
2017-03-01,2016-2017,2007-08,01,15,Eggs,180.6
2017-04-01,2016-2017,2007-08,01,15,Eggs,179.91
2017-05-01,2016-2017,2007-08,01,15,Eggs,178.26
2017-06-01,2016-2017,2007-08,01,15,Eggs,186.21
2017-07-01,2017-2018,2007-08,01,15,Eggs,193.19
2017-08-01,2017-2018,2007-08,01,15,Eggs,197.47
2017-09-01,2017-2018,2007-08,01,15,Eggs,205.37
2017-10-01,2017-2018,2007-08,01,15,Eggs,209.55
2017-11-01,2017-2018,2007-08,01,15,Eggs,273.24
2017-12-01,2017-2018,2007-08,01,15,Eggs,265.77
2018-01-01,2017-2018,2007-08,01,15,Eggs,237.31
2018-02-01,2017-2018,2007-08,01,15,Eggs,213.54
2018-03-01,2017-2018,2007-08,01,15,Eggs,198.03
2018-04-01,2017-2018,2007-08,01,15,Eggs,188
2018-05-01,2017-2018,2007-08,01,15,Eggs,189.94
2018-06-01,2017-2018,2007-08,01,15,Eggs,182.83
2018-07-01,2018-2019,2007-08,01,15,Eggs,204.79
2018-08-01,2018-2019,2007-08,01,15,Eggs,199.9
2018-09-01,2018-2019,2007-08,01,15,Eggs,194.28
2018-10-01,2018-2019,2007-08,01,15,Eggs,222.28
2018-11-01,2018-2019,2007-08,01,15,Eggs,244.95
2018-12-01,2018-2019,2007-08,01,15,Eggs,241.73
2019-01-01,2018-2019,2007-08,01,15,Eggs,238.67
2019-02-01,2018-2019,2007-08,01,15,Eggs,228.93
2019-03-01,2018-2019,2007-08,01,15,Eggs,214.46
2019-04-01,2018-2019,2007-08,01,15,Eggs,171.82
2019-05-01,2018-2019,2007-08,01,15,Eggs,169.95
2019-06-01,2018-2019,2007-08,01,15,Eggs,172.61
2015-07-01,2015-2016,2007-08,01,16,Mustard Oil,152.44
2015-08-01,2015-2016,2007-08,01,16,Mustard Oil,153.77
2015-09-01,2015-2016,2007-08,01,16,Mustard Oil,153.79
2015-10-01,2015-2016,2007-08,01,16,Mustard Oil,154.04
2015-11-01,2015-2016,2007-08,01,16,Mustard Oil,155.03
2015-12-01,2015-2016,2007-08,01,16,Mustard Oil,154.57
2016-01-01,2015-2016,2007-08,01,16,Mustard Oil,154.93
2016-02-01,2015-2016,2007-08,01,16,Mustard Oil,155.57
2016-03-01,2015-2016,2007-08,01,16,Mustard Oil,155.95
2016-04-01,2015-2016,2007-08,01,16,Mustard Oil,153.28
2016-05-01,2015-2016,2007-08,01,16,Mustard Oil,153.93
2016-06-01,2015-2016,2007-08,01,16,Mustard Oil,153.99
2016-07-01,2016-2017,2007-08,01,16,Mustard Oil,153.99
2016-08-01,2016-2017,2007-08,01,16,Mustard Oil,154.01
2016-09-01,2016-2017,2007-08,01,16,Mustard Oil,153.83
2016-10-01,2016-2017,2007-08,01,16,Mustard Oil,153.72
2016-11-01,2016-2017,2007-08,01,16,Mustard Oil,155.96
2016-12-01,2016-2017,2007-08,01,16,Mustard Oil,156.65
2017-01-01,2016-2017,2007-08,01,16,Mustard Oil,156.91
2017-02-01,2016-2017,2007-08,01,16,Mustard Oil,158.04
2017-03-01,2016-2017,2007-08,01,16,Mustard Oil,157.82
2017-04-01,2016-2017,2007-08,01,16,Mustard Oil,157.82
2017-05-01,2016-2017,2007-08,01,16,Mustard Oil,159.76
2017-06-01,2016-2017,2007-08,01,16,Mustard Oil,159.86
2017-07-01,2017-2018,2007-08,01,16,Mustard Oil,159.87
2017-08-01,2017-2018,2007-08,01,16,Mustard Oil,160.1
2017-09-01,2017-2018,2007-08,01,16,Mustard Oil,160.21
2017-10-01,2017-2018,2007-08,01,16,Mustard Oil,161.44
2017-11-01,2017-2018,2007-08,01,16,Mustard Oil,161.96
2017-12-01,2017-2018,2007-08,01,16,Mustard Oil,162.61
2018-01-01,2017-2018,2007-08,01,16,Mustard Oil,162.43
2018-02-01,2017-2018,2007-08,01,16,Mustard Oil,162.81
2018-03-01,2017-2018,2007-08,01,16,Mustard Oil,162.97
2018-04-01,2017-2018,2007-08,01,16,Mustard Oil,164.66
2018-05-01,2017-2018,2007-08,01,16,Mustard Oil,164.68
2018-06-01,2017-2018,2007-08,01,16,Mustard Oil,163.47
2018-07-01,2018-2019,2007-08,01,16,Mustard Oil,164.01
2018-08-01,2018-2019,2007-08,01,16,Mustard Oil,164.27
2018-09-01,2018-2019,2007-08,01,16,Mustard Oil,164.8
2018-10-01,2018-2019,2007-08,01,16,Mustard Oil,164.9
2018-11-01,2018-2019,2007-08,01,16,Mustard Oil,165.01
2018-12-01,2018-2019,2007-08,01,16,Mustard Oil,165.01
2019-01-01,2018-2019,2007-08,01,16,Mustard Oil,167.11
2019-02-01,2018-2019,2007-08,01,16,Mustard Oil,167.25
2019-03-01,2018-2019,2007-08,01,16,Mustard Oil,167.29
2019-04-01,2018-2019,2007-08,01,16,Mustard Oil,169.31
2019-05-01,2018-2019,2007-08,01,16,Mustard Oil,170.41
2019-06-01,2018-2019,2007-08,01,16,Mustard Oil,171.66
2015-07-01,2015-2016,2007-08,01,17,Cooking Oil,142.1
2015-08-01,2015-2016,2007-08,01,17,Cooking Oil,141.58
2015-09-01,2015-2016,2007-08,01,17,Cooking Oil,137.91
2015-10-01,2015-2016,2007-08,01,17,Cooking Oil,135.21
2015-11-01,2015-2016,2007-08,01,17,Cooking Oil,133.44
2015-12-01,2015-2016,2007-08,01,17,Cooking Oil,133.55
2016-01-01,2015-2016,2007-08,01,17,Cooking Oil,132.05
2016-02-01,2015-2016,2007-08,01,17,Cooking Oil,132.13
2016-03-01,2015-2016,2007-08,01,17,Cooking Oil,132.58
2016-04-01,2015-2016,2007-08,01,17,Cooking Oil,132.28
2016-05-01,2015-2016,2007-08,01,17,Cooking Oil,132.88
2016-06-01,2015-2016,2007-08,01,17,Cooking Oil,133.28
2016-07-01,2016-2017,2007-08,01,17,Cooking Oil,133.61
2016-08-01,2016-2017,2007-08,01,17,Cooking Oil,133.69
2016-09-01,2016-2017,2007-08,01,17,Cooking Oil,133.69
2016-10-01,2016-2017,2007-08,01,17,Cooking Oil,133.71
2016-11-01,2016-2017,2007-08,01,17,Cooking Oil,134
2016-12-01,2016-2017,2007-08,01,17,Cooking Oil,134.91
2017-01-01,2016-2017,2007-08,01,17,Cooking Oil,135.3
2017-02-01,2016-2017,2007-08,01,17,Cooking Oil,135.95
2017-03-01,2016-2017,2007-08,01,17,Cooking Oil,136.67
2017-04-01,2016-2017,2007-08,01,17,Cooking Oil,137.69
2017-05-01,2016-2017,2007-08,01,17,Cooking Oil,137.86
2017-06-01,2016-2017,2007-08,01,17,Cooking Oil,137.77
2017-07-01,2017-2018,2007-08,01,17,Cooking Oil,138.25
2017-08-01,2017-2018,2007-08,01,17,Cooking Oil,138.09
2017-09-01,2017-2018,2007-08,01,17,Cooking Oil,138.1
2017-10-01,2017-2018,2007-08,01,17,Cooking Oil,138.35
2017-11-01,2017-2018,2007-08,01,17,Cooking Oil,138.58
2017-12-01,2017-2018,2007-08,01,17,Cooking Oil,138.59
2018-01-01,2017-2018,2007-08,01,17,Cooking Oil,138.73
2018-02-01,2017-2018,2007-08,01,17,Cooking Oil,138.56
2018-03-01,2017-2018,2007-08,01,17,Cooking Oil,139.23
2018-04-01,2017-2018,2007-08,01,17,Cooking Oil,140.48
2018-05-01,2017-2018,2007-08,01,17,Cooking Oil,140.71
2018-06-01,2017-2018,2007-08,01,17,Cooking Oil,140.8
2018-07-01,2018-2019,2007-08,01,17,Cooking Oil,140.9
2018-08-01,2018-2019,2007-08,01,17,Cooking Oil,141.32
2018-09-01,2018-2019,2007-08,01,17,Cooking Oil,141.62
2018-10-01,2018-2019,2007-08,01,17,Cooking Oil,142.23
2018-11-01,2018-2019,2007-08,01,17,Cooking Oil,143.37
2018-12-01,2018-2019,2007-08,01,17,Cooking Oil,146.12
2019-01-01,2018-2019,2007-08,01,17,Cooking Oil,147.98
2019-02-01,2018-2019,2007-08,01,17,Cooking Oil,148.19
2019-03-01,2018-2019,2007-08,01,17,Cooking Oil,148.45
2019-04-01,2018-2019,2007-08,01,17,Cooking Oil,151.17
2019-05-01,2018-2019,2007-08,01,17,Cooking Oil,151.39
2019-06-01,2018-2019,2007-08,01,17,Cooking Oil,151.69
2015-07-01,2015-2016,2007-08,01,18,Vegetable Ghee,140.77
2015-08-01,2015-2016,2007-08,01,18,Vegetable Ghee,140.34
2015-09-01,2015-2016,2007-08,01,18,Vegetable Ghee,138.19
2015-10-01,2015-2016,2007-08,01,18,Vegetable Ghee,137.08
2015-11-01,2015-2016,2007-08,01,18,Vegetable Ghee,135.99
2015-12-01,2015-2016,2007-08,01,18,Vegetable Ghee,136.07
2016-01-01,2015-2016,2007-08,01,18,Vegetable Ghee,135.63
2016-02-01,2015-2016,2007-08,01,18,Vegetable Ghee,135.96
2016-03-01,2015-2016,2007-08,01,18,Vegetable Ghee,136.29
2016-04-01,2015-2016,2007-08,01,18,Vegetable Ghee,137.14
2016-05-01,2015-2016,2007-08,01,18,Vegetable Ghee,137.59
2016-06-01,2015-2016,2007-08,01,18,Vegetable Ghee,137.43
2016-07-01,2016-2017,2007-08,01,18,Vegetable Ghee,136.94
2016-08-01,2016-2017,2007-08,01,18,Vegetable Ghee,136.99
2016-09-01,2016-2017,2007-08,01,18,Vegetable Ghee,137.89
2016-10-01,2016-2017,2007-08,01,18,Vegetable Ghee,138.08
2016-11-01,2016-2017,2007-08,01,18,Vegetable Ghee,138.42
2016-12-01,2016-2017,2007-08,01,18,Vegetable Ghee,139.83
2017-01-01,2016-2017,2007-08,01,18,Vegetable Ghee,140.9
2017-02-01,2016-2017,2007-08,01,18,Vegetable Ghee,141.52
2017-03-01,2016-2017,2007-08,01,18,Vegetable Ghee,142.06
2017-04-01,2016-2017,2007-08,01,18,Vegetable Ghee,143.12
2017-05-01,2016-2017,2007-08,01,18,Vegetable Ghee,142.61
2017-06-01,2016-2017,2007-08,01,18,Vegetable Ghee,142.61
2017-07-01,2017-2018,2007-08,01,18,Vegetable Ghee,142.8
2017-08-01,2017-2018,2007-08,01,18,Vegetable Ghee,143.05
2017-09-01,2017-2018,2007-08,01,18,Vegetable Ghee,143.03
2017-10-01,2017-2018,2007-08,01,18,Vegetable Ghee,143.26
2017-11-01,2017-2018,2007-08,01,18,Vegetable Ghee,143.68
2017-12-01,2017-2018,2007-08,01,18,Vegetable Ghee,143.53
2018-01-01,2017-2018,2007-08,01,18,Vegetable Ghee,143.9
2018-02-01,2017-2018,2007-08,01,18,Vegetable Ghee,143.55
2018-03-01,2017-2018,2007-08,01,18,Vegetable Ghee,143.79
2018-04-01,2017-2018,2007-08,01,18,Vegetable Ghee,144.61
2018-05-01,2017-2018,2007-08,01,18,Vegetable Ghee,145.16
2018-06-01,2017-2018,2007-08,01,18,Vegetable Ghee,146.24
2018-07-01,2018-2019,2007-08,01,18,Vegetable Ghee,146.78
2018-08-01,2018-2019,2007-08,01,18,Vegetable Ghee,147.39
2018-09-01,2018-2019,2007-08,01,18,Vegetable Ghee,147.6
2018-10-01,2018-2019,2007-08,01,18,Vegetable Ghee,148.48
2018-11-01,2018-2019,2007-08,01,18,Vegetable Ghee,149.98
2018-12-01,2018-2019,2007-08,01,18,Vegetable Ghee,152.03
2019-01-01,2018-2019,2007-08,01,18,Vegetable Ghee,152.96
2019-02-01,2018-2019,2007-08,01,18,Vegetable Ghee,153.22
2019-03-01,2018-2019,2007-08,01,18,Vegetable Ghee,154.11
2019-04-01,2018-2019,2007-08,01,18,Vegetable Ghee,156.14
2019-05-01,2018-2019,2007-08,01,18,Vegetable Ghee,156.47
2019-06-01,2018-2019,2007-08,01,18,Vegetable Ghee,158.05
2015-07-01,2015-2016,2007-08,01,19,Dry Fruits,252.84
2015-08-01,2015-2016,2007-08,01,19,Dry Fruits,250.52
2015-09-01,2015-2016,2007-08,01,19,Dry Fruits,249.61
2015-10-01,2015-2016,2007-08,01,19,Dry Fruits,252.42
2015-11-01,2015-2016,2007-08,01,19,Dry Fruits,255.1
2015-12-01,2015-2016,2007-08,01,19,Dry Fruits,258.78
2016-01-01,2015-2016,2007-08,01,19,Dry Fruits,261.69
2016-02-01,2015-2016,2007-08,01,19,Dry Fruits,262.54
2016-03-01,2015-2016,2007-08,01,19,Dry Fruits,261.11
2016-04-01,2015-2016,2007-08,01,19,Dry Fruits,263.06
2016-05-01,2015-2016,2007-08,01,19,Dry Fruits,263.17
2016-06-01,2015-2016,2007-08,01,19,Dry Fruits,263.76
2016-07-01,2016-2017,2007-08,01,19,Dry Fruits,263.57
2016-08-01,2016-2017,2007-08,01,19,Dry Fruits,262.69
2016-09-01,2016-2017,2007-08,01,19,Dry Fruits,258.62
2016-10-01,2016-2017,2007-08,01,19,Dry Fruits,261.23
2016-11-01,2016-2017,2007-08,01,19,Dry Fruits,265
2016-12-01,2016-2017,2007-08,01,19,Dry Fruits,265.05
2017-01-01,2016-2017,2007-08,01,19,Dry Fruits,265.17
2017-02-01,2016-2017,2007-08,01,19,Dry Fruits,264.98
2017-03-01,2016-2017,2007-08,01,19,Dry Fruits,263.92
2017-04-01,2016-2017,2007-08,01,19,Dry Fruits,266.78
2017-05-01,2016-2017,2007-08,01,19,Dry Fruits,266.15
2017-06-01,2016-2017,2007-08,01,19,Dry Fruits,264.11
2017-07-01,2017-2018,2007-08,01,19,Dry Fruits,264.33
2017-08-01,2017-2018,2007-08,01,19,Dry Fruits,263.32
2017-09-01,2017-2018,2007-08,01,19,Dry Fruits,263.91
2017-10-01,2017-2018,2007-08,01,19,Dry Fruits,265.47
2017-11-01,2017-2018,2007-08,01,19,Dry Fruits,269.66
2017-12-01,2017-2018,2007-08,01,19,Dry Fruits,274.4
2018-01-01,2017-2018,2007-08,01,19,Dry Fruits,277
2018-02-01,2017-2018,2007-08,01,19,Dry Fruits,278.6
2018-03-01,2017-2018,2007-08,01,19,Dry Fruits,279.84
2018-04-01,2017-2018,2007-08,01,19,Dry Fruits,284.15
2018-05-01,2017-2018,2007-08,01,19,Dry Fruits,289.34
2018-06-01,2017-2018,2007-08,01,19,Dry Fruits,291.36
2018-07-01,2018-2019,2007-08,01,19,Dry Fruits,293.12
2018-08-01,2018-2019,2007-08,01,19,Dry Fruits,293.19
2018-09-01,2018-2019,2007-08,01,19,Dry Fruits,291.02
2018-10-01,2018-2019,2007-08,01,19,Dry Fruits,292.79
2018-11-01,2018-2019,2007-08,01,19,Dry Fruits,297.85
2018-12-01,2018-2019,2007-08,01,19,Dry Fruits,303.03
2019-01-01,2018-2019,2007-08,01,19,Dry Fruits,308.91
2019-02-01,2018-2019,2007-08,01,19,Dry Fruits,311.34
2019-03-01,2018-2019,2007-08,01,19,Dry Fruits,312.73
2019-04-01,2018-2019,2007-08,01,19,Dry Fruits,311.07
2019-05-01,2018-2019,2007-08,01,19,Dry Fruits,313.89
2019-06-01,2018-2019,2007-08,01,19,Dry Fruits,313.7
2015-07-01,2015-2016,2007-08,01,20,Fresh Fruits,263.31
2015-08-01,2015-2016,2007-08,01,20,Fresh Fruits,240.08
2015-09-01,2015-2016,2007-08,01,20,Fresh Fruits,219.82
2015-10-01,2015-2016,2007-08,01,20,Fresh Fruits,217.91
2015-11-01,2015-2016,2007-08,01,20,Fresh Fruits,200.95
2015-12-01,2015-2016,2007-08,01,20,Fresh Fruits,193.24
2016-01-01,2015-2016,2007-08,01,20,Fresh Fruits,203.36
2016-02-01,2015-2016,2007-08,01,20,Fresh Fruits,204.55
2016-03-01,2015-2016,2007-08,01,20,Fresh Fruits,221.54
2016-04-01,2015-2016,2007-08,01,20,Fresh Fruits,251.28
2016-05-01,2015-2016,2007-08,01,20,Fresh Fruits,260.15
2016-06-01,2015-2016,2007-08,01,20,Fresh Fruits,266.67
2016-07-01,2016-2017,2007-08,01,20,Fresh Fruits,259.98
2016-08-01,2016-2017,2007-08,01,20,Fresh Fruits,235.74
2016-09-01,2016-2017,2007-08,01,20,Fresh Fruits,233.93
2016-10-01,2016-2017,2007-08,01,20,Fresh Fruits,229.34
2016-11-01,2016-2017,2007-08,01,20,Fresh Fruits,211.1
2016-12-01,2016-2017,2007-08,01,20,Fresh Fruits,211.59
2017-01-01,2016-2017,2007-08,01,20,Fresh Fruits,219.65
2017-02-01,2016-2017,2007-08,01,20,Fresh Fruits,225.4
2017-03-01,2016-2017,2007-08,01,20,Fresh Fruits,253.63
2017-04-01,2016-2017,2007-08,01,20,Fresh Fruits,275.79
2017-05-01,2016-2017,2007-08,01,20,Fresh Fruits,303.71
2017-06-01,2016-2017,2007-08,01,20,Fresh Fruits,304.46
2017-07-01,2017-2018,2007-08,01,20,Fresh Fruits,284.14
2017-08-01,2017-2018,2007-08,01,20,Fresh Fruits,267.92
2017-09-01,2017-2018,2007-08,01,20,Fresh Fruits,238.11
2017-10-01,2017-2018,2007-08,01,20,Fresh Fruits,235.56
2017-11-01,2017-2018,2007-08,01,20,Fresh Fruits,224.34
2017-12-01,2017-2018,2007-08,01,20,Fresh Fruits,225.51
2018-01-01,2017-2018,2007-08,01,20,Fresh Fruits,235.92
2018-02-01,2017-2018,2007-08,01,20,Fresh Fruits,249.68
2018-03-01,2017-2018,2007-08,01,20,Fresh Fruits,266.29
2018-04-01,2017-2018,2007-08,01,20,Fresh Fruits,281.64
2018-05-01,2017-2018,2007-08,01,20,Fresh Fruits,298.56
2018-06-01,2017-2018,2007-08,01,20,Fresh Fruits,314.64
2018-07-01,2018-2019,2007-08,01,20,Fresh Fruits,267.66
2018-08-01,2018-2019,2007-08,01,20,Fresh Fruits,259.58
2018-09-01,2018-2019,2007-08,01,20,Fresh Fruits,243.78
2018-10-01,2018-2019,2007-08,01,20,Fresh Fruits,243.57
2018-11-01,2018-2019,2007-08,01,20,Fresh Fruits,225.16
2018-12-01,2018-2019,2007-08,01,20,Fresh Fruits,221.04
2019-01-01,2018-2019,2007-08,01,20,Fresh Fruits,228.77
2019-02-01,2018-2019,2007-08,01,20,Fresh Fruits,233.39
2019-03-01,2018-2019,2007-08,01,20,Fresh Fruits,262.61
2019-04-01,2018-2019,2007-08,01,20,Fresh Fruits,326.18
2019-05-01,2018-2019,2007-08,01,20,Fresh Fruits,355.63
2019-06-01,2018-2019,2007-08,01,20,Fresh Fruits,311.78
2015-07-01,2015-2016,2007-08,01,21,Pulse Masoor,195.25
2015-08-01,2015-2016,2007-08,01,21,Pulse Masoor,195.95
2015-09-01,2015-2016,2007-08,01,21,Pulse Masoor,197.64
2015-10-01,2015-2016,2007-08,01,21,Pulse Masoor,199.45
2015-11-01,2015-2016,2007-08,01,21,Pulse Masoor,201.38
2015-12-01,2015-2016,2007-08,01,21,Pulse Masoor,203.16
2016-01-01,2015-2016,2007-08,01,21,Pulse Masoor,204.23
2016-02-01,2015-2016,2007-08,01,21,Pulse Masoor,202.55
2016-03-01,2015-2016,2007-08,01,21,Pulse Masoor,202.97
2016-04-01,2015-2016,2007-08,01,21,Pulse Masoor,204.86
2016-05-01,2015-2016,2007-08,01,21,Pulse Masoor,211.25
2016-06-01,2015-2016,2007-08,01,21,Pulse Masoor,213.02
2016-07-01,2016-2017,2007-08,01,21,Pulse Masoor,213.56
2016-08-01,2016-2017,2007-08,01,21,Pulse Masoor,214.39
2016-09-01,2016-2017,2007-08,01,21,Pulse Masoor,212.1
2016-10-01,2016-2017,2007-08,01,21,Pulse Masoor,211.56
2016-11-01,2016-2017,2007-08,01,21,Pulse Masoor,211.28
2016-12-01,2016-2017,2007-08,01,21,Pulse Masoor,206.54
2017-01-01,2016-2017,2007-08,01,21,Pulse Masoor,201.31
2017-02-01,2016-2017,2007-08,01,21,Pulse Masoor,192.76
2017-03-01,2016-2017,2007-08,01,21,Pulse Masoor,184.74
2017-04-01,2016-2017,2007-08,01,21,Pulse Masoor,181.99
2017-05-01,2016-2017,2007-08,01,21,Pulse Masoor,181.21
2017-06-01,2016-2017,2007-08,01,21,Pulse Masoor,178.77
2017-07-01,2017-2018,2007-08,01,21,Pulse Masoor,178.6
2017-08-01,2017-2018,2007-08,01,21,Pulse Masoor,174.98
2017-09-01,2017-2018,2007-08,01,21,Pulse Masoor,171.56
2017-10-01,2017-2018,2007-08,01,21,Pulse Masoor,172.34
2017-11-01,2017-2018,2007-08,01,21,Pulse Masoor,168.46
2017-12-01,2017-2018,2007-08,01,21,Pulse Masoor,163.83
2018-01-01,2017-2018,2007-08,01,21,Pulse Masoor,163.84
2018-02-01,2017-2018,2007-08,01,21,Pulse Masoor,161.17
2018-03-01,2017-2018,2007-08,01,21,Pulse Masoor,160.02
2018-04-01,2017-2018,2007-08,01,21,Pulse Masoor,158.21
2018-05-01,2017-2018,2007-08,01,21,Pulse Masoor,158.06
2018-06-01,2017-2018,2007-08,01,21,Pulse Masoor,155.5
2018-07-01,2018-2019,2007-08,01,21,Pulse Masoor,157.67
2018-08-01,2018-2019,2007-08,01,21,Pulse Masoor,157.72
2018-09-01,2018-2019,2007-08,01,21,Pulse Masoor,156.97
2018-10-01,2018-2019,2007-08,01,21,Pulse Masoor,158.64
2018-11-01,2018-2019,2007-08,01,21,Pulse Masoor,159.97
2018-12-01,2018-2019,2007-08,01,21,Pulse Masoor,163.64
2019-01-01,2018-2019,2007-08,01,21,Pulse Masoor,164.88
2019-02-01,2018-2019,2007-08,01,21,Pulse Masoor,165.53
2019-03-01,2018-2019,2007-08,01,21,Pulse Masoor,166.04
2019-04-01,2018-2019,2007-08,01,21,Pulse Masoor,166.91
2019-05-01,2018-2019,2007-08,01,21,Pulse Masoor,167.55
2019-06-01,2018-2019,2007-08,01,21,Pulse Masoor,169.78
2015-07-01,2015-2016,2007-08,01,22,Pulse Moong,306.14
2015-08-01,2015-2016,2007-08,01,22,Pulse Moong,298
2015-09-01,2015-2016,2007-08,01,22,Pulse Moong,295.41
2015-10-01,2015-2016,2007-08,01,22,Pulse Moong,300.95
2015-11-01,2015-2016,2007-08,01,22,Pulse Moong,300.34
2015-12-01,2015-2016,2007-08,01,22,Pulse Moong,303.32
2016-01-01,2015-2016,2007-08,01,22,Pulse Moong,303.36
2016-02-01,2015-2016,2007-08,01,22,Pulse Moong,300.13
2016-03-01,2015-2016,2007-08,01,22,Pulse Moong,298.42
2016-04-01,2015-2016,2007-08,01,22,Pulse Moong,300.71
2016-05-01,2015-2016,2007-08,01,22,Pulse Moong,299.54
2016-06-01,2015-2016,2007-08,01,22,Pulse Moong,299.89
2016-07-01,2016-2017,2007-08,01,22,Pulse Moong,297.08
2016-08-01,2016-2017,2007-08,01,22,Pulse Moong,292.35
2016-09-01,2016-2017,2007-08,01,22,Pulse Moong,287.84
2016-10-01,2016-2017,2007-08,01,22,Pulse Moong,282.92
2016-11-01,2016-2017,2007-08,01,22,Pulse Moong,278.74
2016-12-01,2016-2017,2007-08,01,22,Pulse Moong,272.85
2017-01-01,2016-2017,2007-08,01,22,Pulse Moong,262.78
2017-02-01,2016-2017,2007-08,01,22,Pulse Moong,256.42
2017-03-01,2016-2017,2007-08,01,22,Pulse Moong,247.04
2017-04-01,2016-2017,2007-08,01,22,Pulse Moong,244.75
2017-05-01,2016-2017,2007-08,01,22,Pulse Moong,245.68
2017-06-01,2016-2017,2007-08,01,22,Pulse Moong,243.58
2017-07-01,2017-2018,2007-08,01,22,Pulse Moong,243.58
2017-08-01,2017-2018,2007-08,01,22,Pulse Moong,239.1
2017-09-01,2017-2018,2007-08,01,22,Pulse Moong,236.76
2017-10-01,2017-2018,2007-08,01,22,Pulse Moong,231.93
2017-11-01,2017-2018,2007-08,01,22,Pulse Moong,222.21
2017-12-01,2017-2018,2007-08,01,22,Pulse Moong,215.02
2018-01-01,2017-2018,2007-08,01,22,Pulse Moong,219.94
2018-02-01,2017-2018,2007-08,01,22,Pulse Moong,220.84
2018-03-01,2017-2018,2007-08,01,22,Pulse Moong,218.82
2018-04-01,2017-2018,2007-08,01,22,Pulse Moong,218.42
2018-05-01,2017-2018,2007-08,01,22,Pulse Moong,217.5
2018-06-01,2017-2018,2007-08,01,22,Pulse Moong,214.05
2018-07-01,2018-2019,2007-08,01,22,Pulse Moong,218.06
2018-08-01,2018-2019,2007-08,01,22,Pulse Moong,217.75
2018-09-01,2018-2019,2007-08,01,22,Pulse Moong,217.37
2018-10-01,2018-2019,2007-08,01,22,Pulse Moong,218.49
2018-11-01,2018-2019,2007-08,01,22,Pulse Moong,222.86
2018-12-01,2018-2019,2007-08,01,22,Pulse Moong,231.9
2019-01-01,2018-2019,2007-08,01,22,Pulse Moong,238.23
2019-02-01,2018-2019,2007-08,01,22,Pulse Moong,238.26
2019-03-01,2018-2019,2007-08,01,22,Pulse Moong,268.48
2019-04-01,2018-2019,2007-08,01,22,Pulse Moong,275.65
2019-05-01,2018-2019,2007-08,01,22,Pulse Moong,290.7
2019-06-01,2018-2019,2007-08,01,22,Pulse Moong,305.38
2015-07-01,2015-2016,2007-08,01,23,Pulse Mash (Washed),253.39
2015-08-01,2015-2016,2007-08,01,23,Pulse Mash (Washed),256.02
2015-09-01,2015-2016,2007-08,01,23,Pulse Mash (Washed),266.81
2015-10-01,2015-2016,2007-08,01,23,Pulse Mash (Washed),308.24
2015-11-01,2015-2016,2007-08,01,23,Pulse Mash (Washed),317.19
2015-12-01,2015-2016,2007-08,01,23,Pulse Mash (Washed),336.48
2016-01-01,2015-2016,2007-08,01,23,Pulse Mash (Washed),346.21
2016-02-01,2015-2016,2007-08,01,23,Pulse Mash (Washed),348.73
2016-03-01,2015-2016,2007-08,01,23,Pulse Mash (Washed),348.96
2016-04-01,2015-2016,2007-08,01,23,Pulse Mash (Washed),361.7
2016-05-01,2015-2016,2007-08,01,23,Pulse Mash (Washed),374.98
2016-06-01,2015-2016,2007-08,01,23,Pulse Mash (Washed),376.13
2016-07-01,2016-2017,2007-08,01,23,Pulse Mash (Washed),372.81
2016-08-01,2016-2017,2007-08,01,23,Pulse Mash (Washed),373.69
2016-09-01,2016-2017,2007-08,01,23,Pulse Mash (Washed),359.08
2016-10-01,2016-2017,2007-08,01,23,Pulse Mash (Washed),349.16
2016-11-01,2016-2017,2007-08,01,23,Pulse Mash (Washed),335.28
2016-12-01,2016-2017,2007-08,01,23,Pulse Mash (Washed),320.74
2017-01-01,2016-2017,2007-08,01,23,Pulse Mash (Washed),308.62
2017-02-01,2016-2017,2007-08,01,23,Pulse Mash (Washed),289.59
2017-03-01,2016-2017,2007-08,01,23,Pulse Mash (Washed),279.33
2017-04-01,2016-2017,2007-08,01,23,Pulse Mash (Washed),279.7
2017-05-01,2016-2017,2007-08,01,23,Pulse Mash (Washed),283.17
2017-06-01,2016-2017,2007-08,01,23,Pulse Mash (Washed),282.75
2017-07-01,2017-2018,2007-08,01,23,Pulse Mash (Washed),279.76
2017-08-01,2017-2018,2007-08,01,23,Pulse Mash (Washed),272.32
2017-09-01,2017-2018,2007-08,01,23,Pulse Mash (Washed),269.29
2017-10-01,2017-2018,2007-08,01,23,Pulse Mash (Washed),255.52
2017-11-01,2017-2018,2007-08,01,23,Pulse Mash (Washed),242.09
2017-12-01,2017-2018,2007-08,01,23,Pulse Mash (Washed),232.82
2018-01-01,2017-2018,2007-08,01,23,Pulse Mash (Washed),229.2
2018-02-01,2017-2018,2007-08,01,23,Pulse Mash (Washed),221.64
2018-03-01,2017-2018,2007-08,01,23,Pulse Mash (Washed),217.65
2018-04-01,2017-2018,2007-08,01,23,Pulse Mash (Washed),214.66
2018-05-01,2017-2018,2007-08,01,23,Pulse Mash (Washed),211.12
2018-06-01,2017-2018,2007-08,01,23,Pulse Mash (Washed),207.61
2018-07-01,2018-2019,2007-08,01,23,Pulse Mash (Washed),206.51
2018-08-01,2018-2019,2007-08,01,23,Pulse Mash (Washed),206.3
2018-09-01,2018-2019,2007-08,01,23,Pulse Mash (Washed),207.73
2018-10-01,2018-2019,2007-08,01,23,Pulse Mash (Washed),205.28
2018-11-01,2018-2019,2007-08,01,23,Pulse Mash (Washed),212.68
2018-12-01,2018-2019,2007-08,01,23,Pulse Mash (Washed),218.1
2019-01-01,2018-2019,2007-08,01,23,Pulse Mash (Washed),221.02
2019-02-01,2018-2019,2007-08,01,23,Pulse Mash (Washed),220.61
2019-03-01,2018-2019,2007-08,01,23,Pulse Mash (Washed),220.8
2019-04-01,2018-2019,2007-08,01,23,Pulse Mash (Washed),219.98
2019-05-01,2018-2019,2007-08,01,23,Pulse Mash (Washed),233.03
2019-06-01,2018-2019,2007-08,01,23,Pulse Mash (Washed),241.63
2015-07-01,2015-2016,2007-08,01,24,Pulse Gram,230.62
2015-08-01,2015-2016,2007-08,01,24,Pulse Gram,245.7
2015-09-01,2015-2016,2007-08,01,24,Pulse Gram,249.32
2015-10-01,2015-2016,2007-08,01,24,Pulse Gram,262.84
2015-11-01,2015-2016,2007-08,01,24,Pulse Gram,269.43
2015-12-01,2015-2016,2007-08,01,24,Pulse Gram,271.32
2016-01-01,2015-2016,2007-08,01,24,Pulse Gram,272.57
2016-02-01,2015-2016,2007-08,01,24,Pulse Gram,268.47
2016-03-01,2015-2016,2007-08,01,24,Pulse Gram,267.42
2016-04-01,2015-2016,2007-08,01,24,Pulse Gram,276.99
2016-05-01,2015-2016,2007-08,01,24,Pulse Gram,311.49
2016-06-01,2015-2016,2007-08,01,24,Pulse Gram,318.34
2016-07-01,2016-2017,2007-08,01,24,Pulse Gram,336.26
2016-08-01,2016-2017,2007-08,01,24,Pulse Gram,344.99
2016-09-01,2016-2017,2007-08,01,24,Pulse Gram,342.16
2016-10-01,2016-2017,2007-08,01,24,Pulse Gram,351.48
2016-11-01,2016-2017,2007-08,01,24,Pulse Gram,377.06
2016-12-01,2016-2017,2007-08,01,24,Pulse Gram,373.11
2017-01-01,2016-2017,2007-08,01,24,Pulse Gram,365.37
2017-02-01,2016-2017,2007-08,01,24,Pulse Gram,319.93
2017-03-01,2016-2017,2007-08,01,24,Pulse Gram,294.15
2017-04-01,2016-2017,2007-08,01,24,Pulse Gram,288.13
2017-05-01,2016-2017,2007-08,01,24,Pulse Gram,294.91
2017-06-01,2016-2017,2007-08,01,24,Pulse Gram,290.14
2017-07-01,2017-2018,2007-08,01,24,Pulse Gram,281.95
2017-08-01,2017-2018,2007-08,01,24,Pulse Gram,276.43
2017-09-01,2017-2018,2007-08,01,24,Pulse Gram,275.47
2017-10-01,2017-2018,2007-08,01,24,Pulse Gram,275.63
2017-11-01,2017-2018,2007-08,01,24,Pulse Gram,269.96
2017-12-01,2017-2018,2007-08,01,24,Pulse Gram,265.48
2018-01-01,2017-2018,2007-08,01,24,Pulse Gram,266.59
2018-02-01,2017-2018,2007-08,01,24,Pulse Gram,264.85
2018-03-01,2017-2018,2007-08,01,24,Pulse Gram,259.27
2018-04-01,2017-2018,2007-08,01,24,Pulse Gram,259.25
2018-05-01,2017-2018,2007-08,01,24,Pulse Gram,255.84
2018-06-01,2017-2018,2007-08,01,24,Pulse Gram,253.65
2018-07-01,2018-2019,2007-08,01,24,Pulse Gram,257.38
2018-08-01,2018-2019,2007-08,01,24,Pulse Gram,257.89
2018-09-01,2018-2019,2007-08,01,24,Pulse Gram,265.3
2018-10-01,2018-2019,2007-08,01,24,Pulse Gram,266.59
2018-11-01,2018-2019,2007-08,01,24,Pulse Gram,268.87
2018-12-01,2018-2019,2007-08,01,24,Pulse Gram,276.84
2019-01-01,2018-2019,2007-08,01,24,Pulse Gram,282.99
2019-02-01,2018-2019,2007-08,01,24,Pulse Gram,283.17
2019-03-01,2018-2019,2007-08,01,24,Pulse Gram,284.87
2019-04-01,2018-2019,2007-08,01,24,Pulse Gram,282.3
2019-05-01,2018-2019,2007-08,01,24,Pulse Gram,285.07
2019-06-01,2018-2019,2007-08,01,24,Pulse Gram,285.29
2015-07-01,2015-2016,2007-08,01,25,Gram Whole,199.27
2015-08-01,2015-2016,2007-08,01,25,Gram Whole,205.35
2015-09-01,2015-2016,2007-08,01,25,Gram Whole,207.48
2015-10-01,2015-2016,2007-08,01,25,Gram Whole,214.37
2015-11-01,2015-2016,2007-08,01,25,Gram Whole,217.36
2015-12-01,2015-2016,2007-08,01,25,Gram Whole,221.5
2016-01-01,2015-2016,2007-08,01,25,Gram Whole,224
2016-02-01,2015-2016,2007-08,01,25,Gram Whole,223.24
2016-03-01,2015-2016,2007-08,01,25,Gram Whole,222.26
2016-04-01,2015-2016,2007-08,01,25,Gram Whole,234.94
2016-05-01,2015-2016,2007-08,01,25,Gram Whole,258.79
2016-06-01,2015-2016,2007-08,01,25,Gram Whole,273.48
2016-07-01,2016-2017,2007-08,01,25,Gram Whole,298.45
2016-08-01,2016-2017,2007-08,01,25,Gram Whole,303.31
2016-09-01,2016-2017,2007-08,01,25,Gram Whole,301.53
2016-10-01,2016-2017,2007-08,01,25,Gram Whole,305.15
2016-11-01,2016-2017,2007-08,01,25,Gram Whole,313.13
2016-12-01,2016-2017,2007-08,01,25,Gram Whole,318.41
2017-01-01,2016-2017,2007-08,01,25,Gram Whole,314.06
2017-02-01,2016-2017,2007-08,01,25,Gram Whole,295.48
2017-03-01,2016-2017,2007-08,01,25,Gram Whole,283.59
2017-04-01,2016-2017,2007-08,01,25,Gram Whole,283.71
2017-05-01,2016-2017,2007-08,01,25,Gram Whole,288.7
2017-06-01,2016-2017,2007-08,01,25,Gram Whole,287.99
2017-07-01,2017-2018,2007-08,01,25,Gram Whole,287.96
2017-08-01,2017-2018,2007-08,01,25,Gram Whole,287.53
2017-09-01,2017-2018,2007-08,01,25,Gram Whole,292.37
2017-10-01,2017-2018,2007-08,01,25,Gram Whole,297.03
2017-11-01,2017-2018,2007-08,01,25,Gram Whole,296.37
2017-12-01,2017-2018,2007-08,01,25,Gram Whole,294.07
2018-01-01,2017-2018,2007-08,01,25,Gram Whole,292.21
2018-02-01,2017-2018,2007-08,01,25,Gram Whole,287.97
2018-03-01,2017-2018,2007-08,01,25,Gram Whole,280.9
2018-04-01,2017-2018,2007-08,01,25,Gram Whole,277.17
2018-05-01,2017-2018,2007-08,01,25,Gram Whole,274.09
2018-06-01,2017-2018,2007-08,01,25,Gram Whole,270.48
2018-07-01,2018-2019,2007-08,01,25,Gram Whole,269.64
2018-08-01,2018-2019,2007-08,01,25,Gram Whole,267.44
2018-09-01,2018-2019,2007-08,01,25,Gram Whole,265.65
2018-10-01,2018-2019,2007-08,01,25,Gram Whole,265.11
2018-11-01,2018-2019,2007-08,01,25,Gram Whole,265.08
2018-12-01,2018-2019,2007-08,01,25,Gram Whole,266.58
2019-01-01,2018-2019,2007-08,01,25,Gram Whole,267.54
2019-02-01,2018-2019,2007-08,01,25,Gram Whole,268.3
2019-03-01,2018-2019,2007-08,01,25,Gram Whole,266.42
2019-04-01,2018-2019,2007-08,01,25,Gram Whole,263.21
2019-05-01,2018-2019,2007-08,01,25,Gram Whole,259.79
2019-06-01,2018-2019,2007-08,01,25,Gram Whole,260.01
2015-07-01,2015-2016,2007-08,01,26,Beans,232.93
2015-08-01,2015-2016,2007-08,01,26,Beans,234.52
2015-09-01,2015-2016,2007-08,01,26,Beans,232.23
2015-10-01,2015-2016,2007-08,01,26,Beans,233.73
2015-11-01,2015-2016,2007-08,01,26,Beans,233.73
2015-12-01,2015-2016,2007-08,01,26,Beans,233.87
2016-01-01,2015-2016,2007-08,01,26,Beans,233.35
2016-02-01,2015-2016,2007-08,01,26,Beans,233.25
2016-03-01,2015-2016,2007-08,01,26,Beans,231.25
2016-04-01,2015-2016,2007-08,01,26,Beans,233.02
2016-05-01,2015-2016,2007-08,01,26,Beans,234.91
2016-06-01,2015-2016,2007-08,01,26,Beans,234.45
2016-07-01,2016-2017,2007-08,01,26,Beans,236.29
2016-08-01,2016-2017,2007-08,01,26,Beans,235.74
2016-09-01,2016-2017,2007-08,01,26,Beans,233.29
2016-10-01,2016-2017,2007-08,01,26,Beans,232.3
2016-11-01,2016-2017,2007-08,01,26,Beans,231.13
2016-12-01,2016-2017,2007-08,01,26,Beans,230.8
2017-01-01,2016-2017,2007-08,01,26,Beans,231.08
2017-02-01,2016-2017,2007-08,01,26,Beans,232.05
2017-03-01,2016-2017,2007-08,01,26,Beans,229.58
2017-04-01,2016-2017,2007-08,01,26,Beans,231.55
2017-05-01,2016-2017,2007-08,01,26,Beans,234.22
2017-06-01,2016-2017,2007-08,01,26,Beans,235.22
2017-07-01,2017-2018,2007-08,01,26,Beans,242.51
2017-08-01,2017-2018,2007-08,01,26,Beans,244.13
2017-09-01,2017-2018,2007-08,01,26,Beans,242.94
2017-10-01,2017-2018,2007-08,01,26,Beans,244.14
2017-11-01,2017-2018,2007-08,01,26,Beans,242.81
2017-12-01,2017-2018,2007-08,01,26,Beans,240.94
2018-01-01,2017-2018,2007-08,01,26,Beans,241.72
2018-02-01,2017-2018,2007-08,01,26,Beans,243.43
2018-03-01,2017-2018,2007-08,01,26,Beans,245.21
2018-04-01,2017-2018,2007-08,01,26,Beans,244.53
2018-05-01,2017-2018,2007-08,01,26,Beans,244.28
2018-06-01,2017-2018,2007-08,01,26,Beans,244.55
2018-07-01,2018-2019,2007-08,01,26,Beans,244.74
2018-08-01,2018-2019,2007-08,01,26,Beans,245.51
2018-09-01,2018-2019,2007-08,01,26,Beans,245.51
2018-10-01,2018-2019,2007-08,01,26,Beans,246.97
2018-11-01,2018-2019,2007-08,01,26,Beans,250.39
2018-12-01,2018-2019,2007-08,01,26,Beans,257.17
2019-01-01,2018-2019,2007-08,01,26,Beans,258.59
2019-02-01,2018-2019,2007-08,01,26,Beans,266.68
2019-03-01,2018-2019,2007-08,01,26,Beans,269.96
2019-04-01,2018-2019,2007-08,01,26,Beans,268.5
2019-05-01,2018-2019,2007-08,01,26,Beans,273.13
2019-06-01,2018-2019,2007-08,01,26,Beans,270.65
2015-07-01,2015-2016,2007-08,01,27,Potatoes,176.23
2015-08-01,2015-2016,2007-08,01,27,Potatoes,182.67
2015-09-01,2015-2016,2007-08,01,27,Potatoes,189.18
2015-10-01,2015-2016,2007-08,01,27,Potatoes,207.81
2015-11-01,2015-2016,2007-08,01,27,Potatoes,234.45
2015-12-01,2015-2016,2007-08,01,27,Potatoes,198.29
2016-01-01,2015-2016,2007-08,01,27,Potatoes,140
2016-02-01,2015-2016,2007-08,01,27,Potatoes,123.43
2016-03-01,2015-2016,2007-08,01,27,Potatoes,125.41
2016-04-01,2015-2016,2007-08,01,27,Potatoes,124.66
2016-05-01,2015-2016,2007-08,01,27,Potatoes,136.23
2016-06-01,2015-2016,2007-08,01,27,Potatoes,198.22
2016-07-01,2016-2017,2007-08,01,27,Potatoes,232.81
2016-08-01,2016-2017,2007-08,01,27,Potatoes,242.67
2016-09-01,2016-2017,2007-08,01,27,Potatoes,245.55
2016-10-01,2016-2017,2007-08,01,27,Potatoes,243.97
2016-11-01,2016-2017,2007-08,01,27,Potatoes,295.55
2016-12-01,2016-2017,2007-08,01,27,Potatoes,236.78
2017-01-01,2016-2017,2007-08,01,27,Potatoes,166.57
2017-02-01,2016-2017,2007-08,01,27,Potatoes,162.81
2017-03-01,2016-2017,2007-08,01,27,Potatoes,188.01
2017-04-01,2016-2017,2007-08,01,27,Potatoes,193.29
2017-05-01,2016-2017,2007-08,01,27,Potatoes,231.71
2017-06-01,2016-2017,2007-08,01,27,Potatoes,250.82
2017-07-01,2017-2018,2007-08,01,27,Potatoes,261.3
2017-08-01,2017-2018,2007-08,01,27,Potatoes,266.3
2017-09-01,2017-2018,2007-08,01,27,Potatoes,267.6
2017-10-01,2017-2018,2007-08,01,27,Potatoes,273.63
2017-11-01,2017-2018,2007-08,01,27,Potatoes,289.11
2017-12-01,2017-2018,2007-08,01,27,Potatoes,287.74
2018-01-01,2017-2018,2007-08,01,27,Potatoes,215.41
2018-02-01,2017-2018,2007-08,01,27,Potatoes,175
2018-03-01,2017-2018,2007-08,01,27,Potatoes,160.07
2018-04-01,2017-2018,2007-08,01,27,Potatoes,148.56
2018-05-01,2017-2018,2007-08,01,27,Potatoes,174.73
2018-06-01,2017-2018,2007-08,01,27,Potatoes,186.58
2018-07-01,2018-2019,2007-08,01,27,Potatoes,204.11
2018-08-01,2018-2019,2007-08,01,27,Potatoes,218.08
2018-09-01,2018-2019,2007-08,01,27,Potatoes,215.21
2018-10-01,2018-2019,2007-08,01,27,Potatoes,215.48
2018-11-01,2018-2019,2007-08,01,27,Potatoes,230.55
2018-12-01,2018-2019,2007-08,01,27,Potatoes,183.9
2019-01-01,2018-2019,2007-08,01,27,Potatoes,156.3
2019-02-01,2018-2019,2007-08,01,27,Potatoes,142.26
2019-03-01,2018-2019,2007-08,01,27,Potatoes,135.14
2019-04-01,2018-2019,2007-08,01,27,Potatoes,143.36
2019-05-01,2018-2019,2007-08,01,27,Potatoes,180.34
2019-06-01,2018-2019,2007-08,01,27,Potatoes,211.51
2015-07-01,2015-2016,2007-08,01,28,Onion,255.12
2015-08-01,2015-2016,2007-08,01,28,Onion,247.23
2015-09-01,2015-2016,2007-08,01,28,Onion,309.49
2015-10-01,2015-2016,2007-08,01,28,Onion,326.26
2015-11-01,2015-2016,2007-08,01,28,Onion,373.92
2015-12-01,2015-2016,2007-08,01,28,Onion,312.02
2016-01-01,2015-2016,2007-08,01,28,Onion,267.82
2016-02-01,2015-2016,2007-08,01,28,Onion,247.6
2016-03-01,2015-2016,2007-08,01,28,Onion,248.77
2016-04-01,2015-2016,2007-08,01,28,Onion,234.53
2016-05-01,2015-2016,2007-08,01,28,Onion,196.92
2016-06-01,2015-2016,2007-08,01,28,Onion,192.54
2016-07-01,2016-2017,2007-08,01,28,Onion,195.56
2016-08-01,2016-2017,2007-08,01,28,Onion,168.93
2016-09-01,2016-2017,2007-08,01,28,Onion,190.44
2016-10-01,2016-2017,2007-08,01,28,Onion,176.57
2016-11-01,2016-2017,2007-08,01,28,Onion,166.58
2016-12-01,2016-2017,2007-08,01,28,Onion,162.08
2017-01-01,2016-2017,2007-08,01,28,Onion,163.19
2017-02-01,2016-2017,2007-08,01,28,Onion,173.49
2017-03-01,2016-2017,2007-08,01,28,Onion,204.99
2017-04-01,2016-2017,2007-08,01,28,Onion,199.32
2017-05-01,2016-2017,2007-08,01,28,Onion,178.05
2017-06-01,2016-2017,2007-08,01,28,Onion,165.29
2017-07-01,2017-2018,2007-08,01,28,Onion,181.81
2017-08-01,2017-2018,2007-08,01,28,Onion,243.4
2017-09-01,2017-2018,2007-08,01,28,Onion,482.74
2017-10-01,2017-2018,2007-08,01,28,Onion,491.92
2017-11-01,2017-2018,2007-08,01,28,Onion,478.11
2017-12-01,2017-2018,2007-08,01,28,Onion,373.37
2018-01-01,2017-2018,2007-08,01,28,Onion,338.1
2018-02-01,2017-2018,2007-08,01,28,Onion,252.59
2018-03-01,2017-2018,2007-08,01,28,Onion,204.19
2018-04-01,2017-2018,2007-08,01,28,Onion,182.43
2018-05-01,2017-2018,2007-08,01,28,Onion,177.74
2018-06-01,2017-2018,2007-08,01,28,Onion,188.72
2018-07-01,2018-2019,2007-08,01,28,Onion,200.99
2018-08-01,2018-2019,2007-08,01,28,Onion,253.14
2018-09-01,2018-2019,2007-08,01,28,Onion,226.63
2018-10-01,2018-2019,2007-08,01,28,Onion,216.58
2018-11-01,2018-2019,2007-08,01,28,Onion,200.31
2018-12-01,2018-2019,2007-08,01,28,Onion,173.8
2019-01-01,2018-2019,2007-08,01,28,Onion,164.24
2019-02-01,2018-2019,2007-08,01,28,Onion,169.85
2019-03-01,2018-2019,2007-08,01,28,Onion,236.56
2019-04-01,2018-2019,2007-08,01,28,Onion,248.09
2019-05-01,2018-2019,2007-08,01,28,Onion,315.54
2019-06-01,2018-2019,2007-08,01,28,Onion,324.85
2015-07-01,2015-2016,2007-08,01,29,Tomatoes,148.28
2015-08-01,2015-2016,2007-08,01,29,Tomatoes,197.35
2015-09-01,2015-2016,2007-08,01,29,Tomatoes,174.35
2015-10-01,2015-2016,2007-08,01,29,Tomatoes,233.56
2015-11-01,2015-2016,2007-08,01,29,Tomatoes,275.88
2015-12-01,2015-2016,2007-08,01,29,Tomatoes,200.23
2016-01-01,2015-2016,2007-08,01,29,Tomatoes,123.72
2016-02-01,2015-2016,2007-08,01,29,Tomatoes,114.98
2016-03-01,2015-2016,2007-08,01,29,Tomatoes,93.51
2016-04-01,2015-2016,2007-08,01,29,Tomatoes,150
2016-05-01,2015-2016,2007-08,01,29,Tomatoes,75.85
2016-06-01,2015-2016,2007-08,01,29,Tomatoes,122.2
2016-07-01,2016-2017,2007-08,01,29,Tomatoes,234.89
2016-08-01,2016-2017,2007-08,01,29,Tomatoes,202.32
2016-09-01,2016-2017,2007-08,01,29,Tomatoes,192.38
2016-10-01,2016-2017,2007-08,01,29,Tomatoes,197.51
2016-11-01,2016-2017,2007-08,01,29,Tomatoes,168.62
2016-12-01,2016-2017,2007-08,01,29,Tomatoes,163.62
2017-01-01,2016-2017,2007-08,01,29,Tomatoes,98.21
2017-02-01,2016-2017,2007-08,01,29,Tomatoes,126.67
2017-03-01,2016-2017,2007-08,01,29,Tomatoes,213.35
2017-04-01,2016-2017,2007-08,01,29,Tomatoes,201.46
2017-05-01,2016-2017,2007-08,01,29,Tomatoes,120.81
2017-06-01,2016-2017,2007-08,01,29,Tomatoes,132.17
2017-07-01,2017-2018,2007-08,01,29,Tomatoes,128.96
2017-08-01,2017-2018,2007-08,01,29,Tomatoes,162.16
2017-09-01,2017-2018,2007-08,01,29,Tomatoes,256.96
2017-10-01,2017-2018,2007-08,01,29,Tomatoes,337.71
2017-11-01,2017-2018,2007-08,01,29,Tomatoes,349.9
2017-12-01,2017-2018,2007-08,01,29,Tomatoes,244.37
2018-01-01,2017-2018,2007-08,01,29,Tomatoes,153.38
2018-02-01,2017-2018,2007-08,01,29,Tomatoes,121.9
2018-03-01,2017-2018,2007-08,01,29,Tomatoes,97.45
2018-04-01,2017-2018,2007-08,01,29,Tomatoes,105.7
2018-05-01,2017-2018,2007-08,01,29,Tomatoes,108.95
2018-06-01,2017-2018,2007-08,01,29,Tomatoes,154.34
2018-07-01,2018-2019,2007-08,01,29,Tomatoes,178.46
2018-08-01,2018-2019,2007-08,01,29,Tomatoes,263.39
2018-09-01,2018-2019,2007-08,01,29,Tomatoes,231.71
2018-10-01,2018-2019,2007-08,01,29,Tomatoes,240.62
2018-11-01,2018-2019,2007-08,01,29,Tomatoes,135.42
2018-12-01,2018-2019,2007-08,01,29,Tomatoes,106.79
2019-01-01,2018-2019,2007-08,01,29,Tomatoes,136.22
2019-02-01,2018-2019,2007-08,01,29,Tomatoes,340.59
2019-03-01,2018-2019,2007-08,01,29,Tomatoes,404.71
2019-04-01,2018-2019,2007-08,01,29,Tomatoes,237.08
2019-05-01,2018-2019,2007-08,01,29,Tomatoes,159.18
2019-06-01,2018-2019,2007-08,01,29,Tomatoes,144.53
2015-07-01,2015-2016,2007-08,01,30,Fresh Vegetables,215.04
2015-08-01,2015-2016,2007-08,01,30,Fresh Vegetables,253.47
2015-09-01,2015-2016,2007-08,01,30,Fresh Vegetables,258.41
2015-10-01,2015-2016,2007-08,01,30,Fresh Vegetables,257.22
2015-11-01,2015-2016,2007-08,01,30,Fresh Vegetables,265.6
2015-12-01,2015-2016,2007-08,01,30,Fresh Vegetables,202.07
2016-01-01,2015-2016,2007-08,01,30,Fresh Vegetables,191.2
2016-02-01,2015-2016,2007-08,01,30,Fresh Vegetables,190.61
2016-03-01,2015-2016,2007-08,01,30,Fresh Vegetables,203.43
2016-04-01,2015-2016,2007-08,01,30,Fresh Vegetables,232.56
2016-05-01,2015-2016,2007-08,01,30,Fresh Vegetables,216.09
2016-06-01,2015-2016,2007-08,01,30,Fresh Vegetables,228.83
2016-07-01,2016-2017,2007-08,01,30,Fresh Vegetables,294.26
2016-08-01,2016-2017,2007-08,01,30,Fresh Vegetables,282.55
2016-09-01,2016-2017,2007-08,01,30,Fresh Vegetables,292.17
2016-10-01,2016-2017,2007-08,01,30,Fresh Vegetables,309.96
2016-11-01,2016-2017,2007-08,01,30,Fresh Vegetables,307.5
2016-12-01,2016-2017,2007-08,01,30,Fresh Vegetables,246.6
2017-01-01,2016-2017,2007-08,01,30,Fresh Vegetables,220.8
2017-02-01,2016-2017,2007-08,01,30,Fresh Vegetables,221.5
2017-03-01,2016-2017,2007-08,01,30,Fresh Vegetables,225.89
2017-04-01,2016-2017,2007-08,01,30,Fresh Vegetables,272.52
2017-05-01,2016-2017,2007-08,01,30,Fresh Vegetables,248.13
2017-06-01,2016-2017,2007-08,01,30,Fresh Vegetables,240.24
2017-07-01,2017-2018,2007-08,01,30,Fresh Vegetables,262.61
2017-08-01,2017-2018,2007-08,01,30,Fresh Vegetables,264.85
2017-09-01,2017-2018,2007-08,01,30,Fresh Vegetables,291.76
2017-10-01,2017-2018,2007-08,01,30,Fresh Vegetables,287.98
2017-11-01,2017-2018,2007-08,01,30,Fresh Vegetables,287.3
2017-12-01,2017-2018,2007-08,01,30,Fresh Vegetables,276.29
2018-01-01,2017-2018,2007-08,01,30,Fresh Vegetables,237.87
2018-02-01,2017-2018,2007-08,01,30,Fresh Vegetables,218.6
2018-03-01,2017-2018,2007-08,01,30,Fresh Vegetables,202.58
2018-04-01,2017-2018,2007-08,01,30,Fresh Vegetables,233.55
2018-05-01,2017-2018,2007-08,01,30,Fresh Vegetables,239.66
2018-06-01,2017-2018,2007-08,01,30,Fresh Vegetables,236.17
2018-07-01,2018-2019,2007-08,01,30,Fresh Vegetables,290.45
2018-08-01,2018-2019,2007-08,01,30,Fresh Vegetables,280.39
2018-09-01,2018-2019,2007-08,01,30,Fresh Vegetables,280.93
2018-10-01,2018-2019,2007-08,01,30,Fresh Vegetables,291.33
2018-11-01,2018-2019,2007-08,01,30,Fresh Vegetables,257.83
2018-12-01,2018-2019,2007-08,01,30,Fresh Vegetables,201.68
2019-01-01,2018-2019,2007-08,01,30,Fresh Vegetables,204.94
2019-02-01,2018-2019,2007-08,01,30,Fresh Vegetables,208.68
2019-03-01,2018-2019,2007-08,01,30,Fresh Vegetables,259.66
2019-04-01,2018-2019,2007-08,01,30,Fresh Vegetables,288.05
2019-05-01,2018-2019,2007-08,01,30,Fresh Vegetables,286.39
2019-06-01,2018-2019,2007-08,01,30,Fresh Vegetables,278.79
2015-07-01,2015-2016,2007-08,01,31,Sugar,232.55
2015-08-01,2015-2016,2007-08,01,31,Sugar,233.44
2015-09-01,2015-2016,2007-08,01,31,Sugar,229.84
2015-10-01,2015-2016,2007-08,01,31,Sugar,221.27
2015-11-01,2015-2016,2007-08,01,31,Sugar,213.03
2015-12-01,2015-2016,2007-08,01,31,Sugar,202.21
2016-01-01,2015-2016,2007-08,01,31,Sugar,214.31
2016-02-01,2015-2016,2007-08,01,31,Sugar,223.59
2016-03-01,2015-2016,2007-08,01,31,Sugar,223.13
2016-04-01,2015-2016,2007-08,01,31,Sugar,226.87
2016-05-01,2015-2016,2007-08,01,31,Sugar,227.12
2016-06-01,2015-2016,2007-08,01,31,Sugar,229.8
2016-07-01,2016-2017,2007-08,01,31,Sugar,238.08
2016-08-01,2016-2017,2007-08,01,31,Sugar,253.85
2016-09-01,2016-2017,2007-08,01,31,Sugar,253.32
2016-10-01,2016-2017,2007-08,01,31,Sugar,250.89
2016-11-01,2016-2017,2007-08,01,31,Sugar,260.56
2016-12-01,2016-2017,2007-08,01,31,Sugar,225.55
2017-01-01,2016-2017,2007-08,01,31,Sugar,232.55
2017-02-01,2016-2017,2007-08,01,31,Sugar,226.8
2017-03-01,2016-2017,2007-08,01,31,Sugar,216.84
2017-04-01,2016-2017,2007-08,01,31,Sugar,216.6
2017-05-01,2016-2017,2007-08,01,31,Sugar,211.63
2017-06-01,2016-2017,2007-08,01,31,Sugar,204.5
2017-07-01,2017-2018,2007-08,01,31,Sugar,200.46
2017-08-01,2017-2018,2007-08,01,31,Sugar,214.35
2017-09-01,2017-2018,2007-08,01,31,Sugar,200
2017-10-01,2017-2018,2007-08,01,31,Sugar,197.79
2017-11-01,2017-2018,2007-08,01,31,Sugar,193.86
2017-12-01,2017-2018,2007-08,01,31,Sugar,195.22
2018-01-01,2017-2018,2007-08,01,31,Sugar,193.08
2018-02-01,2017-2018,2007-08,01,31,Sugar,186.44
2018-03-01,2017-2018,2007-08,01,31,Sugar,184.51
2018-04-01,2017-2018,2007-08,01,31,Sugar,190.58
2018-05-01,2017-2018,2007-08,01,31,Sugar,190.33
2018-06-01,2017-2018,2007-08,01,31,Sugar,191.51
2018-07-01,2018-2019,2007-08,01,31,Sugar,197.72
2018-08-01,2018-2019,2007-08,01,31,Sugar,199.54
2018-09-01,2018-2019,2007-08,01,31,Sugar,197.47
2018-10-01,2018-2019,2007-08,01,31,Sugar,197.97
2018-11-01,2018-2019,2007-08,01,31,Sugar,197.86
2018-12-01,2018-2019,2007-08,01,31,Sugar,200.11
2019-01-01,2018-2019,2007-08,01,31,Sugar,212.42
2019-02-01,2018-2019,2007-08,01,31,Sugar,212.28
2019-03-01,2018-2019,2007-08,01,31,Sugar,218.09
2019-04-01,2018-2019,2007-08,01,31,Sugar,232.83
2019-05-01,2018-2019,2007-08,01,31,Sugar,240.83
2019-06-01,2018-2019,2007-08,01,31,Sugar,255.67
2015-07-01,2015-2016,2007-08,01,32,Gur,279.18
2015-08-01,2015-2016,2007-08,01,32,Gur,285.83
2015-09-01,2015-2016,2007-08,01,32,Gur,290.46
2015-10-01,2015-2016,2007-08,01,32,Gur,291.22
2015-11-01,2015-2016,2007-08,01,32,Gur,278.99
2015-12-01,2015-2016,2007-08,01,32,Gur,266.16
2016-01-01,2015-2016,2007-08,01,32,Gur,267.27
2016-02-01,2015-2016,2007-08,01,32,Gur,266.92
2016-03-01,2015-2016,2007-08,01,32,Gur,267.43
2016-04-01,2015-2016,2007-08,01,32,Gur,264.7
2016-05-01,2015-2016,2007-08,01,32,Gur,271.2
2016-06-01,2015-2016,2007-08,01,32,Gur,274.05
2016-07-01,2016-2017,2007-08,01,32,Gur,280.9
2016-08-01,2016-2017,2007-08,01,32,Gur,288.05
2016-09-01,2016-2017,2007-08,01,32,Gur,291.67
2016-10-01,2016-2017,2007-08,01,32,Gur,291.45
2016-11-01,2016-2017,2007-08,01,32,Gur,281.47
2016-12-01,2016-2017,2007-08,01,32,Gur,268.12
2017-01-01,2016-2017,2007-08,01,32,Gur,266.6
2017-02-01,2016-2017,2007-08,01,32,Gur,267.08
2017-03-01,2016-2017,2007-08,01,32,Gur,260.8
2017-04-01,2016-2017,2007-08,01,32,Gur,258.74
2017-05-01,2016-2017,2007-08,01,32,Gur,258.77
2017-06-01,2016-2017,2007-08,01,32,Gur,261.06
2017-07-01,2017-2018,2007-08,01,32,Gur,260.49
2017-08-01,2017-2018,2007-08,01,32,Gur,259.38
2017-09-01,2017-2018,2007-08,01,32,Gur,261.22
2017-10-01,2017-2018,2007-08,01,32,Gur,263.15
2017-11-01,2017-2018,2007-08,01,32,Gur,259.06
2017-12-01,2017-2018,2007-08,01,32,Gur,260.27
2018-01-01,2017-2018,2007-08,01,32,Gur,257.03
2018-02-01,2017-2018,2007-08,01,32,Gur,245.06
2018-03-01,2017-2018,2007-08,01,32,Gur,238.44
2018-04-01,2017-2018,2007-08,01,32,Gur,240.34
2018-05-01,2017-2018,2007-08,01,32,Gur,243.56
2018-06-01,2017-2018,2007-08,01,32,Gur,244.3
2018-07-01,2018-2019,2007-08,01,32,Gur,249.15
2018-08-01,2018-2019,2007-08,01,32,Gur,252.43
2018-09-01,2018-2019,2007-08,01,32,Gur,259.35
2018-10-01,2018-2019,2007-08,01,32,Gur,262.49
2018-11-01,2018-2019,2007-08,01,32,Gur,260.99
2018-12-01,2018-2019,2007-08,01,32,Gur,259.69
2019-01-01,2018-2019,2007-08,01,32,Gur,265.55
2019-02-01,2018-2019,2007-08,01,32,Gur,271.58
2019-03-01,2018-2019,2007-08,01,32,Gur,279.41
2019-04-01,2018-2019,2007-08,01,32,Gur,287.7
2019-05-01,2018-2019,2007-08,01,32,Gur,299.59
2019-06-01,2018-2019,2007-08,01,32,Gur,312.32
2015-07-01,2015-2016,2007-08,01,33,Honey,304.35
2015-08-01,2015-2016,2007-08,01,33,Honey,304.35
2015-09-01,2015-2016,2007-08,01,33,Honey,304.38
2015-10-01,2015-2016,2007-08,01,33,Honey,304.38
2015-11-01,2015-2016,2007-08,01,33,Honey,305.4
2015-12-01,2015-2016,2007-08,01,33,Honey,306.28
2016-01-01,2015-2016,2007-08,01,33,Honey,307.36
2016-02-01,2015-2016,2007-08,01,33,Honey,307.75
2016-03-01,2015-2016,2007-08,01,33,Honey,307.12
2016-04-01,2015-2016,2007-08,01,33,Honey,307.78
2016-05-01,2015-2016,2007-08,01,33,Honey,307.78
2016-06-01,2015-2016,2007-08,01,33,Honey,307.78
2016-07-01,2016-2017,2007-08,01,33,Honey,310.8
2016-08-01,2016-2017,2007-08,01,33,Honey,312.6
2016-09-01,2016-2017,2007-08,01,33,Honey,316.91
2016-10-01,2016-2017,2007-08,01,33,Honey,314.49
2016-11-01,2016-2017,2007-08,01,33,Honey,316.04
2016-12-01,2016-2017,2007-08,01,33,Honey,317.3
2017-01-01,2016-2017,2007-08,01,33,Honey,319.03
2017-02-01,2016-2017,2007-08,01,33,Honey,322.2
2017-03-01,2016-2017,2007-08,01,33,Honey,323.63
2017-04-01,2016-2017,2007-08,01,33,Honey,331.39
2017-05-01,2016-2017,2007-08,01,33,Honey,331.39
2017-06-01,2016-2017,2007-08,01,33,Honey,331.39
2017-07-01,2017-2018,2007-08,01,33,Honey,331.37
2017-08-01,2017-2018,2007-08,01,33,Honey,332.15
2017-09-01,2017-2018,2007-08,01,33,Honey,332.15
2017-10-01,2017-2018,2007-08,01,33,Honey,334.28
2017-11-01,2017-2018,2007-08,01,33,Honey,338.91
2017-12-01,2017-2018,2007-08,01,33,Honey,339.2
2018-01-01,2017-2018,2007-08,01,33,Honey,340.27
2018-02-01,2017-2018,2007-08,01,33,Honey,341.03
2018-03-01,2017-2018,2007-08,01,33,Honey,341.03
2018-04-01,2017-2018,2007-08,01,33,Honey,341.92
2018-05-01,2017-2018,2007-08,01,33,Honey,346.18
2018-06-01,2017-2018,2007-08,01,33,Honey,346.18
2018-07-01,2018-2019,2007-08,01,33,Honey,348.07
2018-08-01,2018-2019,2007-08,01,33,Honey,351.07
2018-09-01,2018-2019,2007-08,01,33,Honey,352.68
2018-10-01,2018-2019,2007-08,01,33,Honey,356.59
2018-11-01,2018-2019,2007-08,01,33,Honey,361.11
2018-12-01,2018-2019,2007-08,01,33,Honey,381.37
2019-01-01,2018-2019,2007-08,01,33,Honey,383.26
2019-02-01,2018-2019,2007-08,01,33,Honey,389.58
2019-03-01,2018-2019,2007-08,01,33,Honey,392.98
2019-04-01,2018-2019,2007-08,01,33,Honey,399.03
2019-05-01,2018-2019,2007-08,01,33,Honey,403
2019-06-01,2018-2019,2007-08,01,33,Honey,406.02
2015-07-01,2015-2016,2007-08,01,34,SweetMeat,235.91
2015-08-01,2015-2016,2007-08,01,34,SweetMeat,237.2
2015-09-01,2015-2016,2007-08,01,34,SweetMeat,238.02
2015-10-01,2015-2016,2007-08,01,34,SweetMeat,238.4
2015-11-01,2015-2016,2007-08,01,34,SweetMeat,238.79
2015-12-01,2015-2016,2007-08,01,34,SweetMeat,239.13
2016-01-01,2015-2016,2007-08,01,34,SweetMeat,239.94
2016-02-01,2015-2016,2007-08,01,34,SweetMeat,241.33
2016-03-01,2015-2016,2007-08,01,34,SweetMeat,239.96
2016-04-01,2015-2016,2007-08,01,34,SweetMeat,239.96
2016-05-01,2015-2016,2007-08,01,34,SweetMeat,241.33
2016-06-01,2015-2016,2007-08,01,34,SweetMeat,241.3
2016-07-01,2016-2017,2007-08,01,34,SweetMeat,242.45
2016-08-01,2016-2017,2007-08,01,34,SweetMeat,243.97
2016-09-01,2016-2017,2007-08,01,34,SweetMeat,244.89
2016-10-01,2016-2017,2007-08,01,34,SweetMeat,245.36
2016-11-01,2016-2017,2007-08,01,34,SweetMeat,245.39
2016-12-01,2016-2017,2007-08,01,34,SweetMeat,245.95
2017-01-01,2016-2017,2007-08,01,34,SweetMeat,245.95
2017-02-01,2016-2017,2007-08,01,34,SweetMeat,246.37
2017-03-01,2016-2017,2007-08,01,34,SweetMeat,247.44
2017-04-01,2016-2017,2007-08,01,34,SweetMeat,247.92
2017-05-01,2016-2017,2007-08,01,34,SweetMeat,250.1
2017-06-01,2016-2017,2007-08,01,34,SweetMeat,251.16
2017-07-01,2017-2018,2007-08,01,34,SweetMeat,251.88
2017-08-01,2017-2018,2007-08,01,34,SweetMeat,252.57
2017-09-01,2017-2018,2007-08,01,34,SweetMeat,253.51
2017-10-01,2017-2018,2007-08,01,34,SweetMeat,253.94
2017-11-01,2017-2018,2007-08,01,34,SweetMeat,254.71
2017-12-01,2017-2018,2007-08,01,34,SweetMeat,254.71
2018-01-01,2017-2018,2007-08,01,34,SweetMeat,256.43
2018-02-01,2017-2018,2007-08,01,34,SweetMeat,256.66
2018-03-01,2017-2018,2007-08,01,34,SweetMeat,257.09
2018-04-01,2017-2018,2007-08,01,34,SweetMeat,267.41
2018-05-01,2017-2018,2007-08,01,34,SweetMeat,270.67
2018-06-01,2017-2018,2007-08,01,34,SweetMeat,270.86
2018-07-01,2018-2019,2007-08,01,34,SweetMeat,271.48
2018-08-01,2018-2019,2007-08,01,34,SweetMeat,271.54
2018-09-01,2018-2019,2007-08,01,34,SweetMeat,273.01
2018-10-01,2018-2019,2007-08,01,34,SweetMeat,273.59
2018-11-01,2018-2019,2007-08,01,34,SweetMeat,274.99
2018-12-01,2018-2019,2007-08,01,34,SweetMeat,274.96
2019-01-01,2018-2019,2007-08,01,34,SweetMeat,275.93
2019-02-01,2018-2019,2007-08,01,34,SweetMeat,277.48
2019-03-01,2018-2019,2007-08,01,34,SweetMeat,278.37
2019-04-01,2018-2019,2007-08,01,34,SweetMeat,279.53
2019-05-01,2018-2019,2007-08,01,34,SweetMeat,283.12
2019-06-01,2018-2019,2007-08,01,34,SweetMeat,285.9
2015-07-01,2015-2016,2007-08,01,35,Beverages,215.67
2015-08-01,2015-2016,2007-08,01,35,Beverages,215.71
2015-09-01,2015-2016,2007-08,01,35,Beverages,217.39
2015-10-01,2015-2016,2007-08,01,35,Beverages,217.86
2015-11-01,2015-2016,2007-08,01,35,Beverages,217.39
2015-12-01,2015-2016,2007-08,01,35,Beverages,217.44
2016-01-01,2015-2016,2007-08,01,35,Beverages,215.29
2016-02-01,2015-2016,2007-08,01,35,Beverages,215.64
2016-03-01,2015-2016,2007-08,01,35,Beverages,215.86
2016-04-01,2015-2016,2007-08,01,35,Beverages,217.77
2016-05-01,2015-2016,2007-08,01,35,Beverages,219.07
2016-06-01,2015-2016,2007-08,01,35,Beverages,220.83
2016-07-01,2016-2017,2007-08,01,35,Beverages,221.71
2016-08-01,2016-2017,2007-08,01,35,Beverages,221.76
2016-09-01,2016-2017,2007-08,01,35,Beverages,221.86
2016-10-01,2016-2017,2007-08,01,35,Beverages,219.47
2016-11-01,2016-2017,2007-08,01,35,Beverages,219.5
2016-12-01,2016-2017,2007-08,01,35,Beverages,218.49
2017-01-01,2016-2017,2007-08,01,35,Beverages,218.57
2017-02-01,2016-2017,2007-08,01,35,Beverages,218.9
2017-03-01,2016-2017,2007-08,01,35,Beverages,219.43
2017-04-01,2016-2017,2007-08,01,35,Beverages,220.59
2017-05-01,2016-2017,2007-08,01,35,Beverages,224.56
2017-06-01,2016-2017,2007-08,01,35,Beverages,227.14
2017-07-01,2017-2018,2007-08,01,35,Beverages,226.09
2017-08-01,2017-2018,2007-08,01,35,Beverages,226.1
2017-09-01,2017-2018,2007-08,01,35,Beverages,226.34
2017-10-01,2017-2018,2007-08,01,35,Beverages,226.52
2017-11-01,2017-2018,2007-08,01,35,Beverages,226.48
2017-12-01,2017-2018,2007-08,01,35,Beverages,225.93
2018-01-01,2017-2018,2007-08,01,35,Beverages,225.94
2018-02-01,2017-2018,2007-08,01,35,Beverages,226.8
2018-03-01,2017-2018,2007-08,01,35,Beverages,227.38
2018-04-01,2017-2018,2007-08,01,35,Beverages,230.6
2018-05-01,2017-2018,2007-08,01,35,Beverages,231.59
2018-06-01,2017-2018,2007-08,01,35,Beverages,232.53
2018-07-01,2018-2019,2007-08,01,35,Beverages,233.36
2018-08-01,2018-2019,2007-08,01,35,Beverages,233.42
2018-09-01,2018-2019,2007-08,01,35,Beverages,233.14
2018-10-01,2018-2019,2007-08,01,35,Beverages,235.01
2018-11-01,2018-2019,2007-08,01,35,Beverages,234.44
2018-12-01,2018-2019,2007-08,01,35,Beverages,233.54
2019-01-01,2018-2019,2007-08,01,35,Beverages,233.73
2019-02-01,2018-2019,2007-08,01,35,Beverages,234.18
2019-03-01,2018-2019,2007-08,01,35,Beverages,234.23
2019-04-01,2018-2019,2007-08,01,35,Beverages,235.98
2019-05-01,2018-2019,2007-08,01,35,Beverages,239.05
2019-06-01,2018-2019,2007-08,01,35,Beverages,240.22
2015-07-01,2015-2016,2007-08,01,36,"Jam, Tomato Ketchup & Pickles",209.37
2015-08-01,2015-2016,2007-08,01,36,"Jam, Tomato Ketchup & Pickles",210.53
2015-09-01,2015-2016,2007-08,01,36,"Jam, Tomato Ketchup & Pickles",211.13
2015-10-01,2015-2016,2007-08,01,36,"Jam, Tomato Ketchup & Pickles",211.33
2015-11-01,2015-2016,2007-08,01,36,"Jam, Tomato Ketchup & Pickles",211.59
2015-12-01,2015-2016,2007-08,01,36,"Jam, Tomato Ketchup & Pickles",211.62
2016-01-01,2015-2016,2007-08,01,36,"Jam, Tomato Ketchup & Pickles",212.15
2016-02-01,2015-2016,2007-08,01,36,"Jam, Tomato Ketchup & Pickles",212.12
2016-03-01,2015-2016,2007-08,01,36,"Jam, Tomato Ketchup & Pickles",211.82
2016-04-01,2015-2016,2007-08,01,36,"Jam, Tomato Ketchup & Pickles",213.44
2016-05-01,2015-2016,2007-08,01,36,"Jam, Tomato Ketchup & Pickles",214.28
2016-06-01,2015-2016,2007-08,01,36,"Jam, Tomato Ketchup & Pickles",215.33
2016-07-01,2016-2017,2007-08,01,36,"Jam, Tomato Ketchup & Pickles",215.61
2016-08-01,2016-2017,2007-08,01,36,"Jam, Tomato Ketchup & Pickles",215.53
2016-09-01,2016-2017,2007-08,01,36,"Jam, Tomato Ketchup & Pickles",215.46
2016-10-01,2016-2017,2007-08,01,36,"Jam, Tomato Ketchup & Pickles",215.72
2016-11-01,2016-2017,2007-08,01,36,"Jam, Tomato Ketchup & Pickles",216.26
2016-12-01,2016-2017,2007-08,01,36,"Jam, Tomato Ketchup & Pickles",216.6
2017-01-01,2016-2017,2007-08,01,36,"Jam, Tomato Ketchup & Pickles",216.69
2017-02-01,2016-2017,2007-08,01,36,"Jam, Tomato Ketchup & Pickles",216.89
2017-03-01,2016-2017,2007-08,01,36,"Jam, Tomato Ketchup & Pickles",217.05
2017-04-01,2016-2017,2007-08,01,36,"Jam, Tomato Ketchup & Pickles",217.1
2017-05-01,2016-2017,2007-08,01,36,"Jam, Tomato Ketchup & Pickles",217.79
2017-06-01,2016-2017,2007-08,01,36,"Jam, Tomato Ketchup & Pickles",218.46
2017-07-01,2017-2018,2007-08,01,36,"Jam, Tomato Ketchup & Pickles",218.93
2017-08-01,2017-2018,2007-08,01,36,"Jam, Tomato Ketchup & Pickles",219.51
2017-09-01,2017-2018,2007-08,01,36,"Jam, Tomato Ketchup & Pickles",220.13
2017-10-01,2017-2018,2007-08,01,36,"Jam, Tomato Ketchup & Pickles",221.97
2017-11-01,2017-2018,2007-08,01,36,"Jam, Tomato Ketchup & Pickles",223.06
2017-12-01,2017-2018,2007-08,01,36,"Jam, Tomato Ketchup & Pickles",223.9
2018-01-01,2017-2018,2007-08,01,36,"Jam, Tomato Ketchup & Pickles",224.39
2018-02-01,2017-2018,2007-08,01,36,"Jam, Tomato Ketchup & Pickles",224.88
2018-03-01,2017-2018,2007-08,01,36,"Jam, Tomato Ketchup & Pickles",225.48
2018-04-01,2017-2018,2007-08,01,36,"Jam, Tomato Ketchup & Pickles",228.8
2018-05-01,2017-2018,2007-08,01,36,"Jam, Tomato Ketchup & Pickles",230.45
2018-06-01,2017-2018,2007-08,01,36,"Jam, Tomato Ketchup & Pickles",230.49
2018-07-01,2018-2019,2007-08,01,36,"Jam, Tomato Ketchup & Pickles",231.54
2018-08-01,2018-2019,2007-08,01,36,"Jam, Tomato Ketchup & Pickles",232.81
2018-09-01,2018-2019,2007-08,01,36,"Jam, Tomato Ketchup & Pickles",233.2
2018-10-01,2018-2019,2007-08,01,36,"Jam, Tomato Ketchup & Pickles",235.37
2018-11-01,2018-2019,2007-08,01,36,"Jam, Tomato Ketchup & Pickles",236.33
2018-12-01,2018-2019,2007-08,01,36,"Jam, Tomato Ketchup & Pickles",237.94
2019-01-01,2018-2019,2007-08,01,36,"Jam, Tomato Ketchup & Pickles",238.45
2019-02-01,2018-2019,2007-08,01,36,"Jam, Tomato Ketchup & Pickles",239.5
2019-03-01,2018-2019,2007-08,01,36,"Jam, Tomato Ketchup & Pickles",239.87
2019-04-01,2018-2019,2007-08,01,36,"Jam, Tomato Ketchup & Pickles",241.85
2019-05-01,2018-2019,2007-08,01,36,"Jam, Tomato Ketchup & Pickles",243.64
2019-06-01,2018-2019,2007-08,01,36,"Jam, Tomato Ketchup & Pickles",244.42
2015-07-01,2015-2016,2007-08,01,37,Condiments,258.03
2015-08-01,2015-2016,2007-08,01,37,Condiments,258.1
2015-09-01,2015-2016,2007-08,01,37,Condiments,258.47
2015-10-01,2015-2016,2007-08,01,37,Condiments,258.82
2015-11-01,2015-2016,2007-08,01,37,Condiments,259.27
2015-12-01,2015-2016,2007-08,01,37,Condiments,260.42
2016-01-01,2015-2016,2007-08,01,37,Condiments,261.47
2016-02-01,2015-2016,2007-08,01,37,Condiments,262.38
2016-03-01,2015-2016,2007-08,01,37,Condiments,261.12
2016-04-01,2015-2016,2007-08,01,37,Condiments,263.03
2016-05-01,2015-2016,2007-08,01,37,Condiments,262.65
2016-06-01,2015-2016,2007-08,01,37,Condiments,262.42
2016-07-01,2016-2017,2007-08,01,37,Condiments,263.23
2016-08-01,2016-2017,2007-08,01,37,Condiments,262.89
2016-09-01,2016-2017,2007-08,01,37,Condiments,262.69
2016-10-01,2016-2017,2007-08,01,37,Condiments,263.47
2016-11-01,2016-2017,2007-08,01,37,Condiments,265.31
2016-12-01,2016-2017,2007-08,01,37,Condiments,265.42
2017-01-01,2016-2017,2007-08,01,37,Condiments,265.97
2017-02-01,2016-2017,2007-08,01,37,Condiments,266.55
2017-03-01,2016-2017,2007-08,01,37,Condiments,266.36
2017-04-01,2016-2017,2007-08,01,37,Condiments,267.7
2017-05-01,2016-2017,2007-08,01,37,Condiments,269.19
2017-06-01,2016-2017,2007-08,01,37,Condiments,269.13
2017-07-01,2017-2018,2007-08,01,37,Condiments,269.74
2017-08-01,2017-2018,2007-08,01,37,Condiments,270.57
2017-09-01,2017-2018,2007-08,01,37,Condiments,271.56
2017-10-01,2017-2018,2007-08,01,37,Condiments,273.37
2017-11-01,2017-2018,2007-08,01,37,Condiments,273.73
2017-12-01,2017-2018,2007-08,01,37,Condiments,274.69
2018-01-01,2017-2018,2007-08,01,37,Condiments,276.69
2018-02-01,2017-2018,2007-08,01,37,Condiments,277.53
2018-03-01,2017-2018,2007-08,01,37,Condiments,278.51
2018-04-01,2017-2018,2007-08,01,37,Condiments,283.14
2018-05-01,2017-2018,2007-08,01,37,Condiments,284.34
2018-06-01,2017-2018,2007-08,01,37,Condiments,284.91
2018-07-01,2018-2019,2007-08,01,37,Condiments,285.6
2018-08-01,2018-2019,2007-08,01,37,Condiments,286.39
2018-09-01,2018-2019,2007-08,01,37,Condiments,286.64
2018-10-01,2018-2019,2007-08,01,37,Condiments,288.04
2018-11-01,2018-2019,2007-08,01,37,Condiments,289.66
2018-12-01,2018-2019,2007-08,01,37,Condiments,290.89
2019-01-01,2018-2019,2007-08,01,37,Condiments,294.79
2019-02-01,2018-2019,2007-08,01,37,Condiments,297.84
2019-03-01,2018-2019,2007-08,01,37,Condiments,299.19
2019-04-01,2018-2019,2007-08,01,37,Condiments,299.5
2019-05-01,2018-2019,2007-08,01,37,Condiments,300.66
2019-06-01,2018-2019,2007-08,01,37,Condiments,304.45
2015-07-01,2015-2016,2007-08,01,38,Spices,237.36
2015-08-01,2015-2016,2007-08,01,38,Spices,238.09
2015-09-01,2015-2016,2007-08,01,38,Spices,238.44
2015-10-01,2015-2016,2007-08,01,38,Spices,237.3
2015-11-01,2015-2016,2007-08,01,38,Spices,237.23
2015-12-01,2015-2016,2007-08,01,38,Spices,238.38
2016-01-01,2015-2016,2007-08,01,38,Spices,238.16
2016-02-01,2015-2016,2007-08,01,38,Spices,239.15
2016-03-01,2015-2016,2007-08,01,38,Spices,238.67
2016-04-01,2015-2016,2007-08,01,38,Spices,239.67
2016-05-01,2015-2016,2007-08,01,38,Spices,240.26
2016-06-01,2015-2016,2007-08,01,38,Spices,241.18
2016-07-01,2016-2017,2007-08,01,38,Spices,241.62
2016-08-01,2016-2017,2007-08,01,38,Spices,242.16
2016-09-01,2016-2017,2007-08,01,38,Spices,241.44
2016-10-01,2016-2017,2007-08,01,38,Spices,239.79
2016-11-01,2016-2017,2007-08,01,38,Spices,239.32
2016-12-01,2016-2017,2007-08,01,38,Spices,238.63
2017-01-01,2016-2017,2007-08,01,38,Spices,238.31
2017-02-01,2016-2017,2007-08,01,38,Spices,238.85
2017-03-01,2016-2017,2007-08,01,38,Spices,237.9
2017-04-01,2016-2017,2007-08,01,38,Spices,236.82
2017-05-01,2016-2017,2007-08,01,38,Spices,236.86
2017-06-01,2016-2017,2007-08,01,38,Spices,236.29
2017-07-01,2017-2018,2007-08,01,38,Spices,236.34
2017-08-01,2017-2018,2007-08,01,38,Spices,238.53
2017-09-01,2017-2018,2007-08,01,38,Spices,238.8
2017-10-01,2017-2018,2007-08,01,38,Spices,239.11
2017-11-01,2017-2018,2007-08,01,38,Spices,239.01
2017-12-01,2017-2018,2007-08,01,38,Spices,238.45
2018-01-01,2017-2018,2007-08,01,38,Spices,239.66
2018-02-01,2017-2018,2007-08,01,38,Spices,239.8
2018-03-01,2017-2018,2007-08,01,38,Spices,239.75
2018-04-01,2017-2018,2007-08,01,38,Spices,243.77
2018-05-01,2017-2018,2007-08,01,38,Spices,246.93
2018-06-01,2017-2018,2007-08,01,38,Spices,250.42
2018-07-01,2018-2019,2007-08,01,38,Spices,259.44
2018-08-01,2018-2019,2007-08,01,38,Spices,260.82
2018-09-01,2018-2019,2007-08,01,38,Spices,264.25
2018-10-01,2018-2019,2007-08,01,38,Spices,269.25
2018-11-01,2018-2019,2007-08,01,38,Spices,272.35
2018-12-01,2018-2019,2007-08,01,38,Spices,274.09
2019-01-01,2018-2019,2007-08,01,38,Spices,276.34
2019-02-01,2018-2019,2007-08,01,38,Spices,279.54
2019-03-01,2018-2019,2007-08,01,38,Spices,282.09
2019-04-01,2018-2019,2007-08,01,38,Spices,286.08
2019-05-01,2018-2019,2007-08,01,38,Spices,289.38
2019-06-01,2018-2019,2007-08,01,38,Spices,291.97
2015-07-01,2015-2016,2007-08,01,39,Tea,235.06
2015-08-01,2015-2016,2007-08,01,39,Tea,252
2015-09-01,2015-2016,2007-08,01,39,Tea,262.29
2015-10-01,2015-2016,2007-08,01,39,Tea,265.12
2015-11-01,2015-2016,2007-08,01,39,Tea,273.45
2015-12-01,2015-2016,2007-08,01,39,Tea,279.35
2016-01-01,2015-2016,2007-08,01,39,Tea,284.13
2016-02-01,2015-2016,2007-08,01,39,Tea,282.69
2016-03-01,2015-2016,2007-08,01,39,Tea,261.29
2016-04-01,2015-2016,2007-08,01,39,Tea,257.15
2016-05-01,2015-2016,2007-08,01,39,Tea,256.86
2016-06-01,2015-2016,2007-08,01,39,Tea,255.87
2016-07-01,2016-2017,2007-08,01,39,Tea,255.25
2016-08-01,2016-2017,2007-08,01,39,Tea,255.57
2016-09-01,2016-2017,2007-08,01,39,Tea,255.71
2016-10-01,2016-2017,2007-08,01,39,Tea,255.49
2016-11-01,2016-2017,2007-08,01,39,Tea,256.46
2016-12-01,2016-2017,2007-08,01,39,Tea,264.16
2017-01-01,2016-2017,2007-08,01,39,Tea,266.44
2017-02-01,2016-2017,2007-08,01,39,Tea,270.18
2017-03-01,2016-2017,2007-08,01,39,Tea,283.96
2017-04-01,2016-2017,2007-08,01,39,Tea,286.87
2017-05-01,2016-2017,2007-08,01,39,Tea,289.9
2017-06-01,2016-2017,2007-08,01,39,Tea,290.45
2017-07-01,2017-2018,2007-08,01,39,Tea,291.89
2017-08-01,2017-2018,2007-08,01,39,Tea,289.16
2017-09-01,2017-2018,2007-08,01,39,Tea,284.1
2017-10-01,2017-2018,2007-08,01,39,Tea,283.79
2017-11-01,2017-2018,2007-08,01,39,Tea,283.98
2017-12-01,2017-2018,2007-08,01,39,Tea,284.22
2018-01-01,2017-2018,2007-08,01,39,Tea,282.72
2018-02-01,2017-2018,2007-08,01,39,Tea,287.65
2018-03-01,2017-2018,2007-08,01,39,Tea,296.63
2018-04-01,2017-2018,2007-08,01,39,Tea,300.65
2018-05-01,2017-2018,2007-08,01,39,Tea,302.62
2018-06-01,2017-2018,2007-08,01,39,Tea,304.69
2018-07-01,2018-2019,2007-08,01,39,Tea,306.22
2018-08-01,2018-2019,2007-08,01,39,Tea,306.97
2018-09-01,2018-2019,2007-08,01,39,Tea,307.5
2018-10-01,2018-2019,2007-08,01,39,Tea,308.83
2018-11-01,2018-2019,2007-08,01,39,Tea,310.54
2018-12-01,2018-2019,2007-08,01,39,Tea,315.81
2019-01-01,2018-2019,2007-08,01,39,Tea,318.33
2019-02-01,2018-2019,2007-08,01,39,Tea,319.43
2019-03-01,2018-2019,2007-08,01,39,Tea,319.96
2019-04-01,2018-2019,2007-08,01,39,Tea,320.98
2019-05-01,2018-2019,2007-08,01,39,Tea,321.62
2019-06-01,2018-2019,2007-08,01,39,Tea,322.11
2015-07-01,2015-2016,2007-08,02,00,"Alcoholic Beverages, Tobacco",309.83
2015-08-01,2015-2016,2007-08,02,00,"Alcoholic Beverages, Tobacco",309.9
2015-09-01,2015-2016,2007-08,02,00,"Alcoholic Beverages, Tobacco",309.97
2015-10-01,2015-2016,2007-08,02,00,"Alcoholic Beverages, Tobacco",309.96
2015-11-01,2015-2016,2007-08,02,00,"Alcoholic Beverages, Tobacco",312.26
2015-12-01,2015-2016,2007-08,02,00,"Alcoholic Beverages, Tobacco",334.66
2016-01-01,2015-2016,2007-08,02,00,"Alcoholic Beverages, Tobacco",337.14
2016-02-01,2015-2016,2007-08,02,00,"Alcoholic Beverages, Tobacco",337.57
2016-03-01,2015-2016,2007-08,02,00,"Alcoholic Beverages, Tobacco",338.77
2016-04-01,2015-2016,2007-08,02,00,"Alcoholic Beverages, Tobacco",344.1
2016-05-01,2015-2016,2007-08,02,00,"Alcoholic Beverages, Tobacco",346.08
2016-06-01,2015-2016,2007-08,02,00,"Alcoholic Beverages, Tobacco",360.75
2016-07-01,2016-2017,2007-08,02,00,"Alcoholic Beverages, Tobacco",364.79
2016-08-01,2016-2017,2007-08,02,00,"Alcoholic Beverages, Tobacco",365.41
2016-09-01,2016-2017,2007-08,02,00,"Alcoholic Beverages, Tobacco",364.13
2016-10-01,2016-2017,2007-08,02,00,"Alcoholic Beverages, Tobacco",364.39
2016-11-01,2016-2017,2007-08,02,00,"Alcoholic Beverages, Tobacco",365.33
2016-12-01,2016-2017,2007-08,02,00,"Alcoholic Beverages, Tobacco",373.34
2017-01-01,2016-2017,2007-08,02,00,"Alcoholic Beverages, Tobacco",377.97
2017-02-01,2016-2017,2007-08,02,00,"Alcoholic Beverages, Tobacco",379.55
2017-03-01,2016-2017,2007-08,02,00,"Alcoholic Beverages, Tobacco",380.92
2017-04-01,2016-2017,2007-08,02,00,"Alcoholic Beverages, Tobacco",382.78
2017-05-01,2016-2017,2007-08,02,00,"Alcoholic Beverages, Tobacco",383.32
2017-06-01,2016-2017,2007-08,02,00,"Alcoholic Beverages, Tobacco",324.6
2017-07-01,2017-2018,2007-08,02,00,"Alcoholic Beverages, Tobacco",306.67
2017-08-01,2017-2018,2007-08,02,00,"Alcoholic Beverages, Tobacco",306.25
2017-09-01,2017-2018,2007-08,02,00,"Alcoholic Beverages, Tobacco",304.8
2017-10-01,2017-2018,2007-08,02,00,"Alcoholic Beverages, Tobacco",305.31
2017-11-01,2017-2018,2007-08,02,00,"Alcoholic Beverages, Tobacco",305.51
2017-12-01,2017-2018,2007-08,02,00,"Alcoholic Beverages, Tobacco",305.76
2018-01-01,2017-2018,2007-08,02,00,"Alcoholic Beverages, Tobacco",309.16
2018-02-01,2017-2018,2007-08,02,00,"Alcoholic Beverages, Tobacco",313.39
2018-03-01,2017-2018,2007-08,02,00,"Alcoholic Beverages, Tobacco",316.6
2018-04-01,2017-2018,2007-08,02,00,"Alcoholic Beverages, Tobacco",317.7
2018-05-01,2017-2018,2007-08,02,00,"Alcoholic Beverages, Tobacco",315.26
2018-06-01,2017-2018,2007-08,02,00,"Alcoholic Beverages, Tobacco",314.62
2018-07-01,2018-2019,2007-08,02,00,"Alcoholic Beverages, Tobacco",313.65
2018-08-01,2018-2019,2007-08,02,00,"Alcoholic Beverages, Tobacco",313.47
2018-09-01,2018-2019,2007-08,02,00,"Alcoholic Beverages, Tobacco",314.42
2018-10-01,2018-2019,2007-08,02,00,"Alcoholic Beverages, Tobacco",344.03
2018-11-01,2018-2019,2007-08,02,00,"Alcoholic Beverages, Tobacco",348
2018-12-01,2018-2019,2007-08,02,00,"Alcoholic Beverages, Tobacco",349.35
2019-01-01,2018-2019,2007-08,02,00,"Alcoholic Beverages, Tobacco",353.17
2019-02-01,2018-2019,2007-08,02,00,"Alcoholic Beverages, Tobacco",354.79
2019-03-01,2018-2019,2007-08,02,00,"Alcoholic Beverages, Tobacco",355.5
2019-04-01,2018-2019,2007-08,02,00,"Alcoholic Beverages, Tobacco",356.08
2019-05-01,2018-2019,2007-08,02,00,"Alcoholic Beverages, Tobacco",357.39
2019-06-01,2018-2019,2007-08,02,00,"Alcoholic Beverages, Tobacco",384.13
2015-07-01,2015-2016,2007-08,02,40,Cigarettes,311.47
2015-08-01,2015-2016,2007-08,02,40,Cigarettes,311.47
2015-09-01,2015-2016,2007-08,02,40,Cigarettes,311.47
2015-10-01,2015-2016,2007-08,02,40,Cigarettes,311.47
2015-11-01,2015-2016,2007-08,02,40,Cigarettes,313.74
2015-12-01,2015-2016,2007-08,02,40,Cigarettes,336.44
2016-01-01,2015-2016,2007-08,02,40,Cigarettes,338.92
2016-02-01,2015-2016,2007-08,02,40,Cigarettes,339.36
2016-03-01,2015-2016,2007-08,02,40,Cigarettes,340.48
2016-04-01,2015-2016,2007-08,02,40,Cigarettes,345.88
2016-05-01,2015-2016,2007-08,02,40,Cigarettes,347.85
2016-06-01,2015-2016,2007-08,02,40,Cigarettes,362.72
2016-07-01,2016-2017,2007-08,02,40,Cigarettes,366.77
2016-08-01,2016-2017,2007-08,02,40,Cigarettes,367.46
2016-09-01,2016-2017,2007-08,02,40,Cigarettes,366.11
2016-10-01,2016-2017,2007-08,02,40,Cigarettes,366.41
2016-11-01,2016-2017,2007-08,02,40,Cigarettes,367.34
2016-12-01,2016-2017,2007-08,02,40,Cigarettes,375.47
2017-01-01,2016-2017,2007-08,02,40,Cigarettes,380.19
2017-02-01,2016-2017,2007-08,02,40,Cigarettes,381.8
2017-03-01,2016-2017,2007-08,02,40,Cigarettes,383.2
2017-04-01,2016-2017,2007-08,02,40,Cigarettes,385.02
2017-05-01,2016-2017,2007-08,02,40,Cigarettes,385.57
2017-06-01,2016-2017,2007-08,02,40,Cigarettes,325.84
2017-07-01,2017-2018,2007-08,02,40,Cigarettes,307.56
2017-08-01,2017-2018,2007-08,02,40,Cigarettes,307.18
2017-09-01,2017-2018,2007-08,02,40,Cigarettes,305.67
2017-10-01,2017-2018,2007-08,02,40,Cigarettes,306.09
2017-11-01,2017-2018,2007-08,02,40,Cigarettes,306.09
2017-12-01,2017-2018,2007-08,02,40,Cigarettes,306.13
2018-01-01,2017-2018,2007-08,02,40,Cigarettes,306.13
2018-02-01,2017-2018,2007-08,02,40,Cigarettes,306.13
2018-03-01,2017-2018,2007-08,02,40,Cigarettes,306.62
2018-04-01,2017-2018,2007-08,02,40,Cigarettes,307.42
2018-05-01,2017-2018,2007-08,02,40,Cigarettes,307.5
2018-06-01,2017-2018,2007-08,02,40,Cigarettes,307.85
2018-07-01,2018-2019,2007-08,02,40,Cigarettes,307.93
2018-08-01,2018-2019,2007-08,02,40,Cigarettes,308.24
2018-09-01,2018-2019,2007-08,02,40,Cigarettes,309.5
2018-10-01,2018-2019,2007-08,02,40,Cigarettes,339.42
2018-11-01,2018-2019,2007-08,02,40,Cigarettes,343.62
2018-12-01,2018-2019,2007-08,02,40,Cigarettes,345.08
2019-01-01,2018-2019,2007-08,02,40,Cigarettes,349.14
2019-02-01,2018-2019,2007-08,02,40,Cigarettes,350.86
2019-03-01,2018-2019,2007-08,02,40,Cigarettes,351.79
2019-04-01,2018-2019,2007-08,02,40,Cigarettes,352.2
2019-05-01,2018-2019,2007-08,02,40,Cigarettes,353.23
2019-06-01,2018-2019,2007-08,02,40,Cigarettes,380.62
2015-07-01,2015-2016,2007-08,02,41,Betel Leaves & Nuts,210.25
2015-08-01,2015-2016,2007-08,02,41,Betel Leaves & Nuts,214.46
2015-09-01,2015-2016,2007-08,02,41,Betel Leaves & Nuts,218.57
2015-10-01,2015-2016,2007-08,02,41,Betel Leaves & Nuts,218.45
2015-11-01,2015-2016,2007-08,02,41,Betel Leaves & Nuts,222.55
2015-12-01,2015-2016,2007-08,02,41,Betel Leaves & Nuts,226.79
2016-01-01,2015-2016,2007-08,02,41,Betel Leaves & Nuts,229.04
2016-02-01,2015-2016,2007-08,02,41,Betel Leaves & Nuts,229.29
2016-03-01,2015-2016,2007-08,02,41,Betel Leaves & Nuts,234.38
2016-04-01,2015-2016,2007-08,02,41,Betel Leaves & Nuts,236.22
2016-05-01,2015-2016,2007-08,02,41,Betel Leaves & Nuts,238.78
2016-06-01,2015-2016,2007-08,02,41,Betel Leaves & Nuts,241.34
2016-07-01,2016-2017,2007-08,02,41,Betel Leaves & Nuts,244.15
2016-08-01,2016-2017,2007-08,02,41,Betel Leaves & Nuts,241.23
2016-09-01,2016-2017,2007-08,02,41,Betel Leaves & Nuts,244.31
2016-10-01,2016-2017,2007-08,02,41,Betel Leaves & Nuts,241.62
2016-11-01,2016-2017,2007-08,02,41,Betel Leaves & Nuts,243.1
2016-12-01,2016-2017,2007-08,02,41,Betel Leaves & Nuts,243.86
2017-01-01,2016-2017,2007-08,02,41,Betel Leaves & Nuts,242.96
2017-02-01,2016-2017,2007-08,02,41,Betel Leaves & Nuts,243.31
2017-03-01,2016-2017,2007-08,02,41,Betel Leaves & Nuts,242.66
2017-04-01,2016-2017,2007-08,02,41,Betel Leaves & Nuts,246.79
2017-05-01,2016-2017,2007-08,02,41,Betel Leaves & Nuts,246.77
2017-06-01,2016-2017,2007-08,02,41,Betel Leaves & Nuts,249.57
2017-07-01,2017-2018,2007-08,02,41,Betel Leaves & Nuts,252.67
2017-08-01,2017-2018,2007-08,02,41,Betel Leaves & Nuts,250.15
2017-09-01,2017-2018,2007-08,02,41,Betel Leaves & Nuts,251.93
2017-10-01,2017-2018,2007-08,02,41,Betel Leaves & Nuts,258.4
2017-11-01,2017-2018,2007-08,02,41,Betel Leaves & Nuts,270.67
2017-12-01,2017-2018,2007-08,02,41,Betel Leaves & Nuts,283.31
2018-01-01,2017-2018,2007-08,02,41,Betel Leaves & Nuts,493
2018-02-01,2017-2018,2007-08,02,41,Betel Leaves & Nuts,754.58
2018-03-01,2017-2018,2007-08,02,41,Betel Leaves & Nuts,922.46
2018-04-01,2017-2018,2007-08,02,41,Betel Leaves & Nuts,941.86
2018-05-01,2017-2018,2007-08,02,41,Betel Leaves & Nuts,786.31
2018-06-01,2017-2018,2007-08,02,41,Betel Leaves & Nuts,725.9
2018-07-01,2018-2019,2007-08,02,41,Betel Leaves & Nuts,661.19
2018-08-01,2018-2019,2007-08,02,41,Betel Leaves & Nuts,630.86
2018-09-01,2018-2019,2007-08,02,41,Betel Leaves & Nuts,613.03
2018-10-01,2018-2019,2007-08,02,41,Betel Leaves & Nuts,623.88
2018-11-01,2018-2019,2007-08,02,41,Betel Leaves & Nuts,614.21
2018-12-01,2018-2019,2007-08,02,41,Betel Leaves & Nuts,608.69
2019-01-01,2018-2019,2007-08,02,41,Betel Leaves & Nuts,597.65
2019-02-01,2018-2019,2007-08,02,41,Betel Leaves & Nuts,593.36
2019-03-01,2018-2019,2007-08,02,41,Betel Leaves & Nuts,580.96
2019-04-01,2018-2019,2007-08,02,41,Betel Leaves & Nuts,591.41
2019-05-01,2018-2019,2007-08,02,41,Betel Leaves & Nuts,610.05
2019-06-01,2018-2019,2007-08,02,41,Betel Leaves & Nuts,597.21
2015-07-01,2015-2016,2007-08,03,00,Clothing and footwear,219.65
2015-08-01,2015-2016,2007-08,03,00,Clothing and footwear,220.27
2015-09-01,2015-2016,2007-08,03,00,Clothing and footwear,220.68
2015-10-01,2015-2016,2007-08,03,00,Clothing and footwear,221.89
2015-11-01,2015-2016,2007-08,03,00,Clothing and footwear,222.75
2015-12-01,2015-2016,2007-08,03,00,Clothing and footwear,223.65
2016-01-01,2015-2016,2007-08,03,00,Clothing and footwear,224.36
2016-02-01,2015-2016,2007-08,03,00,Clothing and footwear,224.97
2016-03-01,2015-2016,2007-08,03,00,Clothing and footwear,226.4
2016-04-01,2015-2016,2007-08,03,00,Clothing and footwear,227.87
2016-05-01,2015-2016,2007-08,03,00,Clothing and footwear,228.31
2016-06-01,2015-2016,2007-08,03,00,Clothing and footwear,229.34
2016-07-01,2016-2017,2007-08,03,00,Clothing and footwear,229.72
2016-08-01,2016-2017,2007-08,03,00,Clothing and footwear,230.14
2016-09-01,2016-2017,2007-08,03,00,Clothing and footwear,230.47
2016-10-01,2016-2017,2007-08,03,00,Clothing and footwear,231.18
2016-11-01,2016-2017,2007-08,03,00,Clothing and footwear,232.18
2016-12-01,2016-2017,2007-08,03,00,Clothing and footwear,233.48
2017-01-01,2016-2017,2007-08,03,00,Clothing and footwear,234.02
2017-02-01,2016-2017,2007-08,03,00,Clothing and footwear,234.34
2017-03-01,2016-2017,2007-08,03,00,Clothing and footwear,234.46
2017-04-01,2016-2017,2007-08,03,00,Clothing and footwear,235.61
2017-05-01,2016-2017,2007-08,03,00,Clothing and footwear,236.71
2017-06-01,2016-2017,2007-08,03,00,Clothing and footwear,237.99
2017-07-01,2017-2018,2007-08,03,00,Clothing and footwear,238.66
2017-08-01,2017-2018,2007-08,03,00,Clothing and footwear,239.19
2017-09-01,2017-2018,2007-08,03,00,Clothing and footwear,239.52
2017-10-01,2017-2018,2007-08,03,00,Clothing and footwear,239.94
2017-11-01,2017-2018,2007-08,03,00,Clothing and footwear,241.01
2017-12-01,2017-2018,2007-08,03,00,Clothing and footwear,241.98
2018-01-01,2017-2018,2007-08,03,00,Clothing and footwear,244.09
2018-02-01,2017-2018,2007-08,03,00,Clothing and footwear,245.03
2018-03-01,2017-2018,2007-08,03,00,Clothing and footwear,245.8
2018-04-01,2017-2018,2007-08,03,00,Clothing and footwear,252.06
2018-05-01,2017-2018,2007-08,03,00,Clothing and footwear,252.58
2018-06-01,2017-2018,2007-08,03,00,Clothing and footwear,253.51
2018-07-01,2018-2019,2007-08,03,00,Clothing and footwear,254.13
2018-08-01,2018-2019,2007-08,03,00,Clothing and footwear,254.67
2018-09-01,2018-2019,2007-08,03,00,Clothing and footwear,255.36
2018-10-01,2018-2019,2007-08,03,00,Clothing and footwear,256.1
2018-11-01,2018-2019,2007-08,03,00,Clothing and footwear,259.07
2018-12-01,2018-2019,2007-08,03,00,Clothing and footwear,260.69
2019-01-01,2018-2019,2007-08,03,00,Clothing and footwear,261.58
2019-02-01,2018-2019,2007-08,03,00,Clothing and footwear,261.82
2019-03-01,2018-2019,2007-08,03,00,Clothing and footwear,263.54
2019-04-01,2018-2019,2007-08,03,00,Clothing and footwear,265.36
2019-05-01,2018-2019,2007-08,03,00,Clothing and footwear,268.98
2019-06-01,2018-2019,2007-08,03,00,Clothing and footwear,269.25
2015-07-01,2015-2016,2007-08,03,42,Cotton Cloth,213.49
2015-08-01,2015-2016,2007-08,03,42,Cotton Cloth,214.33
2015-09-01,2015-2016,2007-08,03,42,Cotton Cloth,215.25
2015-10-01,2015-2016,2007-08,03,42,Cotton Cloth,215.33
2015-11-01,2015-2016,2007-08,03,42,Cotton Cloth,215.4
2015-12-01,2015-2016,2007-08,03,42,Cotton Cloth,215.47
2016-01-01,2015-2016,2007-08,03,42,Cotton Cloth,215.77
2016-02-01,2015-2016,2007-08,03,42,Cotton Cloth,216.48
2016-03-01,2015-2016,2007-08,03,42,Cotton Cloth,218.51
2016-04-01,2015-2016,2007-08,03,42,Cotton Cloth,223.11
2016-05-01,2015-2016,2007-08,03,42,Cotton Cloth,223.74
2016-06-01,2015-2016,2007-08,03,42,Cotton Cloth,224.62
2016-07-01,2016-2017,2007-08,03,42,Cotton Cloth,224.88
2016-08-01,2016-2017,2007-08,03,42,Cotton Cloth,225.23
2016-09-01,2016-2017,2007-08,03,42,Cotton Cloth,225.04
2016-10-01,2016-2017,2007-08,03,42,Cotton Cloth,225.34
2016-11-01,2016-2017,2007-08,03,42,Cotton Cloth,225.35
2016-12-01,2016-2017,2007-08,03,42,Cotton Cloth,225.47
2017-01-01,2016-2017,2007-08,03,42,Cotton Cloth,225.84
2017-02-01,2016-2017,2007-08,03,42,Cotton Cloth,226.39
2017-03-01,2016-2017,2007-08,03,42,Cotton Cloth,226.99
2017-04-01,2016-2017,2007-08,03,42,Cotton Cloth,228.5
2017-05-01,2016-2017,2007-08,03,42,Cotton Cloth,230.16
2017-06-01,2016-2017,2007-08,03,42,Cotton Cloth,231.26
2017-07-01,2017-2018,2007-08,03,42,Cotton Cloth,232.33
2017-08-01,2017-2018,2007-08,03,42,Cotton Cloth,232.48
2017-09-01,2017-2018,2007-08,03,42,Cotton Cloth,232.67
2017-10-01,2017-2018,2007-08,03,42,Cotton Cloth,233.43
2017-11-01,2017-2018,2007-08,03,42,Cotton Cloth,234.28
2017-12-01,2017-2018,2007-08,03,42,Cotton Cloth,234.53
2018-01-01,2017-2018,2007-08,03,42,Cotton Cloth,235.59
2018-02-01,2017-2018,2007-08,03,42,Cotton Cloth,236.48
2018-03-01,2017-2018,2007-08,03,42,Cotton Cloth,238.01
2018-04-01,2017-2018,2007-08,03,42,Cotton Cloth,243.75
2018-05-01,2017-2018,2007-08,03,42,Cotton Cloth,244.99
2018-06-01,2017-2018,2007-08,03,42,Cotton Cloth,245.84
2018-07-01,2018-2019,2007-08,03,42,Cotton Cloth,247.24
2018-08-01,2018-2019,2007-08,03,42,Cotton Cloth,247.77
2018-09-01,2018-2019,2007-08,03,42,Cotton Cloth,248.9
2018-10-01,2018-2019,2007-08,03,42,Cotton Cloth,249.22
2018-11-01,2018-2019,2007-08,03,42,Cotton Cloth,250.74
2018-12-01,2018-2019,2007-08,03,42,Cotton Cloth,252.8
2019-01-01,2018-2019,2007-08,03,42,Cotton Cloth,253.16
2019-02-01,2018-2019,2007-08,03,42,Cotton Cloth,253.46
2019-03-01,2018-2019,2007-08,03,42,Cotton Cloth,259.3
2019-04-01,2018-2019,2007-08,03,42,Cotton Cloth,263.74
2019-05-01,2018-2019,2007-08,03,42,Cotton Cloth,270.34
2019-06-01,2018-2019,2007-08,03,42,Cotton Cloth,270.26
2015-07-01,2015-2016,2007-08,03,43,Woolen Cloth,234.73
2015-08-01,2015-2016,2007-08,03,43,Woolen Cloth,236.1
2015-09-01,2015-2016,2007-08,03,43,Woolen Cloth,236.31
2015-10-01,2015-2016,2007-08,03,43,Woolen Cloth,236.95
2015-11-01,2015-2016,2007-08,03,43,Woolen Cloth,237.76
2015-12-01,2015-2016,2007-08,03,43,Woolen Cloth,239.67
2016-01-01,2015-2016,2007-08,03,43,Woolen Cloth,240.17
2016-02-01,2015-2016,2007-08,03,43,Woolen Cloth,240.78
2016-03-01,2015-2016,2007-08,03,43,Woolen Cloth,243.45
2016-04-01,2015-2016,2007-08,03,43,Woolen Cloth,243.14
2016-05-01,2015-2016,2007-08,03,43,Woolen Cloth,243.69
2016-06-01,2015-2016,2007-08,03,43,Woolen Cloth,244.55
2016-07-01,2016-2017,2007-08,03,43,Woolen Cloth,244.64
2016-08-01,2016-2017,2007-08,03,43,Woolen Cloth,244.64
2016-09-01,2016-2017,2007-08,03,43,Woolen Cloth,245.97
2016-10-01,2016-2017,2007-08,03,43,Woolen Cloth,247.41
2016-11-01,2016-2017,2007-08,03,43,Woolen Cloth,250.42
2016-12-01,2016-2017,2007-08,03,43,Woolen Cloth,253.61
2017-01-01,2016-2017,2007-08,03,43,Woolen Cloth,254.5
2017-02-01,2016-2017,2007-08,03,43,Woolen Cloth,254.92
2017-03-01,2016-2017,2007-08,03,43,Woolen Cloth,254.82
2017-04-01,2016-2017,2007-08,03,43,Woolen Cloth,255.67
2017-05-01,2016-2017,2007-08,03,43,Woolen Cloth,256.11
2017-06-01,2016-2017,2007-08,03,43,Woolen Cloth,256.38
2017-07-01,2017-2018,2007-08,03,43,Woolen Cloth,256.6
2017-08-01,2017-2018,2007-08,03,43,Woolen Cloth,257.77
2017-09-01,2017-2018,2007-08,03,43,Woolen Cloth,257.77
2017-10-01,2017-2018,2007-08,03,43,Woolen Cloth,258.28
2017-11-01,2017-2018,2007-08,03,43,Woolen Cloth,259.17
2017-12-01,2017-2018,2007-08,03,43,Woolen Cloth,259.82
2018-01-01,2017-2018,2007-08,03,43,Woolen Cloth,262.43
2018-02-01,2017-2018,2007-08,03,43,Woolen Cloth,263.65
2018-03-01,2017-2018,2007-08,03,43,Woolen Cloth,264.09
2018-04-01,2017-2018,2007-08,03,43,Woolen Cloth,268.3
2018-05-01,2017-2018,2007-08,03,43,Woolen Cloth,268.37
2018-06-01,2017-2018,2007-08,03,43,Woolen Cloth,265.97
2018-07-01,2018-2019,2007-08,03,43,Woolen Cloth,266.09
2018-08-01,2018-2019,2007-08,03,43,Woolen Cloth,267.11
2018-09-01,2018-2019,2007-08,03,43,Woolen Cloth,268.05
2018-10-01,2018-2019,2007-08,03,43,Woolen Cloth,268.51
2018-11-01,2018-2019,2007-08,03,43,Woolen Cloth,277.56
2018-12-01,2018-2019,2007-08,03,43,Woolen Cloth,279.67
2019-01-01,2018-2019,2007-08,03,43,Woolen Cloth,280.3
2019-02-01,2018-2019,2007-08,03,43,Woolen Cloth,280.51
2019-03-01,2018-2019,2007-08,03,43,Woolen Cloth,278.73
2019-04-01,2018-2019,2007-08,03,43,Woolen Cloth,280.61
2019-05-01,2018-2019,2007-08,03,43,Woolen Cloth,285.01
2019-06-01,2018-2019,2007-08,03,43,Woolen Cloth,285.01
2015-07-01,2015-2016,2007-08,03,44,Readymade Garments,225.49
2015-08-01,2015-2016,2007-08,03,44,Readymade Garments,225.84
2015-09-01,2015-2016,2007-08,03,44,Readymade Garments,225.96
2015-10-01,2015-2016,2007-08,03,44,Readymade Garments,226.37
2015-11-01,2015-2016,2007-08,03,44,Readymade Garments,227.22
2015-12-01,2015-2016,2007-08,03,44,Readymade Garments,227.8
2016-01-01,2015-2016,2007-08,03,44,Readymade Garments,228.16
2016-02-01,2015-2016,2007-08,03,44,Readymade Garments,229.79
2016-03-01,2015-2016,2007-08,03,44,Readymade Garments,232.44
2016-04-01,2015-2016,2007-08,03,44,Readymade Garments,234.6
2016-05-01,2015-2016,2007-08,03,44,Readymade Garments,235.32
2016-06-01,2015-2016,2007-08,03,44,Readymade Garments,236.72
2016-07-01,2016-2017,2007-08,03,44,Readymade Garments,237.04
2016-08-01,2016-2017,2007-08,03,44,Readymade Garments,238.15
2016-09-01,2016-2017,2007-08,03,44,Readymade Garments,236.67
2016-10-01,2016-2017,2007-08,03,44,Readymade Garments,237.88
2016-11-01,2016-2017,2007-08,03,44,Readymade Garments,238.62
2016-12-01,2016-2017,2007-08,03,44,Readymade Garments,239.41
2017-01-01,2016-2017,2007-08,03,44,Readymade Garments,239.29
2017-02-01,2016-2017,2007-08,03,44,Readymade Garments,239.59
2017-03-01,2016-2017,2007-08,03,44,Readymade Garments,240.15
2017-04-01,2016-2017,2007-08,03,44,Readymade Garments,243.07
2017-05-01,2016-2017,2007-08,03,44,Readymade Garments,244.95
2017-06-01,2016-2017,2007-08,03,44,Readymade Garments,246.39
2017-07-01,2017-2018,2007-08,03,44,Readymade Garments,247.08
2017-08-01,2017-2018,2007-08,03,44,Readymade Garments,247.56
2017-09-01,2017-2018,2007-08,03,44,Readymade Garments,247.97
2017-10-01,2017-2018,2007-08,03,44,Readymade Garments,248.07
2017-11-01,2017-2018,2007-08,03,44,Readymade Garments,248.53
2017-12-01,2017-2018,2007-08,03,44,Readymade Garments,250.26
2018-01-01,2017-2018,2007-08,03,44,Readymade Garments,254.73
2018-02-01,2017-2018,2007-08,03,44,Readymade Garments,254.72
2018-03-01,2017-2018,2007-08,03,44,Readymade Garments,256.2
2018-04-01,2017-2018,2007-08,03,44,Readymade Garments,262.52
2018-05-01,2017-2018,2007-08,03,44,Readymade Garments,262.95
2018-06-01,2017-2018,2007-08,03,44,Readymade Garments,263.47
2018-07-01,2018-2019,2007-08,03,44,Readymade Garments,264.02
2018-08-01,2018-2019,2007-08,03,44,Readymade Garments,264.49
2018-09-01,2018-2019,2007-08,03,44,Readymade Garments,264.55
2018-10-01,2018-2019,2007-08,03,44,Readymade Garments,266.32
2018-11-01,2018-2019,2007-08,03,44,Readymade Garments,267.64
2018-12-01,2018-2019,2007-08,03,44,Readymade Garments,268.4
2019-01-01,2018-2019,2007-08,03,44,Readymade Garments,269.28
2019-02-01,2018-2019,2007-08,03,44,Readymade Garments,269.46
2019-03-01,2018-2019,2007-08,03,44,Readymade Garments,270.9
2019-04-01,2018-2019,2007-08,03,44,Readymade Garments,272.89
2019-05-01,2018-2019,2007-08,03,44,Readymade Garments,275.68
2019-06-01,2018-2019,2007-08,03,44,Readymade Garments,275.79
2015-07-01,2015-2016,2007-08,03,45,Woolen Readymade Garments,240.86
2015-08-01,2015-2016,2007-08,03,45,Woolen Readymade Garments,240.86
2015-09-01,2015-2016,2007-08,03,45,Woolen Readymade Garments,240.86
2015-10-01,2015-2016,2007-08,03,45,Woolen Readymade Garments,245.98
2015-11-01,2015-2016,2007-08,03,45,Woolen Readymade Garments,252.19
2015-12-01,2015-2016,2007-08,03,45,Woolen Readymade Garments,258.26
2016-01-01,2015-2016,2007-08,03,45,Woolen Readymade Garments,260.8
2016-02-01,2015-2016,2007-08,03,45,Woolen Readymade Garments,254.84
2016-03-01,2015-2016,2007-08,03,45,Woolen Readymade Garments,252.77
2016-04-01,2015-2016,2007-08,03,45,Woolen Readymade Garments,252.74
2016-05-01,2015-2016,2007-08,03,45,Woolen Readymade Garments,253.2
2016-06-01,2015-2016,2007-08,03,45,Woolen Readymade Garments,252.98
2016-07-01,2016-2017,2007-08,03,45,Woolen Readymade Garments,253.14
2016-08-01,2016-2017,2007-08,03,45,Woolen Readymade Garments,253.1
2016-09-01,2016-2017,2007-08,03,45,Woolen Readymade Garments,253.26
2016-10-01,2016-2017,2007-08,03,45,Woolen Readymade Garments,253.35
2016-11-01,2016-2017,2007-08,03,45,Woolen Readymade Garments,260.39
2016-12-01,2016-2017,2007-08,03,45,Woolen Readymade Garments,262.6
2017-01-01,2016-2017,2007-08,03,45,Woolen Readymade Garments,265.41
2017-02-01,2016-2017,2007-08,03,45,Woolen Readymade Garments,264.98
2017-03-01,2016-2017,2007-08,03,45,Woolen Readymade Garments,260.01
2017-04-01,2016-2017,2007-08,03,45,Woolen Readymade Garments,258.64
2017-05-01,2016-2017,2007-08,03,45,Woolen Readymade Garments,258.38
2017-06-01,2016-2017,2007-08,03,45,Woolen Readymade Garments,258.35
2017-07-01,2017-2018,2007-08,03,45,Woolen Readymade Garments,258.31
2017-08-01,2017-2018,2007-08,03,45,Woolen Readymade Garments,258.31
2017-09-01,2017-2018,2007-08,03,45,Woolen Readymade Garments,259.27
2017-10-01,2017-2018,2007-08,03,45,Woolen Readymade Garments,259.47
2017-11-01,2017-2018,2007-08,03,45,Woolen Readymade Garments,263.43
2017-12-01,2017-2018,2007-08,03,45,Woolen Readymade Garments,268.48
2018-01-01,2017-2018,2007-08,03,45,Woolen Readymade Garments,268.07
2018-02-01,2017-2018,2007-08,03,45,Woolen Readymade Garments,266.71
2018-03-01,2017-2018,2007-08,03,45,Woolen Readymade Garments,266.38
2018-04-01,2017-2018,2007-08,03,45,Woolen Readymade Garments,266.5
2018-05-01,2017-2018,2007-08,03,45,Woolen Readymade Garments,266.5
2018-06-01,2017-2018,2007-08,03,45,Woolen Readymade Garments,266.61
2018-07-01,2018-2019,2007-08,03,45,Woolen Readymade Garments,266.61
2018-08-01,2018-2019,2007-08,03,45,Woolen Readymade Garments,266.61
2018-09-01,2018-2019,2007-08,03,45,Woolen Readymade Garments,267.54
2018-10-01,2018-2019,2007-08,03,45,Woolen Readymade Garments,267.56
2018-11-01,2018-2019,2007-08,03,45,Woolen Readymade Garments,280.1
2018-12-01,2018-2019,2007-08,03,45,Woolen Readymade Garments,285.91
2019-01-01,2018-2019,2007-08,03,45,Woolen Readymade Garments,289.31
2019-02-01,2018-2019,2007-08,03,45,Woolen Readymade Garments,289.31
2019-03-01,2018-2019,2007-08,03,45,Woolen Readymade Garments,289.31
2019-04-01,2018-2019,2007-08,03,45,Woolen Readymade Garments,289.31
2019-05-01,2018-2019,2007-08,03,45,Woolen Readymade Garments,289.77
2019-06-01,2018-2019,2007-08,03,45,Woolen Readymade Garments,289.87
2015-07-01,2015-2016,2007-08,03,46,Hosiery,232.85
2015-08-01,2015-2016,2007-08,03,46,Hosiery,233.85
2015-09-01,2015-2016,2007-08,03,46,Hosiery,234.19
2015-10-01,2015-2016,2007-08,03,46,Hosiery,235.05
2015-11-01,2015-2016,2007-08,03,46,Hosiery,236.08
2015-12-01,2015-2016,2007-08,03,46,Hosiery,237.01
2016-01-01,2015-2016,2007-08,03,46,Hosiery,238.25
2016-02-01,2015-2016,2007-08,03,46,Hosiery,238.88
2016-03-01,2015-2016,2007-08,03,46,Hosiery,239.97
2016-04-01,2015-2016,2007-08,03,46,Hosiery,240.25
2016-05-01,2015-2016,2007-08,03,46,Hosiery,240.43
2016-06-01,2015-2016,2007-08,03,46,Hosiery,241.98
2016-07-01,2016-2017,2007-08,03,46,Hosiery,242.55
2016-08-01,2016-2017,2007-08,03,46,Hosiery,243.83
2016-09-01,2016-2017,2007-08,03,46,Hosiery,242.93
2016-10-01,2016-2017,2007-08,03,46,Hosiery,243.74
2016-11-01,2016-2017,2007-08,03,46,Hosiery,244.86
2016-12-01,2016-2017,2007-08,03,46,Hosiery,245.88
2017-01-01,2016-2017,2007-08,03,46,Hosiery,245.83
2017-02-01,2016-2017,2007-08,03,46,Hosiery,245.96
2017-03-01,2016-2017,2007-08,03,46,Hosiery,246.06
2017-04-01,2016-2017,2007-08,03,46,Hosiery,246.51
2017-05-01,2016-2017,2007-08,03,46,Hosiery,246.87
2017-06-01,2016-2017,2007-08,03,46,Hosiery,247.18
2017-07-01,2017-2018,2007-08,03,46,Hosiery,248.56
2017-08-01,2017-2018,2007-08,03,46,Hosiery,249.96
2017-09-01,2017-2018,2007-08,03,46,Hosiery,251.7
2017-10-01,2017-2018,2007-08,03,46,Hosiery,252.12
2017-11-01,2017-2018,2007-08,03,46,Hosiery,252.67
2017-12-01,2017-2018,2007-08,03,46,Hosiery,254.53
2018-01-01,2017-2018,2007-08,03,46,Hosiery,257.89
2018-02-01,2017-2018,2007-08,03,46,Hosiery,258.3
2018-03-01,2017-2018,2007-08,03,46,Hosiery,259.22
2018-04-01,2017-2018,2007-08,03,46,Hosiery,264.9
2018-05-01,2017-2018,2007-08,03,46,Hosiery,265.27
2018-06-01,2017-2018,2007-08,03,46,Hosiery,265.52
2018-07-01,2018-2019,2007-08,03,46,Hosiery,265.98
2018-08-01,2018-2019,2007-08,03,46,Hosiery,266.49
2018-09-01,2018-2019,2007-08,03,46,Hosiery,267.72
2018-10-01,2018-2019,2007-08,03,46,Hosiery,269.25
2018-11-01,2018-2019,2007-08,03,46,Hosiery,272.44
2018-12-01,2018-2019,2007-08,03,46,Hosiery,273.1
2019-01-01,2018-2019,2007-08,03,46,Hosiery,274.69
2019-02-01,2018-2019,2007-08,03,46,Hosiery,275.19
2019-03-01,2018-2019,2007-08,03,46,Hosiery,277.45
2019-04-01,2018-2019,2007-08,03,46,Hosiery,279.59
2019-05-01,2018-2019,2007-08,03,46,Hosiery,281.08
2019-06-01,2018-2019,2007-08,03,46,Hosiery,281.81
2015-07-01,2015-2016,2007-08,03,47,Dopatta,232.89
2015-08-01,2015-2016,2007-08,03,47,Dopatta,233.88
2015-09-01,2015-2016,2007-08,03,47,Dopatta,234.33
2015-10-01,2015-2016,2007-08,03,47,Dopatta,234.91
2015-11-01,2015-2016,2007-08,03,47,Dopatta,235
2015-12-01,2015-2016,2007-08,03,47,Dopatta,235.93
2016-01-01,2015-2016,2007-08,03,47,Dopatta,238.99
2016-02-01,2015-2016,2007-08,03,47,Dopatta,239.78
2016-03-01,2015-2016,2007-08,03,47,Dopatta,240.45
2016-04-01,2015-2016,2007-08,03,47,Dopatta,239.49
2016-05-01,2015-2016,2007-08,03,47,Dopatta,239.65
2016-06-01,2015-2016,2007-08,03,47,Dopatta,240.75
2016-07-01,2016-2017,2007-08,03,47,Dopatta,240.75
2016-08-01,2016-2017,2007-08,03,47,Dopatta,241.64
2016-09-01,2016-2017,2007-08,03,47,Dopatta,241.02
2016-10-01,2016-2017,2007-08,03,47,Dopatta,241.74
2016-11-01,2016-2017,2007-08,03,47,Dopatta,241.74
2016-12-01,2016-2017,2007-08,03,47,Dopatta,243.24
2017-01-01,2016-2017,2007-08,03,47,Dopatta,242.99
2017-02-01,2016-2017,2007-08,03,47,Dopatta,243.52
2017-03-01,2016-2017,2007-08,03,47,Dopatta,243.87
2017-04-01,2016-2017,2007-08,03,47,Dopatta,244.46
2017-05-01,2016-2017,2007-08,03,47,Dopatta,244.48
2017-06-01,2016-2017,2007-08,03,47,Dopatta,244.81
2017-07-01,2017-2018,2007-08,03,47,Dopatta,246.51
2017-08-01,2017-2018,2007-08,03,47,Dopatta,246.66
2017-09-01,2017-2018,2007-08,03,47,Dopatta,246.66
2017-10-01,2017-2018,2007-08,03,47,Dopatta,246.72
2017-11-01,2017-2018,2007-08,03,47,Dopatta,248.38
2017-12-01,2017-2018,2007-08,03,47,Dopatta,249.21
2018-01-01,2017-2018,2007-08,03,47,Dopatta,250.57
2018-02-01,2017-2018,2007-08,03,47,Dopatta,254.12
2018-03-01,2017-2018,2007-08,03,47,Dopatta,255.58
2018-04-01,2017-2018,2007-08,03,47,Dopatta,261.67
2018-05-01,2017-2018,2007-08,03,47,Dopatta,261.94
2018-06-01,2017-2018,2007-08,03,47,Dopatta,262.16
2018-07-01,2018-2019,2007-08,03,47,Dopatta,263.12
2018-08-01,2018-2019,2007-08,03,47,Dopatta,265.73
2018-09-01,2018-2019,2007-08,03,47,Dopatta,266.54
2018-10-01,2018-2019,2007-08,03,47,Dopatta,267.69
2018-11-01,2018-2019,2007-08,03,47,Dopatta,271.05
2018-12-01,2018-2019,2007-08,03,47,Dopatta,271.39
2019-01-01,2018-2019,2007-08,03,47,Dopatta,271.72
2019-02-01,2018-2019,2007-08,03,47,Dopatta,272.04
2019-03-01,2018-2019,2007-08,03,47,Dopatta,273.38
2019-04-01,2018-2019,2007-08,03,47,Dopatta,275.65
2019-05-01,2018-2019,2007-08,03,47,Dopatta,281.95
2019-06-01,2018-2019,2007-08,03,47,Dopatta,282.02
2015-07-01,2015-2016,2007-08,03,48,Cleaning and Laundry,238.32
2015-08-01,2015-2016,2007-08,03,48,Cleaning and Laundry,239.56
2015-09-01,2015-2016,2007-08,03,48,Cleaning and Laundry,242.25
2015-10-01,2015-2016,2007-08,03,48,Cleaning and Laundry,245.7
2015-11-01,2015-2016,2007-08,03,48,Cleaning and Laundry,246.39
2015-12-01,2015-2016,2007-08,03,48,Cleaning and Laundry,248.98
2016-01-01,2015-2016,2007-08,03,48,Cleaning and Laundry,249
2016-02-01,2015-2016,2007-08,03,48,Cleaning and Laundry,251.12
2016-03-01,2015-2016,2007-08,03,48,Cleaning and Laundry,252.25
2016-04-01,2015-2016,2007-08,03,48,Cleaning and Laundry,252.29
2016-05-01,2015-2016,2007-08,03,48,Cleaning and Laundry,253.01
2016-06-01,2015-2016,2007-08,03,48,Cleaning and Laundry,253.34
2016-07-01,2016-2017,2007-08,03,48,Cleaning and Laundry,253.34
2016-08-01,2016-2017,2007-08,03,48,Cleaning and Laundry,253.54
2016-09-01,2016-2017,2007-08,03,48,Cleaning and Laundry,255.44
2016-10-01,2016-2017,2007-08,03,48,Cleaning and Laundry,256.52
2016-11-01,2016-2017,2007-08,03,48,Cleaning and Laundry,257.02
2016-12-01,2016-2017,2007-08,03,48,Cleaning and Laundry,257.94
2017-01-01,2016-2017,2007-08,03,48,Cleaning and Laundry,259
2017-02-01,2016-2017,2007-08,03,48,Cleaning and Laundry,261.12
2017-03-01,2016-2017,2007-08,03,48,Cleaning and Laundry,261.93
2017-04-01,2016-2017,2007-08,03,48,Cleaning and Laundry,265.87
2017-05-01,2016-2017,2007-08,03,48,Cleaning and Laundry,269.3
2017-06-01,2016-2017,2007-08,03,48,Cleaning and Laundry,270.23
2017-07-01,2017-2018,2007-08,03,48,Cleaning and Laundry,270.83
2017-08-01,2017-2018,2007-08,03,48,Cleaning and Laundry,271.61
2017-09-01,2017-2018,2007-08,03,48,Cleaning and Laundry,272.37
2017-10-01,2017-2018,2007-08,03,48,Cleaning and Laundry,272.9
2017-11-01,2017-2018,2007-08,03,48,Cleaning and Laundry,273.92
2017-12-01,2017-2018,2007-08,03,48,Cleaning and Laundry,275.28
2018-01-01,2017-2018,2007-08,03,48,Cleaning and Laundry,280.95
2018-02-01,2017-2018,2007-08,03,48,Cleaning and Laundry,284.23
2018-03-01,2017-2018,2007-08,03,48,Cleaning and Laundry,284.44
2018-04-01,2017-2018,2007-08,03,48,Cleaning and Laundry,290.46
2018-05-01,2017-2018,2007-08,03,48,Cleaning and Laundry,290.46
2018-06-01,2017-2018,2007-08,03,48,Cleaning and Laundry,290.46
2018-07-01,2018-2019,2007-08,03,48,Cleaning and Laundry,290.77
2018-08-01,2018-2019,2007-08,03,48,Cleaning and Laundry,291.3
2018-09-01,2018-2019,2007-08,03,48,Cleaning and Laundry,292.02
2018-10-01,2018-2019,2007-08,03,48,Cleaning and Laundry,293.09
2018-11-01,2018-2019,2007-08,03,48,Cleaning and Laundry,295.39
2018-12-01,2018-2019,2007-08,03,48,Cleaning and Laundry,296.59
2019-01-01,2018-2019,2007-08,03,48,Cleaning and Laundry,300.26
2019-02-01,2018-2019,2007-08,03,48,Cleaning and Laundry,300.26
2019-03-01,2018-2019,2007-08,03,48,Cleaning and Laundry,303.52
2019-04-01,2018-2019,2007-08,03,48,Cleaning and Laundry,305.07
2019-05-01,2018-2019,2007-08,03,48,Cleaning and Laundry,307.61
2019-06-01,2018-2019,2007-08,03,48,Cleaning and Laundry,310.23
2015-07-01,2015-2016,2007-08,03,49,Tailoring,278.39
2015-08-01,2015-2016,2007-08,03,49,Tailoring,278.68
2015-09-01,2015-2016,2007-08,03,49,Tailoring,278.92
2015-10-01,2015-2016,2007-08,03,49,Tailoring,283.94
2015-11-01,2015-2016,2007-08,03,49,Tailoring,285.69
2015-12-01,2015-2016,2007-08,03,49,Tailoring,286.25
2016-01-01,2015-2016,2007-08,03,49,Tailoring,287.43
2016-02-01,2015-2016,2007-08,03,49,Tailoring,289.94
2016-03-01,2015-2016,2007-08,03,49,Tailoring,292.19
2016-04-01,2015-2016,2007-08,03,49,Tailoring,292.96
2016-05-01,2015-2016,2007-08,03,49,Tailoring,293.42
2016-06-01,2015-2016,2007-08,03,49,Tailoring,296.54
2016-07-01,2016-2017,2007-08,03,49,Tailoring,298.33
2016-08-01,2016-2017,2007-08,03,49,Tailoring,298.65
2016-09-01,2016-2017,2007-08,03,49,Tailoring,302.43
2016-10-01,2016-2017,2007-08,03,49,Tailoring,303.96
2016-11-01,2016-2017,2007-08,03,49,Tailoring,304.47
2016-12-01,2016-2017,2007-08,03,49,Tailoring,308.64
2017-01-01,2016-2017,2007-08,03,49,Tailoring,310.4
2017-02-01,2016-2017,2007-08,03,49,Tailoring,310.54
2017-03-01,2016-2017,2007-08,03,49,Tailoring,311.57
2017-04-01,2016-2017,2007-08,03,49,Tailoring,313.43
2017-05-01,2016-2017,2007-08,03,49,Tailoring,316.04
2017-06-01,2016-2017,2007-08,03,49,Tailoring,321.93
2017-07-01,2017-2018,2007-08,03,49,Tailoring,322.81
2017-08-01,2017-2018,2007-08,03,49,Tailoring,324.27
2017-09-01,2017-2018,2007-08,03,49,Tailoring,324.65
2017-10-01,2017-2018,2007-08,03,49,Tailoring,325.55
2017-11-01,2017-2018,2007-08,03,49,Tailoring,328.5
2017-12-01,2017-2018,2007-08,03,49,Tailoring,329.52
2018-01-01,2017-2018,2007-08,03,49,Tailoring,333.86
2018-02-01,2017-2018,2007-08,03,49,Tailoring,336.77
2018-03-01,2017-2018,2007-08,03,49,Tailoring,336.91
2018-04-01,2017-2018,2007-08,03,49,Tailoring,343.91
2018-05-01,2017-2018,2007-08,03,49,Tailoring,344.9
2018-06-01,2017-2018,2007-08,03,49,Tailoring,348.45
2018-07-01,2018-2019,2007-08,03,49,Tailoring,349.59
2018-08-01,2018-2019,2007-08,03,49,Tailoring,349.6
2018-09-01,2018-2019,2007-08,03,49,Tailoring,350.43
2018-10-01,2018-2019,2007-08,03,49,Tailoring,351.86
2018-11-01,2018-2019,2007-08,03,49,Tailoring,353.67
2018-12-01,2018-2019,2007-08,03,49,Tailoring,356.47
2019-01-01,2018-2019,2007-08,03,49,Tailoring,358.21
2019-02-01,2018-2019,2007-08,03,49,Tailoring,358.48
2019-03-01,2018-2019,2007-08,03,49,Tailoring,359.07
2019-04-01,2018-2019,2007-08,03,49,Tailoring,359.16
2019-05-01,2018-2019,2007-08,03,49,Tailoring,364.75
2019-06-01,2018-2019,2007-08,03,49,Tailoring,365.95
2015-07-01,2015-2016,2007-08,03,50,Footwear,164.77
2015-08-01,2015-2016,2007-08,03,50,Footwear,164.95
2015-09-01,2015-2016,2007-08,03,50,Footwear,164.97
2015-10-01,2015-2016,2007-08,03,50,Footwear,165.1
2015-11-01,2015-2016,2007-08,03,50,Footwear,165.14
2015-12-01,2015-2016,2007-08,03,50,Footwear,165.24
2016-01-01,2015-2016,2007-08,03,50,Footwear,165.25
2016-02-01,2015-2016,2007-08,03,50,Footwear,165.44
2016-03-01,2015-2016,2007-08,03,50,Footwear,165.51
2016-04-01,2015-2016,2007-08,03,50,Footwear,166.17
2016-05-01,2015-2016,2007-08,03,50,Footwear,166.23
2016-06-01,2015-2016,2007-08,03,50,Footwear,166.36
2016-07-01,2016-2017,2007-08,03,50,Footwear,166.44
2016-08-01,2016-2017,2007-08,03,50,Footwear,166.5
2016-09-01,2016-2017,2007-08,03,50,Footwear,166.49
2016-10-01,2016-2017,2007-08,03,50,Footwear,166.58
2016-11-01,2016-2017,2007-08,03,50,Footwear,166.74
2016-12-01,2016-2017,2007-08,03,50,Footwear,166.82
2017-01-01,2016-2017,2007-08,03,50,Footwear,166.84
2017-02-01,2016-2017,2007-08,03,50,Footwear,166.91
2017-03-01,2016-2017,2007-08,03,50,Footwear,166.99
2017-04-01,2016-2017,2007-08,03,50,Footwear,167.05
2017-05-01,2016-2017,2007-08,03,50,Footwear,167.13
2017-06-01,2016-2017,2007-08,03,50,Footwear,167.43
2017-07-01,2017-2018,2007-08,03,50,Footwear,167.43
2017-08-01,2017-2018,2007-08,03,50,Footwear,167.45
2017-09-01,2017-2018,2007-08,03,50,Footwear,167.46
2017-10-01,2017-2018,2007-08,03,50,Footwear,167.5
2017-11-01,2017-2018,2007-08,03,50,Footwear,167.51
2017-12-01,2017-2018,2007-08,03,50,Footwear,167.58
2018-01-01,2017-2018,2007-08,03,50,Footwear,167.79
2018-02-01,2017-2018,2007-08,03,50,Footwear,167.82
2018-03-01,2017-2018,2007-08,03,50,Footwear,167.95
2018-04-01,2017-2018,2007-08,03,50,Footwear,177.36
2018-05-01,2017-2018,2007-08,03,50,Footwear,177.43
2018-06-01,2017-2018,2007-08,03,50,Footwear,179.84
2018-07-01,2018-2019,2007-08,03,50,Footwear,179.77
2018-08-01,2018-2019,2007-08,03,50,Footwear,179.97
2018-09-01,2018-2019,2007-08,03,50,Footwear,180.09
2018-10-01,2018-2019,2007-08,03,50,Footwear,180.14
2018-11-01,2018-2019,2007-08,03,50,Footwear,180.49
2018-12-01,2018-2019,2007-08,03,50,Footwear,180.86
2019-01-01,2018-2019,2007-08,03,50,Footwear,180.9
2019-02-01,2018-2019,2007-08,03,50,Footwear,181.1
2019-03-01,2018-2019,2007-08,03,50,Footwear,181.18
2019-04-01,2018-2019,2007-08,03,50,Footwear,181.19
2019-05-01,2018-2019,2007-08,03,50,Footwear,181.34
2019-06-01,2018-2019,2007-08,03,50,Footwear,181.38
2016-07-01,2016-2017,2007-08,04,00,"Housing, water, Elec., Gas and other fuels",188.88
2016-08-01,2016-2017,2007-08,04,00,"Housing, water, Elec., Gas and other fuels",188.91
2016-09-01,2016-2017,2007-08,04,00,"Housing, water, Elec., Gas and other fuels",188.9
2016-10-01,2016-2017,2007-08,04,00,"Housing, water, Elec., Gas and other fuels",191.56
2016-11-01,2016-2017,2007-08,04,00,"Housing, water, Elec., Gas and other fuels",191.64
2016-12-01,2016-2017,2007-08,04,00,"Housing, water, Elec., Gas and other fuels",191.7
2017-01-01,2016-2017,2007-08,04,00,"Housing, water, Elec., Gas and other fuels",194.42
2017-02-01,2016-2017,2007-08,04,00,"Housing, water, Elec., Gas and other fuels",194.45
2017-03-01,2016-2017,2007-08,04,00,"Housing, water, Elec., Gas and other fuels",194.44
2017-04-01,2016-2017,2007-08,04,00,"Housing, water, Elec., Gas and other fuels",196.62
2017-05-01,2016-2017,2007-08,04,00,"Housing, water, Elec., Gas and other fuels",196.7
2017-06-01,2016-2017,2007-08,04,00,"Housing, water, Elec., Gas and other fuels",196.71
2017-07-01,2017-2018,2007-08,04,00,"Housing, water, Elec., Gas and other fuels",198.88
2017-08-01,2017-2018,2007-08,04,00,"Housing, water, Elec., Gas and other fuels",198.93
2017-09-01,2017-2018,2007-08,04,00,"Housing, water, Elec., Gas and other fuels",198.95
2017-10-01,2017-2018,2007-08,04,00,"Housing, water, Elec., Gas and other fuels",200.9
2017-11-01,2017-2018,2007-08,04,00,"Housing, water, Elec., Gas and other fuels",200.94
2017-12-01,2017-2018,2007-08,04,00,"Housing, water, Elec., Gas and other fuels",201.02
2018-01-01,2017-2018,2007-08,04,00,"Housing, water, Elec., Gas and other fuels",202.53
2018-02-01,2017-2018,2007-08,04,00,"Housing, water, Elec., Gas and other fuels",202.62
2018-03-01,2017-2018,2007-08,04,00,"Housing, water, Elec., Gas and other fuels",202.71
2018-04-01,2017-2018,2007-08,04,00,"Housing, water, Elec., Gas and other fuels",207.35
2018-05-01,2017-2018,2007-08,04,00,"Housing, water, Elec., Gas and other fuels",207.58
2018-06-01,2017-2018,2007-08,04,00,"Housing, water, Elec., Gas and other fuels",207.63
2018-07-01,2018-2019,2007-08,04,00,"Housing, water, Elec., Gas and other fuels",210.71
2018-08-01,2018-2019,2007-08,04,00,"Housing, water, Elec., Gas and other fuels",210.8
2018-09-01,2018-2019,2007-08,04,00,"Housing, water, Elec., Gas and other fuels",210.82
2018-10-01,2018-2019,2007-08,04,00,"Housing, water, Elec., Gas and other fuels",219.07
2018-11-01,2018-2019,2007-08,04,00,"Housing, water, Elec., Gas and other fuels",219.24
2018-12-01,2018-2019,2007-08,04,00,"Housing, water, Elec., Gas and other fuels",219.28
2019-01-01,2018-2019,2007-08,04,00,"Housing, water, Elec., Gas and other fuels",226
2019-02-01,2018-2019,2007-08,04,00,"Housing, water, Elec., Gas and other fuels",226.02
2019-03-01,2018-2019,2007-08,04,00,"Housing, water, Elec., Gas and other fuels",226.12
2019-04-01,2018-2019,2007-08,04,00,"Housing, water, Elec., Gas and other fuels",228.21
2019-05-01,2018-2019,2007-08,04,00,"Housing, water, Elec., Gas and other fuels",228.25
2019-06-01,2018-2019,2007-08,04,00,"Housing, water, Elec., Gas and other fuels",228.37
2015-07-01,2015-2016,2007-08,04,51,House Rent,168.87
2015-08-01,2015-2016,2007-08,04,51,House Rent,168.87
2015-09-01,2015-2016,2007-08,04,51,House Rent,168.87
2015-10-01,2015-2016,2007-08,04,51,House Rent,170.85
2015-11-01,2015-2016,2007-08,04,51,House Rent,170.85
2015-12-01,2015-2016,2007-08,04,51,House Rent,170.85
2016-01-01,2015-2016,2007-08,04,51,House Rent,174.32
2016-02-01,2015-2016,2007-08,04,51,House Rent,174.32
2016-03-01,2015-2016,2007-08,04,51,House Rent,174.32
2016-04-01,2015-2016,2007-08,04,51,House Rent,176.44
2016-05-01,2015-2016,2007-08,04,51,House Rent,176.44
2016-06-01,2015-2016,2007-08,04,51,House Rent,176.44
2016-07-01,2016-2017,2007-08,04,51,House Rent,178.64
2016-08-01,2016-2017,2007-08,04,51,House Rent,178.64
2016-09-01,2016-2017,2007-08,04,51,House Rent,178.64
2016-10-01,2016-2017,2007-08,04,51,House Rent,182.22
2016-11-01,2016-2017,2007-08,04,51,House Rent,182.22
2016-12-01,2016-2017,2007-08,04,51,House Rent,182.22
2017-01-01,2016-2017,2007-08,04,51,House Rent,185.86
2017-02-01,2016-2017,2007-08,04,51,House Rent,185.86
2017-03-01,2016-2017,2007-08,04,51,House Rent,185.86
2017-04-01,2016-2017,2007-08,04,51,House Rent,188.68
2017-05-01,2016-2017,2007-08,04,51,House Rent,188.68
2017-06-01,2016-2017,2007-08,04,51,House Rent,188.68
2017-07-01,2017-2018,2007-08,04,51,House Rent,191.49
2017-08-01,2017-2018,2007-08,04,51,House Rent,191.49
2017-09-01,2017-2018,2007-08,04,51,House Rent,191.49
2017-10-01,2017-2018,2007-08,04,51,House Rent,194.05
2017-11-01,2017-2018,2007-08,04,51,House Rent,194.05
2017-12-01,2017-2018,2007-08,04,51,House Rent,194.05
2018-01-01,2017-2018,2007-08,04,51,House Rent,195.96
2018-02-01,2017-2018,2007-08,04,51,House Rent,195.96
2018-03-01,2017-2018,2007-08,04,51,House Rent,195.96
2018-04-01,2017-2018,2007-08,04,51,House Rent,201.96
2018-05-01,2017-2018,2007-08,04,51,House Rent,201.96
2018-06-01,2017-2018,2007-08,04,51,House Rent,201.96
2018-07-01,2018-2019,2007-08,04,51,House Rent,206
2018-08-01,2018-2019,2007-08,04,51,House Rent,206
2018-09-01,2018-2019,2007-08,04,51,House Rent,206
2018-10-01,2018-2019,2007-08,04,51,House Rent,207.09
2018-11-01,2018-2019,2007-08,04,51,House Rent,207.09
2018-12-01,2018-2019,2007-08,04,51,House Rent,207.09
2019-01-01,2018-2019,2007-08,04,51,House Rent,212.02
2019-02-01,2018-2019,2007-08,04,51,House Rent,212.02
2019-03-01,2018-2019,2007-08,04,51,House Rent,212.02
2019-04-01,2018-2019,2007-08,04,51,House Rent,214.78
2019-05-01,2018-2019,2007-08,04,51,House Rent,214.78
2019-06-01,2018-2019,2007-08,04,51,House Rent,214.78
2015-07-01,2015-2016,2007-08,04,52,Construction Input Items,239.75
2015-08-01,2015-2016,2007-08,04,52,Construction Input Items,240.99
2015-09-01,2015-2016,2007-08,04,52,Construction Input Items,241.38
2015-10-01,2015-2016,2007-08,04,52,Construction Input Items,241.36
2015-11-01,2015-2016,2007-08,04,52,Construction Input Items,241.85
2015-12-01,2015-2016,2007-08,04,52,Construction Input Items,242.37
2016-01-01,2015-2016,2007-08,04,52,Construction Input Items,242.65
2016-02-01,2015-2016,2007-08,04,52,Construction Input Items,242.77
2016-03-01,2015-2016,2007-08,04,52,Construction Input Items,241.67
2016-04-01,2015-2016,2007-08,04,52,Construction Input Items,242.85
2016-05-01,2015-2016,2007-08,04,52,Construction Input Items,243.86
2016-06-01,2015-2016,2007-08,04,52,Construction Input Items,244.53
2016-07-01,2016-2017,2007-08,04,52,Construction Input Items,247.05
2016-08-01,2016-2017,2007-08,04,52,Construction Input Items,248.07
2016-09-01,2016-2017,2007-08,04,52,Construction Input Items,247.89
2016-10-01,2016-2017,2007-08,04,52,Construction Input Items,247.86
2016-11-01,2016-2017,2007-08,04,52,Construction Input Items,248.6
2016-12-01,2016-2017,2007-08,04,52,Construction Input Items,249.23
2017-01-01,2016-2017,2007-08,04,52,Construction Input Items,249.6
2017-02-01,2016-2017,2007-08,04,52,Construction Input Items,249.82
2017-03-01,2016-2017,2007-08,04,52,Construction Input Items,250.25
2017-04-01,2016-2017,2007-08,04,52,Construction Input Items,250.55
2017-05-01,2016-2017,2007-08,04,52,Construction Input Items,250.49
2017-06-01,2016-2017,2007-08,04,52,Construction Input Items,251.12
2017-07-01,2017-2018,2007-08,04,52,Construction Input Items,254.05
2017-08-01,2017-2018,2007-08,04,52,Construction Input Items,254.56
2017-09-01,2017-2018,2007-08,04,52,Construction Input Items,255.47
2017-10-01,2017-2018,2007-08,04,52,Construction Input Items,257.07
2017-11-01,2017-2018,2007-08,04,52,Construction Input Items,257.16
2017-12-01,2017-2018,2007-08,04,52,Construction Input Items,259.48
2018-01-01,2017-2018,2007-08,04,52,Construction Input Items,259.82
2018-02-01,2017-2018,2007-08,04,52,Construction Input Items,261.97
2018-03-01,2017-2018,2007-08,04,52,Construction Input Items,264.4
2018-04-01,2017-2018,2007-08,04,52,Construction Input Items,269.11
2018-05-01,2017-2018,2007-08,04,52,Construction Input Items,270.82
2018-06-01,2017-2018,2007-08,04,52,Construction Input Items,272.48
2018-07-01,2018-2019,2007-08,04,52,Construction Input Items,276.97
2018-08-01,2018-2019,2007-08,04,52,Construction Input Items,280.01
2018-09-01,2018-2019,2007-08,04,52,Construction Input Items,280.39
2018-10-01,2018-2019,2007-08,04,52,Construction Input Items,285.53
2018-11-01,2018-2019,2007-08,04,52,Construction Input Items,289.23
2018-12-01,2018-2019,2007-08,04,52,Construction Input Items,290.47
2019-01-01,2018-2019,2007-08,04,52,Construction Input Items,292.42
2019-02-01,2018-2019,2007-08,04,52,Construction Input Items,293.08
2019-03-01,2018-2019,2007-08,04,52,Construction Input Items,295.39
2019-04-01,2018-2019,2007-08,04,52,Construction Input Items,296.83
2019-05-01,2018-2019,2007-08,04,52,Construction Input Items,298.32
2019-06-01,2018-2019,2007-08,04,52,Construction Input Items,303
2015-07-01,2015-2016,2007-08,04,53,Construction Wage Rates,215.28
2015-08-01,2015-2016,2007-08,04,53,Construction Wage Rates,216.01
2015-09-01,2015-2016,2007-08,04,53,Construction Wage Rates,218.33
2015-10-01,2015-2016,2007-08,04,53,Construction Wage Rates,220.31
2015-11-01,2015-2016,2007-08,04,53,Construction Wage Rates,223.39
2015-12-01,2015-2016,2007-08,04,53,Construction Wage Rates,223.74
2016-01-01,2015-2016,2007-08,04,53,Construction Wage Rates,224.27
2016-02-01,2015-2016,2007-08,04,53,Construction Wage Rates,225.13
2016-03-01,2015-2016,2007-08,04,53,Construction Wage Rates,225.24
2016-04-01,2015-2016,2007-08,04,53,Construction Wage Rates,226.24
2016-05-01,2015-2016,2007-08,04,53,Construction Wage Rates,226.72
2016-06-01,2015-2016,2007-08,04,53,Construction Wage Rates,228.82
2016-07-01,2016-2017,2007-08,04,53,Construction Wage Rates,230.1
2016-08-01,2016-2017,2007-08,04,53,Construction Wage Rates,230.47
2016-09-01,2016-2017,2007-08,04,53,Construction Wage Rates,230.4
2016-10-01,2016-2017,2007-08,04,53,Construction Wage Rates,230.48
2016-11-01,2016-2017,2007-08,04,53,Construction Wage Rates,232.6
2016-12-01,2016-2017,2007-08,04,53,Construction Wage Rates,234.08
2017-01-01,2016-2017,2007-08,04,53,Construction Wage Rates,234.42
2017-02-01,2016-2017,2007-08,04,53,Construction Wage Rates,235.67
2017-03-01,2016-2017,2007-08,04,53,Construction Wage Rates,235.79
2017-04-01,2016-2017,2007-08,04,53,Construction Wage Rates,237.79
2017-05-01,2016-2017,2007-08,04,53,Construction Wage Rates,240.32
2017-06-01,2016-2017,2007-08,04,53,Construction Wage Rates,240.47
2017-07-01,2017-2018,2007-08,04,53,Construction Wage Rates,242.75
2017-08-01,2017-2018,2007-08,04,53,Construction Wage Rates,245.58
2017-09-01,2017-2018,2007-08,04,53,Construction Wage Rates,245.96
2017-10-01,2017-2018,2007-08,04,53,Construction Wage Rates,246.85
2017-11-01,2017-2018,2007-08,04,53,Construction Wage Rates,248.82
2017-12-01,2017-2018,2007-08,04,53,Construction Wage Rates,251.2
2018-01-01,2017-2018,2007-08,04,53,Construction Wage Rates,253.9
2018-02-01,2017-2018,2007-08,04,53,Construction Wage Rates,255.15
2018-03-01,2017-2018,2007-08,04,53,Construction Wage Rates,257.14
2018-04-01,2017-2018,2007-08,04,53,Construction Wage Rates,262.93
2018-05-01,2017-2018,2007-08,04,53,Construction Wage Rates,264.7
2018-06-01,2017-2018,2007-08,04,53,Construction Wage Rates,265.67
2018-07-01,2018-2019,2007-08,04,53,Construction Wage Rates,265.71
2018-08-01,2018-2019,2007-08,04,53,Construction Wage Rates,267.25
2018-09-01,2018-2019,2007-08,04,53,Construction Wage Rates,268.44
2018-10-01,2018-2019,2007-08,04,53,Construction Wage Rates,271.55
2018-11-01,2018-2019,2007-08,04,53,Construction Wage Rates,276.45
2018-12-01,2018-2019,2007-08,04,53,Construction Wage Rates,277.35
2019-01-01,2018-2019,2007-08,04,53,Construction Wage Rates,277.46
2019-02-01,2018-2019,2007-08,04,53,Construction Wage Rates,278.16
2019-03-01,2018-2019,2007-08,04,53,Construction Wage Rates,281.4
2019-04-01,2018-2019,2007-08,04,53,Construction Wage Rates,282.22
2019-05-01,2018-2019,2007-08,04,53,Construction Wage Rates,282.74
2019-06-01,2018-2019,2007-08,04,53,Construction Wage Rates,284.21
2015-07-01,2015-2016,2007-08,04,54,Water Supply,149.92
2015-08-01,2015-2016,2007-08,04,54,Water Supply,149.92
2015-09-01,2015-2016,2007-08,04,54,Water Supply,149.92
2015-10-01,2015-2016,2007-08,04,54,Water Supply,149.92
2015-11-01,2015-2016,2007-08,04,54,Water Supply,149.92
2015-12-01,2015-2016,2007-08,04,54,Water Supply,149.92
2016-01-01,2015-2016,2007-08,04,54,Water Supply,153.34
2016-02-01,2015-2016,2007-08,04,54,Water Supply,161.1
2016-03-01,2015-2016,2007-08,04,54,Water Supply,161.1
2016-04-01,2015-2016,2007-08,04,54,Water Supply,161.1
2016-05-01,2015-2016,2007-08,04,54,Water Supply,161.1
2016-06-01,2015-2016,2007-08,04,54,Water Supply,161.6
2016-07-01,2016-2017,2007-08,04,54,Water Supply,163.32
2016-08-01,2016-2017,2007-08,04,54,Water Supply,163.32
2016-09-01,2016-2017,2007-08,04,54,Water Supply,163.32
2016-10-01,2016-2017,2007-08,04,54,Water Supply,163.38
2016-11-01,2016-2017,2007-08,04,54,Water Supply,164.74
2016-12-01,2016-2017,2007-08,04,54,Water Supply,164.74
2017-01-01,2016-2017,2007-08,04,54,Water Supply,164.74
2017-02-01,2016-2017,2007-08,04,54,Water Supply,164.74
2017-03-01,2016-2017,2007-08,04,54,Water Supply,164.74
2017-04-01,2016-2017,2007-08,04,54,Water Supply,168.16
2017-05-01,2016-2017,2007-08,04,54,Water Supply,171.58
2017-06-01,2016-2017,2007-08,04,54,Water Supply,171.58
2017-07-01,2017-2018,2007-08,04,54,Water Supply,171.58
2017-08-01,2017-2018,2007-08,04,54,Water Supply,171.58
2017-09-01,2017-2018,2007-08,04,54,Water Supply,171.58
2017-10-01,2017-2018,2007-08,04,54,Water Supply,171.58
2017-11-01,2017-2018,2007-08,04,54,Water Supply,171.58
2017-12-01,2017-2018,2007-08,04,54,Water Supply,171.58
2018-01-01,2017-2018,2007-08,04,54,Water Supply,172.61
2018-02-01,2017-2018,2007-08,04,54,Water Supply,173.82
2018-03-01,2017-2018,2007-08,04,54,Water Supply,174.83
2018-04-01,2017-2018,2007-08,04,54,Water Supply,177.11
2018-05-01,2017-2018,2007-08,04,54,Water Supply,189.09
2018-06-01,2017-2018,2007-08,04,54,Water Supply,189.09
2018-07-01,2018-2019,2007-08,04,54,Water Supply,189.09
2018-08-01,2018-2019,2007-08,04,54,Water Supply,189.82
2018-09-01,2018-2019,2007-08,04,54,Water Supply,189.82
2018-10-01,2018-2019,2007-08,04,54,Water Supply,194.95
2018-11-01,2018-2019,2007-08,04,54,Water Supply,194.95
2018-12-01,2018-2019,2007-08,04,54,Water Supply,194.95
2019-01-01,2018-2019,2007-08,04,54,Water Supply,194.95
2019-02-01,2018-2019,2007-08,04,54,Water Supply,194.95
2019-03-01,2018-2019,2007-08,04,54,Water Supply,195.29
2019-04-01,2018-2019,2007-08,04,54,Water Supply,195.29
2019-05-01,2018-2019,2007-08,04,54,Water Supply,195.29
2019-06-01,2018-2019,2007-08,04,54,Water Supply,195.63
2015-07-01,2015-2016,2007-08,04,55,Electricity,234.69
2015-08-01,2015-2016,2007-08,04,55,Electricity,238.1
2015-09-01,2015-2016,2007-08,04,55,Electricity,238.1
2015-10-01,2015-2016,2007-08,04,55,Electricity,238.1
2015-11-01,2015-2016,2007-08,04,55,Electricity,238.1
2015-12-01,2015-2016,2007-08,04,55,Electricity,238.1
2016-01-01,2015-2016,2007-08,04,55,Electricity,238.1
2016-02-01,2015-2016,2007-08,04,55,Electricity,238.1
2016-03-01,2015-2016,2007-08,04,55,Electricity,238.1
2016-04-01,2015-2016,2007-08,04,55,Electricity,238.1
2016-05-01,2015-2016,2007-08,04,55,Electricity,238.1
2016-06-01,2015-2016,2007-08,04,55,Electricity,238.1
2016-07-01,2016-2017,2007-08,04,55,Electricity,238.1
2016-08-01,2016-2017,2007-08,04,55,Electricity,238.1
2016-09-01,2016-2017,2007-08,04,55,Electricity,238.1
2016-10-01,2016-2017,2007-08,04,55,Electricity,238.1
2016-11-01,2016-2017,2007-08,04,55,Electricity,238.1
2016-12-01,2016-2017,2007-08,04,55,Electricity,238.1
2017-01-01,2016-2017,2007-08,04,55,Electricity,238.1
2017-02-01,2016-2017,2007-08,04,55,Electricity,238.1
2017-03-01,2016-2017,2007-08,04,55,Electricity,238.1
2017-04-01,2016-2017,2007-08,04,55,Electricity,238.1
2017-05-01,2016-2017,2007-08,04,55,Electricity,238.1
2017-06-01,2016-2017,2007-08,04,55,Electricity,238.1
2017-07-01,2017-2018,2007-08,04,55,Electricity,238.1
2017-08-01,2017-2018,2007-08,04,55,Electricity,238.1
2017-09-01,2017-2018,2007-08,04,55,Electricity,238.1
2017-10-01,2017-2018,2007-08,04,55,Electricity,238.1
2017-11-01,2017-2018,2007-08,04,55,Electricity,238.1
2017-12-01,2017-2018,2007-08,04,55,Electricity,238.1
2018-01-01,2017-2018,2007-08,04,55,Electricity,238.1
2018-02-01,2017-2018,2007-08,04,55,Electricity,238.1
2018-03-01,2017-2018,2007-08,04,55,Electricity,238.1
2018-04-01,2017-2018,2007-08,04,55,Electricity,238.1
2018-05-01,2017-2018,2007-08,04,55,Electricity,238.1
2018-06-01,2017-2018,2007-08,04,55,Electricity,238.1
2018-07-01,2018-2019,2007-08,04,55,Electricity,238.1
2018-08-01,2018-2019,2007-08,04,55,Electricity,238.1
2018-09-01,2018-2019,2007-08,04,55,Electricity,238.1
2018-10-01,2018-2019,2007-08,04,55,Electricity,238.1
2018-11-01,2018-2019,2007-08,04,55,Electricity,238.1
2018-12-01,2018-2019,2007-08,04,55,Electricity,238.1
2019-01-01,2018-2019,2007-08,04,55,Electricity,258.28
2019-02-01,2018-2019,2007-08,04,55,Electricity,258.28
2019-03-01,2018-2019,2007-08,04,55,Electricity,258.28
2019-04-01,2018-2019,2007-08,04,55,Electricity,258.28
2019-05-01,2018-2019,2007-08,04,55,Electricity,258.28
2019-06-01,2018-2019,2007-08,04,55,Electricity,258.28
2015-07-01,2015-2016,2007-08,04,56,Gas,143.81
2015-08-01,2015-2016,2007-08,04,56,Gas,143.81
2015-09-01,2015-2016,2007-08,04,56,Gas,158.08
2015-10-01,2015-2016,2007-08,04,56,Gas,158.08
2015-11-01,2015-2016,2007-08,04,56,Gas,158.08
2015-12-01,2015-2016,2007-08,04,56,Gas,158.08
2016-01-01,2015-2016,2007-08,04,56,Gas,158.08
2016-02-01,2015-2016,2007-08,04,56,Gas,158.08
2016-03-01,2015-2016,2007-08,04,56,Gas,158.08
2016-04-01,2015-2016,2007-08,04,56,Gas,158.08
2016-05-01,2015-2016,2007-08,04,56,Gas,158.08
2016-06-01,2015-2016,2007-08,04,56,Gas,158.08
2016-07-01,2016-2017,2007-08,04,56,Gas,158.08
2016-08-01,2016-2017,2007-08,04,56,Gas,158.08
2016-09-01,2016-2017,2007-08,04,56,Gas,158.08
2016-10-01,2016-2017,2007-08,04,56,Gas,158.08
2016-11-01,2016-2017,2007-08,04,56,Gas,158.08
2016-12-01,2016-2017,2007-08,04,56,Gas,158.08
2017-01-01,2016-2017,2007-08,04,56,Gas,158.08
2017-02-01,2016-2017,2007-08,04,56,Gas,158.08
2017-03-01,2016-2017,2007-08,04,56,Gas,158.08
2017-04-01,2016-2017,2007-08,04,56,Gas,158.08
2017-05-01,2016-2017,2007-08,04,56,Gas,158.08
2017-06-01,2016-2017,2007-08,04,56,Gas,158.08
2017-07-01,2017-2018,2007-08,04,56,Gas,158.08
2017-08-01,2017-2018,2007-08,04,56,Gas,158.08
2017-09-01,2017-2018,2007-08,04,56,Gas,158.08
2017-10-01,2017-2018,2007-08,04,56,Gas,158.08
2017-11-01,2017-2018,2007-08,04,56,Gas,158.08
2017-12-01,2017-2018,2007-08,04,56,Gas,158.08
2018-01-01,2017-2018,2007-08,04,56,Gas,158.08
2018-02-01,2017-2018,2007-08,04,56,Gas,158.08
2018-03-01,2017-2018,2007-08,04,56,Gas,158.08
2018-04-01,2017-2018,2007-08,04,56,Gas,158.08
2018-05-01,2017-2018,2007-08,04,56,Gas,158.08
2018-06-01,2017-2018,2007-08,04,56,Gas,158.08
2018-07-01,2018-2019,2007-08,04,56,Gas,158.08
2018-08-01,2018-2019,2007-08,04,56,Gas,158.08
2018-09-01,2018-2019,2007-08,04,56,Gas,158.08
2018-10-01,2018-2019,2007-08,04,56,Gas,292.94
2018-11-01,2018-2019,2007-08,04,56,Gas,292.94
2018-12-01,2018-2019,2007-08,04,56,Gas,292.94
2019-01-01,2018-2019,2007-08,04,56,Gas,292.94
2019-02-01,2018-2019,2007-08,04,56,Gas,292.94
2019-03-01,2018-2019,2007-08,04,56,Gas,292.94
2019-04-01,2018-2019,2007-08,04,56,Gas,292.94
2019-05-01,2018-2019,2007-08,04,56,Gas,292.94
2019-06-01,2018-2019,2007-08,04,56,Gas,292.94
2015-07-01,2015-2016,2007-08,04,57,Kerosene Oil,223.65
2015-08-01,2015-2016,2007-08,04,57,Kerosene Oil,216.11
2015-09-01,2015-2016,2007-08,04,57,Kerosene Oil,207.65
2015-10-01,2015-2016,2007-08,04,57,Kerosene Oil,208.72
2015-11-01,2015-2016,2007-08,04,57,Kerosene Oil,211.04
2015-12-01,2015-2016,2007-08,04,57,Kerosene Oil,210.91
2016-01-01,2015-2016,2007-08,04,57,Kerosene Oil,203.32
2016-02-01,2015-2016,2007-08,04,57,Kerosene Oil,189.04
2016-03-01,2015-2016,2007-08,04,57,Kerosene Oil,191.37
2016-04-01,2015-2016,2007-08,04,57,Kerosene Oil,194.05
2016-05-01,2015-2016,2007-08,04,57,Kerosene Oil,195.28
2016-06-01,2015-2016,2007-08,04,57,Kerosene Oil,193.53
2016-07-01,2016-2017,2007-08,04,57,Kerosene Oil,194.7
2016-08-01,2016-2017,2007-08,04,57,Kerosene Oil,194.46
2016-09-01,2016-2017,2007-08,04,57,Kerosene Oil,195.07
2016-10-01,2016-2017,2007-08,04,57,Kerosene Oil,195.65
2016-11-01,2016-2017,2007-08,04,57,Kerosene Oil,195.93
2016-12-01,2016-2017,2007-08,04,57,Kerosene Oil,198.63
2017-01-01,2016-2017,2007-08,04,57,Kerosene Oil,198.47
2017-02-01,2016-2017,2007-08,04,57,Kerosene Oil,198.47
2017-03-01,2016-2017,2007-08,04,57,Kerosene Oil,198.79
2017-04-01,2016-2017,2007-08,04,57,Kerosene Oil,199.32
2017-05-01,2016-2017,2007-08,04,57,Kerosene Oil,198.42
2017-06-01,2016-2017,2007-08,04,57,Kerosene Oil,200.6
2017-07-01,2017-2018,2007-08,04,57,Kerosene Oil,198.67
2017-08-01,2017-2018,2007-08,04,57,Kerosene Oil,197.81
2017-09-01,2017-2018,2007-08,04,57,Kerosene Oil,198.39
2017-10-01,2017-2018,2007-08,04,57,Kerosene Oil,206.26
2017-11-01,2017-2018,2007-08,04,57,Kerosene Oil,215.98
2017-12-01,2017-2018,2007-08,04,57,Kerosene Oil,225.46
2018-01-01,2017-2018,2007-08,04,57,Kerosene Oil,237.33
2018-02-01,2017-2018,2007-08,04,57,Kerosene Oil,246.23
2018-03-01,2017-2018,2007-08,04,57,Kerosene Oil,259.58
2018-04-01,2017-2018,2007-08,04,57,Kerosene Oil,260.44
2018-05-01,2017-2018,2007-08,04,57,Kerosene Oil,264.32
2018-06-01,2017-2018,2007-08,04,57,Kerosene Oil,269.54
2018-07-01,2018-2019,2007-08,04,57,Kerosene Oil,272.04
2018-08-01,2018-2019,2007-08,04,57,Kerosene Oil,274.04
2018-09-01,2018-2019,2007-08,04,57,Kerosene Oil,272.49
2018-10-01,2018-2019,2007-08,04,57,Kerosene Oil,271.88
2018-11-01,2018-2019,2007-08,04,57,Kerosene Oil,278.21
2018-12-01,2018-2019,2007-08,04,57,Kerosene Oil,275.39
2019-01-01,2018-2019,2007-08,04,57,Kerosene Oil,275.63
2019-02-01,2018-2019,2007-08,04,57,Kerosene Oil,274.12
2019-03-01,2018-2019,2007-08,04,57,Kerosene Oil,278.25
2019-04-01,2018-2019,2007-08,04,57,Kerosene Oil,284.86
2019-05-01,2018-2019,2007-08,04,57,Kerosene Oil,295.47
2019-06-01,2018-2019,2007-08,04,57,Kerosene Oil,298.12
2015-07-01,2015-2016,2007-08,04,58,Firewood Whole,275.52
2015-08-01,2015-2016,2007-08,04,58,Firewood Whole,275.9
2015-09-01,2015-2016,2007-08,04,58,Firewood Whole,275.9
2015-10-01,2015-2016,2007-08,04,58,Firewood Whole,278.99
2015-11-01,2015-2016,2007-08,04,58,Firewood Whole,279.21
2015-12-01,2015-2016,2007-08,04,58,Firewood Whole,281.03
2016-01-01,2015-2016,2007-08,04,58,Firewood Whole,284.11
2016-02-01,2015-2016,2007-08,04,58,Firewood Whole,283.33
2016-03-01,2015-2016,2007-08,04,58,Firewood Whole,283.78
2016-04-01,2015-2016,2007-08,04,58,Firewood Whole,283.25
2016-05-01,2015-2016,2007-08,04,58,Firewood Whole,284.79
2016-06-01,2015-2016,2007-08,04,58,Firewood Whole,284.87
2016-07-01,2016-2017,2007-08,04,58,Firewood Whole,284.2
2016-08-01,2016-2017,2007-08,04,58,Firewood Whole,284.2
2016-09-01,2016-2017,2007-08,04,58,Firewood Whole,283.6
2016-10-01,2016-2017,2007-08,04,58,Firewood Whole,284.35
2016-11-01,2016-2017,2007-08,04,58,Firewood Whole,286.97
2016-12-01,2016-2017,2007-08,04,58,Firewood Whole,290.35
2017-01-01,2016-2017,2007-08,04,58,Firewood Whole,292.43
2017-02-01,2016-2017,2007-08,04,58,Firewood Whole,293.08
2017-03-01,2016-2017,2007-08,04,58,Firewood Whole,290.59
2017-04-01,2016-2017,2007-08,04,58,Firewood Whole,290.56
2017-05-01,2016-2017,2007-08,04,58,Firewood Whole,290.23
2017-06-01,2016-2017,2007-08,04,58,Firewood Whole,290.23
2017-07-01,2017-2018,2007-08,04,58,Firewood Whole,290.72
2017-08-01,2017-2018,2007-08,04,58,Firewood Whole,291.56
2017-09-01,2017-2018,2007-08,04,58,Firewood Whole,291.34
2017-10-01,2017-2018,2007-08,04,58,Firewood Whole,293.2
2017-11-01,2017-2018,2007-08,04,58,Firewood Whole,295.15
2017-12-01,2017-2018,2007-08,04,58,Firewood Whole,295.82
2018-01-01,2017-2018,2007-08,04,58,Firewood Whole,300.58
2018-02-01,2017-2018,2007-08,04,58,Firewood Whole,301.93
2018-03-01,2017-2018,2007-08,04,58,Firewood Whole,302.24
2018-04-01,2017-2018,2007-08,04,58,Firewood Whole,301.32
2018-05-01,2017-2018,2007-08,04,58,Firewood Whole,297.93
2018-06-01,2017-2018,2007-08,04,58,Firewood Whole,298.03
2018-07-01,2018-2019,2007-08,04,58,Firewood Whole,298.03
2018-08-01,2018-2019,2007-08,04,58,Firewood Whole,298.7
2018-09-01,2018-2019,2007-08,04,58,Firewood Whole,299.07
2018-10-01,2018-2019,2007-08,04,58,Firewood Whole,299.07
2018-11-01,2018-2019,2007-08,04,58,Firewood Whole,303.78
2018-12-01,2018-2019,2007-08,04,58,Firewood Whole,305.35
2019-01-01,2018-2019,2007-08,04,58,Firewood Whole,305.94
2019-02-01,2018-2019,2007-08,04,58,Firewood Whole,305.94
2019-03-01,2018-2019,2007-08,04,58,Firewood Whole,307.17
2019-04-01,2018-2019,2007-08,04,58,Firewood Whole,307.99
2019-05-01,2018-2019,2007-08,04,58,Firewood Whole,308.96
2019-06-01,2018-2019,2007-08,04,58,Firewood Whole,309.64
2016-07-01,2016-2017,2007-08,05,00,Furnishing and household equipment maintenance,221.7
2016-08-01,2016-2017,2007-08,05,00,Furnishing and household equipment maintenance,222.31
2016-09-01,2016-2017,2007-08,05,00,Furnishing and household equipment maintenance,222.27
2016-10-01,2016-2017,2007-08,05,00,Furnishing and household equipment maintenance,222.66
2016-11-01,2016-2017,2007-08,05,00,Furnishing and household equipment maintenance,223.21
2016-12-01,2016-2017,2007-08,05,00,Furnishing and household equipment maintenance,223.65
2017-01-01,2016-2017,2007-08,05,00,Furnishing and household equipment maintenance,223.92
2017-02-01,2016-2017,2007-08,05,00,Furnishing and household equipment maintenance,224.32
2017-03-01,2016-2017,2007-08,05,00,Furnishing and household equipment maintenance,224.59
2017-04-01,2016-2017,2007-08,05,00,Furnishing and household equipment maintenance,224.95
2017-05-01,2016-2017,2007-08,05,00,Furnishing and household equipment maintenance,226.42
2017-06-01,2016-2017,2007-08,05,00,Furnishing and household equipment maintenance,226.8
2017-07-01,2017-2018,2007-08,05,00,Furnishing and household equipment maintenance,227.74
2017-08-01,2017-2018,2007-08,05,00,Furnishing and household equipment maintenance,228.05
2017-09-01,2017-2018,2007-08,05,00,Furnishing and household equipment maintenance,229.1
2017-10-01,2017-2018,2007-08,05,00,Furnishing and household equipment maintenance,229.47
2017-11-01,2017-2018,2007-08,05,00,Furnishing and household equipment maintenance,230.52
2017-12-01,2017-2018,2007-08,05,00,Furnishing and household equipment maintenance,230.93
2018-01-01,2017-2018,2007-08,05,00,Furnishing and household equipment maintenance,232.97
2018-02-01,2017-2018,2007-08,05,00,Furnishing and household equipment maintenance,233.5
2018-03-01,2017-2018,2007-08,05,00,Furnishing and household equipment maintenance,234.67
2018-04-01,2017-2018,2007-08,05,00,Furnishing and household equipment maintenance,239.29
2018-05-01,2017-2018,2007-08,05,00,Furnishing and household equipment maintenance,239.94
2018-06-01,2017-2018,2007-08,05,00,Furnishing and household equipment maintenance,240.51
2018-07-01,2018-2019,2007-08,05,00,Furnishing and household equipment maintenance,241.18
2018-08-01,2018-2019,2007-08,05,00,Furnishing and household equipment maintenance,242.2
2018-09-01,2018-2019,2007-08,05,00,Furnishing and household equipment maintenance,243.36
2018-10-01,2018-2019,2007-08,05,00,Furnishing and household equipment maintenance,245.5
2018-11-01,2018-2019,2007-08,05,00,Furnishing and household equipment maintenance,247.76
2018-12-01,2018-2019,2007-08,05,00,Furnishing and household equipment maintenance,250.22
2019-01-01,2018-2019,2007-08,05,00,Furnishing and household equipment maintenance,252.03
2019-02-01,2018-2019,2007-08,05,00,Furnishing and household equipment maintenance,255.07
2019-03-01,2018-2019,2007-08,05,00,Furnishing and household equipment maintenance,257
2019-04-01,2018-2019,2007-08,05,00,Furnishing and household equipment maintenance,259.19
2019-05-01,2018-2019,2007-08,05,00,Furnishing and household equipment maintenance,260.95
2019-06-01,2018-2019,2007-08,05,00,Furnishing and household equipment maintenance,262.78
2015-07-01,2015-2016,2007-08,05,59,Furniture,205.94
2015-08-01,2015-2016,2007-08,05,59,Furniture,206.08
2015-09-01,2015-2016,2007-08,05,59,Furniture,206.58
2015-10-01,2015-2016,2007-08,05,59,Furniture,206.7
2015-11-01,2015-2016,2007-08,05,59,Furniture,207.09
2015-12-01,2015-2016,2007-08,05,59,Furniture,207.57
2016-01-01,2015-2016,2007-08,05,59,Furniture,207.96
2016-02-01,2015-2016,2007-08,05,59,Furniture,208.62
2016-03-01,2015-2016,2007-08,05,59,Furniture,210
2016-04-01,2015-2016,2007-08,05,59,Furniture,210.33
2016-05-01,2015-2016,2007-08,05,59,Furniture,211.36
2016-06-01,2015-2016,2007-08,05,59,Furniture,211.58
2016-07-01,2016-2017,2007-08,05,59,Furniture,211.78
2016-08-01,2016-2017,2007-08,05,59,Furniture,212.13
2016-09-01,2016-2017,2007-08,05,59,Furniture,212.26
2016-10-01,2016-2017,2007-08,05,59,Furniture,212.4
2016-11-01,2016-2017,2007-08,05,59,Furniture,214.48
2016-12-01,2016-2017,2007-08,05,59,Furniture,215.42
2017-01-01,2016-2017,2007-08,05,59,Furniture,215.79
2017-02-01,2016-2017,2007-08,05,59,Furniture,216.4
2017-03-01,2016-2017,2007-08,05,59,Furniture,216.92
2017-04-01,2016-2017,2007-08,05,59,Furniture,217.24
2017-05-01,2016-2017,2007-08,05,59,Furniture,217.87
2017-06-01,2016-2017,2007-08,05,59,Furniture,218.43
2017-07-01,2017-2018,2007-08,05,59,Furniture,219.56
2017-08-01,2017-2018,2007-08,05,59,Furniture,220.16
2017-09-01,2017-2018,2007-08,05,59,Furniture,220.81
2017-10-01,2017-2018,2007-08,05,59,Furniture,221.6
2017-11-01,2017-2018,2007-08,05,59,Furniture,223.87
2017-12-01,2017-2018,2007-08,05,59,Furniture,224.47
2018-01-01,2017-2018,2007-08,05,59,Furniture,226.49
2018-02-01,2017-2018,2007-08,05,59,Furniture,227.53
2018-03-01,2017-2018,2007-08,05,59,Furniture,228.22
2018-04-01,2017-2018,2007-08,05,59,Furniture,235.27
2018-05-01,2017-2018,2007-08,05,59,Furniture,235.84
2018-06-01,2017-2018,2007-08,05,59,Furniture,235.86
2018-07-01,2018-2019,2007-08,05,59,Furniture,236.67
2018-08-01,2018-2019,2007-08,05,59,Furniture,237.77
2018-09-01,2018-2019,2007-08,05,59,Furniture,238.44
2018-10-01,2018-2019,2007-08,05,59,Furniture,242.25
2018-11-01,2018-2019,2007-08,05,59,Furniture,244.56
2018-12-01,2018-2019,2007-08,05,59,Furniture,247.26
2019-01-01,2018-2019,2007-08,05,59,Furniture,250.86
2019-02-01,2018-2019,2007-08,05,59,Furniture,251.62
2019-03-01,2018-2019,2007-08,05,59,Furniture,252.79
2019-04-01,2018-2019,2007-08,05,59,Furniture,255.11
2019-05-01,2018-2019,2007-08,05,59,Furniture,256.83
2019-06-01,2018-2019,2007-08,05,59,Furniture,257.55
2015-07-01,2015-2016,2007-08,05,60,Household Textiles,209.69
2015-08-01,2015-2016,2007-08,05,60,Household Textiles,211.55
2015-09-01,2015-2016,2007-08,05,60,Household Textiles,212.12
2015-10-01,2015-2016,2007-08,05,60,Household Textiles,213.29
2015-11-01,2015-2016,2007-08,05,60,Household Textiles,214.08
2015-12-01,2015-2016,2007-08,05,60,Household Textiles,215.47
2016-01-01,2015-2016,2007-08,05,60,Household Textiles,216.16
2016-02-01,2015-2016,2007-08,05,60,Household Textiles,217.54
2016-03-01,2015-2016,2007-08,05,60,Household Textiles,219.62
2016-04-01,2015-2016,2007-08,05,60,Household Textiles,219.15
2016-05-01,2015-2016,2007-08,05,60,Household Textiles,220.62
2016-06-01,2015-2016,2007-08,05,60,Household Textiles,221.22
2016-07-01,2016-2017,2007-08,05,60,Household Textiles,221.08
2016-08-01,2016-2017,2007-08,05,60,Household Textiles,221.72
2016-09-01,2016-2017,2007-08,05,60,Household Textiles,221.14
2016-10-01,2016-2017,2007-08,05,60,Household Textiles,223.69
2016-11-01,2016-2017,2007-08,05,60,Household Textiles,224.66
2016-12-01,2016-2017,2007-08,05,60,Household Textiles,226.07
2017-01-01,2016-2017,2007-08,05,60,Household Textiles,226.38
2017-02-01,2016-2017,2007-08,05,60,Household Textiles,226.59
2017-03-01,2016-2017,2007-08,05,60,Household Textiles,226.73
2017-04-01,2016-2017,2007-08,05,60,Household Textiles,226.57
2017-05-01,2016-2017,2007-08,05,60,Household Textiles,227.19
2017-06-01,2016-2017,2007-08,05,60,Household Textiles,228.35
2017-07-01,2017-2018,2007-08,05,60,Household Textiles,229.7
2017-08-01,2017-2018,2007-08,05,60,Household Textiles,230.07
2017-09-01,2017-2018,2007-08,05,60,Household Textiles,231.08
2017-10-01,2017-2018,2007-08,05,60,Household Textiles,232.05
2017-11-01,2017-2018,2007-08,05,60,Household Textiles,233.22
2017-12-01,2017-2018,2007-08,05,60,Household Textiles,234.44
2018-01-01,2017-2018,2007-08,05,60,Household Textiles,235.87
2018-02-01,2017-2018,2007-08,05,60,Household Textiles,235.96
2018-03-01,2017-2018,2007-08,05,60,Household Textiles,236.78
2018-04-01,2017-2018,2007-08,05,60,Household Textiles,242.24
2018-05-01,2017-2018,2007-08,05,60,Household Textiles,243.3
2018-06-01,2017-2018,2007-08,05,60,Household Textiles,242.51
2018-07-01,2018-2019,2007-08,05,60,Household Textiles,243
2018-08-01,2018-2019,2007-08,05,60,Household Textiles,243.45
2018-09-01,2018-2019,2007-08,05,60,Household Textiles,243.85
2018-10-01,2018-2019,2007-08,05,60,Household Textiles,245.96
2018-11-01,2018-2019,2007-08,05,60,Household Textiles,248.54
2018-12-01,2018-2019,2007-08,05,60,Household Textiles,249.62
2019-01-01,2018-2019,2007-08,05,60,Household Textiles,251.22
2019-02-01,2018-2019,2007-08,05,60,Household Textiles,251.59
2019-03-01,2018-2019,2007-08,05,60,Household Textiles,253.05
2019-04-01,2018-2019,2007-08,05,60,Household Textiles,253.98
2019-05-01,2018-2019,2007-08,05,60,Household Textiles,255.72
2019-06-01,2018-2019,2007-08,05,60,Household Textiles,256.3
2015-07-01,2015-2016,2007-08,05,61,Household Equipment,175.41
2015-08-01,2015-2016,2007-08,05,61,Household Equipment,175.47
2015-09-01,2015-2016,2007-08,05,61,Household Equipment,175.57
2015-10-01,2015-2016,2007-08,05,61,Household Equipment,175.73
2015-11-01,2015-2016,2007-08,05,61,Household Equipment,175.89
2015-12-01,2015-2016,2007-08,05,61,Household Equipment,176.33
2016-01-01,2015-2016,2007-08,05,61,Household Equipment,176.48
2016-02-01,2015-2016,2007-08,05,61,Household Equipment,176.18
2016-03-01,2015-2016,2007-08,05,61,Household Equipment,176.51
2016-04-01,2015-2016,2007-08,05,61,Household Equipment,177.64
2016-05-01,2015-2016,2007-08,05,61,Household Equipment,178.29
2016-06-01,2015-2016,2007-08,05,61,Household Equipment,178.21
2016-07-01,2016-2017,2007-08,05,61,Household Equipment,178.43
2016-08-01,2016-2017,2007-08,05,61,Household Equipment,178.57
2016-09-01,2016-2017,2007-08,05,61,Household Equipment,179.16
2016-10-01,2016-2017,2007-08,05,61,Household Equipment,179.23
2016-11-01,2016-2017,2007-08,05,61,Household Equipment,179.18
2016-12-01,2016-2017,2007-08,05,61,Household Equipment,179.28
2017-01-01,2016-2017,2007-08,05,61,Household Equipment,179.16
2017-02-01,2016-2017,2007-08,05,61,Household Equipment,179.63
2017-03-01,2016-2017,2007-08,05,61,Household Equipment,180.25
2017-04-01,2016-2017,2007-08,05,61,Household Equipment,180.69
2017-05-01,2016-2017,2007-08,05,61,Household Equipment,182.03
2017-06-01,2016-2017,2007-08,05,61,Household Equipment,182.57
2017-07-01,2017-2018,2007-08,05,61,Household Equipment,182.79
2017-08-01,2017-2018,2007-08,05,61,Household Equipment,183.18
2017-09-01,2017-2018,2007-08,05,61,Household Equipment,183.36
2017-10-01,2017-2018,2007-08,05,61,Household Equipment,183.44
2017-11-01,2017-2018,2007-08,05,61,Household Equipment,183.57
2017-12-01,2017-2018,2007-08,05,61,Household Equipment,183.53
2018-01-01,2017-2018,2007-08,05,61,Household Equipment,184.14
2018-02-01,2017-2018,2007-08,05,61,Household Equipment,184.74
2018-03-01,2017-2018,2007-08,05,61,Household Equipment,185.7
2018-04-01,2017-2018,2007-08,05,61,Household Equipment,188.5
2018-05-01,2017-2018,2007-08,05,61,Household Equipment,189.68
2018-06-01,2017-2018,2007-08,05,61,Household Equipment,190.12
2018-07-01,2018-2019,2007-08,05,61,Household Equipment,190.99
2018-08-01,2018-2019,2007-08,05,61,Household Equipment,192.31
2018-09-01,2018-2019,2007-08,05,61,Household Equipment,193.22
2018-10-01,2018-2019,2007-08,05,61,Household Equipment,194.5
2018-11-01,2018-2019,2007-08,05,61,Household Equipment,196.96
2018-12-01,2018-2019,2007-08,05,61,Household Equipment,197.85
2019-01-01,2018-2019,2007-08,05,61,Household Equipment,197.6
2019-02-01,2018-2019,2007-08,05,61,Household Equipment,198.07
2019-03-01,2018-2019,2007-08,05,61,Household Equipment,198.67
2019-04-01,2018-2019,2007-08,05,61,Household Equipment,202
2019-05-01,2018-2019,2007-08,05,61,Household Equipment,205.33
2019-06-01,2018-2019,2007-08,05,61,Household Equipment,205.81
2015-07-01,2015-2016,2007-08,05,62,Utensils,216.41
2015-08-01,2015-2016,2007-08,05,62,Utensils,216.86
2015-09-01,2015-2016,2007-08,05,62,Utensils,217.57
2015-10-01,2015-2016,2007-08,05,62,Utensils,218.25
2015-11-01,2015-2016,2007-08,05,62,Utensils,218.4
2015-12-01,2015-2016,2007-08,05,62,Utensils,219.05
2016-01-01,2015-2016,2007-08,05,62,Utensils,219.4
2016-02-01,2015-2016,2007-08,05,62,Utensils,219.75
2016-03-01,2015-2016,2007-08,05,62,Utensils,221.38
2016-04-01,2015-2016,2007-08,05,62,Utensils,222.55
2016-05-01,2015-2016,2007-08,05,62,Utensils,223.5
2016-06-01,2015-2016,2007-08,05,62,Utensils,222.56
2016-07-01,2016-2017,2007-08,05,62,Utensils,222.57
2016-08-01,2016-2017,2007-08,05,62,Utensils,223.28
2016-09-01,2016-2017,2007-08,05,62,Utensils,223.08
2016-10-01,2016-2017,2007-08,05,62,Utensils,224.01
2016-11-01,2016-2017,2007-08,05,62,Utensils,225.32
2016-12-01,2016-2017,2007-08,05,62,Utensils,225.53
2017-01-01,2016-2017,2007-08,05,62,Utensils,226.4
2017-02-01,2016-2017,2007-08,05,62,Utensils,227.9
2017-03-01,2016-2017,2007-08,05,62,Utensils,229.1
2017-04-01,2016-2017,2007-08,05,62,Utensils,230.57
2017-05-01,2016-2017,2007-08,05,62,Utensils,231.84
2017-06-01,2016-2017,2007-08,05,62,Utensils,232.11
2017-07-01,2017-2018,2007-08,05,62,Utensils,232.63
2017-08-01,2017-2018,2007-08,05,62,Utensils,233.8
2017-09-01,2017-2018,2007-08,05,62,Utensils,234.34
2017-10-01,2017-2018,2007-08,05,62,Utensils,235.07
2017-11-01,2017-2018,2007-08,05,62,Utensils,236.75
2017-12-01,2017-2018,2007-08,05,62,Utensils,238.03
2018-01-01,2017-2018,2007-08,05,62,Utensils,240.15
2018-02-01,2017-2018,2007-08,05,62,Utensils,242.26
2018-03-01,2017-2018,2007-08,05,62,Utensils,242.89
2018-04-01,2017-2018,2007-08,05,62,Utensils,248.73
2018-05-01,2017-2018,2007-08,05,62,Utensils,249.89
2018-06-01,2017-2018,2007-08,05,62,Utensils,251
2018-07-01,2018-2019,2007-08,05,62,Utensils,252.51
2018-08-01,2018-2019,2007-08,05,62,Utensils,255.56
2018-09-01,2018-2019,2007-08,05,62,Utensils,257.08
2018-10-01,2018-2019,2007-08,05,62,Utensils,259.94
2018-11-01,2018-2019,2007-08,05,62,Utensils,262.52
2018-12-01,2018-2019,2007-08,05,62,Utensils,265.24
2019-01-01,2018-2019,2007-08,05,62,Utensils,268.14
2019-02-01,2018-2019,2007-08,05,62,Utensils,272.66
2019-03-01,2018-2019,2007-08,05,62,Utensils,273.6
2019-04-01,2018-2019,2007-08,05,62,Utensils,275.24
2019-05-01,2018-2019,2007-08,05,62,Utensils,277.6
2019-06-01,2018-2019,2007-08,05,62,Utensils,278.6
2015-07-01,2015-2016,2007-08,05,63,Plastic Products,203.33
2015-08-01,2015-2016,2007-08,05,63,Plastic Products,203.54
2015-09-01,2015-2016,2007-08,05,63,Plastic Products,204.1
2015-10-01,2015-2016,2007-08,05,63,Plastic Products,204.85
2015-11-01,2015-2016,2007-08,05,63,Plastic Products,204.88
2015-12-01,2015-2016,2007-08,05,63,Plastic Products,205.82
2016-01-01,2015-2016,2007-08,05,63,Plastic Products,206.03
2016-02-01,2015-2016,2007-08,05,63,Plastic Products,206.33
2016-03-01,2015-2016,2007-08,05,63,Plastic Products,206.73
2016-04-01,2015-2016,2007-08,05,63,Plastic Products,206.9
2016-05-01,2015-2016,2007-08,05,63,Plastic Products,206.97
2016-06-01,2015-2016,2007-08,05,63,Plastic Products,207.23
2016-07-01,2016-2017,2007-08,05,63,Plastic Products,207.38
2016-08-01,2016-2017,2007-08,05,63,Plastic Products,207.81
2016-09-01,2016-2017,2007-08,05,63,Plastic Products,207.17
2016-10-01,2016-2017,2007-08,05,63,Plastic Products,207.19
2016-11-01,2016-2017,2007-08,05,63,Plastic Products,207.64
2016-12-01,2016-2017,2007-08,05,63,Plastic Products,208.7
2017-01-01,2016-2017,2007-08,05,63,Plastic Products,209.1
2017-02-01,2016-2017,2007-08,05,63,Plastic Products,209.42
2017-03-01,2016-2017,2007-08,05,63,Plastic Products,209.59
2017-04-01,2016-2017,2007-08,05,63,Plastic Products,210.32
2017-05-01,2016-2017,2007-08,05,63,Plastic Products,210.84
2017-06-01,2016-2017,2007-08,05,63,Plastic Products,210.85
2017-07-01,2017-2018,2007-08,05,63,Plastic Products,211.07
2017-08-01,2017-2018,2007-08,05,63,Plastic Products,211.37
2017-09-01,2017-2018,2007-08,05,63,Plastic Products,213.05
2017-10-01,2017-2018,2007-08,05,63,Plastic Products,213.86
2017-11-01,2017-2018,2007-08,05,63,Plastic Products,215.02
2017-12-01,2017-2018,2007-08,05,63,Plastic Products,215.3
2018-01-01,2017-2018,2007-08,05,63,Plastic Products,217.34
2018-02-01,2017-2018,2007-08,05,63,Plastic Products,218.4
2018-03-01,2017-2018,2007-08,05,63,Plastic Products,218.99
2018-04-01,2017-2018,2007-08,05,63,Plastic Products,224.2
2018-05-01,2017-2018,2007-08,05,63,Plastic Products,225.28
2018-06-01,2017-2018,2007-08,05,63,Plastic Products,225.46
2018-07-01,2018-2019,2007-08,05,63,Plastic Products,225.98
2018-08-01,2018-2019,2007-08,05,63,Plastic Products,227.91
2018-09-01,2018-2019,2007-08,05,63,Plastic Products,229.26
2018-10-01,2018-2019,2007-08,05,63,Plastic Products,231.09
2018-11-01,2018-2019,2007-08,05,63,Plastic Products,233.84
2018-12-01,2018-2019,2007-08,05,63,Plastic Products,237.13
2019-01-01,2018-2019,2007-08,05,63,Plastic Products,239.16
2019-02-01,2018-2019,2007-08,05,63,Plastic Products,242.52
2019-03-01,2018-2019,2007-08,05,63,Plastic Products,245.73
2019-04-01,2018-2019,2007-08,05,63,Plastic Products,248.2
2019-05-01,2018-2019,2007-08,05,63,Plastic Products,250.05
2019-06-01,2018-2019,2007-08,05,63,Plastic Products,250.68
2015-07-01,2015-2016,2007-08,05,64,Washing Soaps & Detergents,223.42
2015-08-01,2015-2016,2007-08,05,64,Washing Soaps & Detergents,224.99
2015-09-01,2015-2016,2007-08,05,64,Washing Soaps & Detergents,224.73
2015-10-01,2015-2016,2007-08,05,64,Washing Soaps & Detergents,225.68
2015-11-01,2015-2016,2007-08,05,64,Washing Soaps & Detergents,225.85
2015-12-01,2015-2016,2007-08,05,64,Washing Soaps & Detergents,226.72
2016-01-01,2015-2016,2007-08,05,64,Washing Soaps & Detergents,226.88
2016-02-01,2015-2016,2007-08,05,64,Washing Soaps & Detergents,226.94
2016-03-01,2015-2016,2007-08,05,64,Washing Soaps & Detergents,225.2
2016-04-01,2015-2016,2007-08,05,64,Washing Soaps & Detergents,226.13
2016-05-01,2015-2016,2007-08,05,64,Washing Soaps & Detergents,226.67
2016-06-01,2015-2016,2007-08,05,64,Washing Soaps & Detergents,226.76
2016-07-01,2016-2017,2007-08,05,64,Washing Soaps & Detergents,227.15
2016-08-01,2016-2017,2007-08,05,64,Washing Soaps & Detergents,228.3
2016-09-01,2016-2017,2007-08,05,64,Washing Soaps & Detergents,228.76
2016-10-01,2016-2017,2007-08,05,64,Washing Soaps & Detergents,229.21
2016-11-01,2016-2017,2007-08,05,64,Washing Soaps & Detergents,229.75
2016-12-01,2016-2017,2007-08,05,64,Washing Soaps & Detergents,229.76
2017-01-01,2016-2017,2007-08,05,64,Washing Soaps & Detergents,230.09
2017-02-01,2016-2017,2007-08,05,64,Washing Soaps & Detergents,230.5
2017-03-01,2016-2017,2007-08,05,64,Washing Soaps & Detergents,230.42
2017-04-01,2016-2017,2007-08,05,64,Washing Soaps & Detergents,231.03
2017-05-01,2016-2017,2007-08,05,64,Washing Soaps & Detergents,231.44
2017-06-01,2016-2017,2007-08,05,64,Washing Soaps & Detergents,231.8
2017-07-01,2017-2018,2007-08,05,64,Washing Soaps & Detergents,232.61
2017-08-01,2017-2018,2007-08,05,64,Washing Soaps & Detergents,232.8
2017-09-01,2017-2018,2007-08,05,64,Washing Soaps & Detergents,232.92
2017-10-01,2017-2018,2007-08,05,64,Washing Soaps & Detergents,233.12
2017-11-01,2017-2018,2007-08,05,64,Washing Soaps & Detergents,233.4
2017-12-01,2017-2018,2007-08,05,64,Washing Soaps & Detergents,233.55
2018-01-01,2017-2018,2007-08,05,64,Washing Soaps & Detergents,234.72
2018-02-01,2017-2018,2007-08,05,64,Washing Soaps & Detergents,235.23
2018-03-01,2017-2018,2007-08,05,64,Washing Soaps & Detergents,235.67
2018-04-01,2017-2018,2007-08,05,64,Washing Soaps & Detergents,238.88
2018-05-01,2017-2018,2007-08,05,64,Washing Soaps & Detergents,239.22
2018-06-01,2017-2018,2007-08,05,64,Washing Soaps & Detergents,240.2
2018-07-01,2018-2019,2007-08,05,64,Washing Soaps & Detergents,241.08
2018-08-01,2018-2019,2007-08,05,64,Washing Soaps & Detergents,242.53
2018-09-01,2018-2019,2007-08,05,64,Washing Soaps & Detergents,245.92
2018-10-01,2018-2019,2007-08,05,64,Washing Soaps & Detergents,248.45
2018-11-01,2018-2019,2007-08,05,64,Washing Soaps & Detergents,252.39
2018-12-01,2018-2019,2007-08,05,64,Washing Soaps & Detergents,256.02
2019-01-01,2018-2019,2007-08,05,64,Washing Soaps & Detergents,257.38
2019-02-01,2018-2019,2007-08,05,64,Washing Soaps & Detergents,260.03
2019-03-01,2018-2019,2007-08,05,64,Washing Soaps & Detergents,261.3
2019-04-01,2018-2019,2007-08,05,64,Washing Soaps & Detergents,263.63
2019-05-01,2018-2019,2007-08,05,64,Washing Soaps & Detergents,264
2019-06-01,2018-2019,2007-08,05,64,Washing Soaps & Detergents,265.35
2015-07-01,2015-2016,2007-08,05,65,Sewing Needle & Dr Cell,198.97
2015-08-01,2015-2016,2007-08,05,65,Sewing Needle & Dr Cell,200
2015-09-01,2015-2016,2007-08,05,65,Sewing Needle & Dr Cell,200.63
2015-10-01,2015-2016,2007-08,05,65,Sewing Needle & Dr Cell,200.81
2015-11-01,2015-2016,2007-08,05,65,Sewing Needle & Dr Cell,201.89
2015-12-01,2015-2016,2007-08,05,65,Sewing Needle & Dr Cell,202.24
2016-01-01,2015-2016,2007-08,05,65,Sewing Needle & Dr Cell,202.56
2016-02-01,2015-2016,2007-08,05,65,Sewing Needle & Dr Cell,203.4
2016-03-01,2015-2016,2007-08,05,65,Sewing Needle & Dr Cell,205.05
2016-04-01,2015-2016,2007-08,05,65,Sewing Needle & Dr Cell,208.24
2016-05-01,2015-2016,2007-08,05,65,Sewing Needle & Dr Cell,208.58
2016-06-01,2015-2016,2007-08,05,65,Sewing Needle & Dr Cell,208.8
2016-07-01,2016-2017,2007-08,05,65,Sewing Needle & Dr Cell,208.27
2016-08-01,2016-2017,2007-08,05,65,Sewing Needle & Dr Cell,208.41
2016-09-01,2016-2017,2007-08,05,65,Sewing Needle & Dr Cell,206.32
2016-10-01,2016-2017,2007-08,05,65,Sewing Needle & Dr Cell,201.34
2016-11-01,2016-2017,2007-08,05,65,Sewing Needle & Dr Cell,201.34
2016-12-01,2016-2017,2007-08,05,65,Sewing Needle & Dr Cell,202.74
2017-01-01,2016-2017,2007-08,05,65,Sewing Needle & Dr Cell,204.24
2017-02-01,2016-2017,2007-08,05,65,Sewing Needle & Dr Cell,204.96
2017-03-01,2016-2017,2007-08,05,65,Sewing Needle & Dr Cell,205.59
2017-04-01,2016-2017,2007-08,05,65,Sewing Needle & Dr Cell,206.22
2017-05-01,2016-2017,2007-08,05,65,Sewing Needle & Dr Cell,206.48
2017-06-01,2016-2017,2007-08,05,65,Sewing Needle & Dr Cell,206.48
2017-07-01,2017-2018,2007-08,05,65,Sewing Needle & Dr Cell,207.74
2017-08-01,2017-2018,2007-08,05,65,Sewing Needle & Dr Cell,207.74
2017-09-01,2017-2018,2007-08,05,65,Sewing Needle & Dr Cell,209.49
2017-10-01,2017-2018,2007-08,05,65,Sewing Needle & Dr Cell,209.49
2017-11-01,2017-2018,2007-08,05,65,Sewing Needle & Dr Cell,209.8
2017-12-01,2017-2018,2007-08,05,65,Sewing Needle & Dr Cell,209.8
2018-01-01,2017-2018,2007-08,05,65,Sewing Needle & Dr Cell,210.07
2018-02-01,2017-2018,2007-08,05,65,Sewing Needle & Dr Cell,210.07
2018-03-01,2017-2018,2007-08,05,65,Sewing Needle & Dr Cell,211.92
2018-04-01,2017-2018,2007-08,05,65,Sewing Needle & Dr Cell,217.51
2018-05-01,2017-2018,2007-08,05,65,Sewing Needle & Dr Cell,219.11
2018-06-01,2017-2018,2007-08,05,65,Sewing Needle & Dr Cell,219.11
2018-07-01,2018-2019,2007-08,05,65,Sewing Needle & Dr Cell,219.36
2018-08-01,2018-2019,2007-08,05,65,Sewing Needle & Dr Cell,221.16
2018-09-01,2018-2019,2007-08,05,65,Sewing Needle & Dr Cell,221.76
2018-10-01,2018-2019,2007-08,05,65,Sewing Needle & Dr Cell,223.03
2018-11-01,2018-2019,2007-08,05,65,Sewing Needle & Dr Cell,223.94
2018-12-01,2018-2019,2007-08,05,65,Sewing Needle & Dr Cell,225.74
2019-01-01,2018-2019,2007-08,05,65,Sewing Needle & Dr Cell,229.39
2019-02-01,2018-2019,2007-08,05,65,Sewing Needle & Dr Cell,230.38
2019-03-01,2018-2019,2007-08,05,65,Sewing Needle & Dr Cell,231.04
2019-04-01,2018-2019,2007-08,05,65,Sewing Needle & Dr Cell,232.24
2019-05-01,2018-2019,2007-08,05,65,Sewing Needle & Dr Cell,232.84
2019-06-01,2018-2019,2007-08,05,65,Sewing Needle & Dr Cell,238.85
2015-07-01,2015-2016,2007-08,05,66,Household Servant,234.86
2015-08-01,2015-2016,2007-08,05,66,Household Servant,234.86
2015-09-01,2015-2016,2007-08,05,66,Household Servant,236.72
2015-10-01,2015-2016,2007-08,05,66,Household Servant,237.2
2015-11-01,2015-2016,2007-08,05,66,Household Servant,237.2
2015-12-01,2015-2016,2007-08,05,66,Household Servant,238.79
2016-01-01,2015-2016,2007-08,05,66,Household Servant,239.42
2016-02-01,2015-2016,2007-08,05,66,Household Servant,244.5
2016-03-01,2015-2016,2007-08,05,66,Household Servant,245.77
2016-04-01,2015-2016,2007-08,05,66,Household Servant,246.17
2016-05-01,2015-2016,2007-08,05,66,Household Servant,246.18
2016-06-01,2015-2016,2007-08,05,66,Household Servant,248.71
2016-07-01,2016-2017,2007-08,05,66,Household Servant,249.34
2016-08-01,2016-2017,2007-08,05,66,Household Servant,249.98
2016-09-01,2016-2017,2007-08,05,66,Household Servant,249.98
2016-10-01,2016-2017,2007-08,05,66,Household Servant,249.98
2016-11-01,2016-2017,2007-08,05,66,Household Servant,249.98
2016-12-01,2016-2017,2007-08,05,66,Household Servant,249.98
2017-01-01,2016-2017,2007-08,05,66,Household Servant,249.98
2017-02-01,2016-2017,2007-08,05,66,Household Servant,249.98
2017-03-01,2016-2017,2007-08,05,66,Household Servant,249.98
2017-04-01,2016-2017,2007-08,05,66,Household Servant,249.98
2017-05-01,2016-2017,2007-08,05,66,Household Servant,253.47
2017-06-01,2016-2017,2007-08,05,66,Household Servant,253.47
2017-07-01,2017-2018,2007-08,05,66,Household Servant,254.9
2017-08-01,2017-2018,2007-08,05,66,Household Servant,254.9
2017-09-01,2017-2018,2007-08,05,66,Household Servant,257.3
2017-10-01,2017-2018,2007-08,05,66,Household Servant,257.3
2017-11-01,2017-2018,2007-08,05,66,Household Servant,258.89
2017-12-01,2017-2018,2007-08,05,66,Household Servant,258.89
2018-01-01,2017-2018,2007-08,05,66,Household Servant,262.86
2018-02-01,2017-2018,2007-08,05,66,Household Servant,262.86
2018-03-01,2017-2018,2007-08,05,66,Household Servant,265.4
2018-04-01,2017-2018,2007-08,05,66,Household Servant,270.32
2018-05-01,2017-2018,2007-08,05,66,Household Servant,270.32
2018-06-01,2017-2018,2007-08,05,66,Household Servant,271.59
2018-07-01,2018-2019,2007-08,05,66,Household Servant,271.59
2018-08-01,2018-2019,2007-08,05,66,Household Servant,271.59
2018-09-01,2018-2019,2007-08,05,66,Household Servant,271.59
2018-10-01,2018-2019,2007-08,05,66,Household Servant,273.41
2018-11-01,2018-2019,2007-08,05,66,Household Servant,274.2
2018-12-01,2018-2019,2007-08,05,66,Household Servant,277.43
2019-01-01,2018-2019,2007-08,05,66,Household Servant,279.81
2019-02-01,2018-2019,2007-08,05,66,Household Servant,286.73
2019-03-01,2018-2019,2007-08,05,66,Household Servant,290.6
2019-04-01,2018-2019,2007-08,05,66,Household Servant,292.98
2019-05-01,2018-2019,2007-08,05,66,Household Servant,295.04
2019-06-01,2018-2019,2007-08,05,66,Household Servant,299.18
2015-07-01,2015-2016,2007-08,05,67,Marriage Hall Charges,232.28
2015-08-01,2015-2016,2007-08,05,67,Marriage Hall Charges,232.28
2015-09-01,2015-2016,2007-08,05,67,Marriage Hall Charges,232.49
2015-10-01,2015-2016,2007-08,05,67,Marriage Hall Charges,232.49
2015-11-01,2015-2016,2007-08,05,67,Marriage Hall Charges,234.2
2015-12-01,2015-2016,2007-08,05,67,Marriage Hall Charges,234.48
2016-01-01,2015-2016,2007-08,05,67,Marriage Hall Charges,237.37
2016-02-01,2015-2016,2007-08,05,67,Marriage Hall Charges,238.96
2016-03-01,2015-2016,2007-08,05,67,Marriage Hall Charges,238.96
2016-04-01,2015-2016,2007-08,05,67,Marriage Hall Charges,238.96
2016-05-01,2015-2016,2007-08,05,67,Marriage Hall Charges,240.06
2016-06-01,2015-2016,2007-08,05,67,Marriage Hall Charges,244.63
2016-07-01,2016-2017,2007-08,05,67,Marriage Hall Charges,243.04
2016-08-01,2016-2017,2007-08,05,67,Marriage Hall Charges,243.04
2016-09-01,2016-2017,2007-08,05,67,Marriage Hall Charges,242.89
2016-10-01,2016-2017,2007-08,05,67,Marriage Hall Charges,243.15
2016-11-01,2016-2017,2007-08,05,67,Marriage Hall Charges,243.87
2016-12-01,2016-2017,2007-08,05,67,Marriage Hall Charges,243.95
2017-01-01,2016-2017,2007-08,05,67,Marriage Hall Charges,243.95
2017-02-01,2016-2017,2007-08,05,67,Marriage Hall Charges,244.86
2017-03-01,2016-2017,2007-08,05,67,Marriage Hall Charges,245.66
2017-04-01,2016-2017,2007-08,05,67,Marriage Hall Charges,245.66
2017-05-01,2016-2017,2007-08,05,67,Marriage Hall Charges,248.67
2017-06-01,2016-2017,2007-08,05,67,Marriage Hall Charges,248.67
2017-07-01,2017-2018,2007-08,05,67,Marriage Hall Charges,248.67
2017-08-01,2017-2018,2007-08,05,67,Marriage Hall Charges,249.2
2017-09-01,2017-2018,2007-08,05,67,Marriage Hall Charges,249.2
2017-10-01,2017-2018,2007-08,05,67,Marriage Hall Charges,249.2
2017-11-01,2017-2018,2007-08,05,67,Marriage Hall Charges,249.98
2017-12-01,2017-2018,2007-08,05,67,Marriage Hall Charges,252.09
2018-01-01,2017-2018,2007-08,05,67,Marriage Hall Charges,256.32
2018-02-01,2017-2018,2007-08,05,67,Marriage Hall Charges,257.76
2018-03-01,2017-2018,2007-08,05,67,Marriage Hall Charges,257.76
2018-04-01,2017-2018,2007-08,05,67,Marriage Hall Charges,260.28
2018-05-01,2017-2018,2007-08,05,67,Marriage Hall Charges,260.28
2018-06-01,2017-2018,2007-08,05,67,Marriage Hall Charges,261.86
2018-07-01,2018-2019,2007-08,05,67,Marriage Hall Charges,266.62
2018-08-01,2018-2019,2007-08,05,67,Marriage Hall Charges,266.62
2018-09-01,2018-2019,2007-08,05,67,Marriage Hall Charges,270.18
2018-10-01,2018-2019,2007-08,05,67,Marriage Hall Charges,271.76
2018-11-01,2018-2019,2007-08,05,67,Marriage Hall Charges,272.04
2018-12-01,2018-2019,2007-08,05,67,Marriage Hall Charges,272.06
2019-01-01,2018-2019,2007-08,05,67,Marriage Hall Charges,272.06
2019-02-01,2018-2019,2007-08,05,67,Marriage Hall Charges,275.23
2019-03-01,2018-2019,2007-08,05,67,Marriage Hall Charges,277.33
2019-04-01,2018-2019,2007-08,05,67,Marriage Hall Charges,279.97
2019-05-01,2018-2019,2007-08,05,67,Marriage Hall Charges,279.97
2019-06-01,2018-2019,2007-08,05,67,Marriage Hall Charges,280.41
2015-07-01,2015-2016,2007-08,06,00,Health,178.91
2015-08-01,2015-2016,2007-08,06,00,Health,179.01
2015-09-01,2015-2016,2007-08,06,00,Health,179.51
2015-10-01,2015-2016,2007-08,06,00,Health,179.67
2015-11-01,2015-2016,2007-08,06,00,Health,180.59
2015-12-01,2015-2016,2007-08,06,00,Health,180.83
2016-01-01,2015-2016,2007-08,06,00,Health,181.45
2016-02-01,2015-2016,2007-08,06,00,Health,184.18
2016-03-01,2015-2016,2007-08,06,00,Health,185.68
2016-04-01,2015-2016,2007-08,06,00,Health,187.29
2016-05-01,2015-2016,2007-08,06,00,Health,187.43
2016-06-01,2015-2016,2007-08,06,00,Health,187.68
2016-07-01,2016-2017,2007-08,06,00,Health,187.84
2016-08-01,2016-2017,2007-08,06,00,Health,189.42
2016-09-01,2016-2017,2007-08,06,00,Health,192
2016-10-01,2016-2017,2007-08,06,00,Health,193.78
2016-11-01,2016-2017,2007-08,06,00,Health,195.28
2016-12-01,2016-2017,2007-08,06,00,Health,195.93
2017-01-01,2016-2017,2007-08,06,00,Health,208.45
2017-02-01,2016-2017,2007-08,06,00,Health,210.17
2017-03-01,2016-2017,2007-08,06,00,Health,211.21
2017-04-01,2016-2017,2007-08,06,00,Health,212.43
2017-05-01,2016-2017,2007-08,06,00,Health,212.65
2017-06-01,2016-2017,2007-08,06,00,Health,212.66
2017-07-01,2017-2018,2007-08,06,00,Health,212.91
2017-08-01,2017-2018,2007-08,06,00,Health,213.05
2017-09-01,2017-2018,2007-08,06,00,Health,213.9
2017-10-01,2017-2018,2007-08,06,00,Health,214.27
2017-11-01,2017-2018,2007-08,06,00,Health,214.79
2017-12-01,2017-2018,2007-08,06,00,Health,217.33
2018-01-01,2017-2018,2007-08,06,00,Health,218.26
2018-02-01,2017-2018,2007-08,06,00,Health,220.58
2018-03-01,2017-2018,2007-08,06,00,Health,221.26
2018-04-01,2017-2018,2007-08,06,00,Health,223.08
2018-05-01,2017-2018,2007-08,06,00,Health,223.74
2018-06-01,2017-2018,2007-08,06,00,Health,224.36
2018-07-01,2018-2019,2007-08,06,00,Health,224.67
2018-08-01,2018-2019,2007-08,06,00,Health,225.2
2018-09-01,2018-2019,2007-08,06,00,Health,226.78
2018-10-01,2018-2019,2007-08,06,00,Health,234.03
2018-11-01,2018-2019,2007-08,06,00,Health,235.09
2018-12-01,2018-2019,2007-08,06,00,Health,235.75
2019-01-01,2018-2019,2007-08,06,00,Health,236.58
2019-02-01,2018-2019,2007-08,06,00,Health,237.67
2019-03-01,2018-2019,2007-08,06,00,Health,239.12
2019-04-01,2018-2019,2007-08,06,00,Health,241.75
2019-05-01,2018-2019,2007-08,06,00,Health,243.18
2019-06-01,2018-2019,2007-08,06,00,Health,243.63
2015-07-01,2015-2016,2007-08,06,68,Drugs & Medicines,148.93
2015-08-01,2015-2016,2007-08,06,68,Drugs & Medicines,148.93
2015-09-01,2015-2016,2007-08,06,68,Drugs & Medicines,149.01
2015-10-01,2015-2016,2007-08,06,68,Drugs & Medicines,149.02
2015-11-01,2015-2016,2007-08,06,68,Drugs & Medicines,149.14
2015-12-01,2015-2016,2007-08,06,68,Drugs & Medicines,149.14
2016-01-01,2015-2016,2007-08,06,68,Drugs & Medicines,149.28
2016-02-01,2015-2016,2007-08,06,68,Drugs & Medicines,151.34
2016-03-01,2015-2016,2007-08,06,68,Drugs & Medicines,152.54
2016-04-01,2015-2016,2007-08,06,68,Drugs & Medicines,152.83
2016-05-01,2015-2016,2007-08,06,68,Drugs & Medicines,153.11
2016-06-01,2015-2016,2007-08,06,68,Drugs & Medicines,153.48
2016-07-01,2016-2017,2007-08,06,68,Drugs & Medicines,153.75
2016-08-01,2016-2017,2007-08,06,68,Drugs & Medicines,156.31
2016-09-01,2016-2017,2007-08,06,68,Drugs & Medicines,159
2016-10-01,2016-2017,2007-08,06,68,Drugs & Medicines,160.65
2016-11-01,2016-2017,2007-08,06,68,Drugs & Medicines,161.86
2016-12-01,2016-2017,2007-08,06,68,Drugs & Medicines,162.31
2017-01-01,2016-2017,2007-08,06,68,Drugs & Medicines,183.44
2017-02-01,2016-2017,2007-08,06,68,Drugs & Medicines,183.6
2017-03-01,2016-2017,2007-08,06,68,Drugs & Medicines,184.27
2017-04-01,2016-2017,2007-08,06,68,Drugs & Medicines,184.57
2017-05-01,2016-2017,2007-08,06,68,Drugs & Medicines,184.67
2017-06-01,2016-2017,2007-08,06,68,Drugs & Medicines,184.69
2017-07-01,2017-2018,2007-08,06,68,Drugs & Medicines,185.1
2017-08-01,2017-2018,2007-08,06,68,Drugs & Medicines,185.27
2017-09-01,2017-2018,2007-08,06,68,Drugs & Medicines,185.75
2017-10-01,2017-2018,2007-08,06,68,Drugs & Medicines,185.84
2017-11-01,2017-2018,2007-08,06,68,Drugs & Medicines,186.14
2017-12-01,2017-2018,2007-08,06,68,Drugs & Medicines,186.36
2018-01-01,2017-2018,2007-08,06,68,Drugs & Medicines,186.69
2018-02-01,2017-2018,2007-08,06,68,Drugs & Medicines,187.75
2018-03-01,2017-2018,2007-08,06,68,Drugs & Medicines,187.99
2018-04-01,2017-2018,2007-08,06,68,Drugs & Medicines,188.62
2018-05-01,2017-2018,2007-08,06,68,Drugs & Medicines,189.28
2018-06-01,2017-2018,2007-08,06,68,Drugs & Medicines,189.52
2018-07-01,2018-2019,2007-08,06,68,Drugs & Medicines,190.05
2018-08-01,2018-2019,2007-08,06,68,Drugs & Medicines,190.58
2018-09-01,2018-2019,2007-08,06,68,Drugs & Medicines,191.25
2018-10-01,2018-2019,2007-08,06,68,Drugs & Medicines,197.59
2018-11-01,2018-2019,2007-08,06,68,Drugs & Medicines,198.54
2018-12-01,2018-2019,2007-08,06,68,Drugs & Medicines,199.56
2019-01-01,2018-2019,2007-08,06,68,Drugs & Medicines,200.93
2019-02-01,2018-2019,2007-08,06,68,Drugs & Medicines,201.8
2019-03-01,2018-2019,2007-08,06,68,Drugs & Medicines,204.15
2019-04-01,2018-2019,2007-08,06,68,Drugs & Medicines,206.92
2019-05-01,2018-2019,2007-08,06,68,Drugs & Medicines,208.87
2019-06-01,2018-2019,2007-08,06,68,Drugs & Medicines,209.38
2015-07-01,2015-2016,2007-08,06,69,Medical Equipments,226.26
2015-08-01,2015-2016,2007-08,06,69,Medical Equipments,226.26
2015-09-01,2015-2016,2007-08,06,69,Medical Equipments,226.26
2015-10-01,2015-2016,2007-08,06,69,Medical Equipments,226.26
2015-11-01,2015-2016,2007-08,06,69,Medical Equipments,226.66
2015-12-01,2015-2016,2007-08,06,69,Medical Equipments,226.66
2016-01-01,2015-2016,2007-08,06,69,Medical Equipments,226.88
2016-02-01,2015-2016,2007-08,06,69,Medical Equipments,227
2016-03-01,2015-2016,2007-08,06,69,Medical Equipments,227.28
2016-04-01,2015-2016,2007-08,06,69,Medical Equipments,232.59
2016-05-01,2015-2016,2007-08,06,69,Medical Equipments,233.19
2016-06-01,2015-2016,2007-08,06,69,Medical Equipments,233.55
2016-07-01,2016-2017,2007-08,06,69,Medical Equipments,234.15
2016-08-01,2016-2017,2007-08,06,69,Medical Equipments,236.25
2016-09-01,2016-2017,2007-08,06,69,Medical Equipments,242.29
2016-10-01,2016-2017,2007-08,06,69,Medical Equipments,245.33
2016-11-01,2016-2017,2007-08,06,69,Medical Equipments,246
2016-12-01,2016-2017,2007-08,06,69,Medical Equipments,248.7
2017-01-01,2016-2017,2007-08,06,69,Medical Equipments,248.7
2017-02-01,2016-2017,2007-08,06,69,Medical Equipments,250.2
2017-03-01,2016-2017,2007-08,06,69,Medical Equipments,251.01
2017-04-01,2016-2017,2007-08,06,69,Medical Equipments,251.01
2017-05-01,2016-2017,2007-08,06,69,Medical Equipments,251.21
2017-06-01,2016-2017,2007-08,06,69,Medical Equipments,251.21
2017-07-01,2017-2018,2007-08,06,69,Medical Equipments,251.81
2017-08-01,2017-2018,2007-08,06,69,Medical Equipments,251.81
2017-09-01,2017-2018,2007-08,06,69,Medical Equipments,253.35
2017-10-01,2017-2018,2007-08,06,69,Medical Equipments,253.63
2017-11-01,2017-2018,2007-08,06,69,Medical Equipments,253.69
2017-12-01,2017-2018,2007-08,06,69,Medical Equipments,255.46
2018-01-01,2017-2018,2007-08,06,69,Medical Equipments,255.8
2018-02-01,2017-2018,2007-08,06,69,Medical Equipments,256.26
2018-03-01,2017-2018,2007-08,06,69,Medical Equipments,256.26
2018-04-01,2017-2018,2007-08,06,69,Medical Equipments,259.89
2018-05-01,2017-2018,2007-08,06,69,Medical Equipments,259.89
2018-06-01,2017-2018,2007-08,06,69,Medical Equipments,260.09
2018-07-01,2018-2019,2007-08,06,69,Medical Equipments,260.09
2018-08-01,2018-2019,2007-08,06,69,Medical Equipments,261.95
2018-09-01,2018-2019,2007-08,06,69,Medical Equipments,263.71
2018-10-01,2018-2019,2007-08,06,69,Medical Equipments,263.99
2018-11-01,2018-2019,2007-08,06,69,Medical Equipments,266.6
2018-12-01,2018-2019,2007-08,06,69,Medical Equipments,267.75
2019-01-01,2018-2019,2007-08,06,69,Medical Equipments,268.3
2019-02-01,2018-2019,2007-08,06,69,Medical Equipments,271.19
2019-03-01,2018-2019,2007-08,06,69,Medical Equipments,277.26
2019-04-01,2018-2019,2007-08,06,69,Medical Equipments,281.94
2019-05-01,2018-2019,2007-08,06,69,Medical Equipments,283.11
2019-06-01,2018-2019,2007-08,06,69,Medical Equipments,283.19
2015-07-01,2015-2016,2007-08,06,70,Doctor (MBBS) Clinic Fee,242.85
2015-08-01,2015-2016,2007-08,06,70,Doctor (MBBS) Clinic Fee,242.85
2015-09-01,2015-2016,2007-08,06,70,Doctor (MBBS) Clinic Fee,244.44
2015-10-01,2015-2016,2007-08,06,70,Doctor (MBBS) Clinic Fee,244.44
2015-11-01,2015-2016,2007-08,06,70,Doctor (MBBS) Clinic Fee,247.4
2015-12-01,2015-2016,2007-08,06,70,Doctor (MBBS) Clinic Fee,248.27
2016-01-01,2015-2016,2007-08,06,70,Doctor (MBBS) Clinic Fee,250.01
2016-02-01,2015-2016,2007-08,06,70,Doctor (MBBS) Clinic Fee,253.49
2016-03-01,2015-2016,2007-08,06,70,Doctor (MBBS) Clinic Fee,255.23
2016-04-01,2015-2016,2007-08,06,70,Doctor (MBBS) Clinic Fee,260.45
2016-05-01,2015-2016,2007-08,06,70,Doctor (MBBS) Clinic Fee,260.45
2016-06-01,2015-2016,2007-08,06,70,Doctor (MBBS) Clinic Fee,260.45
2016-07-01,2016-2017,2007-08,06,70,Doctor (MBBS) Clinic Fee,260.45
2016-08-01,2016-2017,2007-08,06,70,Doctor (MBBS) Clinic Fee,260.45
2016-09-01,2016-2017,2007-08,06,70,Doctor (MBBS) Clinic Fee,264.28
2016-10-01,2016-2017,2007-08,06,70,Doctor (MBBS) Clinic Fee,266.89
2016-11-01,2016-2017,2007-08,06,70,Doctor (MBBS) Clinic Fee,269.5
2016-12-01,2016-2017,2007-08,06,70,Doctor (MBBS) Clinic Fee,270.37
2017-01-01,2016-2017,2007-08,06,70,Doctor (MBBS) Clinic Fee,271.39
2017-02-01,2016-2017,2007-08,06,70,Doctor (MBBS) Clinic Fee,275.73
2017-03-01,2016-2017,2007-08,06,70,Doctor (MBBS) Clinic Fee,277.47
2017-04-01,2016-2017,2007-08,06,70,Doctor (MBBS) Clinic Fee,280.95
2017-05-01,2016-2017,2007-08,06,70,Doctor (MBBS) Clinic Fee,280.95
2017-06-01,2016-2017,2007-08,06,70,Doctor (MBBS) Clinic Fee,280.95
2017-07-01,2017-2018,2007-08,06,70,Doctor (MBBS) Clinic Fee,280.95
2017-08-01,2017-2018,2007-08,06,70,Doctor (MBBS) Clinic Fee,280.95
2017-09-01,2017-2018,2007-08,06,70,Doctor (MBBS) Clinic Fee,282.22
2017-10-01,2017-2018,2007-08,06,70,Doctor (MBBS) Clinic Fee,282.22
2017-11-01,2017-2018,2007-08,06,70,Doctor (MBBS) Clinic Fee,282.22
2017-12-01,2017-2018,2007-08,06,70,Doctor (MBBS) Clinic Fee,290.92
2018-01-01,2017-2018,2007-08,06,70,Doctor (MBBS) Clinic Fee,292.66
2018-02-01,2017-2018,2007-08,06,70,Doctor (MBBS) Clinic Fee,298.32
2018-03-01,2017-2018,2007-08,06,70,Doctor (MBBS) Clinic Fee,300.06
2018-04-01,2017-2018,2007-08,06,70,Doctor (MBBS) Clinic Fee,301.8
2018-05-01,2017-2018,2007-08,06,70,Doctor (MBBS) Clinic Fee,302.67
2018-06-01,2017-2018,2007-08,06,70,Doctor (MBBS) Clinic Fee,304.41
2018-07-01,2018-2019,2007-08,06,70,Doctor (MBBS) Clinic Fee,304.41
2018-08-01,2018-2019,2007-08,06,70,Doctor (MBBS) Clinic Fee,304.41
2018-09-01,2018-2019,2007-08,06,70,Doctor (MBBS) Clinic Fee,307.89
2018-10-01,2018-2019,2007-08,06,70,Doctor (MBBS) Clinic Fee,318.34
2018-11-01,2018-2019,2007-08,06,70,Doctor (MBBS) Clinic Fee,320.01
2018-12-01,2018-2019,2007-08,06,70,Doctor (MBBS) Clinic Fee,320.01
2019-01-01,2018-2019,2007-08,06,70,Doctor (MBBS) Clinic Fee,320.01
2019-02-01,2018-2019,2007-08,06,70,Doctor (MBBS) Clinic Fee,321.75
2019-03-01,2018-2019,2007-08,06,70,Doctor (MBBS) Clinic Fee,321.75
2019-04-01,2018-2019,2007-08,06,70,Doctor (MBBS) Clinic Fee,324.35
2019-05-01,2018-2019,2007-08,06,70,Doctor (MBBS) Clinic Fee,324.35
2019-06-01,2018-2019,2007-08,06,70,Doctor (MBBS) Clinic Fee,324.35
2015-07-01,2015-2016,2007-08,06,71,Medical Tests,178.44
2015-08-01,2015-2016,2007-08,06,71,Medical Tests,179.13
2015-09-01,2015-2016,2007-08,06,71,Medical Tests,179.27
2015-10-01,2015-2016,2007-08,06,71,Medical Tests,180.37
2015-11-01,2015-2016,2007-08,06,71,Medical Tests,180.65
2015-12-01,2015-2016,2007-08,06,71,Medical Tests,180.72
2016-01-01,2015-2016,2007-08,06,71,Medical Tests,181.17
2016-02-01,2015-2016,2007-08,06,71,Medical Tests,185.26
2016-03-01,2015-2016,2007-08,06,71,Medical Tests,187.5
2016-04-01,2015-2016,2007-08,06,71,Medical Tests,187.54
2016-05-01,2015-2016,2007-08,06,71,Medical Tests,187.44
2016-06-01,2015-2016,2007-08,06,71,Medical Tests,187.65
2016-07-01,2016-2017,2007-08,06,71,Medical Tests,187.65
2016-08-01,2016-2017,2007-08,06,71,Medical Tests,188.31
2016-09-01,2016-2017,2007-08,06,71,Medical Tests,188.05
2016-10-01,2016-2017,2007-08,06,71,Medical Tests,188.77
2016-11-01,2016-2017,2007-08,06,71,Medical Tests,189.39
2016-12-01,2016-2017,2007-08,06,71,Medical Tests,190.38
2017-01-01,2016-2017,2007-08,06,71,Medical Tests,190.38
2017-02-01,2016-2017,2007-08,06,71,Medical Tests,193.51
2017-03-01,2016-2017,2007-08,06,71,Medical Tests,194.69
2017-04-01,2016-2017,2007-08,06,71,Medical Tests,195.45
2017-05-01,2016-2017,2007-08,06,71,Medical Tests,196.52
2017-06-01,2016-2017,2007-08,06,71,Medical Tests,196.52
2017-07-01,2017-2018,2007-08,06,71,Medical Tests,196.54
2017-08-01,2017-2018,2007-08,06,71,Medical Tests,196.81
2017-09-01,2017-2018,2007-08,06,71,Medical Tests,198.38
2017-10-01,2017-2018,2007-08,06,71,Medical Tests,200.53
2017-11-01,2017-2018,2007-08,06,71,Medical Tests,202.91
2017-12-01,2017-2018,2007-08,06,71,Medical Tests,203.28
2018-01-01,2017-2018,2007-08,06,71,Medical Tests,205.04
2018-02-01,2017-2018,2007-08,06,71,Medical Tests,206.26
2018-03-01,2017-2018,2007-08,06,71,Medical Tests,206.75
2018-04-01,2017-2018,2007-08,06,71,Medical Tests,213.34
2018-05-01,2017-2018,2007-08,06,71,Medical Tests,213.7
2018-06-01,2017-2018,2007-08,06,71,Medical Tests,213.7
2018-07-01,2018-2019,2007-08,06,71,Medical Tests,213.79
2018-08-01,2018-2019,2007-08,06,71,Medical Tests,215.21
2018-09-01,2018-2019,2007-08,06,71,Medical Tests,216.89
2018-10-01,2018-2019,2007-08,06,71,Medical Tests,222.03
2018-11-01,2018-2019,2007-08,06,71,Medical Tests,222.39
2018-12-01,2018-2019,2007-08,06,71,Medical Tests,222.85
2019-01-01,2018-2019,2007-08,06,71,Medical Tests,223.06
2019-02-01,2018-2019,2007-08,06,71,Medical Tests,223.77
2019-03-01,2018-2019,2007-08,06,71,Medical Tests,224.24
2019-04-01,2018-2019,2007-08,06,71,Medical Tests,226.33
2019-05-01,2018-2019,2007-08,06,71,Medical Tests,228.31
2019-06-01,2018-2019,2007-08,06,71,Medical Tests,229.39
2015-07-01,2015-2016,2007-08,07,00,Transport,178.62
2015-08-01,2015-2016,2007-08,07,00,Transport,178.02
2015-09-01,2015-2016,2007-08,07,00,Transport,175.6
2015-10-01,2015-2016,2007-08,07,00,Transport,175.8
2015-11-01,2015-2016,2007-08,07,00,Transport,177.09
2015-12-01,2015-2016,2007-08,07,00,Transport,177.69
2016-01-01,2015-2016,2007-08,07,00,Transport,177.96
2016-02-01,2015-2016,2007-08,07,00,Transport,174.05
2016-03-01,2015-2016,2007-08,07,00,Transport,168.25
2016-04-01,2015-2016,2007-08,07,00,Transport,169.33
2016-05-01,2015-2016,2007-08,07,00,Transport,169.31
2016-06-01,2015-2016,2007-08,07,00,Transport,169.34
2016-07-01,2016-2017,2007-08,07,00,Transport,169.78
2016-08-01,2016-2017,2007-08,07,00,Transport,170.1
2016-09-01,2016-2017,2007-08,07,00,Transport,170.31
2016-10-01,2016-2017,2007-08,07,00,Transport,170.4
2016-11-01,2016-2017,2007-08,07,00,Transport,170.65
2016-12-01,2016-2017,2007-08,07,00,Transport,172.01
2017-01-01,2016-2017,2007-08,07,00,Transport,172.81
2017-02-01,2016-2017,2007-08,07,00,Transport,174.75
2017-03-01,2016-2017,2007-08,07,00,Transport,175.69
2017-04-01,2016-2017,2007-08,07,00,Transport,176.33
2017-05-01,2016-2017,2007-08,07,00,Transport,176.43
2017-06-01,2016-2017,2007-08,07,00,Transport,175.87
2017-07-01,2017-2018,2007-08,07,00,Transport,175.18
2017-08-01,2017-2018,2007-08,07,00,Transport,174.61
2017-09-01,2017-2018,2007-08,07,00,Transport,175.74
2017-10-01,2017-2018,2007-08,07,00,Transport,177.05
2017-11-01,2017-2018,2007-08,07,00,Transport,178.51
2017-12-01,2017-2018,2007-08,07,00,Transport,179.67
2018-01-01,2017-2018,2007-08,07,00,Transport,182.63
2018-02-01,2017-2018,2007-08,07,00,Transport,184.47
2018-03-01,2017-2018,2007-08,07,00,Transport,186.98
2018-04-01,2017-2018,2007-08,07,00,Transport,187.48
2018-05-01,2017-2018,2007-08,07,00,Transport,189.16
2018-06-01,2017-2018,2007-08,07,00,Transport,194.64
2018-07-01,2018-2019,2007-08,07,00,Transport,202.71
2018-08-01,2018-2019,2007-08,07,00,Transport,204.74
2018-09-01,2018-2019,2007-08,07,00,Transport,204.94
2018-10-01,2018-2019,2007-08,07,00,Transport,210
2018-11-01,2018-2019,2007-08,07,00,Transport,213.89
2018-12-01,2018-2019,2007-08,07,00,Transport,212.38
2019-01-01,2018-2019,2007-08,07,00,Transport,209.96
2019-02-01,2018-2019,2007-08,07,00,Transport,209.05
2019-03-01,2018-2019,2007-08,07,00,Transport,211.31
2019-04-01,2018-2019,2007-08,07,00,Transport,214.61
2019-05-01,2018-2019,2007-08,07,00,Transport,220.7
2019-06-01,2018-2019,2007-08,07,00,Transport,223.75
2015-07-01,2015-2016,2007-08,07,72,Motor Vehicles,163.28
2015-08-01,2015-2016,2007-08,07,72,Motor Vehicles,163.39
2015-09-01,2015-2016,2007-08,07,72,Motor Vehicles,163.02
2015-10-01,2015-2016,2007-08,07,72,Motor Vehicles,163.02
2015-11-01,2015-2016,2007-08,07,72,Motor Vehicles,163.03
2015-12-01,2015-2016,2007-08,07,72,Motor Vehicles,163.01
2016-01-01,2015-2016,2007-08,07,72,Motor Vehicles,165.35
2016-02-01,2015-2016,2007-08,07,72,Motor Vehicles,165.19
2016-03-01,2015-2016,2007-08,07,72,Motor Vehicles,165.19
2016-04-01,2015-2016,2007-08,07,72,Motor Vehicles,165.22
2016-05-01,2015-2016,2007-08,07,72,Motor Vehicles,165.23
2016-06-01,2015-2016,2007-08,07,72,Motor Vehicles,165.17
2016-07-01,2016-2017,2007-08,07,72,Motor Vehicles,167.27
2016-08-01,2016-2017,2007-08,07,72,Motor Vehicles,170.42
2016-09-01,2016-2017,2007-08,07,72,Motor Vehicles,171
2016-10-01,2016-2017,2007-08,07,72,Motor Vehicles,170.94
2016-11-01,2016-2017,2007-08,07,72,Motor Vehicles,171.44
2016-12-01,2016-2017,2007-08,07,72,Motor Vehicles,171.6
2017-01-01,2016-2017,2007-08,07,72,Motor Vehicles,171.79
2017-02-01,2016-2017,2007-08,07,72,Motor Vehicles,172.13
2017-03-01,2016-2017,2007-08,07,72,Motor Vehicles,172.91
2017-04-01,2016-2017,2007-08,07,72,Motor Vehicles,173.26
2017-05-01,2016-2017,2007-08,07,72,Motor Vehicles,175.12
2017-06-01,2016-2017,2007-08,07,72,Motor Vehicles,175.81
2017-07-01,2017-2018,2007-08,07,72,Motor Vehicles,176.06
2017-08-01,2017-2018,2007-08,07,72,Motor Vehicles,176.59
2017-09-01,2017-2018,2007-08,07,72,Motor Vehicles,176.88
2017-10-01,2017-2018,2007-08,07,72,Motor Vehicles,177.56
2017-11-01,2017-2018,2007-08,07,72,Motor Vehicles,177.84
2017-12-01,2017-2018,2007-08,07,72,Motor Vehicles,177.95
2018-01-01,2017-2018,2007-08,07,72,Motor Vehicles,180.02
2018-02-01,2017-2018,2007-08,07,72,Motor Vehicles,180.19
2018-03-01,2017-2018,2007-08,07,72,Motor Vehicles,185.84
2018-04-01,2017-2018,2007-08,07,72,Motor Vehicles,187.45
2018-05-01,2017-2018,2007-08,07,72,Motor Vehicles,187.54
2018-06-01,2017-2018,2007-08,07,72,Motor Vehicles,187.53
2018-07-01,2018-2019,2007-08,07,72,Motor Vehicles,192.28
2018-08-01,2018-2019,2007-08,07,72,Motor Vehicles,196.91
2018-09-01,2018-2019,2007-08,07,72,Motor Vehicles,197.12
2018-10-01,2018-2019,2007-08,07,72,Motor Vehicles,200.53
2018-11-01,2018-2019,2007-08,07,72,Motor Vehicles,203.52
2018-12-01,2018-2019,2007-08,07,72,Motor Vehicles,204.45
2019-01-01,2018-2019,2007-08,07,72,Motor Vehicles,204.71
2019-02-01,2018-2019,2007-08,07,72,Motor Vehicles,205.06
2019-03-01,2018-2019,2007-08,07,72,Motor Vehicles,206.44
2019-04-01,2018-2019,2007-08,07,72,Motor Vehicles,207.61
2019-05-01,2018-2019,2007-08,07,72,Motor Vehicles,211.31
2019-06-01,2018-2019,2007-08,07,72,Motor Vehicles,211.41
2015-07-01,2015-2016,2007-08,07,73,Motor Vehicle Accessories,226.83
2015-08-01,2015-2016,2007-08,07,73,Motor Vehicle Accessories,226.83
2015-09-01,2015-2016,2007-08,07,73,Motor Vehicle Accessories,226.83
2015-10-01,2015-2016,2007-08,07,73,Motor Vehicle Accessories,227.21
2015-11-01,2015-2016,2007-08,07,73,Motor Vehicle Accessories,227.45
2015-12-01,2015-2016,2007-08,07,73,Motor Vehicle Accessories,227.45
2016-01-01,2015-2016,2007-08,07,73,Motor Vehicle Accessories,227.78
2016-02-01,2015-2016,2007-08,07,73,Motor Vehicle Accessories,220.92
2016-03-01,2015-2016,2007-08,07,73,Motor Vehicle Accessories,220.51
2016-04-01,2015-2016,2007-08,07,73,Motor Vehicle Accessories,216.66
2016-05-01,2015-2016,2007-08,07,73,Motor Vehicle Accessories,215.24
2016-06-01,2015-2016,2007-08,07,73,Motor Vehicle Accessories,213.88
2016-07-01,2016-2017,2007-08,07,73,Motor Vehicle Accessories,213.84
2016-08-01,2016-2017,2007-08,07,73,Motor Vehicle Accessories,214.24
2016-09-01,2016-2017,2007-08,07,73,Motor Vehicle Accessories,213.67
2016-10-01,2016-2017,2007-08,07,73,Motor Vehicle Accessories,213.17
2016-11-01,2016-2017,2007-08,07,73,Motor Vehicle Accessories,213.96
2016-12-01,2016-2017,2007-08,07,73,Motor Vehicle Accessories,213.37
2017-01-01,2016-2017,2007-08,07,73,Motor Vehicle Accessories,213.33
2017-02-01,2016-2017,2007-08,07,73,Motor Vehicle Accessories,213.44
2017-03-01,2016-2017,2007-08,07,73,Motor Vehicle Accessories,213.27
2017-04-01,2016-2017,2007-08,07,73,Motor Vehicle Accessories,212.27
2017-05-01,2016-2017,2007-08,07,73,Motor Vehicle Accessories,211.92
2017-06-01,2016-2017,2007-08,07,73,Motor Vehicle Accessories,211.58
2017-07-01,2017-2018,2007-08,07,73,Motor Vehicle Accessories,211.42
2017-08-01,2017-2018,2007-08,07,73,Motor Vehicle Accessories,211.91
2017-09-01,2017-2018,2007-08,07,73,Motor Vehicle Accessories,213.57
2017-10-01,2017-2018,2007-08,07,73,Motor Vehicle Accessories,214.38
2017-11-01,2017-2018,2007-08,07,73,Motor Vehicle Accessories,214.98
2017-12-01,2017-2018,2007-08,07,73,Motor Vehicle Accessories,214.92
2018-01-01,2017-2018,2007-08,07,73,Motor Vehicle Accessories,215.23
2018-02-01,2017-2018,2007-08,07,73,Motor Vehicle Accessories,215.18
2018-03-01,2017-2018,2007-08,07,73,Motor Vehicle Accessories,216.02
2018-04-01,2017-2018,2007-08,07,73,Motor Vehicle Accessories,216.78
2018-05-01,2017-2018,2007-08,07,73,Motor Vehicle Accessories,216.95
2018-06-01,2017-2018,2007-08,07,73,Motor Vehicle Accessories,216.26
2018-07-01,2018-2019,2007-08,07,73,Motor Vehicle Accessories,216.65
2018-08-01,2018-2019,2007-08,07,73,Motor Vehicle Accessories,218.65
2018-09-01,2018-2019,2007-08,07,73,Motor Vehicle Accessories,220.6
2018-10-01,2018-2019,2007-08,07,73,Motor Vehicle Accessories,224.74
2018-11-01,2018-2019,2007-08,07,73,Motor Vehicle Accessories,229.64
2018-12-01,2018-2019,2007-08,07,73,Motor Vehicle Accessories,235.16
2019-01-01,2018-2019,2007-08,07,73,Motor Vehicle Accessories,236.56
2019-02-01,2018-2019,2007-08,07,73,Motor Vehicle Accessories,237.99
2019-03-01,2018-2019,2007-08,07,73,Motor Vehicle Accessories,238.24
2019-04-01,2018-2019,2007-08,07,73,Motor Vehicle Accessories,239.38
2019-05-01,2018-2019,2007-08,07,73,Motor Vehicle Accessories,240.79
2019-06-01,2018-2019,2007-08,07,73,Motor Vehicle Accessories,241.01
2015-07-01,2015-2016,2007-08,07,74,Motor Fuel,154.54
2015-08-01,2015-2016,2007-08,07,74,Motor Fuel,153.01
2015-09-01,2015-2016,2007-08,07,74,Motor Fuel,147.25
2015-10-01,2015-2016,2007-08,07,74,Motor Fuel,147.5
2015-11-01,2015-2016,2007-08,07,74,Motor Fuel,150.43
2015-12-01,2015-2016,2007-08,07,74,Motor Fuel,150.77
2016-01-01,2015-2016,2007-08,07,74,Motor Fuel,150.56
2016-02-01,2015-2016,2007-08,07,74,Motor Fuel,144.21
2016-03-01,2015-2016,2007-08,07,74,Motor Fuel,133.68
2016-04-01,2015-2016,2007-08,07,74,Motor Fuel,135.46
2016-05-01,2015-2016,2007-08,07,74,Motor Fuel,135.44
2016-06-01,2015-2016,2007-08,07,74,Motor Fuel,135.58
2016-07-01,2016-2017,2007-08,07,74,Motor Fuel,135.77
2016-08-01,2016-2017,2007-08,07,74,Motor Fuel,135.58
2016-09-01,2016-2017,2007-08,07,74,Motor Fuel,136.01
2016-10-01,2016-2017,2007-08,07,74,Motor Fuel,136.36
2016-11-01,2016-2017,2007-08,07,74,Motor Fuel,136.75
2016-12-01,2016-2017,2007-08,07,74,Motor Fuel,139.99
2017-01-01,2016-2017,2007-08,07,74,Motor Fuel,141.65
2017-02-01,2016-2017,2007-08,07,74,Motor Fuel,146.07
2017-03-01,2016-2017,2007-08,07,74,Motor Fuel,148.11
2017-04-01,2016-2017,2007-08,07,74,Motor Fuel,149.4
2017-05-01,2016-2017,2007-08,07,74,Motor Fuel,149.18
2017-06-01,2016-2017,2007-08,07,74,Motor Fuel,147.67
2017-07-01,2017-2018,2007-08,07,74,Motor Fuel,145.84
2017-08-01,2017-2018,2007-08,07,74,Motor Fuel,144.27
2017-09-01,2017-2018,2007-08,07,74,Motor Fuel,146.77
2017-10-01,2017-2018,2007-08,07,74,Motor Fuel,149.58
2017-11-01,2017-2018,2007-08,07,74,Motor Fuel,152.9
2017-12-01,2017-2018,2007-08,07,74,Motor Fuel,155.48
2018-01-01,2017-2018,2007-08,07,74,Motor Fuel,160.55
2018-02-01,2017-2018,2007-08,07,74,Motor Fuel,163.92
2018-03-01,2017-2018,2007-08,07,74,Motor Fuel,167.63
2018-04-01,2017-2018,2007-08,07,74,Motor Fuel,165.17
2018-05-01,2017-2018,2007-08,07,74,Motor Fuel,167.71
2018-06-01,2017-2018,2007-08,07,74,Motor Fuel,173.22
2018-07-01,2018-2019,2007-08,07,74,Motor Fuel,182
2018-08-01,2018-2019,2007-08,07,74,Motor Fuel,184.6
2018-09-01,2018-2019,2007-08,07,74,Motor Fuel,182.56
2018-10-01,2018-2019,2007-08,07,74,Motor Fuel,189.09
2018-11-01,2018-2019,2007-08,07,74,Motor Fuel,196.83
2018-12-01,2018-2019,2007-08,07,74,Motor Fuel,195.52
2019-01-01,2018-2019,2007-08,07,74,Motor Fuel,189.53
2019-02-01,2018-2019,2007-08,07,74,Motor Fuel,186.52
2019-03-01,2018-2019,2007-08,07,74,Motor Fuel,189.4
2019-04-01,2018-2019,2007-08,07,74,Motor Fuel,197.39
2019-05-01,2018-2019,2007-08,07,74,Motor Fuel,209.23
2019-06-01,2018-2019,2007-08,07,74,Motor Fuel,216.36
2015-07-01,2015-2016,2007-08,07,75,Mechanical Service,216.37
2015-08-01,2015-2016,2007-08,07,75,Mechanical Service,216.92
2015-09-01,2015-2016,2007-08,07,75,Mechanical Service,217.59
2015-10-01,2015-2016,2007-08,07,75,Mechanical Service,218.85
2015-11-01,2015-2016,2007-08,07,75,Mechanical Service,219.41
2015-12-01,2015-2016,2007-08,07,75,Mechanical Service,221.05
2016-01-01,2015-2016,2007-08,07,75,Mechanical Service,222.39
2016-02-01,2015-2016,2007-08,07,75,Mechanical Service,222.8
2016-03-01,2015-2016,2007-08,07,75,Mechanical Service,223.78
2016-04-01,2015-2016,2007-08,07,75,Mechanical Service,223.78
2016-05-01,2015-2016,2007-08,07,75,Mechanical Service,224.39
2016-06-01,2015-2016,2007-08,07,75,Mechanical Service,224.68
2016-07-01,2016-2017,2007-08,07,75,Mechanical Service,227.35
2016-08-01,2016-2017,2007-08,07,75,Mechanical Service,227.4
2016-09-01,2016-2017,2007-08,07,75,Mechanical Service,227.4
2016-10-01,2016-2017,2007-08,07,75,Mechanical Service,227.63
2016-11-01,2016-2017,2007-08,07,75,Mechanical Service,227.84
2016-12-01,2016-2017,2007-08,07,75,Mechanical Service,227.84
2017-01-01,2016-2017,2007-08,07,75,Mechanical Service,228.81
2017-02-01,2016-2017,2007-08,07,75,Mechanical Service,229.62
2017-03-01,2016-2017,2007-08,07,75,Mechanical Service,229.92
2017-04-01,2016-2017,2007-08,07,75,Mechanical Service,230.12
2017-05-01,2016-2017,2007-08,07,75,Mechanical Service,230.37
2017-06-01,2016-2017,2007-08,07,75,Mechanical Service,230.82
2017-07-01,2017-2018,2007-08,07,75,Mechanical Service,231.88
2017-08-01,2017-2018,2007-08,07,75,Mechanical Service,232.07
2017-09-01,2017-2018,2007-08,07,75,Mechanical Service,232.07
2017-10-01,2017-2018,2007-08,07,75,Mechanical Service,232.74
2017-11-01,2017-2018,2007-08,07,75,Mechanical Service,233
2017-12-01,2017-2018,2007-08,07,75,Mechanical Service,233.41
2018-01-01,2017-2018,2007-08,07,75,Mechanical Service,236.37
2018-02-01,2017-2018,2007-08,07,75,Mechanical Service,237.06
2018-03-01,2017-2018,2007-08,07,75,Mechanical Service,238.14
2018-04-01,2017-2018,2007-08,07,75,Mechanical Service,241.91
2018-05-01,2017-2018,2007-08,07,75,Mechanical Service,242.09
2018-06-01,2017-2018,2007-08,07,75,Mechanical Service,244.37
2018-07-01,2018-2019,2007-08,07,75,Mechanical Service,244.59
2018-08-01,2018-2019,2007-08,07,75,Mechanical Service,244.82
2018-09-01,2018-2019,2007-08,07,75,Mechanical Service,245.9
2018-10-01,2018-2019,2007-08,07,75,Mechanical Service,248.46
2018-11-01,2018-2019,2007-08,07,75,Mechanical Service,248.8
2018-12-01,2018-2019,2007-08,07,75,Mechanical Service,251.72
2019-01-01,2018-2019,2007-08,07,75,Mechanical Service,252.53
2019-02-01,2018-2019,2007-08,07,75,Mechanical Service,255.38
2019-03-01,2018-2019,2007-08,07,75,Mechanical Service,256.98
2019-04-01,2018-2019,2007-08,07,75,Mechanical Service,256.98
2019-05-01,2018-2019,2007-08,07,75,Mechanical Service,258.15
2019-06-01,2018-2019,2007-08,07,75,Mechanical Service,258.72
2015-07-01,2015-2016,2007-08,07,76,Motor Vehicle Tax,210.18
2015-08-01,2015-2016,2007-08,07,76,Motor Vehicle Tax,210.18
2015-09-01,2015-2016,2007-08,07,76,Motor Vehicle Tax,210.18
2015-10-01,2015-2016,2007-08,07,76,Motor Vehicle Tax,210.18
2015-11-01,2015-2016,2007-08,07,76,Motor Vehicle Tax,210.18
2015-12-01,2015-2016,2007-08,07,76,Motor Vehicle Tax,210.18
2016-01-01,2015-2016,2007-08,07,76,Motor Vehicle Tax,210.18
2016-02-01,2015-2016,2007-08,07,76,Motor Vehicle Tax,210.18
2016-03-01,2015-2016,2007-08,07,76,Motor Vehicle Tax,210.18
2016-04-01,2015-2016,2007-08,07,76,Motor Vehicle Tax,210.18
2016-05-01,2015-2016,2007-08,07,76,Motor Vehicle Tax,210.18
2016-06-01,2015-2016,2007-08,07,76,Motor Vehicle Tax,210.18
2016-07-01,2016-2017,2007-08,07,76,Motor Vehicle Tax,210.18
2016-08-01,2016-2017,2007-08,07,76,Motor Vehicle Tax,210.18
2016-09-01,2016-2017,2007-08,07,76,Motor Vehicle Tax,210.18
2016-10-01,2016-2017,2007-08,07,76,Motor Vehicle Tax,210.18
2016-11-01,2016-2017,2007-08,07,76,Motor Vehicle Tax,210.18
2016-12-01,2016-2017,2007-08,07,76,Motor Vehicle Tax,210.18
2017-01-01,2016-2017,2007-08,07,76,Motor Vehicle Tax,210.18
2017-02-01,2016-2017,2007-08,07,76,Motor Vehicle Tax,210.18
2017-03-01,2016-2017,2007-08,07,76,Motor Vehicle Tax,210.18
2017-04-01,2016-2017,2007-08,07,76,Motor Vehicle Tax,210.18
2017-05-01,2016-2017,2007-08,07,76,Motor Vehicle Tax,210.18
2017-06-01,2016-2017,2007-08,07,76,Motor Vehicle Tax,210.18
2017-07-01,2017-2018,2007-08,07,76,Motor Vehicle Tax,210.18
2017-08-01,2017-2018,2007-08,07,76,Motor Vehicle Tax,210.18
2017-09-01,2017-2018,2007-08,07,76,Motor Vehicle Tax,210.18
2017-10-01,2017-2018,2007-08,07,76,Motor Vehicle Tax,210.18
2017-11-01,2017-2018,2007-08,07,76,Motor Vehicle Tax,210.18
2017-12-01,2017-2018,2007-08,07,76,Motor Vehicle Tax,210.18
2018-01-01,2017-2018,2007-08,07,76,Motor Vehicle Tax,210.18
2018-02-01,2017-2018,2007-08,07,76,Motor Vehicle Tax,210.18
2018-03-01,2017-2018,2007-08,07,76,Motor Vehicle Tax,210.18
2018-04-01,2017-2018,2007-08,07,76,Motor Vehicle Tax,210.18
2018-05-01,2017-2018,2007-08,07,76,Motor Vehicle Tax,210.18
2018-06-01,2017-2018,2007-08,07,76,Motor Vehicle Tax,210.18
2018-07-01,2018-2019,2007-08,07,76,Motor Vehicle Tax,210.18
2018-08-01,2018-2019,2007-08,07,76,Motor Vehicle Tax,210.18
2018-09-01,2018-2019,2007-08,07,76,Motor Vehicle Tax,210.18
2018-10-01,2018-2019,2007-08,07,76,Motor Vehicle Tax,210.18
2018-11-01,2018-2019,2007-08,07,76,Motor Vehicle Tax,210.18
2018-12-01,2018-2019,2007-08,07,76,Motor Vehicle Tax,210.18
2019-01-01,2018-2019,2007-08,07,76,Motor Vehicle Tax,210.18
2019-02-01,2018-2019,2007-08,07,76,Motor Vehicle Tax,210.18
2019-03-01,2018-2019,2007-08,07,76,Motor Vehicle Tax,210.18
2019-04-01,2018-2019,2007-08,07,76,Motor Vehicle Tax,211.97
2019-05-01,2018-2019,2007-08,07,76,Motor Vehicle Tax,211.97
2019-06-01,2018-2019,2007-08,07,76,Motor Vehicle Tax,211.97
2015-07-01,2015-2016,2007-08,07,77,Transport Services,197.35
2015-08-01,2015-2016,2007-08,07,77,Transport Services,197.35
2015-09-01,2015-2016,2007-08,07,77,Transport Services,197.35
2015-10-01,2015-2016,2007-08,07,77,Transport Services,197.35
2015-11-01,2015-2016,2007-08,07,77,Transport Services,197.38
2015-12-01,2015-2016,2007-08,07,77,Transport Services,198.32
2016-01-01,2015-2016,2007-08,07,77,Transport Services,198.46
2016-02-01,2015-2016,2007-08,07,77,Transport Services,195.73
2016-03-01,2015-2016,2007-08,07,77,Transport Services,191.93
2016-04-01,2015-2016,2007-08,07,77,Transport Services,193.15
2016-05-01,2015-2016,2007-08,07,77,Transport Services,193.15
2016-06-01,2015-2016,2007-08,07,77,Transport Services,193.15
2016-07-01,2016-2017,2007-08,07,77,Transport Services,193.15
2016-08-01,2016-2017,2007-08,07,77,Transport Services,193.4
2016-09-01,2016-2017,2007-08,07,77,Transport Services,193.4
2016-10-01,2016-2017,2007-08,07,77,Transport Services,193.28
2016-11-01,2016-2017,2007-08,07,77,Transport Services,193.28
2016-12-01,2016-2017,2007-08,07,77,Transport Services,193.28
2017-01-01,2016-2017,2007-08,07,77,Transport Services,193.34
2017-02-01,2016-2017,2007-08,07,77,Transport Services,193.34
2017-03-01,2016-2017,2007-08,07,77,Transport Services,193.34
2017-04-01,2016-2017,2007-08,07,77,Transport Services,193.56
2017-05-01,2016-2017,2007-08,07,77,Transport Services,193.59
2017-06-01,2016-2017,2007-08,07,77,Transport Services,193.59
2017-07-01,2017-2018,2007-08,07,77,Transport Services,193.59
2017-08-01,2017-2018,2007-08,07,77,Transport Services,193.59
2017-09-01,2017-2018,2007-08,07,77,Transport Services,193.59
2017-10-01,2017-2018,2007-08,07,77,Transport Services,193.59
2017-11-01,2017-2018,2007-08,07,77,Transport Services,193.59
2017-12-01,2017-2018,2007-08,07,77,Transport Services,193.71
2018-01-01,2017-2018,2007-08,07,77,Transport Services,194.89
2018-02-01,2017-2018,2007-08,07,77,Transport Services,195.86
2018-03-01,2017-2018,2007-08,07,77,Transport Services,196.76
2018-04-01,2017-2018,2007-08,07,77,Transport Services,199.74
2018-05-01,2017-2018,2007-08,07,77,Transport Services,201.31
2018-06-01,2017-2018,2007-08,07,77,Transport Services,209.41
2018-07-01,2018-2019,2007-08,07,77,Transport Services,219.83
2018-08-01,2018-2019,2007-08,07,77,Transport Services,221
2018-09-01,2018-2019,2007-08,07,77,Transport Services,223.39
2018-10-01,2018-2019,2007-08,07,77,Transport Services,227.93
2018-11-01,2018-2019,2007-08,07,77,Transport Services,228.4
2018-12-01,2018-2019,2007-08,07,77,Transport Services,224.6
2019-01-01,2018-2019,2007-08,07,77,Transport Services,224.55
2019-02-01,2018-2019,2007-08,07,77,Transport Services,224.79
2019-03-01,2018-2019,2007-08,07,77,Transport Services,226.96
2019-04-01,2018-2019,2007-08,07,77,Transport Services,226.34
2019-05-01,2018-2019,2007-08,07,77,Transport Services,228.09
2019-06-01,2018-2019,2007-08,07,77,Transport Services,228.09
2015-07-01,2015-2016,2007-08,08,00,Communication,130.35
2015-08-01,2015-2016,2007-08,08,00,Communication,130.36
2015-09-01,2015-2016,2007-08,08,00,Communication,130.36
2015-10-01,2015-2016,2007-08,08,00,Communication,130.36
2015-11-01,2015-2016,2007-08,08,00,Communication,130.39
2015-12-01,2015-2016,2007-08,08,00,Communication,130.56
2016-01-01,2015-2016,2007-08,08,00,Communication,130.61
2016-02-01,2015-2016,2007-08,08,00,Communication,130.57
2016-03-01,2015-2016,2007-08,08,00,Communication,130.74
2016-04-01,2015-2016,2007-08,08,00,Communication,130.77
2016-05-01,2015-2016,2007-08,08,00,Communication,130.77
2016-06-01,2015-2016,2007-08,08,00,Communication,130.85
2016-07-01,2016-2017,2007-08,08,00,Communication,130.89
2016-08-01,2016-2017,2007-08,08,00,Communication,130.9
2016-09-01,2016-2017,2007-08,08,00,Communication,130.88
2016-10-01,2016-2017,2007-08,08,00,Communication,131.26
2016-11-01,2016-2017,2007-08,08,00,Communication,131.52
2016-12-01,2016-2017,2007-08,08,00,Communication,131.53
2017-01-01,2016-2017,2007-08,08,00,Communication,131.54
2017-02-01,2016-2017,2007-08,08,00,Communication,131.58
2017-03-01,2016-2017,2007-08,08,00,Communication,132.69
2017-04-01,2016-2017,2007-08,08,00,Communication,132.87
2017-05-01,2016-2017,2007-08,08,00,Communication,132.87
2017-06-01,2016-2017,2007-08,08,00,Communication,132.91
2017-07-01,2017-2018,2007-08,08,00,Communication,132.88
2017-08-01,2017-2018,2007-08,08,00,Communication,133.03
2017-09-01,2017-2018,2007-08,08,00,Communication,133.04
2017-10-01,2017-2018,2007-08,08,00,Communication,133.1
2017-11-01,2017-2018,2007-08,08,00,Communication,133.14
2017-12-01,2017-2018,2007-08,08,00,Communication,133.15
2018-01-01,2017-2018,2007-08,08,00,Communication,133.2
2018-02-01,2017-2018,2007-08,08,00,Communication,133.28
2018-03-01,2017-2018,2007-08,08,00,Communication,133.37
2018-04-01,2017-2018,2007-08,08,00,Communication,133.67
2018-05-01,2017-2018,2007-08,08,00,Communication,133.67
2018-06-01,2017-2018,2007-08,08,00,Communication,133.61
2018-07-01,2018-2019,2007-08,08,00,Communication,133.63
2018-08-01,2018-2019,2007-08,08,00,Communication,133.78
2018-09-01,2018-2019,2007-08,08,00,Communication,133.78
2018-10-01,2018-2019,2007-08,08,00,Communication,143.45
2018-11-01,2018-2019,2007-08,08,00,Communication,143.57
2018-12-01,2018-2019,2007-08,08,00,Communication,143.57
2019-01-01,2018-2019,2007-08,08,00,Communication,143.57
2019-02-01,2018-2019,2007-08,08,00,Communication,143.63
2019-03-01,2018-2019,2007-08,08,00,Communication,143.65
2019-04-01,2018-2019,2007-08,08,00,Communication,143.65
2019-05-01,2018-2019,2007-08,08,00,Communication,143.78
2019-06-01,2018-2019,2007-08,08,00,Communication,145.39
2015-07-01,2015-2016,2007-08,08,78,Postal Services,229.42
2015-08-01,2015-2016,2007-08,08,78,Postal Services,229.93
2015-09-01,2015-2016,2007-08,08,78,Postal Services,229.93
2015-10-01,2015-2016,2007-08,08,78,Postal Services,229.93
2015-11-01,2015-2016,2007-08,08,78,Postal Services,229.93
2015-12-01,2015-2016,2007-08,08,78,Postal Services,234.78
2016-01-01,2015-2016,2007-08,08,78,Postal Services,235.86
2016-02-01,2015-2016,2007-08,08,78,Postal Services,235.86
2016-03-01,2015-2016,2007-08,08,78,Postal Services,237.9
2016-04-01,2015-2016,2007-08,08,78,Postal Services,238.97
2016-05-01,2015-2016,2007-08,08,78,Postal Services,239.1
2016-06-01,2015-2016,2007-08,08,78,Postal Services,239.48
2016-07-01,2016-2017,2007-08,08,78,Postal Services,240.38
2016-08-01,2016-2017,2007-08,08,78,Postal Services,240.63
2016-09-01,2016-2017,2007-08,08,78,Postal Services,242.74
2016-10-01,2016-2017,2007-08,08,78,Postal Services,243.32
2016-11-01,2016-2017,2007-08,08,78,Postal Services,244.7
2016-12-01,2016-2017,2007-08,08,78,Postal Services,244.89
2017-01-01,2016-2017,2007-08,08,78,Postal Services,245.18
2017-02-01,2016-2017,2007-08,08,78,Postal Services,246
2017-03-01,2016-2017,2007-08,08,78,Postal Services,246.14
2017-04-01,2016-2017,2007-08,08,78,Postal Services,249.16
2017-05-01,2016-2017,2007-08,08,78,Postal Services,249.29
2017-06-01,2016-2017,2007-08,08,78,Postal Services,250.18
2017-07-01,2017-2018,2007-08,08,78,Postal Services,250.44
2017-08-01,2017-2018,2007-08,08,78,Postal Services,250.44
2017-09-01,2017-2018,2007-08,08,78,Postal Services,250.69
2017-10-01,2017-2018,2007-08,08,78,Postal Services,251.59
2017-11-01,2017-2018,2007-08,08,78,Postal Services,253.38
2017-12-01,2017-2018,2007-08,08,78,Postal Services,253.38
2018-01-01,2017-2018,2007-08,08,78,Postal Services,254.14
2018-02-01,2017-2018,2007-08,08,78,Postal Services,255.8
2018-03-01,2017-2018,2007-08,08,78,Postal Services,259
2018-04-01,2017-2018,2007-08,08,78,Postal Services,272.18
2018-05-01,2017-2018,2007-08,08,78,Postal Services,272.18
2018-06-01,2017-2018,2007-08,08,78,Postal Services,272.45
2018-07-01,2018-2019,2007-08,08,78,Postal Services,272.45
2018-08-01,2018-2019,2007-08,08,78,Postal Services,272.45
2018-09-01,2018-2019,2007-08,08,78,Postal Services,272.45
2018-10-01,2018-2019,2007-08,08,78,Postal Services,272.57
2018-11-01,2018-2019,2007-08,08,78,Postal Services,272.63
2018-12-01,2018-2019,2007-08,08,78,Postal Services,272.63
2019-01-01,2018-2019,2007-08,08,78,Postal Services,272.63
2019-02-01,2018-2019,2007-08,08,78,Postal Services,272.63
2019-03-01,2018-2019,2007-08,08,78,Postal Services,272.63
2019-04-01,2018-2019,2007-08,08,78,Postal Services,272.63
2019-05-01,2018-2019,2007-08,08,78,Postal Services,272.63
2019-06-01,2018-2019,2007-08,08,78,Postal Services,347.68
2015-07-01,2015-2016,2007-08,08,79,Communication & Apparatus,128.27
2015-08-01,2015-2016,2007-08,08,79,Communication & Apparatus,128.27
2015-09-01,2015-2016,2007-08,08,79,Communication & Apparatus,128.27
2015-10-01,2015-2016,2007-08,08,79,Communication & Apparatus,128.27
2015-11-01,2015-2016,2007-08,08,79,Communication & Apparatus,128.31
2015-12-01,2015-2016,2007-08,08,79,Communication & Apparatus,128.38
2016-01-01,2015-2016,2007-08,08,79,Communication & Apparatus,128.4
2016-02-01,2015-2016,2007-08,08,79,Communication & Apparatus,128.36
2016-03-01,2015-2016,2007-08,08,79,Communication & Apparatus,128.49
2016-04-01,2015-2016,2007-08,08,79,Communication & Apparatus,128.5
2016-05-01,2015-2016,2007-08,08,79,Communication & Apparatus,128.49
2016-06-01,2015-2016,2007-08,08,79,Communication & Apparatus,128.57
2016-07-01,2016-2017,2007-08,08,79,Communication & Apparatus,128.59
2016-08-01,2016-2017,2007-08,08,79,Communication & Apparatus,128.59
2016-09-01,2016-2017,2007-08,08,79,Communication & Apparatus,128.53
2016-10-01,2016-2017,2007-08,08,79,Communication & Apparatus,128.91
2016-11-01,2016-2017,2007-08,08,79,Communication & Apparatus,129.15
2016-12-01,2016-2017,2007-08,08,79,Communication & Apparatus,129.15
2017-01-01,2016-2017,2007-08,08,79,Communication & Apparatus,129.15
2017-02-01,2016-2017,2007-08,08,79,Communication & Apparatus,129.17
2017-03-01,2016-2017,2007-08,08,79,Communication & Apparatus,130.31
2017-04-01,2016-2017,2007-08,08,79,Communication & Apparatus,130.43
2017-05-01,2016-2017,2007-08,08,79,Communication & Apparatus,130.42
2017-06-01,2016-2017,2007-08,08,79,Communication & Apparatus,130.44
2017-07-01,2017-2018,2007-08,08,79,Communication & Apparatus,130.41
2017-08-01,2017-2018,2007-08,08,79,Communication & Apparatus,130.56
2017-09-01,2017-2018,2007-08,08,79,Communication & Apparatus,130.57
2017-10-01,2017-2018,2007-08,08,79,Communication & Apparatus,130.61
2017-11-01,2017-2018,2007-08,08,79,Communication & Apparatus,130.62
2017-12-01,2017-2018,2007-08,08,79,Communication & Apparatus,130.62
2018-01-01,2017-2018,2007-08,08,79,Communication & Apparatus,130.67
2018-02-01,2017-2018,2007-08,08,79,Communication & Apparatus,130.71
2018-03-01,2017-2018,2007-08,08,79,Communication & Apparatus,130.73
2018-04-01,2017-2018,2007-08,08,79,Communication & Apparatus,130.77
2018-05-01,2017-2018,2007-08,08,79,Communication & Apparatus,130.77
2018-06-01,2017-2018,2007-08,08,79,Communication & Apparatus,130.7
2018-07-01,2018-2019,2007-08,08,79,Communication & Apparatus,130.72
2018-08-01,2018-2019,2007-08,08,79,Communication & Apparatus,130.86
2018-09-01,2018-2019,2007-08,08,79,Communication & Apparatus,130.87
2018-10-01,2018-2019,2007-08,08,79,Communication & Apparatus,140.74
2018-11-01,2018-2019,2007-08,08,79,Communication & Apparatus,140.86
2018-12-01,2018-2019,2007-08,08,79,Communication & Apparatus,140.86
2019-01-01,2018-2019,2007-08,08,79,Communication & Apparatus,140.86
2019-02-01,2018-2019,2007-08,08,79,Communication & Apparatus,140.93
2019-03-01,2018-2019,2007-08,08,79,Communication & Apparatus,140.94
2019-04-01,2018-2019,2007-08,08,79,Communication & Apparatus,140.94
2019-05-01,2018-2019,2007-08,08,79,Communication & Apparatus,141.07
2019-06-01,2018-2019,2007-08,08,79,Communication & Apparatus,141.14
2015-07-01,2015-2016,2007-08,09,00,Recreation and culture,193.01
2015-08-01,2015-2016,2007-08,09,00,Recreation and culture,193.03
2015-09-01,2015-2016,2007-08,09,00,Recreation and culture,193.41
2015-10-01,2015-2016,2007-08,09,00,Recreation and culture,193.55
2015-11-01,2015-2016,2007-08,09,00,Recreation and culture,193.66
2015-12-01,2015-2016,2007-08,09,00,Recreation and culture,193.66
2016-01-01,2015-2016,2007-08,09,00,Recreation and culture,193.8
2016-02-01,2015-2016,2007-08,09,00,Recreation and culture,194.38
2016-03-01,2015-2016,2007-08,09,00,Recreation and culture,194.71
2016-04-01,2015-2016,2007-08,09,00,Recreation and culture,195.68
2016-05-01,2015-2016,2007-08,09,00,Recreation and culture,195.79
2016-06-01,2015-2016,2007-08,09,00,Recreation and culture,195.7
2016-07-01,2016-2017,2007-08,09,00,Recreation and culture,195.67
2016-08-01,2016-2017,2007-08,09,00,Recreation and culture,195.77
2016-09-01,2016-2017,2007-08,09,00,Recreation and culture,196.15
2016-10-01,2016-2017,2007-08,09,00,Recreation and culture,196.21
2016-11-01,2016-2017,2007-08,09,00,Recreation and culture,196.4
2016-12-01,2016-2017,2007-08,09,00,Recreation and culture,196.5
2017-01-01,2016-2017,2007-08,09,00,Recreation and culture,196.73
2017-02-01,2016-2017,2007-08,09,00,Recreation and culture,196.88
2017-03-01,2016-2017,2007-08,09,00,Recreation and culture,197.14
2017-04-01,2016-2017,2007-08,09,00,Recreation and culture,196.02
2017-05-01,2016-2017,2007-08,09,00,Recreation and culture,196.12
2017-06-01,2016-2017,2007-08,09,00,Recreation and culture,196.15
2017-07-01,2017-2018,2007-08,09,00,Recreation and culture,196.09
2017-08-01,2017-2018,2007-08,09,00,Recreation and culture,196.33
2017-09-01,2017-2018,2007-08,09,00,Recreation and culture,196.78
2017-10-01,2017-2018,2007-08,09,00,Recreation and culture,196.83
2017-11-01,2017-2018,2007-08,09,00,Recreation and culture,197.14
2017-12-01,2017-2018,2007-08,09,00,Recreation and culture,197.65
2018-01-01,2017-2018,2007-08,09,00,Recreation and culture,198.46
2018-02-01,2017-2018,2007-08,09,00,Recreation and culture,198.62
2018-03-01,2017-2018,2007-08,09,00,Recreation and culture,200.38
2018-04-01,2017-2018,2007-08,09,00,Recreation and culture,207.96
2018-05-01,2017-2018,2007-08,09,00,Recreation and culture,208.32
2018-06-01,2017-2018,2007-08,09,00,Recreation and culture,208.37
2018-07-01,2018-2019,2007-08,09,00,Recreation and culture,208.71
2018-08-01,2018-2019,2007-08,09,00,Recreation and culture,209.89
2018-09-01,2018-2019,2007-08,09,00,Recreation and culture,210.12
2018-10-01,2018-2019,2007-08,09,00,Recreation and culture,213.73
2018-11-01,2018-2019,2007-08,09,00,Recreation and culture,214.34
2018-12-01,2018-2019,2007-08,09,00,Recreation and culture,214.51
2019-01-01,2018-2019,2007-08,09,00,Recreation and culture,215.3
2019-02-01,2018-2019,2007-08,09,00,Recreation and culture,215.79
2019-03-01,2018-2019,2007-08,09,00,Recreation and culture,219.77
2019-04-01,2018-2019,2007-08,09,00,Recreation and culture,222.37
2019-05-01,2018-2019,2007-08,09,00,Recreation and culture,223.08
2019-06-01,2018-2019,2007-08,09,00,Recreation and culture,223.19
2015-07-01,2015-2016,2007-08,09,80,Recreation & Culture,128.25
2015-08-01,2015-2016,2007-08,09,80,Recreation & Culture,128.25
2015-09-01,2015-2016,2007-08,09,80,Recreation & Culture,128.25
2015-10-01,2015-2016,2007-08,09,80,Recreation & Culture,128.26
2015-11-01,2015-2016,2007-08,09,80,Recreation & Culture,128.29
2015-12-01,2015-2016,2007-08,09,80,Recreation & Culture,128.29
2016-01-01,2015-2016,2007-08,09,80,Recreation & Culture,128.53
2016-02-01,2015-2016,2007-08,09,80,Recreation & Culture,128.58
2016-03-01,2015-2016,2007-08,09,80,Recreation & Culture,128.83
2016-04-01,2015-2016,2007-08,09,80,Recreation & Culture,129.09
2016-05-01,2015-2016,2007-08,09,80,Recreation & Culture,129.15
2016-06-01,2015-2016,2007-08,09,80,Recreation & Culture,128.89
2016-07-01,2016-2017,2007-08,09,80,Recreation & Culture,128.84
2016-08-01,2016-2017,2007-08,09,80,Recreation & Culture,128.83
2016-09-01,2016-2017,2007-08,09,80,Recreation & Culture,129.68
2016-10-01,2016-2017,2007-08,09,80,Recreation & Culture,129.89
2016-11-01,2016-2017,2007-08,09,80,Recreation & Culture,129.92
2016-12-01,2016-2017,2007-08,09,80,Recreation & Culture,129.41
2017-01-01,2016-2017,2007-08,09,80,Recreation & Culture,129.45
2017-02-01,2016-2017,2007-08,09,80,Recreation & Culture,129.61
2017-03-01,2016-2017,2007-08,09,80,Recreation & Culture,129.62
2017-04-01,2016-2017,2007-08,09,80,Recreation & Culture,129.72
2017-05-01,2016-2017,2007-08,09,80,Recreation & Culture,129.73
2017-06-01,2016-2017,2007-08,09,80,Recreation & Culture,129.73
2017-07-01,2017-2018,2007-08,09,80,Recreation & Culture,129.2
2017-08-01,2017-2018,2007-08,09,80,Recreation & Culture,129.38
2017-09-01,2017-2018,2007-08,09,80,Recreation & Culture,129.49
2017-10-01,2017-2018,2007-08,09,80,Recreation & Culture,129.49
2017-11-01,2017-2018,2007-08,09,80,Recreation & Culture,130.03
2017-12-01,2017-2018,2007-08,09,80,Recreation & Culture,130.44
2018-01-01,2017-2018,2007-08,09,80,Recreation & Culture,131.6
2018-02-01,2017-2018,2007-08,09,80,Recreation & Culture,131.62
2018-03-01,2017-2018,2007-08,09,80,Recreation & Culture,132.03
2018-04-01,2017-2018,2007-08,09,80,Recreation & Culture,134.05
2018-05-01,2017-2018,2007-08,09,80,Recreation & Culture,134.12
2018-06-01,2017-2018,2007-08,09,80,Recreation & Culture,134.21
2018-07-01,2018-2019,2007-08,09,80,Recreation & Culture,134.65
2018-08-01,2018-2019,2007-08,09,80,Recreation & Culture,137.22
2018-09-01,2018-2019,2007-08,09,80,Recreation & Culture,137.22
2018-10-01,2018-2019,2007-08,09,80,Recreation & Culture,137.39
2018-11-01,2018-2019,2007-08,09,80,Recreation & Culture,137.58
2018-12-01,2018-2019,2007-08,09,80,Recreation & Culture,137.61
2019-01-01,2018-2019,2007-08,09,80,Recreation & Culture,137.61
2019-02-01,2018-2019,2007-08,09,80,Recreation & Culture,137.68
2019-03-01,2018-2019,2007-08,09,80,Recreation & Culture,137.69
2019-04-01,2018-2019,2007-08,09,80,Recreation & Culture,138.16
2019-05-01,2018-2019,2007-08,09,80,Recreation & Culture,138.17
2019-06-01,2018-2019,2007-08,09,80,Recreation & Culture,138.17
2015-07-01,2015-2016,2007-08,09,81,Text Books,290.62
2015-08-01,2015-2016,2007-08,09,81,Text Books,290.62
2015-09-01,2015-2016,2007-08,09,81,Text Books,290.62
2015-10-01,2015-2016,2007-08,09,81,Text Books,290.62
2015-11-01,2015-2016,2007-08,09,81,Text Books,290.62
2015-12-01,2015-2016,2007-08,09,81,Text Books,290.62
2016-01-01,2015-2016,2007-08,09,81,Text Books,290.62
2016-02-01,2015-2016,2007-08,09,81,Text Books,290.62
2016-03-01,2015-2016,2007-08,09,81,Text Books,290.62
2016-04-01,2015-2016,2007-08,09,81,Text Books,292.33
2016-05-01,2015-2016,2007-08,09,81,Text Books,292.41
2016-06-01,2015-2016,2007-08,09,81,Text Books,292.41
2016-07-01,2016-2017,2007-08,09,81,Text Books,292.41
2016-08-01,2016-2017,2007-08,09,81,Text Books,292.41
2016-09-01,2016-2017,2007-08,09,81,Text Books,292.41
2016-10-01,2016-2017,2007-08,09,81,Text Books,292.41
2016-11-01,2016-2017,2007-08,09,81,Text Books,292.41
2016-12-01,2016-2017,2007-08,09,81,Text Books,292.41
2017-01-01,2016-2017,2007-08,09,81,Text Books,292.41
2017-02-01,2016-2017,2007-08,09,81,Text Books,292.41
2017-03-01,2016-2017,2007-08,09,81,Text Books,292.41
2017-04-01,2016-2017,2007-08,09,81,Text Books,287.98
2017-05-01,2016-2017,2007-08,09,81,Text Books,287.98
2017-06-01,2016-2017,2007-08,09,81,Text Books,287.98
2017-07-01,2017-2018,2007-08,09,81,Text Books,287.98
2017-08-01,2017-2018,2007-08,09,81,Text Books,287.98
2017-09-01,2017-2018,2007-08,09,81,Text Books,287.98
2017-10-01,2017-2018,2007-08,09,81,Text Books,287.98
2017-11-01,2017-2018,2007-08,09,81,Text Books,287.98
2017-12-01,2017-2018,2007-08,09,81,Text Books,287.98
2018-01-01,2017-2018,2007-08,09,81,Text Books,287.98
2018-02-01,2017-2018,2007-08,09,81,Text Books,287.98
2018-03-01,2017-2018,2007-08,09,81,Text Books,287.98
2018-04-01,2017-2018,2007-08,09,81,Text Books,303.91
2018-05-01,2017-2018,2007-08,09,81,Text Books,304.43
2018-06-01,2017-2018,2007-08,09,81,Text Books,304.43
2018-07-01,2018-2019,2007-08,09,81,Text Books,304.43
2018-08-01,2018-2019,2007-08,09,81,Text Books,304.43
2018-09-01,2018-2019,2007-08,09,81,Text Books,304.43
2018-10-01,2018-2019,2007-08,09,81,Text Books,304.61
2018-11-01,2018-2019,2007-08,09,81,Text Books,304.92
2018-12-01,2018-2019,2007-08,09,81,Text Books,304.92
2019-01-01,2018-2019,2007-08,09,81,Text Books,304.92
2019-02-01,2018-2019,2007-08,09,81,Text Books,304.92
2019-03-01,2018-2019,2007-08,09,81,Text Books,316.96
2019-04-01,2018-2019,2007-08,09,81,Text Books,321.86
2019-05-01,2018-2019,2007-08,09,81,Text Books,322.93
2019-06-01,2018-2019,2007-08,09,81,Text Books,323.14
2015-07-01,2015-2016,2007-08,09,82,Newspapers,175.42
2015-08-01,2015-2016,2007-08,09,82,Newspapers,175.42
2015-09-01,2015-2016,2007-08,09,82,Newspapers,175.42
2015-10-01,2015-2016,2007-08,09,82,Newspapers,175.42
2015-11-01,2015-2016,2007-08,09,82,Newspapers,175.42
2015-12-01,2015-2016,2007-08,09,82,Newspapers,175.42
2016-01-01,2015-2016,2007-08,09,82,Newspapers,175.42
2016-02-01,2015-2016,2007-08,09,82,Newspapers,175.49
2016-03-01,2015-2016,2007-08,09,82,Newspapers,175.49
2016-04-01,2015-2016,2007-08,09,82,Newspapers,175.49
2016-05-01,2015-2016,2007-08,09,82,Newspapers,175.49
2016-06-01,2015-2016,2007-08,09,82,Newspapers,175.49
2016-07-01,2016-2017,2007-08,09,82,Newspapers,175.49
2016-08-01,2016-2017,2007-08,09,82,Newspapers,175.49
2016-09-01,2016-2017,2007-08,09,82,Newspapers,175.49
2016-10-01,2016-2017,2007-08,09,82,Newspapers,175.49
2016-11-01,2016-2017,2007-08,09,82,Newspapers,175.49
2016-12-01,2016-2017,2007-08,09,82,Newspapers,177.62
2017-01-01,2016-2017,2007-08,09,82,Newspapers,179.2
2017-02-01,2016-2017,2007-08,09,82,Newspapers,179.59
2017-03-01,2016-2017,2007-08,09,82,Newspapers,180.53
2017-04-01,2016-2017,2007-08,09,82,Newspapers,181.01
2017-05-01,2016-2017,2007-08,09,82,Newspapers,181.01
2017-06-01,2016-2017,2007-08,09,82,Newspapers,181.16
2017-07-01,2017-2018,2007-08,09,82,Newspapers,181.78
2017-08-01,2017-2018,2007-08,09,82,Newspapers,182.9
2017-09-01,2017-2018,2007-08,09,82,Newspapers,183.76
2017-10-01,2017-2018,2007-08,09,82,Newspapers,184.01
2017-11-01,2017-2018,2007-08,09,82,Newspapers,184.4
2017-12-01,2017-2018,2007-08,09,82,Newspapers,184.59
2018-01-01,2017-2018,2007-08,09,82,Newspapers,184.72
2018-02-01,2017-2018,2007-08,09,82,Newspapers,186.23
2018-03-01,2017-2018,2007-08,09,82,Newspapers,202.81
2018-04-01,2017-2018,2007-08,09,82,Newspapers,202.94
2018-05-01,2017-2018,2007-08,09,82,Newspapers,202.94
2018-06-01,2017-2018,2007-08,09,82,Newspapers,202.94
2018-07-01,2018-2019,2007-08,09,82,Newspapers,202.94
2018-08-01,2018-2019,2007-08,09,82,Newspapers,202.94
2018-09-01,2018-2019,2007-08,09,82,Newspapers,202.94
2018-10-01,2018-2019,2007-08,09,82,Newspapers,235.21
2018-11-01,2018-2019,2007-08,09,82,Newspapers,235.21
2018-12-01,2018-2019,2007-08,09,82,Newspapers,235.21
2019-01-01,2018-2019,2007-08,09,82,Newspapers,235.21
2019-02-01,2018-2019,2007-08,09,82,Newspapers,235.21
2019-03-01,2018-2019,2007-08,09,82,Newspapers,235.21
2019-04-01,2018-2019,2007-08,09,82,Newspapers,242.78
2019-05-01,2018-2019,2007-08,09,82,Newspapers,242.78
2019-06-01,2018-2019,2007-08,09,82,Newspapers,242.78
2015-07-01,2015-2016,2007-08,09,83,Stationery,202.14
2015-08-01,2015-2016,2007-08,09,83,Stationery,202.25
2015-09-01,2015-2016,2007-08,09,83,Stationery,204.23
2015-10-01,2015-2016,2007-08,09,83,Stationery,204.88
2015-11-01,2015-2016,2007-08,09,83,Stationery,205.39
2015-12-01,2015-2016,2007-08,09,83,Stationery,205.42
2016-01-01,2015-2016,2007-08,09,83,Stationery,205.59
2016-02-01,2015-2016,2007-08,09,83,Stationery,208.44
2016-03-01,2015-2016,2007-08,09,83,Stationery,209.56
2016-04-01,2015-2016,2007-08,09,83,Stationery,211.49
2016-05-01,2015-2016,2007-08,09,83,Stationery,211.82
2016-06-01,2015-2016,2007-08,09,83,Stationery,211.89
2016-07-01,2016-2017,2007-08,09,83,Stationery,211.89
2016-08-01,2016-2017,2007-08,09,83,Stationery,212.39
2016-09-01,2016-2017,2007-08,09,83,Stationery,212.5
2016-10-01,2016-2017,2007-08,09,83,Stationery,212.35
2016-11-01,2016-2017,2007-08,09,83,Stationery,213.25
2016-12-01,2016-2017,2007-08,09,83,Stationery,213.85
2017-01-01,2016-2017,2007-08,09,83,Stationery,214.16
2017-02-01,2016-2017,2007-08,09,83,Stationery,214.35
2017-03-01,2016-2017,2007-08,09,83,Stationery,215.22
2017-04-01,2016-2017,2007-08,09,83,Stationery,215.42
2017-05-01,2016-2017,2007-08,09,83,Stationery,215.94
2017-06-01,2016-2017,2007-08,09,83,Stationery,215.98
2017-07-01,2017-2018,2007-08,09,83,Stationery,216.54
2017-08-01,2017-2018,2007-08,09,83,Stationery,216.82
2017-09-01,2017-2018,2007-08,09,83,Stationery,218.46
2017-10-01,2017-2018,2007-08,09,83,Stationery,218.6
2017-11-01,2017-2018,2007-08,09,83,Stationery,218.82
2017-12-01,2017-2018,2007-08,09,83,Stationery,220.48
2018-01-01,2017-2018,2007-08,09,83,Stationery,222.01
2018-02-01,2017-2018,2007-08,09,83,Stationery,222
2018-03-01,2017-2018,2007-08,09,83,Stationery,222.02
2018-04-01,2017-2018,2007-08,09,83,Stationery,233.34
2018-05-01,2017-2018,2007-08,09,83,Stationery,234.29
2018-06-01,2017-2018,2007-08,09,83,Stationery,234.35
2018-07-01,2018-2019,2007-08,09,83,Stationery,235.12
2018-08-01,2018-2019,2007-08,09,83,Stationery,235.55
2018-09-01,2018-2019,2007-08,09,83,Stationery,236.7
2018-10-01,2018-2019,2007-08,09,83,Stationery,238.8
2018-11-01,2018-2019,2007-08,09,83,Stationery,241.07
2018-12-01,2018-2019,2007-08,09,83,Stationery,241.84
2019-01-01,2018-2019,2007-08,09,83,Stationery,245.87
2019-02-01,2018-2019,2007-08,09,83,Stationery,248.25
2019-03-01,2018-2019,2007-08,09,83,Stationery,251.19
2019-04-01,2018-2019,2007-08,09,83,Stationery,252.72
2019-05-01,2018-2019,2007-08,09,83,Stationery,254.76
2019-06-01,2018-2019,2007-08,09,83,Stationery,255.05
2015-07-01,2015-2016,2007-08,10,00,Education,209.17
2015-08-01,2015-2016,2007-08,10,00,Education,209.23
2015-09-01,2015-2016,2007-08,10,00,Education,209.22
2015-10-01,2015-2016,2007-08,10,00,Education,209.25
2015-11-01,2015-2016,2007-08,10,00,Education,209.25
2015-12-01,2015-2016,2007-08,10,00,Education,209.31
2016-01-01,2015-2016,2007-08,10,00,Education,209.36
2016-02-01,2015-2016,2007-08,10,00,Education,210.15
2016-03-01,2015-2016,2007-08,10,00,Education,210.99
2016-04-01,2015-2016,2007-08,10,00,Education,221.48
2016-05-01,2015-2016,2007-08,10,00,Education,224.19
2016-06-01,2015-2016,2007-08,10,00,Education,224.6
2016-07-01,2016-2017,2007-08,10,00,Education,224.09
2016-08-01,2016-2017,2007-08,10,00,Education,225.17
2016-09-01,2016-2017,2007-08,10,00,Education,230.54
2016-10-01,2016-2017,2007-08,10,00,Education,232.15
2016-11-01,2016-2017,2007-08,10,00,Education,233.4
2016-12-01,2016-2017,2007-08,10,00,Education,233.4
2017-01-01,2016-2017,2007-08,10,00,Education,233.41
2017-02-01,2016-2017,2007-08,10,00,Education,233.96
2017-03-01,2016-2017,2007-08,10,00,Education,233.98
2017-04-01,2016-2017,2007-08,10,00,Education,249.2
2017-05-01,2016-2017,2007-08,10,00,Education,249.23
2017-06-01,2016-2017,2007-08,10,00,Education,249.26
2017-07-01,2017-2018,2007-08,10,00,Education,249.54
2017-08-01,2017-2018,2007-08,10,00,Education,249.61
2017-09-01,2017-2018,2007-08,10,00,Education,249.61
2017-10-01,2017-2018,2007-08,10,00,Education,258.75
2017-11-01,2017-2018,2007-08,10,00,Education,262.35
2017-12-01,2017-2018,2007-08,10,00,Education,262.35
2018-01-01,2017-2018,2007-08,10,00,Education,262.35
2018-02-01,2017-2018,2007-08,10,00,Education,262.35
2018-03-01,2017-2018,2007-08,10,00,Education,275.17
2018-04-01,2017-2018,2007-08,10,00,Education,281.57
2018-05-01,2017-2018,2007-08,10,00,Education,281.88
2018-06-01,2017-2018,2007-08,10,00,Education,281.89
2018-07-01,2018-2019,2007-08,10,00,Education,281.89
2018-08-01,2018-2019,2007-08,10,00,Education,281.89
2018-09-01,2018-2019,2007-08,10,00,Education,287.41
2018-10-01,2018-2019,2007-08,10,00,Education,288.62
2018-11-01,2018-2019,2007-08,10,00,Education,288.62
2018-12-01,2018-2019,2007-08,10,00,Education,289.54
2019-01-01,2018-2019,2007-08,10,00,Education,288.68
2019-02-01,2018-2019,2007-08,10,00,Education,289.13
2019-03-01,2018-2019,2007-08,10,00,Education,292.02
2019-04-01,2018-2019,2007-08,10,00,Education,297.27
2019-05-01,2018-2019,2007-08,10,00,Education,297.27
2019-06-01,2018-2019,2007-08,10,00,Education,297.27
2015-07-01,2015-2016,2007-08,10,84,Education,209.17
2015-08-01,2015-2016,2007-08,10,84,Education,209.23
2015-09-01,2015-2016,2007-08,10,84,Education,209.22
2015-10-01,2015-2016,2007-08,10,84,Education,209.25
2015-11-01,2015-2016,2007-08,10,84,Education,209.25
2015-12-01,2015-2016,2007-08,10,84,Education,209.31
2016-01-01,2015-2016,2007-08,10,84,Education,209.36
2016-02-01,2015-2016,2007-08,10,84,Education,210.15
2016-03-01,2015-2016,2007-08,10,84,Education,210.99
2016-04-01,2015-2016,2007-08,10,84,Education,221.48
2016-05-01,2015-2016,2007-08,10,84,Education,224.19
2016-06-01,2015-2016,2007-08,10,84,Education,224.6
2016-07-01,2016-2017,2007-08,10,84,Education,224.09
2016-08-01,2016-2017,2007-08,10,84,Education,225.17
2016-09-01,2016-2017,2007-08,10,84,Education,230.54
2016-10-01,2016-2017,2007-08,10,84,Education,232.15
2016-11-01,2016-2017,2007-08,10,84,Education,233.4
2016-12-01,2016-2017,2007-08,10,84,Education,233.4
2017-01-01,2016-2017,2007-08,10,84,Education,233.41
2017-02-01,2016-2017,2007-08,10,84,Education,233.96
2017-03-01,2016-2017,2007-08,10,84,Education,233.98
2017-04-01,2016-2017,2007-08,10,84,Education,249.2
2017-05-01,2016-2017,2007-08,10,84,Education,249.23
2017-06-01,2016-2017,2007-08,10,84,Education,249.26
2017-07-01,2017-2018,2007-08,10,84,Education,249.54
2017-08-01,2017-2018,2007-08,10,84,Education,249.61
2017-09-01,2017-2018,2007-08,10,84,Education,249.61
2017-10-01,2017-2018,2007-08,10,84,Education,258.75
2017-11-01,2017-2018,2007-08,10,84,Education,262.35
2017-12-01,2017-2018,2007-08,10,84,Education,262.35
2018-01-01,2017-2018,2007-08,10,84,Education,262.35
2018-02-01,2017-2018,2007-08,10,84,Education,262.35
2018-03-01,2017-2018,2007-08,10,84,Education,275.17
2018-04-01,2017-2018,2007-08,10,84,Education,281.57
2018-05-01,2017-2018,2007-08,10,84,Education,281.88
2018-06-01,2017-2018,2007-08,10,84,Education,281.89
2018-07-01,2018-2019,2007-08,10,84,Education,281.89
2018-08-01,2018-2019,2007-08,10,84,Education,281.89
2018-09-01,2018-2019,2007-08,10,84,Education,287.41
2018-10-01,2018-2019,2007-08,10,84,Education,288.62
2018-11-01,2018-2019,2007-08,10,84,Education,288.62
2018-12-01,2018-2019,2007-08,10,84,Education,289.54
2019-01-01,2018-2019,2007-08,10,84,Education,288.68
2019-02-01,2018-2019,2007-08,10,84,Education,289.13
2019-03-01,2018-2019,2007-08,10,84,Education,292.02
2019-04-01,2018-2019,2007-08,10,84,Education,297.27
2019-05-01,2018-2019,2007-08,10,84,Education,297.27
2019-06-01,2018-2019,2007-08,10,84,Education,297.27
2015-07-01,2015-2016,2007-08,11,00,Restaurants and hotels,249.7
2015-08-01,2015-2016,2007-08,11,00,Restaurants and hotels,250.26
2015-09-01,2015-2016,2007-08,11,00,Restaurants and hotels,251.29
2015-10-01,2015-2016,2007-08,11,00,Restaurants and hotels,253.3
2015-11-01,2015-2016,2007-08,11,00,Restaurants and hotels,254.36
2015-12-01,2015-2016,2007-08,11,00,Restaurants and hotels,255.77
2016-01-01,2015-2016,2007-08,11,00,Restaurants and hotels,257.11
2016-02-01,2015-2016,2007-08,11,00,Restaurants and hotels,259.39
2016-03-01,2015-2016,2007-08,11,00,Restaurants and hotels,261.8
2016-04-01,2015-2016,2007-08,11,00,Restaurants and hotels,261.89
2016-05-01,2015-2016,2007-08,11,00,Restaurants and hotels,263.16
2016-06-01,2015-2016,2007-08,11,00,Restaurants and hotels,263.41
2016-07-01,2016-2017,2007-08,11,00,Restaurants and hotels,264.37
2016-08-01,2016-2017,2007-08,11,00,Restaurants and hotels,265.77
2016-09-01,2016-2017,2007-08,11,00,Restaurants and hotels,266.11
2016-10-01,2016-2017,2007-08,11,00,Restaurants and hotels,266.35
2016-11-01,2016-2017,2007-08,11,00,Restaurants and hotels,267.68
2016-12-01,2016-2017,2007-08,11,00,Restaurants and hotels,268.22
2017-01-01,2016-2017,2007-08,11,00,Restaurants and hotels,268.9
2017-02-01,2016-2017,2007-08,11,00,Restaurants and hotels,269.63
2017-03-01,2016-2017,2007-08,11,00,Restaurants and hotels,271.02
2017-04-01,2016-2017,2007-08,11,00,Restaurants and hotels,275.88
2017-05-01,2016-2017,2007-08,11,00,Restaurants and hotels,277.29
2017-06-01,2016-2017,2007-08,11,00,Restaurants and hotels,277.76
2017-07-01,2017-2018,2007-08,11,00,Restaurants and hotels,278.44
2017-08-01,2017-2018,2007-08,11,00,Restaurants and hotels,278.44
2017-09-01,2017-2018,2007-08,11,00,Restaurants and hotels,281.08
2017-10-01,2017-2018,2007-08,11,00,Restaurants and hotels,283.85
2017-11-01,2017-2018,2007-08,11,00,Restaurants and hotels,284.76
2017-12-01,2017-2018,2007-08,11,00,Restaurants and hotels,285.32
2018-01-01,2017-2018,2007-08,11,00,Restaurants and hotels,286.89
2018-02-01,2017-2018,2007-08,11,00,Restaurants and hotels,287.21
2018-03-01,2017-2018,2007-08,11,00,Restaurants and hotels,287.84
2018-04-01,2017-2018,2007-08,11,00,Restaurants and hotels,291.05
2018-05-01,2017-2018,2007-08,11,00,Restaurants and hotels,292.77
2018-06-01,2017-2018,2007-08,11,00,Restaurants and hotels,292.9
2018-07-01,2018-2019,2007-08,11,00,Restaurants and hotels,293.25
2018-08-01,2018-2019,2007-08,11,00,Restaurants and hotels,295.01
2018-09-01,2018-2019,2007-08,11,00,Restaurants and hotels,295.86
2018-10-01,2018-2019,2007-08,11,00,Restaurants and hotels,297.39
2018-11-01,2018-2019,2007-08,11,00,Restaurants and hotels,298.18
2018-12-01,2018-2019,2007-08,11,00,Restaurants and hotels,301.38
2019-01-01,2018-2019,2007-08,11,00,Restaurants and hotels,302.94
2019-02-01,2018-2019,2007-08,11,00,Restaurants and hotels,303.57
2019-03-01,2018-2019,2007-08,11,00,Restaurants and hotels,306.48
2019-04-01,2018-2019,2007-08,11,00,Restaurants and hotels,308.62
2019-05-01,2018-2019,2007-08,11,00,Restaurants and hotels,309.79
2019-06-01,2018-2019,2007-08,11,00,Restaurants and hotels,311.97
2015-07-01,2015-2016,2007-08,11,85,Readymade Food,249.7
2015-08-01,2015-2016,2007-08,11,85,Readymade Food,250.26
2015-09-01,2015-2016,2007-08,11,85,Readymade Food,251.29
2015-10-01,2015-2016,2007-08,11,85,Readymade Food,253.3
2015-11-01,2015-2016,2007-08,11,85,Readymade Food,254.36
2015-12-01,2015-2016,2007-08,11,85,Readymade Food,255.77
2016-01-01,2015-2016,2007-08,11,85,Readymade Food,257.11
2016-02-01,2015-2016,2007-08,11,85,Readymade Food,259.39
2016-03-01,2015-2016,2007-08,11,85,Readymade Food,261.8
2016-04-01,2015-2016,2007-08,11,85,Readymade Food,261.89
2016-05-01,2015-2016,2007-08,11,85,Readymade Food,263.16
2016-06-01,2015-2016,2007-08,11,85,Readymade Food,263.41
2016-07-01,2016-2017,2007-08,11,85,Readymade Food,264.37
2016-08-01,2016-2017,2007-08,11,85,Readymade Food,265.77
2016-09-01,2016-2017,2007-08,11,85,Readymade Food,266.11
2016-10-01,2016-2017,2007-08,11,85,Readymade Food,266.35
2016-11-01,2016-2017,2007-08,11,85,Readymade Food,267.68
2016-12-01,2016-2017,2007-08,11,85,Readymade Food,268.22
2017-01-01,2016-2017,2007-08,11,85,Readymade Food,268.9
2017-02-01,2016-2017,2007-08,11,85,Readymade Food,269.63
2017-03-01,2016-2017,2007-08,11,85,Readymade Food,271.02
2017-04-01,2016-2017,2007-08,11,85,Readymade Food,275.88
2017-05-01,2016-2017,2007-08,11,85,Readymade Food,277.29
2017-06-01,2016-2017,2007-08,11,85,Readymade Food,277.76
2017-07-01,2017-2018,2007-08,11,85,Readymade Food,278.44
2017-08-01,2017-2018,2007-08,11,85,Readymade Food,278.44
2017-09-01,2017-2018,2007-08,11,85,Readymade Food,281.08
2017-10-01,2017-2018,2007-08,11,85,Readymade Food,283.85
2017-11-01,2017-2018,2007-08,11,85,Readymade Food,284.76
2017-12-01,2017-2018,2007-08,11,85,Readymade Food,285.32
2018-01-01,2017-2018,2007-08,11,85,Readymade Food,286.89
2018-02-01,2017-2018,2007-08,11,85,Readymade Food,287.21
2018-03-01,2017-2018,2007-08,11,85,Readymade Food,287.84
2018-04-01,2017-2018,2007-08,11,85,Readymade Food,291.05
2018-05-01,2017-2018,2007-08,11,85,Readymade Food,292.77
2018-06-01,2017-2018,2007-08,11,85,Readymade Food,292.9
2018-07-01,2018-2019,2007-08,11,85,Readymade Food,293.25
2018-08-01,2018-2019,2007-08,11,85,Readymade Food,295.01
2018-09-01,2018-2019,2007-08,11,85,Readymade Food,295.86
2018-10-01,2018-2019,2007-08,11,85,Readymade Food,297.39
2018-11-01,2018-2019,2007-08,11,85,Readymade Food,298.18
2018-12-01,2018-2019,2007-08,11,85,Readymade Food,301.38
2019-01-01,2018-2019,2007-08,11,85,Readymade Food,302.94
2019-02-01,2018-2019,2007-08,11,85,Readymade Food,303.57
2019-03-01,2018-2019,2007-08,11,85,Readymade Food,306.48
2019-04-01,2018-2019,2007-08,11,85,Readymade Food,308.62
2019-05-01,2018-2019,2007-08,11,85,Readymade Food,309.79
2019-06-01,2018-2019,2007-08,11,85,Readymade Food,311.97
2015-07-01,2015-2016,2007-08,12,00,Misc. goods and services,223.13
2015-08-01,2015-2016,2007-08,12,00,Misc. goods and services,223.88
2015-09-01,2015-2016,2007-08,12,00,Misc. goods and services,224.64
2015-10-01,2015-2016,2007-08,12,00,Misc. goods and services,225.79
2015-11-01,2015-2016,2007-08,12,00,Misc. goods and services,225.02
2015-12-01,2015-2016,2007-08,12,00,Misc. goods and services,226.28
2016-01-01,2015-2016,2007-08,12,00,Misc. goods and services,227.33
2016-02-01,2015-2016,2007-08,12,00,Misc. goods and services,230.15
2016-03-01,2015-2016,2007-08,12,00,Misc. goods and services,232.55
2016-04-01,2015-2016,2007-08,12,00,Misc. goods and services,232.97
2016-05-01,2015-2016,2007-08,12,00,Misc. goods and services,233.52
2016-06-01,2015-2016,2007-08,12,00,Misc. goods and services,233.42
2016-07-01,2016-2017,2007-08,12,00,Misc. goods and services,235.82
2016-08-01,2016-2017,2007-08,12,00,Misc. goods and services,237.38
2016-09-01,2016-2017,2007-08,12,00,Misc. goods and services,236.99
2016-10-01,2016-2017,2007-08,12,00,Misc. goods and services,237.26
2016-11-01,2016-2017,2007-08,12,00,Misc. goods and services,238.33
2016-12-01,2016-2017,2007-08,12,00,Misc. goods and services,237.77
2017-01-01,2016-2017,2007-08,12,00,Misc. goods and services,238.58
2017-02-01,2016-2017,2007-08,12,00,Misc. goods and services,241.06
2017-03-01,2016-2017,2007-08,12,00,Misc. goods and services,242.19
2017-04-01,2016-2017,2007-08,12,00,Misc. goods and services,244.71
2017-05-01,2016-2017,2007-08,12,00,Misc. goods and services,245.99
2017-06-01,2016-2017,2007-08,12,00,Misc. goods and services,246.71
2017-07-01,2017-2018,2007-08,12,00,Misc. goods and services,247.19
2017-08-01,2017-2018,2007-08,12,00,Misc. goods and services,248.46
2017-09-01,2017-2018,2007-08,12,00,Misc. goods and services,250.11
2017-10-01,2017-2018,2007-08,12,00,Misc. goods and services,249.67
2017-11-01,2017-2018,2007-08,12,00,Misc. goods and services,252.27
2017-12-01,2017-2018,2007-08,12,00,Misc. goods and services,253.23
2018-01-01,2017-2018,2007-08,12,00,Misc. goods and services,255.69
2018-02-01,2017-2018,2007-08,12,00,Misc. goods and services,255.21
2018-03-01,2017-2018,2007-08,12,00,Misc. goods and services,256.35
2018-04-01,2017-2018,2007-08,12,00,Misc. goods and services,263.59
2018-05-01,2017-2018,2007-08,12,00,Misc. goods and services,263.91
2018-06-01,2017-2018,2007-08,12,00,Misc. goods and services,264.25
2018-07-01,2018-2019,2007-08,12,00,Misc. goods and services,265.48
2018-08-01,2018-2019,2007-08,12,00,Misc. goods and services,264.45
2018-09-01,2018-2019,2007-08,12,00,Misc. goods and services,267.3
2018-10-01,2018-2019,2007-08,12,00,Misc. goods and services,271.44
2018-11-01,2018-2019,2007-08,12,00,Misc. goods and services,272.19
2018-12-01,2018-2019,2007-08,12,00,Misc. goods and services,275.96
2019-01-01,2018-2019,2007-08,12,00,Misc. goods and services,278.6
2019-02-01,2018-2019,2007-08,12,00,Misc. goods and services,280.4
2019-03-01,2018-2019,2007-08,12,00,Misc. goods and services,282.45
2019-04-01,2018-2019,2007-08,12,00,Misc. goods and services,284.46
2019-05-01,2018-2019,2007-08,12,00,Misc. goods and services,285.37
2019-06-01,2018-2019,2007-08,12,00,Misc. goods and services,289.65
2015-07-01,2015-2016,2007-08,12,86,Personal Care,207.3
2015-08-01,2015-2016,2007-08,12,86,Personal Care,208.36
2015-09-01,2015-2016,2007-08,12,86,Personal Care,209.07
2015-10-01,2015-2016,2007-08,12,86,Personal Care,209.29
2015-11-01,2015-2016,2007-08,12,86,Personal Care,209.48
2015-12-01,2015-2016,2007-08,12,86,Personal Care,210.48
2016-01-01,2015-2016,2007-08,12,86,Personal Care,211.12
2016-02-01,2015-2016,2007-08,12,86,Personal Care,212.55
2016-03-01,2015-2016,2007-08,12,86,Personal Care,213.45
2016-04-01,2015-2016,2007-08,12,86,Personal Care,213.72
2016-05-01,2015-2016,2007-08,12,86,Personal Care,214.76
2016-06-01,2015-2016,2007-08,12,86,Personal Care,215.09
2016-07-01,2016-2017,2007-08,12,86,Personal Care,215.67
2016-08-01,2016-2017,2007-08,12,86,Personal Care,216.52
2016-09-01,2016-2017,2007-08,12,86,Personal Care,217.9
2016-10-01,2016-2017,2007-08,12,86,Personal Care,218.58
2016-11-01,2016-2017,2007-08,12,86,Personal Care,218.97
2016-12-01,2016-2017,2007-08,12,86,Personal Care,219.13
2017-01-01,2016-2017,2007-08,12,86,Personal Care,219.78
2017-02-01,2016-2017,2007-08,12,86,Personal Care,221.97
2017-03-01,2016-2017,2007-08,12,86,Personal Care,224.06
2017-04-01,2016-2017,2007-08,12,86,Personal Care,225.21
2017-05-01,2016-2017,2007-08,12,86,Personal Care,226.79
2017-06-01,2016-2017,2007-08,12,86,Personal Care,227.42
2017-07-01,2017-2018,2007-08,12,86,Personal Care,228.11
2017-08-01,2017-2018,2007-08,12,86,Personal Care,229.77
2017-09-01,2017-2018,2007-08,12,86,Personal Care,230.31
2017-10-01,2017-2018,2007-08,12,86,Personal Care,231.11
2017-11-01,2017-2018,2007-08,12,86,Personal Care,231.98
2017-12-01,2017-2018,2007-08,12,86,Personal Care,232.45
2018-01-01,2017-2018,2007-08,12,86,Personal Care,233.68
2018-02-01,2017-2018,2007-08,12,86,Personal Care,233.45
2018-03-01,2017-2018,2007-08,12,86,Personal Care,234.18
2018-04-01,2017-2018,2007-08,12,86,Personal Care,237.36
2018-05-01,2017-2018,2007-08,12,86,Personal Care,238.37
2018-06-01,2017-2018,2007-08,12,86,Personal Care,239.22
2018-07-01,2018-2019,2007-08,12,86,Personal Care,239.94
2018-08-01,2018-2019,2007-08,12,86,Personal Care,240.91
2018-09-01,2018-2019,2007-08,12,86,Personal Care,242.09
2018-10-01,2018-2019,2007-08,12,86,Personal Care,244.22
2018-11-01,2018-2019,2007-08,12,86,Personal Care,245.08
2018-12-01,2018-2019,2007-08,12,86,Personal Care,246.54
2019-01-01,2018-2019,2007-08,12,86,Personal Care,248.28
2019-02-01,2018-2019,2007-08,12,86,Personal Care,249.74
2019-03-01,2018-2019,2007-08,12,86,Personal Care,250.69
2019-04-01,2018-2019,2007-08,12,86,Personal Care,251.1
2019-05-01,2018-2019,2007-08,12,86,Personal Care,252.77
2019-06-01,2018-2019,2007-08,12,86,Personal Care,254.78
2015-07-01,2015-2016,2007-08,12,87,Cosmetics,191.12
2015-08-01,2015-2016,2007-08,12,87,Cosmetics,191.82
2015-09-01,2015-2016,2007-08,12,87,Cosmetics,192.7
2015-10-01,2015-2016,2007-08,12,87,Cosmetics,193.11
2015-11-01,2015-2016,2007-08,12,87,Cosmetics,193.11
2015-12-01,2015-2016,2007-08,12,87,Cosmetics,196.47
2016-01-01,2015-2016,2007-08,12,87,Cosmetics,196.94
2016-02-01,2015-2016,2007-08,12,87,Cosmetics,197.67
2016-03-01,2015-2016,2007-08,12,87,Cosmetics,198.43
2016-04-01,2015-2016,2007-08,12,87,Cosmetics,199.01
2016-05-01,2015-2016,2007-08,12,87,Cosmetics,199.04
2016-06-01,2015-2016,2007-08,12,87,Cosmetics,199.77
2016-07-01,2016-2017,2007-08,12,87,Cosmetics,200.22
2016-08-01,2016-2017,2007-08,12,87,Cosmetics,200.5
2016-09-01,2016-2017,2007-08,12,87,Cosmetics,199.36
2016-10-01,2016-2017,2007-08,12,87,Cosmetics,200.19
2016-11-01,2016-2017,2007-08,12,87,Cosmetics,201.04
2016-12-01,2016-2017,2007-08,12,87,Cosmetics,201.47
2017-01-01,2016-2017,2007-08,12,87,Cosmetics,202.56
2017-02-01,2016-2017,2007-08,12,87,Cosmetics,203.29
2017-03-01,2016-2017,2007-08,12,87,Cosmetics,203.77
2017-04-01,2016-2017,2007-08,12,87,Cosmetics,203.88
2017-05-01,2016-2017,2007-08,12,87,Cosmetics,204.76
2017-06-01,2016-2017,2007-08,12,87,Cosmetics,204.96
2017-07-01,2017-2018,2007-08,12,87,Cosmetics,205.4
2017-08-01,2017-2018,2007-08,12,87,Cosmetics,205.72
2017-09-01,2017-2018,2007-08,12,87,Cosmetics,205.83
2017-10-01,2017-2018,2007-08,12,87,Cosmetics,206.22
2017-11-01,2017-2018,2007-08,12,87,Cosmetics,206.64
2017-12-01,2017-2018,2007-08,12,87,Cosmetics,207.4
2018-01-01,2017-2018,2007-08,12,87,Cosmetics,206.14
2018-02-01,2017-2018,2007-08,12,87,Cosmetics,206.6
2018-03-01,2017-2018,2007-08,12,87,Cosmetics,208.65
2018-04-01,2017-2018,2007-08,12,87,Cosmetics,222.28
2018-05-01,2017-2018,2007-08,12,87,Cosmetics,223.29
2018-06-01,2017-2018,2007-08,12,87,Cosmetics,222.58
2018-07-01,2018-2019,2007-08,12,87,Cosmetics,222.96
2018-08-01,2018-2019,2007-08,12,87,Cosmetics,224.25
2018-09-01,2018-2019,2007-08,12,87,Cosmetics,225.61
2018-10-01,2018-2019,2007-08,12,87,Cosmetics,227.83
2018-11-01,2018-2019,2007-08,12,87,Cosmetics,230.19
2018-12-01,2018-2019,2007-08,12,87,Cosmetics,231.29
2019-01-01,2018-2019,2007-08,12,87,Cosmetics,232.5
2019-02-01,2018-2019,2007-08,12,87,Cosmetics,233.79
2019-03-01,2018-2019,2007-08,12,87,Cosmetics,236.95
2019-04-01,2018-2019,2007-08,12,87,Cosmetics,237.4
2019-05-01,2018-2019,2007-08,12,87,Cosmetics,241.15
2019-06-01,2018-2019,2007-08,12,87,Cosmetics,242.5
2015-07-01,2015-2016,2007-08,12,88,Blades,187.44
2015-08-01,2015-2016,2007-08,12,88,Blades,188.25
2015-09-01,2015-2016,2007-08,12,88,Blades,190.75
2015-10-01,2015-2016,2007-08,12,88,Blades,190.75
2015-11-01,2015-2016,2007-08,12,88,Blades,190.75
2015-12-01,2015-2016,2007-08,12,88,Blades,194.65
2016-01-01,2015-2016,2007-08,12,88,Blades,194.65
2016-02-01,2015-2016,2007-08,12,88,Blades,195.05
2016-03-01,2015-2016,2007-08,12,88,Blades,195.05
2016-04-01,2015-2016,2007-08,12,88,Blades,195.05
2016-05-01,2015-2016,2007-08,12,88,Blades,195.16
2016-06-01,2015-2016,2007-08,12,88,Blades,195.16
2016-07-01,2016-2017,2007-08,12,88,Blades,195.16
2016-08-01,2016-2017,2007-08,12,88,Blades,195.93
2016-09-01,2016-2017,2007-08,12,88,Blades,195.16
2016-10-01,2016-2017,2007-08,12,88,Blades,195.43
2016-11-01,2016-2017,2007-08,12,88,Blades,195.66
2016-12-01,2016-2017,2007-08,12,88,Blades,195.66
2017-01-01,2016-2017,2007-08,12,88,Blades,196.34
2017-02-01,2016-2017,2007-08,12,88,Blades,196.91
2017-03-01,2016-2017,2007-08,12,88,Blades,195.52
2017-04-01,2016-2017,2007-08,12,88,Blades,195.78
2017-05-01,2016-2017,2007-08,12,88,Blades,197.8
2017-06-01,2016-2017,2007-08,12,88,Blades,197.8
2017-07-01,2017-2018,2007-08,12,88,Blades,197.8
2017-08-01,2017-2018,2007-08,12,88,Blades,197.8
2017-09-01,2017-2018,2007-08,12,88,Blades,197.94
2017-10-01,2017-2018,2007-08,12,88,Blades,197.94
2017-11-01,2017-2018,2007-08,12,88,Blades,200.95
2017-12-01,2017-2018,2007-08,12,88,Blades,201.21
2018-01-01,2017-2018,2007-08,12,88,Blades,201.35
2018-02-01,2017-2018,2007-08,12,88,Blades,201.62
2018-03-01,2017-2018,2007-08,12,88,Blades,201.85
2018-04-01,2017-2018,2007-08,12,88,Blades,203.39
2018-05-01,2017-2018,2007-08,12,88,Blades,204.05
2018-06-01,2017-2018,2007-08,12,88,Blades,204.05
2018-07-01,2018-2019,2007-08,12,88,Blades,204.43
2018-08-01,2018-2019,2007-08,12,88,Blades,205.13
2018-09-01,2018-2019,2007-08,12,88,Blades,206.54
2018-10-01,2018-2019,2007-08,12,88,Blades,206.96
2018-11-01,2018-2019,2007-08,12,88,Blades,210.38
2018-12-01,2018-2019,2007-08,12,88,Blades,211.72
2019-01-01,2018-2019,2007-08,12,88,Blades,217.6
2019-02-01,2018-2019,2007-08,12,88,Blades,217.6
2019-03-01,2018-2019,2007-08,12,88,Blades,221.15
2019-04-01,2018-2019,2007-08,12,88,Blades,221.15
2019-05-01,2018-2019,2007-08,12,88,Blades,226.31
2019-06-01,2018-2019,2007-08,12,88,Blades,227.91
2015-07-01,2015-2016,2007-08,12,89,Personal Equipments,267.12
2015-08-01,2015-2016,2007-08,12,89,Personal Equipments,267.34
2015-09-01,2015-2016,2007-08,12,89,Personal Equipments,268.09
2015-10-01,2015-2016,2007-08,12,89,Personal Equipments,271.23
2015-11-01,2015-2016,2007-08,12,89,Personal Equipments,268.39
2015-12-01,2015-2016,2007-08,12,89,Personal Equipments,269.04
2016-01-01,2015-2016,2007-08,12,89,Personal Equipments,271.14
2016-02-01,2015-2016,2007-08,12,89,Personal Equipments,277.46
2016-03-01,2015-2016,2007-08,12,89,Personal Equipments,283.36
2016-04-01,2015-2016,2007-08,12,89,Personal Equipments,284
2016-05-01,2015-2016,2007-08,12,89,Personal Equipments,283.91
2016-06-01,2015-2016,2007-08,12,89,Personal Equipments,282.68
2016-07-01,2016-2017,2007-08,12,89,Personal Equipments,289.27
2016-08-01,2016-2017,2007-08,12,89,Personal Equipments,292.71
2016-09-01,2016-2017,2007-08,12,89,Personal Equipments,289.57
2016-10-01,2016-2017,2007-08,12,89,Personal Equipments,288.83
2016-11-01,2016-2017,2007-08,12,89,Personal Equipments,291.24
2016-12-01,2016-2017,2007-08,12,89,Personal Equipments,288.94
2017-01-01,2016-2017,2007-08,12,89,Personal Equipments,289.89
2017-02-01,2016-2017,2007-08,12,89,Personal Equipments,293.78
2017-03-01,2016-2017,2007-08,12,89,Personal Equipments,293.59
2017-04-01,2016-2017,2007-08,12,89,Personal Equipments,299.71
2017-05-01,2016-2017,2007-08,12,89,Personal Equipments,300.63
2017-06-01,2016-2017,2007-08,12,89,Personal Equipments,301.76
2017-07-01,2017-2018,2007-08,12,89,Personal Equipments,301.92
2017-08-01,2017-2018,2007-08,12,89,Personal Equipments,302.99
2017-09-01,2017-2018,2007-08,12,89,Personal Equipments,307.36
2017-10-01,2017-2018,2007-08,12,89,Personal Equipments,304.32
2017-11-01,2017-2018,2007-08,12,89,Personal Equipments,310.95
2017-12-01,2017-2018,2007-08,12,89,Personal Equipments,312.92
2018-01-01,2017-2018,2007-08,12,89,Personal Equipments,319.33
2018-02-01,2017-2018,2007-08,12,89,Personal Equipments,317.95
2018-03-01,2017-2018,2007-08,12,89,Personal Equipments,319.45
2018-04-01,2017-2018,2007-08,12,89,Personal Equipments,331.15
2018-05-01,2017-2018,2007-08,12,89,Personal Equipments,329.93
2018-06-01,2017-2018,2007-08,12,89,Personal Equipments,329.88
2018-07-01,2018-2019,2007-08,12,89,Personal Equipments,332.42
2018-08-01,2018-2019,2007-08,12,89,Personal Equipments,326.73
2018-09-01,2018-2019,2007-08,12,89,Personal Equipments,333.26
2018-10-01,2018-2019,2007-08,12,89,Personal Equipments,341.98
2018-11-01,2018-2019,2007-08,12,89,Personal Equipments,341.68
2018-12-01,2018-2019,2007-08,12,89,Personal Equipments,350.88
2019-01-01,2018-2019,2007-08,12,89,Personal Equipments,355.64
2019-02-01,2018-2019,2007-08,12,89,Personal Equipments,358.33
2019-03-01,2018-2019,2007-08,12,89,Personal Equipments,361.77
2019-04-01,2018-2019,2007-08,12,89,Personal Equipments,367.39
2019-05-01,2018-2019,2007-08,12,89,Personal Equipments,365.51
2019-06-01,2018-2019,2007-08,12,89,Personal Equipments,375.22
2019-07-01,2019-2020,2015-16,00,00,General,124.95
2019-08-01,2019-2020,2015-16,00,00,General,126.77
2019-09-01,2019-2020,2015-16,00,00,General,127.72
2019-10-01,2019-2020,2015-16,00,00,General,129.75
2019-11-01,2019-2020,2015-16,00,00,General,131.05
2019-12-01,2019-2020,2015-16,00,00,General,130.57
2020-01-01,2019-2020,2015-16,00,00,General,132.77
2020-02-01,2019-2020,2015-16,00,00,General,131.32
2020-03-01,2019-2020,2015-16,00,00,General,131.49
2020-04-01,2019-2020,2015-16,00,00,General,130.6
2020-05-01,2019-2020,2015-16,00,00,General,130.99
2020-06-01,2019-2020,2015-16,00,00,General,131.89
2020-07-01,2020-2021,2015-16,00,00,General,134.73
2020-08-01,2020-2021,2015-16,00,00,General,135.82
2020-09-01,2020-2021,2015-16,00,00,General,137.53
2020-10-01,2020-2021,2015-16,00,00,General,139.27
2020-11-01,2020-2021,2015-16,00,00,General,140.16
2020-12-01,2020-2021,2015-16,00,00,General,139.67
2021-01-01,2020-2021,2015-16,00,00,General,139.45
2021-02-01,2020-2021,2015-16,00,00,General,142.61
2021-03-01,2020-2021,2015-16,00,00,General,142.99
2021-04-01,2020-2021,2015-16,00,00,General,144.91
2021-05-01,2020-2021,2015-16,00,00,General,145.19
2021-06-01,2020-2021,2015-16,00,00,General,144.55
2021-07-01,2021-2022,2015-16,00,00,General,146.41
2021-08-01,2021-2022,2015-16,00,00,General,147.12
2021-09-01,2021-2022,2015-16,00,00,General,150.08
2021-10-01,2021-2022,2015-16,00,00,General,152.59
2021-11-01,2021-2022,2015-16,00,00,General,156.96
2021-12-01,2021-2022,2015-16,00,00,General,157.46
2022-01-01,2021-2022,2015-16,00,00,General,157.56
2022-02-01,2021-2022,2015-16,00,00,General,159.03
2022-03-01,2021-2022,2015-16,00,00,General,160.07
2022-04-01,2021-2022,2015-16,00,00,General,162.63
2022-05-01,2021-2022,2015-16,00,00,General,163.13
2022-06-01,2021-2022,2015-16,00,00,General,173.23
2022-07-01,2022-2023,2015-16,00,00,General,180.95
2022-08-01,2022-2023,2015-16,00,00,General,185.72
2022-09-01,2022-2023,2015-16,00,00,General,181.9
2022-10-01,2022-2023,2015-16,00,00,General,190.08
2022-11-01,2022-2023,2015-16,00,00,General,190.8
2022-12-01,2022-2023,2015-16,00,00,General,191.46
2023-01-01,2022-2023,2015-16,00,00,General,195.97
2023-02-01,2022-2023,2015-16,00,00,General,204.87
2023-03-01,2022-2023,2015-16,00,00,General,212.85
2023-04-01,2022-2023,2015-16,00,00,General,217.11
2023-05-01,2022-2023,2015-16,00,00,General,220.37
2023-06-01,2022-2023,2015-16,00,00,General,220.59
2023-07-01,2023-2024,2015-16,00,00,General,228.47
2023-08-01,2023-2024,2015-16,00,00,General,232.12
2023-09-01,2023-2024,2015-16,00,00,General,235.99
2023-10-01,2023-2024,2015-16,00,00,General,238.51
2023-11-01,2023-2024,2015-16,00,00,General,248.87
2023-12-01,2023-2024,2015-16,00,00,General,250.68
2024-01-01,2023-2024,2015-16,00,00,General,255.22
2024-02-01,2023-2024,2015-16,00,00,General,255.82
2024-03-01,2023-2024,2015-16,00,00,General,259.47
2024-04-01,2023-2024,2015-16,00,00,General,259.24
2024-05-01,2023-2024,2015-16,00,00,General,251.99
2024-06-01,2023-2024,2015-16,00,00,General,253.44
2024-07-01,2024-2025,2015-16,00,00,General,258.59
2024-08-01,2024-2025,2015-16,00,00,General,259.3
2024-09-01,2024-2025,2015-16,00,00,General,257.92
2024-10-01,2024-2025,2015-16,00,00,General,260.64
2024-11-01,2024-2025,2015-16,00,00,General,261.92
2024-12-01,2024-2025,2015-16,00,00,General,261.67
2025-01-01,2024-2025,2015-16,00,00,General,262.17
2025-02-01,2024-2025,2015-16,00,00,General,260.46
2025-03-01,2024-2025,2015-16,00,00,General,262.48
2025-04-01,2024-2025,2015-16,00,00,General,260.65
2025-05-01,2024-2025,2015-16,00,00,General,260.84
2025-06-01,2024-2025,2015-16,00,00,General,261.04
2025-07-01,2025-2026,2015-16,00,00,General,270.04
2025-08-01,2025-2026,2015-16,00,00,General,268.26
2025-09-01,2025-2026,2015-16,00,00,General,272.53
2025-10-01,2025-2026,2015-16,00,00,General,276.28
2025-11-01,2025-2026,2015-16,00,00,General,277.77
2025-12-01,2025-2026,2015-16,00,00,General,276.76
2026-01-01,2025-2026,2015-16,00,00,General,277.41
2026-02-01,2025-2026,2015-16,00,00,General,278.15
2026-03-01,2025-2026,2015-16,00,00,General,281.87
2026-04-01,2025-2026,2015-16,00,00,General,289.61
2026-05-01,2025-2026,2015-16,00,00,General,291.58
2026-06-01,2025-2026,2015-16,00,00,General,290.2
2019-07-01,2019-2020,2015-16,01,00,Food and non-alcoholic Beverages,118.77
2019-08-01,2019-2020,2015-16,01,00,Food and non-alcoholic Beverages,123.19
2019-09-01,2019-2020,2015-16,01,00,Food and non-alcoholic Beverages,125.97
2019-10-01,2019-2020,2015-16,01,00,Food and non-alcoholic Beverages,128.09
2019-11-01,2019-2020,2015-16,01,00,Food and non-alcoholic Beverages,131.67
2019-12-01,2019-2020,2015-16,01,00,Food and non-alcoholic Beverages,128.95
2020-01-01,2019-2020,2015-16,01,00,Food and non-alcoholic Beverages,132.91
2020-02-01,2019-2020,2015-16,01,00,Food and non-alcoholic Beverages,130.25
2020-03-01,2019-2020,2015-16,01,00,Food and non-alcoholic Beverages,130.93
2020-04-01,2019-2020,2015-16,01,00,Food and non-alcoholic Beverages,129.25
2020-05-01,2019-2020,2015-16,01,00,Food and non-alcoholic Beverages,131.55
2020-06-01,2019-2020,2015-16,01,00,Food and non-alcoholic Beverages,134.23
2020-07-01,2020-2021,2015-16,01,00,Food and non-alcoholic Beverages,138.88
2020-08-01,2020-2021,2015-16,01,00,Food and non-alcoholic Beverages,137.9
2020-09-01,2020-2021,2015-16,01,00,Food and non-alcoholic Beverages,142.73
2020-10-01,2020-2021,2015-16,01,00,Food and non-alcoholic Beverages,147.23
2020-11-01,2020-2021,2015-16,01,00,Food and non-alcoholic Beverages,149.77
2020-12-01,2020-2021,2015-16,01,00,Food and non-alcoholic Beverages,145.86
2021-01-01,2020-2021,2015-16,01,00,Food and non-alcoholic Beverages,141.87
2021-02-01,2020-2021,2015-16,01,00,Food and non-alcoholic Beverages,143.95
2021-03-01,2020-2021,2015-16,01,00,Food and non-alcoholic Beverages,146.51
2021-04-01,2020-2021,2015-16,01,00,Food and non-alcoholic Beverages,151.24
2021-05-01,2020-2021,2015-16,01,00,Food and non-alcoholic Beverages,152.94
2021-06-01,2020-2021,2015-16,01,00,Food and non-alcoholic Beverages,149.13
2021-07-01,2021-2022,2015-16,01,00,Food and non-alcoholic Beverages,151.66
2021-08-01,2021-2022,2015-16,01,00,Food and non-alcoholic Beverages,152.49
2021-09-01,2021-2022,2015-16,01,00,Food and non-alcoholic Beverages,158.53
2021-10-01,2021-2022,2015-16,01,00,Food and non-alcoholic Beverages,161.09
2021-11-01,2021-2022,2015-16,01,00,Food and non-alcoholic Beverages,167.96
2021-12-01,2021-2022,2015-16,01,00,Food and non-alcoholic Beverages,162.85
2022-01-01,2021-2022,2015-16,01,00,Food and non-alcoholic Beverages,161.12
2022-02-01,2021-2022,2015-16,01,00,Food and non-alcoholic Beverages,164.76
2022-03-01,2021-2022,2015-16,01,00,Food and non-alcoholic Beverages,168.17
2022-04-01,2021-2022,2015-16,01,00,Food and non-alcoholic Beverages,175.41
2022-05-01,2021-2022,2015-16,01,00,Food and non-alcoholic Beverages,177.05
2022-06-01,2021-2022,2015-16,01,00,Food and non-alcoholic Beverages,185.86
2022-07-01,2022-2023,2015-16,01,00,Food and non-alcoholic Beverages,193.75
2022-08-01,2022-2023,2015-16,01,00,Food and non-alcoholic Beverages,196.59
2022-09-01,2022-2023,2015-16,01,00,Food and non-alcoholic Beverages,207.23
2022-10-01,2022-2023,2015-16,01,00,Food and non-alcoholic Beverages,217.09
2022-11-01,2022-2023,2015-16,01,00,Food and non-alcoholic Beverages,216.54
2022-12-01,2022-2023,2015-16,01,00,Food and non-alcoholic Beverages,215.98
2023-01-01,2022-2023,2015-16,01,00,Food and non-alcoholic Beverages,224.73
2023-02-01,2022-2023,2015-16,01,00,Food and non-alcoholic Beverages,234.18
2023-03-01,2022-2023,2015-16,01,00,Food and non-alcoholic Beverages,244.66
2023-04-01,2022-2023,2015-16,01,00,Food and non-alcoholic Beverages,254.53
2023-05-01,2022-2023,2015-16,01,00,Food and non-alcoholic Beverages,258.05
2023-06-01,2022-2023,2015-16,01,00,Food and non-alcoholic Beverages,257.65
2023-07-01,2023-2024,2015-16,01,00,Food and non-alcoholic Beverages,268.74
2023-08-01,2023-2024,2015-16,01,00,Food and non-alcoholic Beverages,269.77
2023-09-01,2023-2024,2015-16,01,00,Food and non-alcoholic Beverages,273.95
2023-10-01,2023-2024,2015-16,01,00,Food and non-alcoholic Beverages,275.74
2023-11-01,2023-2024,2015-16,01,00,Food and non-alcoholic Beverages,278.07
2023-12-01,2023-2024,2015-16,01,00,Food and non-alcoholic Beverages,275.22
2024-01-01,2023-2024,2015-16,01,00,Food and non-alcoholic Beverages,284.23
2024-02-01,2023-2024,2015-16,01,00,Food and non-alcoholic Beverages,278.76
2024-03-01,2023-2024,2015-16,01,00,Food and non-alcoholic Beverages,286.46
2024-04-01,2023-2024,2015-16,01,00,Food and non-alcoholic Beverages,281.53
2024-05-01,2023-2024,2015-16,01,00,Food and non-alcoholic Beverages,260.78
2024-06-01,2023-2024,2015-16,01,00,Food and non-alcoholic Beverages,262.18
2024-07-01,2024-2025,2015-16,01,00,Food and non-alcoholic Beverages,276.1
2024-08-01,2024-2025,2015-16,01,00,Food and non-alcoholic Beverages,280.27
2024-09-01,2024-2025,2015-16,01,00,Food and non-alcoholic Beverages,276.17
2024-10-01,2024-2025,2015-16,01,00,Food and non-alcoholic Beverages,281.39
2024-11-01,2024-2025,2015-16,01,00,Food and non-alcoholic Beverages,279.93
2024-12-01,2024-2025,2015-16,01,00,Food and non-alcoholic Beverages,279.9
2025-01-01,2024-2025,2015-16,01,00,Food and non-alcoholic Beverages,278.37
2025-02-01,2024-2025,2015-16,01,00,Food and non-alcoholic Beverages,271.84
2025-03-01,2024-2025,2015-16,01,00,Food and non-alcoholic Beverages,277.04
2025-04-01,2024-2025,2015-16,01,00,Food and non-alcoholic Beverages,271.43
2025-05-01,2024-2025,2015-16,01,00,Food and non-alcoholic Beverages,273.34
2025-06-01,2024-2025,2015-16,01,00,Food and non-alcoholic Beverages,271.3
2025-07-01,2025-2026,2015-16,01,00,Food and non-alcoholic Beverages,279.27
2025-08-01,2025-2026,2015-16,01,00,Food and non-alcoholic Beverages,274.74
2025-09-01,2025-2026,2015-16,01,00,Food and non-alcoholic Beverages,287.74
2025-10-01,2025-2026,2015-16,01,00,Food and non-alcoholic Beverages,293.61
2025-11-01,2025-2026,2015-16,01,00,Food and non-alcoholic Beverages,294.42
2025-12-01,2025-2026,2015-16,01,00,Food and non-alcoholic Beverages,288.12
2026-01-01,2025-2026,2015-16,01,00,Food and non-alcoholic Beverages,287.32
2026-02-01,2025-2026,2015-16,01,00,Food and non-alcoholic Beverages,284.29
2026-03-01,2025-2026,2015-16,01,00,Food and non-alcoholic Beverages,284.32
2026-04-01,2025-2026,2015-16,01,00,Food and non-alcoholic Beverages,291.71
2026-05-01,2025-2026,2015-16,01,00,Food and non-alcoholic Beverages,291.88
2026-06-01,2025-2026,2015-16,01,00,Food and non-alcoholic Beverages,294.92
2019-07-01,2019-2020,2015-16,01,01,Wheat,108.38
2019-08-01,2019-2020,2015-16,01,01,Wheat,108.06
2019-09-01,2019-2020,2015-16,01,01,Wheat,110.14
2019-10-01,2019-2020,2015-16,01,01,Wheat,111.48
2019-11-01,2019-2020,2015-16,01,01,Wheat,119.13
2019-12-01,2019-2020,2015-16,01,01,Wheat,125.83
2020-01-01,2019-2020,2015-16,01,01,Wheat,141.72
2020-02-01,2019-2020,2015-16,01,01,Wheat,136.73
2020-03-01,2019-2020,2015-16,01,01,Wheat,125.2
2020-04-01,2019-2020,2015-16,01,01,Wheat,121.08
2020-05-01,2019-2020,2015-16,01,01,Wheat,117
2020-06-01,2019-2020,2015-16,01,01,Wheat,129.67
2020-07-01,2020-2021,2015-16,01,01,Wheat,139.29
2020-08-01,2020-2021,2015-16,01,01,Wheat,155.93
2020-09-01,2020-2021,2015-16,01,01,Wheat,156.54
2020-10-01,2020-2021,2015-16,01,01,Wheat,169.68
2020-11-01,2020-2021,2015-16,01,01,Wheat,162.73
2020-12-01,2020-2021,2015-16,01,01,Wheat,156.22
2021-01-01,2020-2021,2015-16,01,01,Wheat,168.98
2021-02-01,2020-2021,2015-16,01,01,Wheat,169.26
2021-03-01,2020-2021,2015-16,01,01,Wheat,169.23
2021-04-01,2020-2021,2015-16,01,01,Wheat,153.76
2021-05-01,2020-2021,2015-16,01,01,Wheat,151.98
2021-06-01,2020-2021,2015-16,01,01,Wheat,154.29
2021-07-01,2021-2022,2015-16,01,01,Wheat,153.98
2021-08-01,2021-2022,2015-16,01,01,Wheat,154.33
2021-09-01,2021-2022,2015-16,01,01,Wheat,165.61
2021-10-01,2021-2022,2015-16,01,01,Wheat,177.61
2021-11-01,2021-2022,2015-16,01,01,Wheat,179.43
2021-12-01,2021-2022,2015-16,01,01,Wheat,179.07
2022-01-01,2021-2022,2015-16,01,01,Wheat,183.87
2022-02-01,2021-2022,2015-16,01,01,Wheat,185.89
2022-03-01,2021-2022,2015-16,01,01,Wheat,176.8
2022-04-01,2021-2022,2015-16,01,01,Wheat,176.35
2022-05-01,2021-2022,2015-16,01,01,Wheat,179.98
2022-06-01,2021-2022,2015-16,01,01,Wheat,203.44
2022-07-01,2022-2023,2015-16,01,01,Wheat,220.25
2022-08-01,2022-2023,2015-16,01,01,Wheat,222.98
2022-09-01,2022-2023,2015-16,01,01,Wheat,257.21
2022-10-01,2022-2023,2015-16,01,01,Wheat,258.9
2022-11-01,2022-2023,2015-16,01,01,Wheat,257.3
2022-12-01,2022-2023,2015-16,01,01,Wheat,281.61
2023-01-01,2022-2023,2015-16,01,01,Wheat,328
2023-02-01,2022-2023,2015-16,01,01,Wheat,317.24
2023-03-01,2022-2023,2015-16,01,01,Wheat,343.55
2023-04-01,2022-2023,2015-16,01,01,Wheat,358.9
2023-05-01,2022-2023,2015-16,01,01,Wheat,350.67
2023-06-01,2022-2023,2015-16,01,01,Wheat,330.12
2023-07-01,2023-2024,2015-16,01,01,Wheat,366.9
2023-08-01,2023-2024,2015-16,01,01,Wheat,366.07
2023-09-01,2023-2024,2015-16,01,01,Wheat,362.58
2023-10-01,2023-2024,2015-16,01,01,Wheat,356.57
2023-11-01,2023-2024,2015-16,01,01,Wheat,355.7
2023-12-01,2023-2024,2015-16,01,01,Wheat,363.38
2024-01-01,2023-2024,2015-16,01,01,Wheat,365.12
2024-02-01,2023-2024,2015-16,01,01,Wheat,364.2
2024-03-01,2023-2024,2015-16,01,01,Wheat,356.85
2024-04-01,2023-2024,2015-16,01,01,Wheat,319.6
2024-05-01,2023-2024,2015-16,01,01,Wheat,248.76
2024-06-01,2023-2024,2015-16,01,01,Wheat,229.07
2024-07-01,2024-2025,2015-16,01,01,Wheat,240.17
2024-08-01,2024-2025,2015-16,01,01,Wheat,232.01
2024-09-01,2024-2025,2015-16,01,01,Wheat,221.66
2024-10-01,2024-2025,2015-16,01,01,Wheat,234.88
2024-11-01,2024-2025,2015-16,01,01,Wheat,239.83
2024-12-01,2024-2025,2015-16,01,01,Wheat,240.47
2025-01-01,2024-2025,2015-16,01,01,Wheat,239.73
2025-02-01,2024-2025,2015-16,01,01,Wheat,232.61
2025-03-01,2024-2025,2015-16,01,01,Wheat,233.62
2025-04-01,2024-2025,2015-16,01,01,Wheat,204.55
2025-05-01,2024-2025,2015-16,01,01,Wheat,189.58
2025-06-01,2024-2025,2015-16,01,01,Wheat,189.88
2025-07-01,2025-2026,2015-16,01,01,Wheat,189.03
2025-08-01,2025-2026,2015-16,01,01,Wheat,189.35
2025-09-01,2025-2026,2015-16,01,01,Wheat,260.5
2025-10-01,2025-2026,2015-16,01,01,Wheat,287.88
2025-11-01,2025-2026,2015-16,01,01,Wheat,291.1
2025-12-01,2025-2026,2015-16,01,01,Wheat,301.23
2026-01-01,2025-2026,2015-16,01,01,Wheat,331.87
2026-02-01,2025-2026,2015-16,01,01,Wheat,331.77
2026-03-01,2025-2026,2015-16,01,01,Wheat,313.6
2026-04-01,2025-2026,2015-16,01,01,Wheat,285.23
2026-05-01,2025-2026,2015-16,01,01,Wheat,307.41
2026-06-01,2025-2026,2015-16,01,01,Wheat,312.71
2019-07-01,2019-2020,2015-16,01,02,Wheat flour,108.27
2019-08-01,2019-2020,2015-16,01,02,Wheat flour,109.66
2019-09-01,2019-2020,2015-16,01,02,Wheat flour,113.19
2019-10-01,2019-2020,2015-16,01,02,Wheat flour,113.59
2019-11-01,2019-2020,2015-16,01,02,Wheat flour,118.97
2019-12-01,2019-2020,2015-16,01,02,Wheat flour,118.67
2020-01-01,2019-2020,2015-16,01,02,Wheat flour,127.48
2020-02-01,2019-2020,2015-16,01,02,Wheat flour,120.73
2020-03-01,2019-2020,2015-16,01,02,Wheat flour,116.9
2020-04-01,2019-2020,2015-16,01,02,Wheat flour,116.61
2020-05-01,2019-2020,2015-16,01,02,Wheat flour,116.41
2020-06-01,2019-2020,2015-16,01,02,Wheat flour,130.29
2020-07-01,2020-2021,2015-16,01,02,Wheat flour,128.32
2020-08-01,2020-2021,2015-16,01,02,Wheat flour,135.3
2020-09-01,2020-2021,2015-16,01,02,Wheat flour,136.03
2020-10-01,2020-2021,2015-16,01,02,Wheat flour,141.61
2020-11-01,2020-2021,2015-16,01,02,Wheat flour,134.77
2020-12-01,2020-2021,2015-16,01,02,Wheat flour,134.63
2021-01-01,2020-2021,2015-16,01,02,Wheat flour,136.7
2021-02-01,2020-2021,2015-16,01,02,Wheat flour,137.04
2021-03-01,2020-2021,2015-16,01,02,Wheat flour,139.04
2021-04-01,2020-2021,2015-16,01,02,Wheat flour,136.34
2021-05-01,2020-2021,2015-16,01,02,Wheat flour,149.63
2021-06-01,2020-2021,2015-16,01,02,Wheat flour,147.79
2021-07-01,2021-2022,2015-16,01,02,Wheat flour,147.46
2021-08-01,2021-2022,2015-16,01,02,Wheat flour,147.97
2021-09-01,2021-2022,2015-16,01,02,Wheat flour,162.31
2021-10-01,2021-2022,2015-16,01,02,Wheat flour,159.97
2021-11-01,2021-2022,2015-16,01,02,Wheat flour,160.43
2021-12-01,2021-2022,2015-16,01,02,Wheat flour,160.37
2022-01-01,2021-2022,2015-16,01,02,Wheat flour,158.31
2022-02-01,2021-2022,2015-16,01,02,Wheat flour,157.68
2022-03-01,2021-2022,2015-16,01,02,Wheat flour,155.97
2022-04-01,2021-2022,2015-16,01,02,Wheat flour,161.35
2022-05-01,2021-2022,2015-16,01,02,Wheat flour,178.31
2022-06-01,2021-2022,2015-16,01,02,Wheat flour,171.61
2022-07-01,2022-2023,2015-16,01,02,Wheat flour,182.49
2022-08-01,2022-2023,2015-16,01,02,Wheat flour,183.94
2022-09-01,2022-2023,2015-16,01,02,Wheat flour,201.8
2022-10-01,2022-2023,2015-16,01,02,Wheat flour,219.76
2022-11-01,2022-2023,2015-16,01,02,Wheat flour,217.48
2022-12-01,2022-2023,2015-16,01,02,Wheat flour,225.45
2023-01-01,2022-2023,2015-16,01,02,Wheat flour,255.27
2023-02-01,2022-2023,2015-16,01,02,Wheat flour,245.85
2023-03-01,2022-2023,2015-16,01,02,Wheat flour,265.12
2023-04-01,2022-2023,2015-16,01,02,Wheat flour,333.51
2023-05-01,2022-2023,2015-16,01,02,Wheat flour,354.87
2023-06-01,2022-2023,2015-16,01,02,Wheat flour,325.87
2023-07-01,2023-2024,2015-16,01,02,Wheat flour,369.42
2023-08-01,2023-2024,2015-16,01,02,Wheat flour,367.3
2023-09-01,2023-2024,2015-16,01,02,Wheat flour,365.84
2023-10-01,2023-2024,2015-16,01,02,Wheat flour,359
2023-11-01,2023-2024,2015-16,01,02,Wheat flour,355.62
2023-12-01,2023-2024,2015-16,01,02,Wheat flour,358.54
2024-01-01,2023-2024,2015-16,01,02,Wheat flour,359.34
2024-02-01,2023-2024,2015-16,01,02,Wheat flour,356.36
2024-03-01,2023-2024,2015-16,01,02,Wheat flour,351.77
2024-04-01,2023-2024,2015-16,01,02,Wheat flour,317.77
2024-05-01,2023-2024,2015-16,01,02,Wheat flour,253.82
2024-06-01,2023-2024,2015-16,01,02,Wheat flour,231.16
2024-07-01,2024-2025,2015-16,01,02,Wheat flour,250.19
2024-08-01,2024-2025,2015-16,01,02,Wheat flour,240.52
2024-09-01,2024-2025,2015-16,01,02,Wheat flour,229.63
2024-10-01,2024-2025,2015-16,01,02,Wheat flour,237.71
2024-11-01,2024-2025,2015-16,01,02,Wheat flour,239.82
2024-12-01,2024-2025,2015-16,01,02,Wheat flour,237.45
2025-01-01,2024-2025,2015-16,01,02,Wheat flour,238.03
2025-02-01,2024-2025,2015-16,01,02,Wheat flour,232.72
2025-03-01,2024-2025,2015-16,01,02,Wheat flour,230.33
2025-04-01,2024-2025,2015-16,01,02,Wheat flour,207.75
2025-05-01,2024-2025,2015-16,01,02,Wheat flour,195.42
2025-06-01,2024-2025,2015-16,01,02,Wheat flour,198.41
2025-07-01,2025-2026,2015-16,01,02,Wheat flour,196.36
2025-08-01,2025-2026,2015-16,01,02,Wheat flour,193.92
2025-09-01,2025-2026,2015-16,01,02,Wheat flour,260.69
2025-10-01,2025-2026,2015-16,01,02,Wheat flour,275
2025-11-01,2025-2026,2015-16,01,02,Wheat flour,274.13
2025-12-01,2025-2026,2015-16,01,02,Wheat flour,279.63
2026-01-01,2025-2026,2015-16,01,02,Wheat flour,293.09
2026-02-01,2025-2026,2015-16,01,02,Wheat flour,293.08
2026-03-01,2025-2026,2015-16,01,02,Wheat flour,284.79
2026-04-01,2025-2026,2015-16,01,02,Wheat flour,271.25
2026-05-01,2025-2026,2015-16,01,02,Wheat flour,301.66
2026-06-01,2025-2026,2015-16,01,02,Wheat flour,308.22
2019-07-01,2019-2020,2015-16,01,03,Wheat products,111.56
2019-08-01,2019-2020,2015-16,01,03,Wheat products,112.56
2019-09-01,2019-2020,2015-16,01,03,Wheat products,113.03
2019-10-01,2019-2020,2015-16,01,03,Wheat products,114.87
2019-11-01,2019-2020,2015-16,01,03,Wheat products,119.6
2019-12-01,2019-2020,2015-16,01,03,Wheat products,121.24
2020-01-01,2019-2020,2015-16,01,03,Wheat products,124.44
2020-02-01,2019-2020,2015-16,01,03,Wheat products,124.81
2020-03-01,2019-2020,2015-16,01,03,Wheat products,125.56
2020-04-01,2019-2020,2015-16,01,03,Wheat products,123.84
2020-05-01,2019-2020,2015-16,01,03,Wheat products,124.64
2020-06-01,2019-2020,2015-16,01,03,Wheat products,127.34
2020-07-01,2020-2021,2015-16,01,03,Wheat products,129.4
2020-08-01,2020-2021,2015-16,01,03,Wheat products,138.26
2020-09-01,2020-2021,2015-16,01,03,Wheat products,139.8
2020-10-01,2020-2021,2015-16,01,03,Wheat products,151.08
2020-11-01,2020-2021,2015-16,01,03,Wheat products,152.98
2020-12-01,2020-2021,2015-16,01,03,Wheat products,152.82
2021-01-01,2020-2021,2015-16,01,03,Wheat products,154.97
2021-02-01,2020-2021,2015-16,01,03,Wheat products,159.51
2021-03-01,2020-2021,2015-16,01,03,Wheat products,160.24
2021-04-01,2020-2021,2015-16,01,03,Wheat products,159.55
2021-05-01,2020-2021,2015-16,01,03,Wheat products,159.69
2021-06-01,2020-2021,2015-16,01,03,Wheat products,159.52
2021-07-01,2021-2022,2015-16,01,03,Wheat products,160.75
2021-08-01,2021-2022,2015-16,01,03,Wheat products,161.02
2021-09-01,2021-2022,2015-16,01,03,Wheat products,163.94
2021-10-01,2021-2022,2015-16,01,03,Wheat products,166.74
2021-11-01,2021-2022,2015-16,01,03,Wheat products,170.74
2021-12-01,2021-2022,2015-16,01,03,Wheat products,170.4
2022-01-01,2021-2022,2015-16,01,03,Wheat products,171.61
2022-02-01,2021-2022,2015-16,01,03,Wheat products,174.1
2022-03-01,2021-2022,2015-16,01,03,Wheat products,180.71
2022-04-01,2021-2022,2015-16,01,03,Wheat products,174.78
2022-05-01,2021-2022,2015-16,01,03,Wheat products,184.97
2022-06-01,2021-2022,2015-16,01,03,Wheat products,192.14
2022-07-01,2022-2023,2015-16,01,03,Wheat products,196.93
2022-08-01,2022-2023,2015-16,01,03,Wheat products,202.89
2022-09-01,2022-2023,2015-16,01,03,Wheat products,217.8
2022-10-01,2022-2023,2015-16,01,03,Wheat products,224.06
2022-11-01,2022-2023,2015-16,01,03,Wheat products,228.88
2022-12-01,2022-2023,2015-16,01,03,Wheat products,233.24
2023-01-01,2022-2023,2015-16,01,03,Wheat products,260.52
2023-02-01,2022-2023,2015-16,01,03,Wheat products,268.6
2023-03-01,2022-2023,2015-16,01,03,Wheat products,278.52
2023-04-01,2022-2023,2015-16,01,03,Wheat products,290.97
2023-05-01,2022-2023,2015-16,01,03,Wheat products,303.67
2023-06-01,2022-2023,2015-16,01,03,Wheat products,301.3
2023-07-01,2023-2024,2015-16,01,03,Wheat products,307.14
2023-08-01,2023-2024,2015-16,01,03,Wheat products,322.66
2023-09-01,2023-2024,2015-16,01,03,Wheat products,324.05
2023-10-01,2023-2024,2015-16,01,03,Wheat products,321.48
2023-11-01,2023-2024,2015-16,01,03,Wheat products,321.76
2023-12-01,2023-2024,2015-16,01,03,Wheat products,324.07
2024-01-01,2023-2024,2015-16,01,03,Wheat products,324.65
2024-02-01,2023-2024,2015-16,01,03,Wheat products,324.8
2024-03-01,2023-2024,2015-16,01,03,Wheat products,325.81
2024-04-01,2023-2024,2015-16,01,03,Wheat products,324.39
2024-05-01,2023-2024,2015-16,01,03,Wheat products,311.01
2024-06-01,2023-2024,2015-16,01,03,Wheat products,286.91
2024-07-01,2024-2025,2015-16,01,03,Wheat products,295.36
2024-08-01,2024-2025,2015-16,01,03,Wheat products,294.24
2024-09-01,2024-2025,2015-16,01,03,Wheat products,293.1
2024-10-01,2024-2025,2015-16,01,03,Wheat products,293.91
2024-11-01,2024-2025,2015-16,01,03,Wheat products,292.49
2024-12-01,2024-2025,2015-16,01,03,Wheat products,291.44
2025-01-01,2024-2025,2015-16,01,03,Wheat products,289.03
2025-02-01,2024-2025,2015-16,01,03,Wheat products,285.42
2025-03-01,2024-2025,2015-16,01,03,Wheat products,285.06
2025-04-01,2024-2025,2015-16,01,03,Wheat products,276.39
2025-05-01,2024-2025,2015-16,01,03,Wheat products,272.88
2025-06-01,2024-2025,2015-16,01,03,Wheat products,267.39
2025-07-01,2025-2026,2015-16,01,03,Wheat products,265.88
2025-08-01,2025-2026,2015-16,01,03,Wheat products,262.39
2025-09-01,2025-2026,2015-16,01,03,Wheat products,280.38
2025-10-01,2025-2026,2015-16,01,03,Wheat products,287.7
2025-11-01,2025-2026,2015-16,01,03,Wheat products,292.34
2025-12-01,2025-2026,2015-16,01,03,Wheat products,296.8
2026-01-01,2025-2026,2015-16,01,03,Wheat products,304.48
2026-02-01,2025-2026,2015-16,01,03,Wheat products,306.55
2026-03-01,2025-2026,2015-16,01,03,Wheat products,308.3
2026-04-01,2025-2026,2015-16,01,03,Wheat products,305.37
2026-05-01,2025-2026,2015-16,01,03,Wheat products,305.61
2026-06-01,2025-2026,2015-16,01,03,Wheat products,312.09
2019-07-01,2019-2020,2015-16,01,04,Besan,108.08
2019-08-01,2019-2020,2015-16,01,04,Besan,109.49
2019-09-01,2019-2020,2015-16,01,04,Besan,109.74
2019-10-01,2019-2020,2015-16,01,04,Besan,111.15
2019-11-01,2019-2020,2015-16,01,04,Besan,114.77
2019-12-01,2019-2020,2015-16,01,04,Besan,115.21
2020-01-01,2019-2020,2015-16,01,04,Besan,129.14
2020-02-01,2019-2020,2015-16,01,04,Besan,126.13
2020-03-01,2019-2020,2015-16,01,04,Besan,123.78
2020-04-01,2019-2020,2015-16,01,04,Besan,133.72
2020-05-01,2019-2020,2015-16,01,04,Besan,127.86
2020-06-01,2019-2020,2015-16,01,04,Besan,122.51
2020-07-01,2020-2021,2015-16,01,04,Besan,117.95
2020-08-01,2020-2021,2015-16,01,04,Besan,116.52
2020-09-01,2020-2021,2015-16,01,04,Besan,118.83
2020-10-01,2020-2021,2015-16,01,04,Besan,122.27
2020-11-01,2020-2021,2015-16,01,04,Besan,122.64
2020-12-01,2020-2021,2015-16,01,04,Besan,121.01
2021-01-01,2020-2021,2015-16,01,04,Besan,121.77
2021-02-01,2020-2021,2015-16,01,04,Besan,124.15
2021-03-01,2020-2021,2015-16,01,04,Besan,126.25
2021-04-01,2020-2021,2015-16,01,04,Besan,126.22
2021-05-01,2020-2021,2015-16,01,04,Besan,125.41
2021-06-01,2020-2021,2015-16,01,04,Besan,125.44
2021-07-01,2021-2022,2015-16,01,04,Besan,125.39
2021-08-01,2021-2022,2015-16,01,04,Besan,124.23
2021-09-01,2021-2022,2015-16,01,04,Besan,127.17
2021-10-01,2021-2022,2015-16,01,04,Besan,126.87
2021-11-01,2021-2022,2015-16,01,04,Besan,127.25
2021-12-01,2021-2022,2015-16,01,04,Besan,131.29
2022-01-01,2021-2022,2015-16,01,04,Besan,136.3
2022-02-01,2021-2022,2015-16,01,04,Besan,139.01
2022-03-01,2021-2022,2015-16,01,04,Besan,140.28
2022-04-01,2021-2022,2015-16,01,04,Besan,141.73
2022-05-01,2021-2022,2015-16,01,04,Besan,143.34
2022-06-01,2021-2022,2015-16,01,04,Besan,156.75
2022-07-01,2022-2023,2015-16,01,04,Besan,172.44
2022-08-01,2022-2023,2015-16,01,04,Besan,183.65
2022-09-01,2022-2023,2015-16,01,04,Besan,201.53
2022-10-01,2022-2023,2015-16,01,04,Besan,205.85
2022-11-01,2022-2023,2015-16,01,04,Besan,198.64
2022-12-01,2022-2023,2015-16,01,04,Besan,192.22
2023-01-01,2022-2023,2015-16,01,04,Besan,195.25
2023-02-01,2022-2023,2015-16,01,04,Besan,216.68
2023-03-01,2022-2023,2015-16,01,04,Besan,219.09
2023-04-01,2022-2023,2015-16,01,04,Besan,214.25
2023-05-01,2022-2023,2015-16,01,04,Besan,213.68
2023-06-01,2022-2023,2015-16,01,04,Besan,208.08
2023-07-01,2023-2024,2015-16,01,04,Besan,206.15
2023-08-01,2023-2024,2015-16,01,04,Besan,208.38
2023-09-01,2023-2024,2015-16,01,04,Besan,212.42
2023-10-01,2023-2024,2015-16,01,04,Besan,209.02
2023-11-01,2023-2024,2015-16,01,04,Besan,201.83
2023-12-01,2023-2024,2015-16,01,04,Besan,205.71
2024-01-01,2023-2024,2015-16,01,04,Besan,211.09
2024-02-01,2023-2024,2015-16,01,04,Besan,216.3
2024-03-01,2023-2024,2015-16,01,04,Besan,217.59
2024-04-01,2023-2024,2015-16,01,04,Besan,215.75
2024-05-01,2023-2024,2015-16,01,04,Besan,216.12
2024-06-01,2023-2024,2015-16,01,04,Besan,229.97
2024-07-01,2024-2025,2015-16,01,04,Besan,260.58
2024-08-01,2024-2025,2015-16,01,04,Besan,273.29
2024-09-01,2024-2025,2015-16,01,04,Besan,313.38
2024-10-01,2024-2025,2015-16,01,04,Besan,320.94
2024-11-01,2024-2025,2015-16,01,04,Besan,321.18
2024-12-01,2024-2025,2015-16,01,04,Besan,312.98
2025-01-01,2024-2025,2015-16,01,04,Besan,305.48
2025-02-01,2024-2025,2015-16,01,04,Besan,278.97
2025-03-01,2024-2025,2015-16,01,04,Besan,264.73
2025-04-01,2024-2025,2015-16,01,04,Besan,254.37
2025-05-01,2024-2025,2015-16,01,04,Besan,254.68
2025-06-01,2024-2025,2015-16,01,04,Besan,255.22
2025-07-01,2025-2026,2015-16,01,04,Besan,252.84
2025-08-01,2025-2026,2015-16,01,04,Besan,251.59
2025-09-01,2025-2026,2015-16,01,04,Besan,254.06
2025-10-01,2025-2026,2015-16,01,04,Besan,249.47
2025-11-01,2025-2026,2015-16,01,04,Besan,237.8
2025-12-01,2025-2026,2015-16,01,04,Besan,231.51
2026-01-01,2025-2026,2015-16,01,04,Besan,227.14
2026-02-01,2025-2026,2015-16,01,04,Besan,223.35
2026-03-01,2025-2026,2015-16,01,04,Besan,214.64
2026-04-01,2025-2026,2015-16,01,04,Besan,213.21
2026-05-01,2025-2026,2015-16,01,04,Besan,212.49
2026-06-01,2025-2026,2015-16,01,04,Besan,211.13
2019-07-01,2019-2020,2015-16,01,05,Rice,126.95
2019-08-01,2019-2020,2015-16,01,05,Rice,127.33
2019-09-01,2019-2020,2015-16,01,05,Rice,127.78
2019-10-01,2019-2020,2015-16,01,05,Rice,128.37
2019-11-01,2019-2020,2015-16,01,05,Rice,129.01
2019-12-01,2019-2020,2015-16,01,05,Rice,129.56
2020-01-01,2019-2020,2015-16,01,05,Rice,131.12
2020-02-01,2019-2020,2015-16,01,05,Rice,131.69
2020-03-01,2019-2020,2015-16,01,05,Rice,131.98
2020-04-01,2019-2020,2015-16,01,05,Rice,132.45
2020-05-01,2019-2020,2015-16,01,05,Rice,133.45
2020-06-01,2019-2020,2015-16,01,05,Rice,134.64
2020-07-01,2020-2021,2015-16,01,05,Rice,135.86
2020-08-01,2020-2021,2015-16,01,05,Rice,136.28
2020-09-01,2020-2021,2015-16,01,05,Rice,137.42
2020-10-01,2020-2021,2015-16,01,05,Rice,139.41
2020-11-01,2020-2021,2015-16,01,05,Rice,138.43
2020-12-01,2020-2021,2015-16,01,05,Rice,138.23
2021-01-01,2020-2021,2015-16,01,05,Rice,138.51
2021-02-01,2020-2021,2015-16,01,05,Rice,140.17
2021-03-01,2020-2021,2015-16,01,05,Rice,142.43
2021-04-01,2020-2021,2015-16,01,05,Rice,142.32
2021-05-01,2020-2021,2015-16,01,05,Rice,144.34
2021-06-01,2020-2021,2015-16,01,05,Rice,145.4
2021-07-01,2021-2022,2015-16,01,05,Rice,146.7
2021-08-01,2021-2022,2015-16,01,05,Rice,146.82
2021-09-01,2021-2022,2015-16,01,05,Rice,146.91
2021-10-01,2021-2022,2015-16,01,05,Rice,148.2
2021-11-01,2021-2022,2015-16,01,05,Rice,150.76
2021-12-01,2021-2022,2015-16,01,05,Rice,152.12
2022-01-01,2021-2022,2015-16,01,05,Rice,154.07
2022-02-01,2021-2022,2015-16,01,05,Rice,156.84
2022-03-01,2021-2022,2015-16,01,05,Rice,157.93
2022-04-01,2021-2022,2015-16,01,05,Rice,158.54
2022-05-01,2021-2022,2015-16,01,05,Rice,163.93
2022-06-01,2021-2022,2015-16,01,05,Rice,183.06
2022-07-01,2022-2023,2015-16,01,05,Rice,192.5
2022-08-01,2022-2023,2015-16,01,05,Rice,200.08
2022-09-01,2022-2023,2015-16,01,05,Rice,205.41
2022-10-01,2022-2023,2015-16,01,05,Rice,208.61
2022-11-01,2022-2023,2015-16,01,05,Rice,210.69
2022-12-01,2022-2023,2015-16,01,05,Rice,223.02
2023-01-01,2022-2023,2015-16,01,05,Rice,254.59
2023-02-01,2022-2023,2015-16,01,05,Rice,278.87
2023-03-01,2022-2023,2015-16,01,05,Rice,288.08
2023-04-01,2022-2023,2015-16,01,05,Rice,297.83
2023-05-01,2022-2023,2015-16,01,05,Rice,303.57
2023-06-01,2022-2023,2015-16,01,05,Rice,316.38
2023-07-01,2023-2024,2015-16,01,05,Rice,325.07
2023-08-01,2023-2024,2015-16,01,05,Rice,333.77
2023-09-01,2023-2024,2015-16,01,05,Rice,338.34
2023-10-01,2023-2024,2015-16,01,05,Rice,338.52
2023-11-01,2023-2024,2015-16,01,05,Rice,333.57
2023-12-01,2023-2024,2015-16,01,05,Rice,324.72
2024-01-01,2023-2024,2015-16,01,05,Rice,327.22
2024-02-01,2023-2024,2015-16,01,05,Rice,328.7
2024-03-01,2023-2024,2015-16,01,05,Rice,328.95
2024-04-01,2023-2024,2015-16,01,05,Rice,329.95
2024-05-01,2023-2024,2015-16,01,05,Rice,321.96
2024-06-01,2023-2024,2015-16,01,05,Rice,308.6
2024-07-01,2024-2025,2015-16,01,05,Rice,310.37
2024-08-01,2024-2025,2015-16,01,05,Rice,313.42
2024-09-01,2024-2025,2015-16,01,05,Rice,315.6
2024-10-01,2024-2025,2015-16,01,05,Rice,314.76
2024-11-01,2024-2025,2015-16,01,05,Rice,312.05
2024-12-01,2024-2025,2015-16,01,05,Rice,309.73
2025-01-01,2024-2025,2015-16,01,05,Rice,310.41
2025-02-01,2024-2025,2015-16,01,05,Rice,311.63
2025-03-01,2024-2025,2015-16,01,05,Rice,310.05
2025-04-01,2024-2025,2015-16,01,05,Rice,310.29
2025-05-01,2024-2025,2015-16,01,05,Rice,309.63
2025-06-01,2024-2025,2015-16,01,05,Rice,314.81
2025-07-01,2025-2026,2015-16,01,05,Rice,319.42
2025-08-01,2025-2026,2015-16,01,05,Rice,321.76
2025-09-01,2025-2026,2015-16,01,05,Rice,330.09
2025-10-01,2025-2026,2015-16,01,05,Rice,330.87
2025-11-01,2025-2026,2015-16,01,05,Rice,328.09
2025-12-01,2025-2026,2015-16,01,05,Rice,327.41
2026-01-01,2025-2026,2015-16,01,05,Rice,328.33
2026-02-01,2025-2026,2015-16,01,05,Rice,328.22
2026-03-01,2025-2026,2015-16,01,05,Rice,328.41
2026-04-01,2025-2026,2015-16,01,05,Rice,331.65
2026-05-01,2025-2026,2015-16,01,05,Rice,332.93
2026-06-01,2025-2026,2015-16,01,05,Rice,335.13
2019-07-01,2019-2020,2015-16,01,06,Bakery and confectionary,114.52
2019-08-01,2019-2020,2015-16,01,06,Bakery and confectionary,117.16
2019-09-01,2019-2020,2015-16,01,06,Bakery and confectionary,120.07
2019-10-01,2019-2020,2015-16,01,06,Bakery and confectionary,120.53
2019-11-01,2019-2020,2015-16,01,06,Bakery and confectionary,122.36
2019-12-01,2019-2020,2015-16,01,06,Bakery and confectionary,124.03
2020-01-01,2019-2020,2015-16,01,06,Bakery and confectionary,124.48
2020-02-01,2019-2020,2015-16,01,06,Bakery and confectionary,125.69
2020-03-01,2019-2020,2015-16,01,06,Bakery and confectionary,126.07
2020-04-01,2019-2020,2015-16,01,06,Bakery and confectionary,126.31
2020-05-01,2019-2020,2015-16,01,06,Bakery and confectionary,126.34
2020-06-01,2019-2020,2015-16,01,06,Bakery and confectionary,126.4
2020-07-01,2020-2021,2015-16,01,06,Bakery and confectionary,127.15
2020-08-01,2020-2021,2015-16,01,06,Bakery and confectionary,135.6
2020-09-01,2020-2021,2015-16,01,06,Bakery and confectionary,138.33
2020-10-01,2020-2021,2015-16,01,06,Bakery and confectionary,138.87
2020-11-01,2020-2021,2015-16,01,06,Bakery and confectionary,141.38
2020-12-01,2020-2021,2015-16,01,06,Bakery and confectionary,141.7
2021-01-01,2020-2021,2015-16,01,06,Bakery and confectionary,142.16
2021-02-01,2020-2021,2015-16,01,06,Bakery and confectionary,142.89
2021-03-01,2020-2021,2015-16,01,06,Bakery and confectionary,143.03
2021-04-01,2020-2021,2015-16,01,06,Bakery and confectionary,145.53
2021-05-01,2020-2021,2015-16,01,06,Bakery and confectionary,147.58
2021-06-01,2020-2021,2015-16,01,06,Bakery and confectionary,148.38
2021-07-01,2021-2022,2015-16,01,06,Bakery and confectionary,148.47
2021-08-01,2021-2022,2015-16,01,06,Bakery and confectionary,148.7
2021-09-01,2021-2022,2015-16,01,06,Bakery and confectionary,149.97
2021-10-01,2021-2022,2015-16,01,06,Bakery and confectionary,151.61
2021-11-01,2021-2022,2015-16,01,06,Bakery and confectionary,156.86
2021-12-01,2021-2022,2015-16,01,06,Bakery and confectionary,161.51
2022-01-01,2021-2022,2015-16,01,06,Bakery and confectionary,162.82
2022-02-01,2021-2022,2015-16,01,06,Bakery and confectionary,164.74
2022-03-01,2021-2022,2015-16,01,06,Bakery and confectionary,166.04
2022-04-01,2021-2022,2015-16,01,06,Bakery and confectionary,167.09
2022-05-01,2021-2022,2015-16,01,06,Bakery and confectionary,169.04
2022-06-01,2021-2022,2015-16,01,06,Bakery and confectionary,182.23
2022-07-01,2022-2023,2015-16,01,06,Bakery and confectionary,185.75
2022-08-01,2022-2023,2015-16,01,06,Bakery and confectionary,187.99
2022-09-01,2022-2023,2015-16,01,06,Bakery and confectionary,195.92
2022-10-01,2022-2023,2015-16,01,06,Bakery and confectionary,208.05
2022-11-01,2022-2023,2015-16,01,06,Bakery and confectionary,212.43
2022-12-01,2022-2023,2015-16,01,06,Bakery and confectionary,214.99
2023-01-01,2022-2023,2015-16,01,06,Bakery and confectionary,226.66
2023-02-01,2022-2023,2015-16,01,06,Bakery and confectionary,231.61
2023-03-01,2022-2023,2015-16,01,06,Bakery and confectionary,234.47
2023-04-01,2022-2023,2015-16,01,06,Bakery and confectionary,238.11
2023-05-01,2022-2023,2015-16,01,06,Bakery and confectionary,243.88
2023-06-01,2022-2023,2015-16,01,06,Bakery and confectionary,249.35
2023-07-01,2023-2024,2015-16,01,06,Bakery and confectionary,252.51
2023-08-01,2023-2024,2015-16,01,06,Bakery and confectionary,256.8
2023-09-01,2023-2024,2015-16,01,06,Bakery and confectionary,263
2023-10-01,2023-2024,2015-16,01,06,Bakery and confectionary,265.29
2023-11-01,2023-2024,2015-16,01,06,Bakery and confectionary,265.86
2023-12-01,2023-2024,2015-16,01,06,Bakery and confectionary,266.15
2024-01-01,2023-2024,2015-16,01,06,Bakery and confectionary,267.75
2024-02-01,2023-2024,2015-16,01,06,Bakery and confectionary,268.56
2024-03-01,2023-2024,2015-16,01,06,Bakery and confectionary,266.52
2024-04-01,2023-2024,2015-16,01,06,Bakery and confectionary,269.28
2024-05-01,2023-2024,2015-16,01,06,Bakery and confectionary,269.7
2024-06-01,2023-2024,2015-16,01,06,Bakery and confectionary,262.89
2024-07-01,2024-2025,2015-16,01,06,Bakery and confectionary,259.67
2024-08-01,2024-2025,2015-16,01,06,Bakery and confectionary,260.5
2024-09-01,2024-2025,2015-16,01,06,Bakery and confectionary,260.22
2024-10-01,2024-2025,2015-16,01,06,Bakery and confectionary,262.99
2024-11-01,2024-2025,2015-16,01,06,Bakery and confectionary,262.97
2024-12-01,2024-2025,2015-16,01,06,Bakery and confectionary,264.44
2025-01-01,2024-2025,2015-16,01,06,Bakery and confectionary,264.66
2025-02-01,2024-2025,2015-16,01,06,Bakery and confectionary,267.82
2025-03-01,2024-2025,2015-16,01,06,Bakery and confectionary,265.44
2025-04-01,2024-2025,2015-16,01,06,Bakery and confectionary,268.1
2025-05-01,2024-2025,2015-16,01,06,Bakery and confectionary,268.69
2025-06-01,2024-2025,2015-16,01,06,Bakery and confectionary,268.92
2025-07-01,2025-2026,2015-16,01,06,Bakery and confectionary,269.17
2025-08-01,2025-2026,2015-16,01,06,Bakery and confectionary,269.45
2025-09-01,2025-2026,2015-16,01,06,Bakery and confectionary,270.74
2025-10-01,2025-2026,2015-16,01,06,Bakery and confectionary,270.83
2025-11-01,2025-2026,2015-16,01,06,Bakery and confectionary,272.88
2025-12-01,2025-2026,2015-16,01,06,Bakery and confectionary,273.15
2026-01-01,2025-2026,2015-16,01,06,Bakery and confectionary,276.49
2026-02-01,2025-2026,2015-16,01,06,Bakery and confectionary,277.31
2026-03-01,2025-2026,2015-16,01,06,Bakery and confectionary,279.3
2026-04-01,2025-2026,2015-16,01,06,Bakery and confectionary,286.67
2026-05-01,2025-2026,2015-16,01,06,Bakery and confectionary,293.56
2026-06-01,2025-2026,2015-16,01,06,Bakery and confectionary,294.18
2019-07-01,2019-2020,2015-16,01,07,Nimco,113.69
2019-08-01,2019-2020,2015-16,01,07,Nimco,115.5
2019-09-01,2019-2020,2015-16,01,07,Nimco,115.67
2019-10-01,2019-2020,2015-16,01,07,Nimco,116.71
2019-11-01,2019-2020,2015-16,01,07,Nimco,117.77
2019-12-01,2019-2020,2015-16,01,07,Nimco,119.29
2020-01-01,2019-2020,2015-16,01,07,Nimco,120.46
2020-02-01,2019-2020,2015-16,01,07,Nimco,122.87
2020-03-01,2019-2020,2015-16,01,07,Nimco,124.31
2020-04-01,2019-2020,2015-16,01,07,Nimco,124.74
2020-05-01,2019-2020,2015-16,01,07,Nimco,125.49
2020-06-01,2019-2020,2015-16,01,07,Nimco,125.99
2020-07-01,2020-2021,2015-16,01,07,Nimco,129.75
2020-08-01,2020-2021,2015-16,01,07,Nimco,131.66
2020-09-01,2020-2021,2015-16,01,07,Nimco,132.95
2020-10-01,2020-2021,2015-16,01,07,Nimco,133.68
2020-11-01,2020-2021,2015-16,01,07,Nimco,134.36
2020-12-01,2020-2021,2015-16,01,07,Nimco,135.25
2021-01-01,2020-2021,2015-16,01,07,Nimco,137.11
2021-02-01,2020-2021,2015-16,01,07,Nimco,140.68
2021-03-01,2020-2021,2015-16,01,07,Nimco,141.67
2021-04-01,2020-2021,2015-16,01,07,Nimco,142.55
2021-05-01,2020-2021,2015-16,01,07,Nimco,142.81
2021-06-01,2020-2021,2015-16,01,07,Nimco,144.39
2021-07-01,2021-2022,2015-16,01,07,Nimco,144.86
2021-08-01,2021-2022,2015-16,01,07,Nimco,147.14
2021-09-01,2021-2022,2015-16,01,07,Nimco,150.4
2021-10-01,2021-2022,2015-16,01,07,Nimco,154.23
2021-11-01,2021-2022,2015-16,01,07,Nimco,160.71
2021-12-01,2021-2022,2015-16,01,07,Nimco,163.59
2022-01-01,2021-2022,2015-16,01,07,Nimco,166.44
2022-02-01,2021-2022,2015-16,01,07,Nimco,169.35
2022-03-01,2021-2022,2015-16,01,07,Nimco,172.11
2022-04-01,2021-2022,2015-16,01,07,Nimco,176.76
2022-05-01,2021-2022,2015-16,01,07,Nimco,182.03
2022-06-01,2021-2022,2015-16,01,07,Nimco,193.49
2022-07-01,2022-2023,2015-16,01,07,Nimco,202.38
2022-08-01,2022-2023,2015-16,01,07,Nimco,208.32
2022-09-01,2022-2023,2015-16,01,07,Nimco,217.31
2022-10-01,2022-2023,2015-16,01,07,Nimco,221.93
2022-11-01,2022-2023,2015-16,01,07,Nimco,224.38
2022-12-01,2022-2023,2015-16,01,07,Nimco,226.18
2023-01-01,2022-2023,2015-16,01,07,Nimco,231.04
2023-02-01,2022-2023,2015-16,01,07,Nimco,241.81
2023-03-01,2022-2023,2015-16,01,07,Nimco,246.08
2023-04-01,2022-2023,2015-16,01,07,Nimco,249.51
2023-05-01,2022-2023,2015-16,01,07,Nimco,251.78
2023-06-01,2022-2023,2015-16,01,07,Nimco,258.41
2023-07-01,2023-2024,2015-16,01,07,Nimco,263.1
2023-08-01,2023-2024,2015-16,01,07,Nimco,267.22
2023-09-01,2023-2024,2015-16,01,07,Nimco,274.82
2023-10-01,2023-2024,2015-16,01,07,Nimco,278.61
2023-11-01,2023-2024,2015-16,01,07,Nimco,278.74
2023-12-01,2023-2024,2015-16,01,07,Nimco,278.99
2024-01-01,2023-2024,2015-16,01,07,Nimco,281.34
2024-02-01,2023-2024,2015-16,01,07,Nimco,281.92
2024-03-01,2023-2024,2015-16,01,07,Nimco,285.1
2024-04-01,2023-2024,2015-16,01,07,Nimco,285.51
2024-05-01,2023-2024,2015-16,01,07,Nimco,287.01
2024-06-01,2023-2024,2015-16,01,07,Nimco,285.08
2024-07-01,2024-2025,2015-16,01,07,Nimco,287.62
2024-08-01,2024-2025,2015-16,01,07,Nimco,288.04
2024-09-01,2024-2025,2015-16,01,07,Nimco,289.86
2024-10-01,2024-2025,2015-16,01,07,Nimco,292.5
2024-11-01,2024-2025,2015-16,01,07,Nimco,292.66
2024-12-01,2024-2025,2015-16,01,07,Nimco,295.4
2025-01-01,2024-2025,2015-16,01,07,Nimco,295.6
2025-02-01,2024-2025,2015-16,01,07,Nimco,295.66
2025-03-01,2024-2025,2015-16,01,07,Nimco,298.32
2025-04-01,2024-2025,2015-16,01,07,Nimco,298.45
2025-05-01,2024-2025,2015-16,01,07,Nimco,299.53
2025-06-01,2024-2025,2015-16,01,07,Nimco,300.39
2025-07-01,2025-2026,2015-16,01,07,Nimco,300.45
2025-08-01,2025-2026,2015-16,01,07,Nimco,300.77
2025-09-01,2025-2026,2015-16,01,07,Nimco,301.17
2025-10-01,2025-2026,2015-16,01,07,Nimco,302.11
2025-11-01,2025-2026,2015-16,01,07,Nimco,302.13
2025-12-01,2025-2026,2015-16,01,07,Nimco,302.13
2026-01-01,2025-2026,2015-16,01,07,Nimco,303.17
2026-02-01,2025-2026,2015-16,01,07,Nimco,303.87
2026-03-01,2025-2026,2015-16,01,07,Nimco,305.66
2026-04-01,2025-2026,2015-16,01,07,Nimco,305.73
2026-05-01,2025-2026,2015-16,01,07,Nimco,307.54
2026-06-01,2025-2026,2015-16,01,07,Nimco,312.48
2019-07-01,2019-2020,2015-16,01,08,Meat,135.95
2019-08-01,2019-2020,2015-16,01,08,Meat,136.89
2019-09-01,2019-2020,2015-16,01,08,Meat,137.72
2019-10-01,2019-2020,2015-16,01,08,Meat,139.33
2019-11-01,2019-2020,2015-16,01,08,Meat,140.3
2019-12-01,2019-2020,2015-16,01,08,Meat,140.77
2020-01-01,2019-2020,2015-16,01,08,Meat,141.84
2020-02-01,2019-2020,2015-16,01,08,Meat,142.13
2020-03-01,2019-2020,2015-16,01,08,Meat,143.33
2020-04-01,2019-2020,2015-16,01,08,Meat,145.46
2020-05-01,2019-2020,2015-16,01,08,Meat,146.83
2020-06-01,2019-2020,2015-16,01,08,Meat,147.76
2020-07-01,2020-2021,2015-16,01,08,Meat,153.62
2020-08-01,2020-2021,2015-16,01,08,Meat,153.64
2020-09-01,2020-2021,2015-16,01,08,Meat,154.2
2020-10-01,2020-2021,2015-16,01,08,Meat,155.08
2020-11-01,2020-2021,2015-16,01,08,Meat,155.07
2020-12-01,2020-2021,2015-16,01,08,Meat,155.77
2021-01-01,2020-2021,2015-16,01,08,Meat,155.97
2021-02-01,2020-2021,2015-16,01,08,Meat,156.32
2021-03-01,2020-2021,2015-16,01,08,Meat,157.53
2021-04-01,2020-2021,2015-16,01,08,Meat,160.11
2021-05-01,2020-2021,2015-16,01,08,Meat,167.61
2021-06-01,2020-2021,2015-16,01,08,Meat,172.38
2021-07-01,2021-2022,2015-16,01,08,Meat,174.06
2021-08-01,2021-2022,2015-16,01,08,Meat,174.71
2021-09-01,2021-2022,2015-16,01,08,Meat,178.55
2021-10-01,2021-2022,2015-16,01,08,Meat,181.62
2021-11-01,2021-2022,2015-16,01,08,Meat,186.39
2021-12-01,2021-2022,2015-16,01,08,Meat,187.55
2022-01-01,2021-2022,2015-16,01,08,Meat,190.88
2022-02-01,2021-2022,2015-16,01,08,Meat,193.27
2022-03-01,2021-2022,2015-16,01,08,Meat,194.83
2022-04-01,2021-2022,2015-16,01,08,Meat,201.16
2022-05-01,2021-2022,2015-16,01,08,Meat,209.16
2022-06-01,2021-2022,2015-16,01,08,Meat,217.33
2022-07-01,2022-2023,2015-16,01,08,Meat,219.27
2022-08-01,2022-2023,2015-16,01,08,Meat,221.55
2022-09-01,2022-2023,2015-16,01,08,Meat,222.99
2022-10-01,2022-2023,2015-16,01,08,Meat,227.65
2022-11-01,2022-2023,2015-16,01,08,Meat,228.34
2022-12-01,2022-2023,2015-16,01,08,Meat,228.87
2023-01-01,2022-2023,2015-16,01,08,Meat,229.07
2023-02-01,2022-2023,2015-16,01,08,Meat,233.5
2023-03-01,2022-2023,2015-16,01,08,Meat,235.41
2023-04-01,2022-2023,2015-16,01,08,Meat,240.46
2023-05-01,2022-2023,2015-16,01,08,Meat,251.27
2023-06-01,2022-2023,2015-16,01,08,Meat,257.54
2023-07-01,2023-2024,2015-16,01,08,Meat,259.29
2023-08-01,2023-2024,2015-16,01,08,Meat,262.96
2023-09-01,2023-2024,2015-16,01,08,Meat,265.01
2023-10-01,2023-2024,2015-16,01,08,Meat,267.24
2023-11-01,2023-2024,2015-16,01,08,Meat,268.2
2023-12-01,2023-2024,2015-16,01,08,Meat,268.73
2024-01-01,2023-2024,2015-16,01,08,Meat,273.76
2024-02-01,2023-2024,2015-16,01,08,Meat,277.13
2024-03-01,2023-2024,2015-16,01,08,Meat,288.2
2024-04-01,2023-2024,2015-16,01,08,Meat,293.8
2024-05-01,2023-2024,2015-16,01,08,Meat,305.73
2024-06-01,2023-2024,2015-16,01,08,Meat,308.21
2024-07-01,2024-2025,2015-16,01,08,Meat,309.95
2024-08-01,2024-2025,2015-16,01,08,Meat,313.03
2024-09-01,2024-2025,2015-16,01,08,Meat,320.44
2024-10-01,2024-2025,2015-16,01,08,Meat,321.62
2024-11-01,2024-2025,2015-16,01,08,Meat,323.58
2024-12-01,2024-2025,2015-16,01,08,Meat,326.19
2025-01-01,2024-2025,2015-16,01,08,Meat,327.14
2025-02-01,2024-2025,2015-16,01,08,Meat,328.66
2025-03-01,2024-2025,2015-16,01,08,Meat,333.93
2025-04-01,2024-2025,2015-16,01,08,Meat,338.94
2025-05-01,2024-2025,2015-16,01,08,Meat,341.71
2025-06-01,2024-2025,2015-16,01,08,Meat,342.39
2025-07-01,2025-2026,2015-16,01,08,Meat,344.49
2025-08-01,2025-2026,2015-16,01,08,Meat,345.89
2025-09-01,2025-2026,2015-16,01,08,Meat,348.63
2025-10-01,2025-2026,2015-16,01,08,Meat,350.61
2025-11-01,2025-2026,2015-16,01,08,Meat,356.95
2025-12-01,2025-2026,2015-16,01,08,Meat,358.68
2026-01-01,2025-2026,2015-16,01,08,Meat,360.53
2026-02-01,2025-2026,2015-16,01,08,Meat,365.75
2026-03-01,2025-2026,2015-16,01,08,Meat,371.36
2026-04-01,2025-2026,2015-16,01,08,Meat,381.23
2026-05-01,2025-2026,2015-16,01,08,Meat,389.8
2026-06-01,2025-2026,2015-16,01,08,Meat,392.09
2019-07-01,2019-2020,2015-16,01,09,Chicken,103.52
2019-08-01,2019-2020,2015-16,01,09,Chicken,145.7
2019-09-01,2019-2020,2015-16,01,09,Chicken,139.26
2019-10-01,2019-2020,2015-16,01,09,Chicken,113.96
2019-11-01,2019-2020,2015-16,01,09,Chicken,111.36
2019-12-01,2019-2020,2015-16,01,09,Chicken,98.88
2020-01-01,2019-2020,2015-16,01,09,Chicken,116.21
2020-02-01,2019-2020,2015-16,01,09,Chicken,118.94
2020-03-01,2019-2020,2015-16,01,09,Chicken,122.8
2020-04-01,2019-2020,2015-16,01,09,Chicken,96.02
2020-05-01,2019-2020,2015-16,01,09,Chicken,135.83
2020-06-01,2019-2020,2015-16,01,09,Chicken,137.92
2020-07-01,2020-2021,2015-16,01,09,Chicken,141.5
2020-08-01,2020-2021,2015-16,01,09,Chicken,89.93
2020-09-01,2020-2021,2015-16,01,09,Chicken,106.4
2020-10-01,2020-2021,2015-16,01,09,Chicken,134.72
2020-11-01,2020-2021,2015-16,01,09,Chicken,163.5
2020-12-01,2020-2021,2015-16,01,09,Chicken,165.48
2021-01-01,2020-2021,2015-16,01,09,Chicken,118.35
2021-02-01,2020-2021,2015-16,01,09,Chicken,162.15
2021-03-01,2020-2021,2015-16,01,09,Chicken,172.82
2021-04-01,2020-2021,2015-16,01,09,Chicken,185.45
2021-05-01,2020-2021,2015-16,01,09,Chicken,216.74
2021-06-01,2020-2021,2015-16,01,09,Chicken,136.86
2021-07-01,2021-2022,2015-16,01,09,Chicken,123.08
2021-08-01,2021-2022,2015-16,01,09,Chicken,108.34
2021-09-01,2021-2022,2015-16,01,09,Chicken,153.89
2021-10-01,2021-2022,2015-16,01,09,Chicken,181.45
2021-11-01,2021-2022,2015-16,01,09,Chicken,173.58
2021-12-01,2021-2022,2015-16,01,09,Chicken,141.75
2022-01-01,2021-2022,2015-16,01,09,Chicken,138.57
2022-02-01,2021-2022,2015-16,01,09,Chicken,154.66
2022-03-01,2021-2022,2015-16,01,09,Chicken,206.67
2022-04-01,2021-2022,2015-16,01,09,Chicken,187.24
2022-05-01,2021-2022,2015-16,01,09,Chicken,219.04
2022-06-01,2021-2022,2015-16,01,09,Chicken,201.9
2022-07-01,2022-2023,2015-16,01,09,Chicken,195.81
2022-08-01,2022-2023,2015-16,01,09,Chicken,173.22
2022-09-01,2022-2023,2015-16,01,09,Chicken,195.83
2022-10-01,2022-2023,2015-16,01,09,Chicken,203.63
2022-11-01,2022-2023,2015-16,01,09,Chicken,193.28
2022-12-01,2022-2023,2015-16,01,09,Chicken,203.78
2023-01-01,2022-2023,2015-16,01,09,Chicken,253.96
2023-02-01,2022-2023,2015-16,01,09,Chicken,304.46
2023-03-01,2022-2023,2015-16,01,09,Chicken,293.32
2023-04-01,2022-2023,2015-16,01,09,Chicken,267.99
2023-05-01,2022-2023,2015-16,01,09,Chicken,298.29
2023-06-01,2022-2023,2015-16,01,09,Chicken,318.43
2023-07-01,2023-2024,2015-16,01,09,Chicken,309.64
2023-08-01,2023-2024,2015-16,01,09,Chicken,290.25
2023-09-01,2023-2024,2015-16,01,09,Chicken,255.94
2023-10-01,2023-2024,2015-16,01,09,Chicken,255.61
2023-11-01,2023-2024,2015-16,01,09,Chicken,249.02
2023-12-01,2023-2024,2015-16,01,09,Chicken,238.56
2024-01-01,2023-2024,2015-16,01,09,Chicken,313.57
2024-02-01,2023-2024,2015-16,01,09,Chicken,312.3
2024-03-01,2023-2024,2015-16,01,09,Chicken,295.01
2024-04-01,2023-2024,2015-16,01,09,Chicken,358.08
2024-05-01,2023-2024,2015-16,01,09,Chicken,231.76
2024-06-01,2023-2024,2015-16,01,09,Chicken,251.04
2024-07-01,2024-2025,2015-16,01,09,Chicken,275.86
2024-08-01,2024-2025,2015-16,01,09,Chicken,313.44
2024-09-01,2024-2025,2015-16,01,09,Chicken,309.9
2024-10-01,2024-2025,2015-16,01,09,Chicken,324.19
2024-11-01,2024-2025,2015-16,01,09,Chicken,269.26
2024-12-01,2024-2025,2015-16,01,09,Chicken,234.1
2025-01-01,2024-2025,2015-16,01,09,Chicken,316.64
2025-02-01,2024-2025,2015-16,01,09,Chicken,311.85
2025-03-01,2024-2025,2015-16,01,09,Chicken,345.76
2025-04-01,2024-2025,2015-16,01,09,Chicken,324.2
2025-05-01,2024-2025,2015-16,01,09,Chicken,352.18
2025-06-01,2024-2025,2015-16,01,09,Chicken,229.03
2025-07-01,2025-2026,2015-16,01,09,Chicken,297.11
2025-08-01,2025-2026,2015-16,01,09,Chicken,309.48
2025-09-01,2025-2026,2015-16,01,09,Chicken,292.98
2025-10-01,2025-2026,2015-16,01,09,Chicken,229.92
2025-11-01,2025-2026,2015-16,01,09,Chicken,269.83
2025-12-01,2025-2026,2015-16,01,09,Chicken,262.31
2026-01-01,2025-2026,2015-16,01,09,Chicken,304.64
2026-02-01,2025-2026,2015-16,01,09,Chicken,243.75
2026-03-01,2025-2026,2015-16,01,09,Chicken,275.43
2026-04-01,2025-2026,2015-16,01,09,Chicken,282.84
2026-05-01,2025-2026,2015-16,01,09,Chicken,278.35
2026-06-01,2025-2026,2015-16,01,09,Chicken,215.89
2019-07-01,2019-2020,2015-16,01,10,Fish,121.14
2019-08-01,2019-2020,2015-16,01,10,Fish,121.83
2019-09-01,2019-2020,2015-16,01,10,Fish,121
2019-10-01,2019-2020,2015-16,01,10,Fish,123.42
2019-11-01,2019-2020,2015-16,01,10,Fish,124.87
2019-12-01,2019-2020,2015-16,01,10,Fish,126.39
2020-01-01,2019-2020,2015-16,01,10,Fish,127.9
2020-02-01,2019-2020,2015-16,01,10,Fish,126.83
2020-03-01,2019-2020,2015-16,01,10,Fish,115.1
2020-04-01,2019-2020,2015-16,01,10,Fish,114.32
2020-05-01,2019-2020,2015-16,01,10,Fish,114.13
2020-06-01,2019-2020,2015-16,01,10,Fish,114.26
2020-07-01,2020-2021,2015-16,01,10,Fish,113.6
2020-08-01,2020-2021,2015-16,01,10,Fish,111.48
2020-09-01,2020-2021,2015-16,01,10,Fish,111.86
2020-10-01,2020-2021,2015-16,01,10,Fish,112.33
2020-11-01,2020-2021,2015-16,01,10,Fish,114.45
2020-12-01,2020-2021,2015-16,01,10,Fish,116.18
2021-01-01,2020-2021,2015-16,01,10,Fish,118.09
2021-02-01,2020-2021,2015-16,01,10,Fish,117.48
2021-03-01,2020-2021,2015-16,01,10,Fish,115.39
2021-04-01,2020-2021,2015-16,01,10,Fish,115.17
2021-05-01,2020-2021,2015-16,01,10,Fish,115.33
2021-06-01,2020-2021,2015-16,01,10,Fish,113.13
2021-07-01,2021-2022,2015-16,01,10,Fish,112.86
2021-08-01,2021-2022,2015-16,01,10,Fish,112.91
2021-09-01,2021-2022,2015-16,01,10,Fish,113.33
2021-10-01,2021-2022,2015-16,01,10,Fish,115.85
2021-11-01,2021-2022,2015-16,01,10,Fish,118.05
2021-12-01,2021-2022,2015-16,01,10,Fish,119.87
2022-01-01,2021-2022,2015-16,01,10,Fish,120.35
2022-02-01,2021-2022,2015-16,01,10,Fish,124.33
2022-03-01,2021-2022,2015-16,01,10,Fish,123.38
2022-04-01,2021-2022,2015-16,01,10,Fish,123.29
2022-05-01,2021-2022,2015-16,01,10,Fish,123.28
2022-06-01,2021-2022,2015-16,01,10,Fish,124.55
2022-07-01,2022-2023,2015-16,01,10,Fish,124.55
2022-08-01,2022-2023,2015-16,01,10,Fish,124.28
2022-09-01,2022-2023,2015-16,01,10,Fish,125.68
2022-10-01,2022-2023,2015-16,01,10,Fish,133.69
2022-11-01,2022-2023,2015-16,01,10,Fish,143.06
2022-12-01,2022-2023,2015-16,01,10,Fish,144.28
2023-01-01,2022-2023,2015-16,01,10,Fish,147.16
2023-02-01,2022-2023,2015-16,01,10,Fish,151.05
2023-03-01,2022-2023,2015-16,01,10,Fish,150.96
2023-04-01,2022-2023,2015-16,01,10,Fish,150.76
2023-05-01,2022-2023,2015-16,01,10,Fish,149
2023-06-01,2022-2023,2015-16,01,10,Fish,149
2023-07-01,2023-2024,2015-16,01,10,Fish,149.19
2023-08-01,2023-2024,2015-16,01,10,Fish,151.36
2023-09-01,2023-2024,2015-16,01,10,Fish,151.57
2023-10-01,2023-2024,2015-16,01,10,Fish,156.12
2023-11-01,2023-2024,2015-16,01,10,Fish,168.22
2023-12-01,2023-2024,2015-16,01,10,Fish,173.56
2024-01-01,2023-2024,2015-16,01,10,Fish,183.05
2024-02-01,2023-2024,2015-16,01,10,Fish,188.79
2024-03-01,2023-2024,2015-16,01,10,Fish,188.89
2024-04-01,2023-2024,2015-16,01,10,Fish,193.59
2024-05-01,2023-2024,2015-16,01,10,Fish,193.16
2024-06-01,2023-2024,2015-16,01,10,Fish,194.26
2024-07-01,2024-2025,2015-16,01,10,Fish,193.9
2024-08-01,2024-2025,2015-16,01,10,Fish,195.22
2024-09-01,2024-2025,2015-16,01,10,Fish,196.82
2024-10-01,2024-2025,2015-16,01,10,Fish,207.73
2024-11-01,2024-2025,2015-16,01,10,Fish,213.87
2024-12-01,2024-2025,2015-16,01,10,Fish,217.77
2025-01-01,2024-2025,2015-16,01,10,Fish,219.12
2025-02-01,2024-2025,2015-16,01,10,Fish,218.86
2025-03-01,2024-2025,2015-16,01,10,Fish,214.24
2025-04-01,2024-2025,2015-16,01,10,Fish,208.87
2025-05-01,2024-2025,2015-16,01,10,Fish,208
2025-06-01,2024-2025,2015-16,01,10,Fish,208
2025-07-01,2025-2026,2015-16,01,10,Fish,207.96
2025-08-01,2025-2026,2015-16,01,10,Fish,210.99
2025-09-01,2025-2026,2015-16,01,10,Fish,211.35
2025-10-01,2025-2026,2015-16,01,10,Fish,219.45
2025-11-01,2025-2026,2015-16,01,10,Fish,225.91
2025-12-01,2025-2026,2015-16,01,10,Fish,230.17
2026-01-01,2025-2026,2015-16,01,10,Fish,233.69
2026-02-01,2025-2026,2015-16,01,10,Fish,233.48
2026-03-01,2025-2026,2015-16,01,10,Fish,231.96
2026-04-01,2025-2026,2015-16,01,10,Fish,228.18
2026-05-01,2025-2026,2015-16,01,10,Fish,225.94
2026-06-01,2025-2026,2015-16,01,10,Fish,225.1
2019-07-01,2019-2020,2015-16,01,11,Milk fresh,113.88
2019-08-01,2019-2020,2015-16,01,11,Milk fresh,114.39
2019-09-01,2019-2020,2015-16,01,11,Milk fresh,117.63
2019-10-01,2019-2020,2015-16,01,11,Milk fresh,118.51
2019-11-01,2019-2020,2015-16,01,11,Milk fresh,120.19
2019-12-01,2019-2020,2015-16,01,11,Milk fresh,120.26
2020-01-01,2019-2020,2015-16,01,11,Milk fresh,120.51
2020-02-01,2019-2020,2015-16,01,11,Milk fresh,120.5
2020-03-01,2019-2020,2015-16,01,11,Milk fresh,121.66
2020-04-01,2019-2020,2015-16,01,11,Milk fresh,116.44
2020-05-01,2019-2020,2015-16,01,11,Milk fresh,121.83
2020-06-01,2019-2020,2015-16,01,11,Milk fresh,123.69
2020-07-01,2020-2021,2015-16,01,11,Milk fresh,125.39
2020-08-01,2020-2021,2015-16,01,11,Milk fresh,131.39
2020-09-01,2020-2021,2015-16,01,11,Milk fresh,132.92
2020-10-01,2020-2021,2015-16,01,11,Milk fresh,133.5
2020-11-01,2020-2021,2015-16,01,11,Milk fresh,133.85
2020-12-01,2020-2021,2015-16,01,11,Milk fresh,134.33
2021-01-01,2020-2021,2015-16,01,11,Milk fresh,137.63
2021-02-01,2020-2021,2015-16,01,11,Milk fresh,138.15
2021-03-01,2020-2021,2015-16,01,11,Milk fresh,139.22
2021-04-01,2020-2021,2015-16,01,11,Milk fresh,140.16
2021-05-01,2020-2021,2015-16,01,11,Milk fresh,140.61
2021-06-01,2020-2021,2015-16,01,11,Milk fresh,141.24
2021-07-01,2021-2022,2015-16,01,11,Milk fresh,142.6
2021-08-01,2021-2022,2015-16,01,11,Milk fresh,145.37
2021-09-01,2021-2022,2015-16,01,11,Milk fresh,145.52
2021-10-01,2021-2022,2015-16,01,11,Milk fresh,146.11
2021-11-01,2021-2022,2015-16,01,11,Milk fresh,149.52
2021-12-01,2021-2022,2015-16,01,11,Milk fresh,153.75
2022-01-01,2021-2022,2015-16,01,11,Milk fresh,152.9
2022-02-01,2021-2022,2015-16,01,11,Milk fresh,153.12
2022-03-01,2021-2022,2015-16,01,11,Milk fresh,155.45
2022-04-01,2021-2022,2015-16,01,11,Milk fresh,157.43
2022-05-01,2021-2022,2015-16,01,11,Milk fresh,158.36
2022-06-01,2021-2022,2015-16,01,11,Milk fresh,171.31
2022-07-01,2022-2023,2015-16,01,11,Milk fresh,177.89
2022-08-01,2022-2023,2015-16,01,11,Milk fresh,181.73
2022-09-01,2022-2023,2015-16,01,11,Milk fresh,187.11
2022-10-01,2022-2023,2015-16,01,11,Milk fresh,189.38
2022-11-01,2022-2023,2015-16,01,11,Milk fresh,190.84
2022-12-01,2022-2023,2015-16,01,11,Milk fresh,193.72
2023-01-01,2022-2023,2015-16,01,11,Milk fresh,197.65
2023-02-01,2022-2023,2015-16,01,11,Milk fresh,202.1
2023-03-01,2022-2023,2015-16,01,11,Milk fresh,211.2
2023-04-01,2022-2023,2015-16,01,11,Milk fresh,214.72
2023-05-01,2022-2023,2015-16,01,11,Milk fresh,218.05
2023-06-01,2022-2023,2015-16,01,11,Milk fresh,225.78
2023-07-01,2023-2024,2015-16,01,11,Milk fresh,231.26
2023-08-01,2023-2024,2015-16,01,11,Milk fresh,234.88
2023-09-01,2023-2024,2015-16,01,11,Milk fresh,239.65
2023-10-01,2023-2024,2015-16,01,11,Milk fresh,235.5
2023-11-01,2023-2024,2015-16,01,11,Milk fresh,235.88
2023-12-01,2023-2024,2015-16,01,11,Milk fresh,235.89
2024-01-01,2023-2024,2015-16,01,11,Milk fresh,236.06
2024-02-01,2023-2024,2015-16,01,11,Milk fresh,236.22
2024-03-01,2023-2024,2015-16,01,11,Milk fresh,236.51
2024-04-01,2023-2024,2015-16,01,11,Milk fresh,236.75
2024-05-01,2023-2024,2015-16,01,11,Milk fresh,238.18
2024-06-01,2023-2024,2015-16,01,11,Milk fresh,242.46
2024-07-01,2024-2025,2015-16,01,11,Milk fresh,255.33
2024-08-01,2024-2025,2015-16,01,11,Milk fresh,258.57
2024-09-01,2024-2025,2015-16,01,11,Milk fresh,259.28
2024-10-01,2024-2025,2015-16,01,11,Milk fresh,259.55
2024-11-01,2024-2025,2015-16,01,11,Milk fresh,259.93
2024-12-01,2024-2025,2015-16,01,11,Milk fresh,259.98
2025-01-01,2024-2025,2015-16,01,11,Milk fresh,262.53
2025-02-01,2024-2025,2015-16,01,11,Milk fresh,262.54
2025-03-01,2024-2025,2015-16,01,11,Milk fresh,263.01
2025-04-01,2024-2025,2015-16,01,11,Milk fresh,262.98
2025-05-01,2024-2025,2015-16,01,11,Milk fresh,263.62
2025-06-01,2024-2025,2015-16,01,11,Milk fresh,264.68
2025-07-01,2025-2026,2015-16,01,11,Milk fresh,265.43
2025-08-01,2025-2026,2015-16,01,11,Milk fresh,265.95
2025-09-01,2025-2026,2015-16,01,11,Milk fresh,266.65
2025-10-01,2025-2026,2015-16,01,11,Milk fresh,268.25
2025-11-01,2025-2026,2015-16,01,11,Milk fresh,268.47
2025-12-01,2025-2026,2015-16,01,11,Milk fresh,268.65
2026-01-01,2025-2026,2015-16,01,11,Milk fresh,269.25
2026-02-01,2025-2026,2015-16,01,11,Milk fresh,269.32
2026-03-01,2025-2026,2015-16,01,11,Milk fresh,269.49
2026-04-01,2025-2026,2015-16,01,11,Milk fresh,277.27
2026-05-01,2025-2026,2015-16,01,11,Milk fresh,281.17
2026-06-01,2025-2026,2015-16,01,11,Milk fresh,284.75
2019-07-01,2019-2020,2015-16,01,12,Milk products,116.53
2019-08-01,2019-2020,2015-16,01,12,Milk products,117
2019-09-01,2019-2020,2015-16,01,12,Milk products,122.55
2019-10-01,2019-2020,2015-16,01,12,Milk products,123.45
2019-11-01,2019-2020,2015-16,01,12,Milk products,122.9
2019-12-01,2019-2020,2015-16,01,12,Milk products,122.93
2020-01-01,2019-2020,2015-16,01,12,Milk products,122.98
2020-02-01,2019-2020,2015-16,01,12,Milk products,123
2020-03-01,2019-2020,2015-16,01,12,Milk products,124.15
2020-04-01,2019-2020,2015-16,01,12,Milk products,122.67
2020-05-01,2019-2020,2015-16,01,12,Milk products,124.94
2020-06-01,2019-2020,2015-16,01,12,Milk products,125.86
2020-07-01,2020-2021,2015-16,01,12,Milk products,128.05
2020-08-01,2020-2021,2015-16,01,12,Milk products,134.08
2020-09-01,2020-2021,2015-16,01,12,Milk products,136.35
2020-10-01,2020-2021,2015-16,01,12,Milk products,136.98
2020-11-01,2020-2021,2015-16,01,12,Milk products,137.07
2020-12-01,2020-2021,2015-16,01,12,Milk products,137.19
2021-01-01,2020-2021,2015-16,01,12,Milk products,140.25
2021-02-01,2020-2021,2015-16,01,12,Milk products,140.6
2021-03-01,2020-2021,2015-16,01,12,Milk products,142.41
2021-04-01,2020-2021,2015-16,01,12,Milk products,143.87
2021-05-01,2020-2021,2015-16,01,12,Milk products,144.8
2021-06-01,2020-2021,2015-16,01,12,Milk products,145.49
2021-07-01,2021-2022,2015-16,01,12,Milk products,146.68
2021-08-01,2021-2022,2015-16,01,12,Milk products,149.28
2021-09-01,2021-2022,2015-16,01,12,Milk products,149.61
2021-10-01,2021-2022,2015-16,01,12,Milk products,149.94
2021-11-01,2021-2022,2015-16,01,12,Milk products,151.47
2021-12-01,2021-2022,2015-16,01,12,Milk products,157.39
2022-01-01,2021-2022,2015-16,01,12,Milk products,155.89
2022-02-01,2021-2022,2015-16,01,12,Milk products,156.51
2022-03-01,2021-2022,2015-16,01,12,Milk products,157.87
2022-04-01,2021-2022,2015-16,01,12,Milk products,160.82
2022-05-01,2021-2022,2015-16,01,12,Milk products,161.39
2022-06-01,2021-2022,2015-16,01,12,Milk products,172.73
2022-07-01,2022-2023,2015-16,01,12,Milk products,177.39
2022-08-01,2022-2023,2015-16,01,12,Milk products,181.53
2022-09-01,2022-2023,2015-16,01,12,Milk products,188.82
2022-10-01,2022-2023,2015-16,01,12,Milk products,191.38
2022-11-01,2022-2023,2015-16,01,12,Milk products,192.62
2022-12-01,2022-2023,2015-16,01,12,Milk products,195.12
2023-01-01,2022-2023,2015-16,01,12,Milk products,197.96
2023-02-01,2022-2023,2015-16,01,12,Milk products,202.83
2023-03-01,2022-2023,2015-16,01,12,Milk products,212.14
2023-04-01,2022-2023,2015-16,01,12,Milk products,216.39
2023-05-01,2022-2023,2015-16,01,12,Milk products,218.91
2023-06-01,2022-2023,2015-16,01,12,Milk products,228.78
2023-07-01,2023-2024,2015-16,01,12,Milk products,235.52
2023-08-01,2023-2024,2015-16,01,12,Milk products,238.7
2023-09-01,2023-2024,2015-16,01,12,Milk products,243.89
2023-10-01,2023-2024,2015-16,01,12,Milk products,244.69
2023-11-01,2023-2024,2015-16,01,12,Milk products,244.64
2023-12-01,2023-2024,2015-16,01,12,Milk products,243.98
2024-01-01,2023-2024,2015-16,01,12,Milk products,244.09
2024-02-01,2023-2024,2015-16,01,12,Milk products,244.44
2024-03-01,2023-2024,2015-16,01,12,Milk products,244.77
2024-04-01,2023-2024,2015-16,01,12,Milk products,245.12
2024-05-01,2023-2024,2015-16,01,12,Milk products,245.58
2024-06-01,2023-2024,2015-16,01,12,Milk products,251.67
2024-07-01,2024-2025,2015-16,01,12,Milk products,259.85
2024-08-01,2024-2025,2015-16,01,12,Milk products,262.96
2024-09-01,2024-2025,2015-16,01,12,Milk products,263.84
2024-10-01,2024-2025,2015-16,01,12,Milk products,264.32
2024-11-01,2024-2025,2015-16,01,12,Milk products,265.51
2024-12-01,2024-2025,2015-16,01,12,Milk products,265.64
2025-01-01,2024-2025,2015-16,01,12,Milk products,265.77
2025-02-01,2024-2025,2015-16,01,12,Milk products,265.51
2025-03-01,2024-2025,2015-16,01,12,Milk products,265.27
2025-04-01,2024-2025,2015-16,01,12,Milk products,265.67
2025-05-01,2024-2025,2015-16,01,12,Milk products,265.98
2025-06-01,2024-2025,2015-16,01,12,Milk products,266.92
2025-07-01,2025-2026,2015-16,01,12,Milk products,267.79
2025-08-01,2025-2026,2015-16,01,12,Milk products,268.22
2025-09-01,2025-2026,2015-16,01,12,Milk products,268.56
2025-10-01,2025-2026,2015-16,01,12,Milk products,269.24
2025-11-01,2025-2026,2015-16,01,12,Milk products,271.89
2025-12-01,2025-2026,2015-16,01,12,Milk products,272.44
2026-01-01,2025-2026,2015-16,01,12,Milk products,272.53
2026-02-01,2025-2026,2015-16,01,12,Milk products,273.21
2026-03-01,2025-2026,2015-16,01,12,Milk products,273.12
2026-04-01,2025-2026,2015-16,01,12,Milk products,282.79
2026-05-01,2025-2026,2015-16,01,12,Milk products,286.91
2026-06-01,2025-2026,2015-16,01,12,Milk products,289.69
2019-07-01,2019-2020,2015-16,01,13,Milk powder,118.54
2019-08-01,2019-2020,2015-16,01,13,Milk powder,119.17
2019-09-01,2019-2020,2015-16,01,13,Milk powder,120.92
2019-10-01,2019-2020,2015-16,01,13,Milk powder,123.08
2019-11-01,2019-2020,2015-16,01,13,Milk powder,123.53
2019-12-01,2019-2020,2015-16,01,13,Milk powder,123.96
2020-01-01,2019-2020,2015-16,01,13,Milk powder,125.19
2020-02-01,2019-2020,2015-16,01,13,Milk powder,127.12
2020-03-01,2019-2020,2015-16,01,13,Milk powder,129.49
2020-04-01,2019-2020,2015-16,01,13,Milk powder,129.99
2020-05-01,2019-2020,2015-16,01,13,Milk powder,129.91
2020-06-01,2019-2020,2015-16,01,13,Milk powder,130.2
2020-07-01,2020-2021,2015-16,01,13,Milk powder,130.29
2020-08-01,2020-2021,2015-16,01,13,Milk powder,131.01
2020-09-01,2020-2021,2015-16,01,13,Milk powder,132.88
2020-10-01,2020-2021,2015-16,01,13,Milk powder,133.81
2020-11-01,2020-2021,2015-16,01,13,Milk powder,134.76
2020-12-01,2020-2021,2015-16,01,13,Milk powder,134.85
2021-01-01,2020-2021,2015-16,01,13,Milk powder,135.28
2021-02-01,2020-2021,2015-16,01,13,Milk powder,135.37
2021-03-01,2020-2021,2015-16,01,13,Milk powder,136.73
2021-04-01,2020-2021,2015-16,01,13,Milk powder,136.98
2021-05-01,2020-2021,2015-16,01,13,Milk powder,138.07
2021-06-01,2020-2021,2015-16,01,13,Milk powder,138.33
2021-07-01,2021-2022,2015-16,01,13,Milk powder,138.86
2021-08-01,2021-2022,2015-16,01,13,Milk powder,140.36
2021-09-01,2021-2022,2015-16,01,13,Milk powder,142.02
2021-10-01,2021-2022,2015-16,01,13,Milk powder,142.69
2021-11-01,2021-2022,2015-16,01,13,Milk powder,143.08
2021-12-01,2021-2022,2015-16,01,13,Milk powder,143.67
2022-01-01,2021-2022,2015-16,01,13,Milk powder,144.37
2022-02-01,2021-2022,2015-16,01,13,Milk powder,145.86
2022-03-01,2021-2022,2015-16,01,13,Milk powder,156.17
2022-04-01,2021-2022,2015-16,01,13,Milk powder,155.31
2022-05-01,2021-2022,2015-16,01,13,Milk powder,156.94
2022-06-01,2021-2022,2015-16,01,13,Milk powder,165.29
2022-07-01,2022-2023,2015-16,01,13,Milk powder,165.6
2022-08-01,2022-2023,2015-16,01,13,Milk powder,168.42
2022-09-01,2022-2023,2015-16,01,13,Milk powder,178.84
2022-10-01,2022-2023,2015-16,01,13,Milk powder,183.07
2022-11-01,2022-2023,2015-16,01,13,Milk powder,188.51
2022-12-01,2022-2023,2015-16,01,13,Milk powder,191.46
2023-01-01,2022-2023,2015-16,01,13,Milk powder,194.99
2023-02-01,2022-2023,2015-16,01,13,Milk powder,206.83
2023-03-01,2022-2023,2015-16,01,13,Milk powder,208.81
2023-04-01,2022-2023,2015-16,01,13,Milk powder,210.29
2023-05-01,2022-2023,2015-16,01,13,Milk powder,215.29
2023-06-01,2022-2023,2015-16,01,13,Milk powder,218.39
2023-07-01,2023-2024,2015-16,01,13,Milk powder,230.45
2023-08-01,2023-2024,2015-16,01,13,Milk powder,243.18
2023-09-01,2023-2024,2015-16,01,13,Milk powder,249.53
2023-10-01,2023-2024,2015-16,01,13,Milk powder,250.11
2023-11-01,2023-2024,2015-16,01,13,Milk powder,250.5
2023-12-01,2023-2024,2015-16,01,13,Milk powder,251.17
2024-01-01,2023-2024,2015-16,01,13,Milk powder,251.56
2024-02-01,2023-2024,2015-16,01,13,Milk powder,251.65
2024-03-01,2023-2024,2015-16,01,13,Milk powder,251.64
2024-04-01,2023-2024,2015-16,01,13,Milk powder,255
2024-05-01,2023-2024,2015-16,01,13,Milk powder,256.2
2024-06-01,2023-2024,2015-16,01,13,Milk powder,256.69
2024-07-01,2024-2025,2015-16,01,13,Milk powder,301.19
2024-08-01,2024-2025,2015-16,01,13,Milk powder,301.95
2024-09-01,2024-2025,2015-16,01,13,Milk powder,302.15
2024-10-01,2024-2025,2015-16,01,13,Milk powder,302.42
2024-11-01,2024-2025,2015-16,01,13,Milk powder,302.94
2024-12-01,2024-2025,2015-16,01,13,Milk powder,303.02
2025-01-01,2024-2025,2015-16,01,13,Milk powder,303.35
2025-02-01,2024-2025,2015-16,01,13,Milk powder,303.45
2025-03-01,2024-2025,2015-16,01,13,Milk powder,303.55
2025-04-01,2024-2025,2015-16,01,13,Milk powder,303.57
2025-05-01,2024-2025,2015-16,01,13,Milk powder,312.06
2025-06-01,2024-2025,2015-16,01,13,Milk powder,314.48
2025-07-01,2025-2026,2015-16,01,13,Milk powder,316
2025-08-01,2025-2026,2015-16,01,13,Milk powder,317.07
2025-09-01,2025-2026,2015-16,01,13,Milk powder,317.55
2025-10-01,2025-2026,2015-16,01,13,Milk powder,320.03
2025-11-01,2025-2026,2015-16,01,13,Milk powder,322.98
2025-12-01,2025-2026,2015-16,01,13,Milk powder,329.53
2026-01-01,2025-2026,2015-16,01,13,Milk powder,331.45
2026-02-01,2025-2026,2015-16,01,13,Milk powder,332.05
2026-03-01,2025-2026,2015-16,01,13,Milk powder,332.39
2026-04-01,2025-2026,2015-16,01,13,Milk powder,332.9
2026-05-01,2025-2026,2015-16,01,13,Milk powder,334.44
2026-06-01,2025-2026,2015-16,01,13,Milk powder,334.9
2019-07-01,2019-2020,2015-16,01,14,Eggs,102.76
2019-08-01,2019-2020,2015-16,01,14,Eggs,112.79
2019-09-01,2019-2020,2015-16,01,14,Eggs,110.13
2019-10-01,2019-2020,2015-16,01,14,Eggs,131.87
2019-11-01,2019-2020,2015-16,01,14,Eggs,130.72
2019-12-01,2019-2020,2015-16,01,14,Eggs,136.75
2020-01-01,2019-2020,2015-16,01,14,Eggs,156.28
2020-02-01,2019-2020,2015-16,01,14,Eggs,115.09
2020-03-01,2019-2020,2015-16,01,14,Eggs,116.96
2020-04-01,2019-2020,2015-16,01,14,Eggs,134.17
2020-05-01,2019-2020,2015-16,01,14,Eggs,109.03
2020-06-01,2019-2020,2015-16,01,14,Eggs,132.7
2020-07-01,2020-2021,2015-16,01,14,Eggs,147.06
2020-08-01,2020-2021,2015-16,01,14,Eggs,145.1
2020-09-01,2020-2021,2015-16,01,14,Eggs,152.65
2020-10-01,2020-2021,2015-16,01,14,Eggs,189
2020-11-01,2020-2021,2015-16,01,14,Eggs,194.34
2020-12-01,2020-2021,2015-16,01,14,Eggs,224.8
2021-01-01,2020-2021,2015-16,01,14,Eggs,190.2
2021-02-01,2020-2021,2015-16,01,14,Eggs,170.45
2021-03-01,2020-2021,2015-16,01,14,Eggs,192.54
2021-04-01,2020-2021,2015-16,01,14,Eggs,191.07
2021-05-01,2020-2021,2015-16,01,14,Eggs,168.95
2021-06-01,2020-2021,2015-16,01,14,Eggs,176.33
2021-07-01,2021-2022,2015-16,01,14,Eggs,182.46
2021-08-01,2021-2022,2015-16,01,14,Eggs,179.46
2021-09-01,2021-2022,2015-16,01,14,Eggs,205.35
2021-10-01,2021-2022,2015-16,01,14,Eggs,193.16
2021-11-01,2021-2022,2015-16,01,14,Eggs,212.84
2021-12-01,2021-2022,2015-16,01,14,Eggs,206.39
2022-01-01,2021-2022,2015-16,01,14,Eggs,204.06
2022-02-01,2021-2022,2015-16,01,14,Eggs,179.95
2022-03-01,2021-2022,2015-16,01,14,Eggs,153.41
2022-04-01,2021-2022,2015-16,01,14,Eggs,153.97
2022-05-01,2021-2022,2015-16,01,14,Eggs,174.09
2022-06-01,2021-2022,2015-16,01,14,Eggs,208.87
2022-07-01,2022-2023,2015-16,01,14,Eggs,225.77
2022-08-01,2022-2023,2015-16,01,14,Eggs,242.76
2022-09-01,2022-2023,2015-16,01,14,Eggs,277.23
2022-10-01,2022-2023,2015-16,01,14,Eggs,275.71
2022-11-01,2022-2023,2015-16,01,14,Eggs,290.44
2022-12-01,2022-2023,2015-16,01,14,Eggs,318.63
2023-01-01,2022-2023,2015-16,01,14,Eggs,332.52
2023-02-01,2022-2023,2015-16,01,14,Eggs,321.62
2023-03-01,2022-2023,2015-16,01,14,Eggs,281.66
2023-04-01,2022-2023,2015-16,01,14,Eggs,309.29
2023-05-01,2022-2023,2015-16,01,14,Eggs,331.24
2023-06-01,2022-2023,2015-16,01,14,Eggs,286.06
2023-07-01,2023-2024,2015-16,01,14,Eggs,287.81
2023-08-01,2023-2024,2015-16,01,14,Eggs,334.61
2023-09-01,2023-2024,2015-16,01,14,Eggs,339.37
2023-10-01,2023-2024,2015-16,01,14,Eggs,359.89
2023-11-01,2023-2024,2015-16,01,14,Eggs,385.64
2023-12-01,2023-2024,2015-16,01,14,Eggs,403.9
2024-01-01,2023-2024,2015-16,01,14,Eggs,473.47
2024-02-01,2023-2024,2015-16,01,14,Eggs,320.66
2024-03-01,2023-2024,2015-16,01,14,Eggs,311.74
2024-04-01,2023-2024,2015-16,01,14,Eggs,298.32
2024-05-01,2023-2024,2015-16,01,14,Eggs,303.09
2024-06-01,2023-2024,2015-16,01,14,Eggs,287.57
2024-07-01,2024-2025,2015-16,01,14,Eggs,292.17
2024-08-01,2024-2025,2015-16,01,14,Eggs,328.38
2024-09-01,2024-2025,2015-16,01,14,Eggs,352.44
2024-10-01,2024-2025,2015-16,01,14,Eggs,348.81
2024-11-01,2024-2025,2015-16,01,14,Eggs,390.09
2024-12-01,2024-2025,2015-16,01,14,Eggs,394.02
2025-01-01,2024-2025,2015-16,01,14,Eggs,338.87
2025-02-01,2024-2025,2015-16,01,14,Eggs,290.64
2025-03-01,2024-2025,2015-16,01,14,Eggs,333.99
2025-04-01,2024-2025,2015-16,01,14,Eggs,265.99
2025-05-01,2024-2025,2015-16,01,14,Eggs,330.84
2025-06-01,2024-2025,2015-16,01,14,Eggs,360.03
2025-07-01,2025-2026,2015-16,01,14,Eggs,306.58
2025-08-01,2025-2026,2015-16,01,14,Eggs,345.94
2025-09-01,2025-2026,2015-16,01,14,Eggs,361.49
2025-10-01,2025-2026,2015-16,01,14,Eggs,376.76
2025-11-01,2025-2026,2015-16,01,14,Eggs,406.59
2025-12-01,2025-2026,2015-16,01,14,Eggs,419.89
2026-01-01,2025-2026,2015-16,01,14,Eggs,393.74
2026-02-01,2025-2026,2015-16,01,14,Eggs,305.6
2026-03-01,2025-2026,2015-16,01,14,Eggs,250.66
2026-04-01,2025-2026,2015-16,01,14,Eggs,286.7
2026-05-01,2025-2026,2015-16,01,14,Eggs,269.54
2026-06-01,2025-2026,2015-16,01,14,Eggs,240.58
2019-07-01,2019-2020,2015-16,01,15,Butter,136.49
2019-08-01,2019-2020,2015-16,01,15,Butter,136.56
2019-09-01,2019-2020,2015-16,01,15,Butter,139.46
2019-10-01,2019-2020,2015-16,01,15,Butter,141.34
2019-11-01,2019-2020,2015-16,01,15,Butter,148.69
2019-12-01,2019-2020,2015-16,01,15,Butter,148.69
2020-01-01,2019-2020,2015-16,01,15,Butter,157.5
2020-02-01,2019-2020,2015-16,01,15,Butter,163.19
2020-03-01,2019-2020,2015-16,01,15,Butter,165.21
2020-04-01,2019-2020,2015-16,01,15,Butter,165.88
2020-05-01,2019-2020,2015-16,01,15,Butter,170.16
2020-06-01,2019-2020,2015-16,01,15,Butter,170.23
2020-07-01,2020-2021,2015-16,01,15,Butter,171.57
2020-08-01,2020-2021,2015-16,01,15,Butter,171.57
2020-09-01,2020-2021,2015-16,01,15,Butter,172.14
2020-10-01,2020-2021,2015-16,01,15,Butter,173.48
2020-11-01,2020-2021,2015-16,01,15,Butter,178.01
2020-12-01,2020-2021,2015-16,01,15,Butter,190.03
2021-01-01,2020-2021,2015-16,01,15,Butter,191.2
2021-02-01,2020-2021,2015-16,01,15,Butter,191.73
2021-03-01,2020-2021,2015-16,01,15,Butter,191.73
2021-04-01,2020-2021,2015-16,01,15,Butter,191.73
2021-05-01,2020-2021,2015-16,01,15,Butter,193.07
2021-06-01,2020-2021,2015-16,01,15,Butter,193.95
2021-07-01,2021-2022,2015-16,01,15,Butter,195.19
2021-08-01,2021-2022,2015-16,01,15,Butter,195.19
2021-09-01,2021-2022,2015-16,01,15,Butter,195.79
2021-10-01,2021-2022,2015-16,01,15,Butter,196.85
2021-11-01,2021-2022,2015-16,01,15,Butter,197.28
2021-12-01,2021-2022,2015-16,01,15,Butter,206.36
2022-01-01,2021-2022,2015-16,01,15,Butter,207.46
2022-02-01,2021-2022,2015-16,01,15,Butter,208.2
2022-03-01,2021-2022,2015-16,01,15,Butter,224.43
2022-04-01,2021-2022,2015-16,01,15,Butter,226.2
2022-05-01,2021-2022,2015-16,01,15,Butter,226.27
2022-06-01,2021-2022,2015-16,01,15,Butter,233.91
2022-07-01,2022-2023,2015-16,01,15,Butter,242.5
2022-08-01,2022-2023,2015-16,01,15,Butter,253.18
2022-09-01,2022-2023,2015-16,01,15,Butter,276.94
2022-10-01,2022-2023,2015-16,01,15,Butter,287.66
2022-11-01,2022-2023,2015-16,01,15,Butter,301.94
2022-12-01,2022-2023,2015-16,01,15,Butter,302.62
2023-01-01,2022-2023,2015-16,01,15,Butter,313.58
2023-02-01,2022-2023,2015-16,01,15,Butter,317.75
2023-03-01,2022-2023,2015-16,01,15,Butter,318.67
2023-04-01,2022-2023,2015-16,01,15,Butter,319.13
2023-05-01,2022-2023,2015-16,01,15,Butter,330.02
2023-06-01,2022-2023,2015-16,01,15,Butter,330.23
2023-07-01,2023-2024,2015-16,01,15,Butter,340.17
2023-08-01,2023-2024,2015-16,01,15,Butter,346.39
2023-09-01,2023-2024,2015-16,01,15,Butter,346.57
2023-10-01,2023-2024,2015-16,01,15,Butter,346.57
2023-11-01,2023-2024,2015-16,01,15,Butter,347.56
2023-12-01,2023-2024,2015-16,01,15,Butter,347.56
2024-01-01,2023-2024,2015-16,01,15,Butter,349.75
2024-02-01,2023-2024,2015-16,01,15,Butter,350.46
2024-03-01,2023-2024,2015-16,01,15,Butter,352.02
2024-04-01,2023-2024,2015-16,01,15,Butter,352.02
2024-05-01,2023-2024,2015-16,01,15,Butter,352.02
2024-06-01,2023-2024,2015-16,01,15,Butter,374.05
2024-07-01,2024-2025,2015-16,01,15,Butter,375.6
2024-08-01,2024-2025,2015-16,01,15,Butter,375.71
2024-09-01,2024-2025,2015-16,01,15,Butter,375.71
2024-10-01,2024-2025,2015-16,01,15,Butter,376.31
2024-11-01,2024-2025,2015-16,01,15,Butter,389.46
2024-12-01,2024-2025,2015-16,01,15,Butter,396.71
2025-01-01,2024-2025,2015-16,01,15,Butter,401.94
2025-02-01,2024-2025,2015-16,01,15,Butter,424.47
2025-03-01,2024-2025,2015-16,01,15,Butter,435.93
2025-04-01,2024-2025,2015-16,01,15,Butter,438.33
2025-05-01,2024-2025,2015-16,01,15,Butter,444.06
2025-06-01,2024-2025,2015-16,01,15,Butter,444.13
2025-07-01,2025-2026,2015-16,01,15,Butter,446.57
2025-08-01,2025-2026,2015-16,01,15,Butter,460.75
2025-09-01,2025-2026,2015-16,01,15,Butter,477.26
2025-10-01,2025-2026,2015-16,01,15,Butter,487.8
2025-11-01,2025-2026,2015-16,01,15,Butter,492.4
2025-12-01,2025-2026,2015-16,01,15,Butter,492.4
2026-01-01,2025-2026,2015-16,01,15,Butter,492.4
2026-02-01,2025-2026,2015-16,01,15,Butter,492.4
2026-03-01,2025-2026,2015-16,01,15,Butter,497.52
2026-04-01,2025-2026,2015-16,01,15,Butter,498.09
2026-05-01,2025-2026,2015-16,01,15,Butter,503.61
2026-06-01,2025-2026,2015-16,01,15,Butter,505.91
2019-07-01,2019-2020,2015-16,01,16,Mustard oil,109.45
2019-08-01,2019-2020,2015-16,01,16,Mustard oil,111.36
2019-09-01,2019-2020,2015-16,01,16,Mustard oil,111.34
2019-10-01,2019-2020,2015-16,01,16,Mustard oil,112.04
2019-11-01,2019-2020,2015-16,01,16,Mustard oil,114.83
2019-12-01,2019-2020,2015-16,01,16,Mustard oil,115.2
2020-01-01,2019-2020,2015-16,01,16,Mustard oil,118.51
2020-02-01,2019-2020,2015-16,01,16,Mustard oil,123.55
2020-03-01,2019-2020,2015-16,01,16,Mustard oil,125.65
2020-04-01,2019-2020,2015-16,01,16,Mustard oil,125.59
2020-05-01,2019-2020,2015-16,01,16,Mustard oil,125.68
2020-06-01,2019-2020,2015-16,01,16,Mustard oil,125.68
2020-07-01,2020-2021,2015-16,01,16,Mustard oil,126.67
2020-08-01,2020-2021,2015-16,01,16,Mustard oil,127.61
2020-09-01,2020-2021,2015-16,01,16,Mustard oil,128.98
2020-10-01,2020-2021,2015-16,01,16,Mustard oil,131.01
2020-11-01,2020-2021,2015-16,01,16,Mustard oil,132.19
2020-12-01,2020-2021,2015-16,01,16,Mustard oil,132.56
2021-01-01,2020-2021,2015-16,01,16,Mustard oil,146.06
2021-02-01,2020-2021,2015-16,01,16,Mustard oil,151.61
2021-03-01,2020-2021,2015-16,01,16,Mustard oil,154.47
2021-04-01,2020-2021,2015-16,01,16,Mustard oil,156.28
2021-05-01,2020-2021,2015-16,01,16,Mustard oil,164.33
2021-06-01,2020-2021,2015-16,01,16,Mustard oil,166.32
2021-07-01,2021-2022,2015-16,01,16,Mustard oil,168.88
2021-08-01,2021-2022,2015-16,01,16,Mustard oil,169.86
2021-09-01,2021-2022,2015-16,01,16,Mustard oil,177.61
2021-10-01,2021-2022,2015-16,01,16,Mustard oil,185.93
2021-11-01,2021-2022,2015-16,01,16,Mustard oil,207.49
2021-12-01,2021-2022,2015-16,01,16,Mustard oil,213.12
2022-01-01,2021-2022,2015-16,01,16,Mustard oil,214.24
2022-02-01,2021-2022,2015-16,01,16,Mustard oil,227.19
2022-03-01,2021-2022,2015-16,01,16,Mustard oil,247.02
2022-04-01,2021-2022,2015-16,01,16,Mustard oil,252.73
2022-05-01,2021-2022,2015-16,01,16,Mustard oil,257.61
2022-06-01,2021-2022,2015-16,01,16,Mustard oil,302.41
2022-07-01,2022-2023,2015-16,01,16,Mustard oil,307.27
2022-08-01,2022-2023,2015-16,01,16,Mustard oil,307.72
2022-09-01,2022-2023,2015-16,01,16,Mustard oil,305.22
2022-10-01,2022-2023,2015-16,01,16,Mustard oil,299.61
2022-11-01,2022-2023,2015-16,01,16,Mustard oil,300.22
2022-12-01,2022-2023,2015-16,01,16,Mustard oil,301.52
2023-01-01,2022-2023,2015-16,01,16,Mustard oil,304.81
2023-02-01,2022-2023,2015-16,01,16,Mustard oil,336.5
2023-03-01,2022-2023,2015-16,01,16,Mustard oil,339.69
2023-04-01,2022-2023,2015-16,01,16,Mustard oil,338.93
2023-05-01,2022-2023,2015-16,01,16,Mustard oil,335.4
2023-06-01,2022-2023,2015-16,01,16,Mustard oil,320.45
2023-07-01,2023-2024,2015-16,01,16,Mustard oil,311.4
2023-08-01,2023-2024,2015-16,01,16,Mustard oil,302.99
2023-09-01,2023-2024,2015-16,01,16,Mustard oil,306.11
2023-10-01,2023-2024,2015-16,01,16,Mustard oil,298.99
2023-11-01,2023-2024,2015-16,01,16,Mustard oil,289.25
2023-12-01,2023-2024,2015-16,01,16,Mustard oil,288.93
2024-01-01,2023-2024,2015-16,01,16,Mustard oil,288.42
2024-02-01,2023-2024,2015-16,01,16,Mustard oil,288.39
2024-03-01,2023-2024,2015-16,01,16,Mustard oil,286.1
2024-04-01,2023-2024,2015-16,01,16,Mustard oil,286.71
2024-05-01,2023-2024,2015-16,01,16,Mustard oil,284.62
2024-06-01,2023-2024,2015-16,01,16,Mustard oil,282.3
2024-07-01,2024-2025,2015-16,01,16,Mustard oil,283.24
2024-08-01,2024-2025,2015-16,01,16,Mustard oil,285.15
2024-09-01,2024-2025,2015-16,01,16,Mustard oil,284.82
2024-10-01,2024-2025,2015-16,01,16,Mustard oil,288.85
2024-11-01,2024-2025,2015-16,01,16,Mustard oil,310.45
2024-12-01,2024-2025,2015-16,01,16,Mustard oil,319.64
2025-01-01,2024-2025,2015-16,01,16,Mustard oil,324.74
2025-02-01,2024-2025,2015-16,01,16,Mustard oil,320.88
2025-03-01,2024-2025,2015-16,01,16,Mustard oil,319.9
2025-04-01,2024-2025,2015-16,01,16,Mustard oil,312.06
2025-05-01,2024-2025,2015-16,01,16,Mustard oil,309.96
2025-06-01,2024-2025,2015-16,01,16,Mustard oil,308.44
2025-07-01,2025-2026,2015-16,01,16,Mustard oil,308.67
2025-08-01,2025-2026,2015-16,01,16,Mustard oil,308.24
2025-09-01,2025-2026,2015-16,01,16,Mustard oil,310.45
2025-10-01,2025-2026,2015-16,01,16,Mustard oil,312.24
2025-11-01,2025-2026,2015-16,01,16,Mustard oil,314.38
2025-12-01,2025-2026,2015-16,01,16,Mustard oil,311.83
2026-01-01,2025-2026,2015-16,01,16,Mustard oil,313.79
2026-02-01,2025-2026,2015-16,01,16,Mustard oil,317.56
2026-03-01,2025-2026,2015-16,01,16,Mustard oil,319.15
2026-04-01,2025-2026,2015-16,01,16,Mustard oil,319.15
2026-05-01,2025-2026,2015-16,01,16,Mustard oil,318.42
2026-06-01,2025-2026,2015-16,01,16,Mustard oil,318.8
2019-07-01,2019-2020,2015-16,01,17,Cooking oil,121.83
2019-08-01,2019-2020,2015-16,01,17,Cooking oil,127.53
2019-09-01,2019-2020,2015-16,01,17,Cooking oil,128.25
2019-10-01,2019-2020,2015-16,01,17,Cooking oil,128.66
2019-11-01,2019-2020,2015-16,01,17,Cooking oil,130.2
2019-12-01,2019-2020,2015-16,01,17,Cooking oil,132.43
2020-01-01,2019-2020,2015-16,01,17,Cooking oil,133.08
2020-02-01,2019-2020,2015-16,01,17,Cooking oil,146.75
2020-03-01,2019-2020,2015-16,01,17,Cooking oil,147.02
2020-04-01,2019-2020,2015-16,01,17,Cooking oil,146.37
2020-05-01,2019-2020,2015-16,01,17,Cooking oil,144.78
2020-06-01,2019-2020,2015-16,01,17,Cooking oil,144.82
2020-07-01,2020-2021,2015-16,01,17,Cooking oil,142.88
2020-08-01,2020-2021,2015-16,01,17,Cooking oil,142.03
2020-09-01,2020-2021,2015-16,01,17,Cooking oil,142.54
2020-10-01,2020-2021,2015-16,01,17,Cooking oil,143.33
2020-11-01,2020-2021,2015-16,01,17,Cooking oil,143.35
2020-12-01,2020-2021,2015-16,01,17,Cooking oil,146.5
2021-01-01,2020-2021,2015-16,01,17,Cooking oil,151.3
2021-02-01,2020-2021,2015-16,01,17,Cooking oil,169.33
2021-03-01,2020-2021,2015-16,01,17,Cooking oil,169.44
2021-04-01,2020-2021,2015-16,01,17,Cooking oil,174.51
2021-05-01,2020-2021,2015-16,01,17,Cooking oil,174.63
2021-06-01,2020-2021,2015-16,01,17,Cooking oil,176.58
2021-07-01,2021-2022,2015-16,01,17,Cooking oil,188.17
2021-08-01,2021-2022,2015-16,01,17,Cooking oil,190.26
2021-09-01,2021-2022,2015-16,01,17,Cooking oil,197.19
2021-10-01,2021-2022,2015-16,01,17,Cooking oil,200.69
2021-11-01,2021-2022,2015-16,01,17,Cooking oil,220.17
2021-12-01,2021-2022,2015-16,01,17,Cooking oil,233.42
2022-01-01,2021-2022,2015-16,01,17,Cooking oil,233.5
2022-02-01,2021-2022,2015-16,01,17,Cooking oil,238.81
2022-03-01,2021-2022,2015-16,01,17,Cooking oil,250.86
2022-04-01,2021-2022,2015-16,01,17,Cooking oil,279.33
2022-05-01,2021-2022,2015-16,01,17,Cooking oil,279.49
2022-06-01,2021-2022,2015-16,01,17,Cooking oil,301.59
2022-07-01,2022-2023,2015-16,01,17,Cooking oil,324.7
2022-08-01,2022-2023,2015-16,01,17,Cooking oil,332.3
2022-09-01,2022-2023,2015-16,01,17,Cooking oil,326.01
2022-10-01,2022-2023,2015-16,01,17,Cooking oil,317.22
2022-11-01,2022-2023,2015-16,01,17,Cooking oil,312.38
2022-12-01,2022-2023,2015-16,01,17,Cooking oil,308.05
2023-01-01,2022-2023,2015-16,01,17,Cooking oil,306.95
2023-02-01,2022-2023,2015-16,01,17,Cooking oil,359.78
2023-03-01,2022-2023,2015-16,01,17,Cooking oil,385.1
2023-04-01,2022-2023,2015-16,01,17,Cooking oil,376.23
2023-05-01,2022-2023,2015-16,01,17,Cooking oil,373.99
2023-06-01,2022-2023,2015-16,01,17,Cooking oil,360.75
2023-07-01,2023-2024,2015-16,01,17,Cooking oil,359.18
2023-08-01,2023-2024,2015-16,01,17,Cooking oil,343.76
2023-09-01,2023-2024,2015-16,01,17,Cooking oil,338.52
2023-10-01,2023-2024,2015-16,01,17,Cooking oil,333.32
2023-11-01,2023-2024,2015-16,01,17,Cooking oil,320.98
2023-12-01,2023-2024,2015-16,01,17,Cooking oil,316.01
2024-01-01,2023-2024,2015-16,01,17,Cooking oil,311.76
2024-02-01,2023-2024,2015-16,01,17,Cooking oil,308.68
2024-03-01,2023-2024,2015-16,01,17,Cooking oil,298.11
2024-04-01,2023-2024,2015-16,01,17,Cooking oil,297.74
2024-05-01,2023-2024,2015-16,01,17,Cooking oil,301.49
2024-06-01,2023-2024,2015-16,01,17,Cooking oil,301.35
2024-07-01,2024-2025,2015-16,01,17,Cooking oil,303.6
2024-08-01,2024-2025,2015-16,01,17,Cooking oil,304.74
2024-09-01,2024-2025,2015-16,01,17,Cooking oil,298.4
2024-10-01,2024-2025,2015-16,01,17,Cooking oil,299.2
2024-11-01,2024-2025,2015-16,01,17,Cooking oil,306.42
2024-12-01,2024-2025,2015-16,01,17,Cooking oil,319.87
2025-01-01,2024-2025,2015-16,01,17,Cooking oil,332.42
2025-02-01,2024-2025,2015-16,01,17,Cooking oil,333.57
2025-03-01,2024-2025,2015-16,01,17,Cooking oil,331.14
2025-04-01,2024-2025,2015-16,01,17,Cooking oil,330.79
2025-05-01,2024-2025,2015-16,01,17,Cooking oil,327.86
2025-06-01,2024-2025,2015-16,01,17,Cooking oil,327.17
2025-07-01,2025-2026,2015-16,01,17,Cooking oil,325
2025-08-01,2025-2026,2015-16,01,17,Cooking oil,324.73
2025-09-01,2025-2026,2015-16,01,17,Cooking oil,324.71
2025-10-01,2025-2026,2015-16,01,17,Cooking oil,328.02
2025-11-01,2025-2026,2015-16,01,17,Cooking oil,333.09
2025-12-01,2025-2026,2015-16,01,17,Cooking oil,342.56
2026-01-01,2025-2026,2015-16,01,17,Cooking oil,345.06
2026-02-01,2025-2026,2015-16,01,17,Cooking oil,341.83
2026-03-01,2025-2026,2015-16,01,17,Cooking oil,337.75
2026-04-01,2025-2026,2015-16,01,17,Cooking oil,337.47
2026-05-01,2025-2026,2015-16,01,17,Cooking oil,340.53
2026-06-01,2025-2026,2015-16,01,17,Cooking oil,345.74
2019-07-01,2019-2020,2015-16,01,18,Vegetable ghee,121.51
2019-08-01,2019-2020,2015-16,01,18,Vegetable ghee,126.59
2019-09-01,2019-2020,2015-16,01,18,Vegetable ghee,128.23
2019-10-01,2019-2020,2015-16,01,18,Vegetable ghee,128.59
2019-11-01,2019-2020,2015-16,01,18,Vegetable ghee,129.87
2019-12-01,2019-2020,2015-16,01,18,Vegetable ghee,131.1
2020-01-01,2019-2020,2015-16,01,18,Vegetable ghee,133.96
2020-02-01,2019-2020,2015-16,01,18,Vegetable ghee,151.57
2020-03-01,2019-2020,2015-16,01,18,Vegetable ghee,152.14
2020-04-01,2019-2020,2015-16,01,18,Vegetable ghee,150.61
2020-05-01,2019-2020,2015-16,01,18,Vegetable ghee,149.49
2020-06-01,2019-2020,2015-16,01,18,Vegetable ghee,149.51
2020-07-01,2020-2021,2015-16,01,18,Vegetable ghee,148.6
2020-08-01,2020-2021,2015-16,01,18,Vegetable ghee,147.32
2020-09-01,2020-2021,2015-16,01,18,Vegetable ghee,148.51
2020-10-01,2020-2021,2015-16,01,18,Vegetable ghee,148.86
2020-11-01,2020-2021,2015-16,01,18,Vegetable ghee,149.13
2020-12-01,2020-2021,2015-16,01,18,Vegetable ghee,153.71
2021-01-01,2020-2021,2015-16,01,18,Vegetable ghee,163.03
2021-02-01,2020-2021,2015-16,01,18,Vegetable ghee,177.75
2021-03-01,2020-2021,2015-16,01,18,Vegetable ghee,178.71
2021-04-01,2020-2021,2015-16,01,18,Vegetable ghee,182.31
2021-05-01,2020-2021,2015-16,01,18,Vegetable ghee,182.53
2021-06-01,2020-2021,2015-16,01,18,Vegetable ghee,185.02
2021-07-01,2021-2022,2015-16,01,18,Vegetable ghee,197.41
2021-08-01,2021-2022,2015-16,01,18,Vegetable ghee,200.86
2021-09-01,2021-2022,2015-16,01,18,Vegetable ghee,207.28
2021-10-01,2021-2022,2015-16,01,18,Vegetable ghee,212.91
2021-11-01,2021-2022,2015-16,01,18,Vegetable ghee,236.06
2021-12-01,2021-2022,2015-16,01,18,Vegetable ghee,240.29
2022-01-01,2021-2022,2015-16,01,18,Vegetable ghee,240.31
2022-02-01,2021-2022,2015-16,01,18,Vegetable ghee,246.75
2022-03-01,2021-2022,2015-16,01,18,Vegetable ghee,267.27
2022-04-01,2021-2022,2015-16,01,18,Vegetable ghee,289.34
2022-05-01,2021-2022,2015-16,01,18,Vegetable ghee,289.68
2022-06-01,2021-2022,2015-16,01,18,Vegetable ghee,326.94
2022-07-01,2022-2023,2015-16,01,18,Vegetable ghee,343.66
2022-08-01,2022-2023,2015-16,01,18,Vegetable ghee,341.11
2022-09-01,2022-2023,2015-16,01,18,Vegetable ghee,325.77
2022-10-01,2022-2023,2015-16,01,18,Vegetable ghee,324.68
2022-11-01,2022-2023,2015-16,01,18,Vegetable ghee,319.04
2022-12-01,2022-2023,2015-16,01,18,Vegetable ghee,312.55
2023-01-01,2022-2023,2015-16,01,18,Vegetable ghee,308.77
2023-02-01,2022-2023,2015-16,01,18,Vegetable ghee,359.98
2023-03-01,2022-2023,2015-16,01,18,Vegetable ghee,378.16
2023-04-01,2022-2023,2015-16,01,18,Vegetable ghee,366.7
2023-05-01,2022-2023,2015-16,01,18,Vegetable ghee,365.87
2023-06-01,2022-2023,2015-16,01,18,Vegetable ghee,356.05
2023-07-01,2023-2024,2015-16,01,18,Vegetable ghee,342.49
2023-08-01,2023-2024,2015-16,01,18,Vegetable ghee,333.36
2023-09-01,2023-2024,2015-16,01,18,Vegetable ghee,330.72
2023-10-01,2023-2024,2015-16,01,18,Vegetable ghee,325.39
2023-11-01,2023-2024,2015-16,01,18,Vegetable ghee,317.46
2023-12-01,2023-2024,2015-16,01,18,Vegetable ghee,308.9
2024-01-01,2023-2024,2015-16,01,18,Vegetable ghee,305.54
2024-02-01,2023-2024,2015-16,01,18,Vegetable ghee,304.5
2024-03-01,2023-2024,2015-16,01,18,Vegetable ghee,302.05
2024-04-01,2023-2024,2015-16,01,18,Vegetable ghee,301.62
2024-05-01,2023-2024,2015-16,01,18,Vegetable ghee,305.45
2024-06-01,2023-2024,2015-16,01,18,Vegetable ghee,305.3
2024-07-01,2024-2025,2015-16,01,18,Vegetable ghee,306.02
2024-08-01,2024-2025,2015-16,01,18,Vegetable ghee,309.4
2024-09-01,2024-2025,2015-16,01,18,Vegetable ghee,310.52
2024-10-01,2024-2025,2015-16,01,18,Vegetable ghee,311.51
2024-11-01,2024-2025,2015-16,01,18,Vegetable ghee,326.11
2024-12-01,2024-2025,2015-16,01,18,Vegetable ghee,343.79
2025-01-01,2024-2025,2015-16,01,18,Vegetable ghee,352.75
2025-02-01,2024-2025,2015-16,01,18,Vegetable ghee,355.08
2025-03-01,2024-2025,2015-16,01,18,Vegetable ghee,349.44
2025-04-01,2024-2025,2015-16,01,18,Vegetable ghee,349.31
2025-05-01,2024-2025,2015-16,01,18,Vegetable ghee,344.4
2025-06-01,2024-2025,2015-16,01,18,Vegetable ghee,343.73
2025-07-01,2025-2026,2015-16,01,18,Vegetable ghee,343.62
2025-08-01,2025-2026,2015-16,01,18,Vegetable ghee,343.22
2025-09-01,2025-2026,2015-16,01,18,Vegetable ghee,343.87
2025-10-01,2025-2026,2015-16,01,18,Vegetable ghee,350.45
2025-11-01,2025-2026,2015-16,01,18,Vegetable ghee,352.81
2025-12-01,2025-2026,2015-16,01,18,Vegetable ghee,359.59
2026-01-01,2025-2026,2015-16,01,18,Vegetable ghee,360.52
2026-02-01,2025-2026,2015-16,01,18,Vegetable ghee,356.94
2026-03-01,2025-2026,2015-16,01,18,Vegetable ghee,356.7
2026-04-01,2025-2026,2015-16,01,18,Vegetable ghee,356.8
2026-05-01,2025-2026,2015-16,01,18,Vegetable ghee,359.95
2026-06-01,2025-2026,2015-16,01,18,Vegetable ghee,366.62
2019-07-01,2019-2020,2015-16,01,19,Dry fruits,117.63
2019-08-01,2019-2020,2015-16,01,19,Dry fruits,117.74
2019-09-01,2019-2020,2015-16,01,19,Dry fruits,118.02
2019-10-01,2019-2020,2015-16,01,19,Dry fruits,120.22
2019-11-01,2019-2020,2015-16,01,19,Dry fruits,124.09
2019-12-01,2019-2020,2015-16,01,19,Dry fruits,131.97
2020-01-01,2019-2020,2015-16,01,19,Dry fruits,133.41
2020-02-01,2019-2020,2015-16,01,19,Dry fruits,133.88
2020-03-01,2019-2020,2015-16,01,19,Dry fruits,132.27
2020-04-01,2019-2020,2015-16,01,19,Dry fruits,129.31
2020-05-01,2019-2020,2015-16,01,19,Dry fruits,129.72
2020-06-01,2019-2020,2015-16,01,19,Dry fruits,130.03
2020-07-01,2020-2021,2015-16,01,19,Dry fruits,130.37
2020-08-01,2020-2021,2015-16,01,19,Dry fruits,130.72
2020-09-01,2020-2021,2015-16,01,19,Dry fruits,130.99
2020-10-01,2020-2021,2015-16,01,19,Dry fruits,131.56
2020-11-01,2020-2021,2015-16,01,19,Dry fruits,137.32
2020-12-01,2020-2021,2015-16,01,19,Dry fruits,143.6
2021-01-01,2020-2021,2015-16,01,19,Dry fruits,145.49
2021-02-01,2020-2021,2015-16,01,19,Dry fruits,144.97
2021-03-01,2020-2021,2015-16,01,19,Dry fruits,141.8
2021-04-01,2020-2021,2015-16,01,19,Dry fruits,141.82
2021-05-01,2020-2021,2015-16,01,19,Dry fruits,139.93
2021-06-01,2020-2021,2015-16,01,19,Dry fruits,137.03
2021-07-01,2021-2022,2015-16,01,19,Dry fruits,137.03
2021-08-01,2021-2022,2015-16,01,19,Dry fruits,136.9
2021-09-01,2021-2022,2015-16,01,19,Dry fruits,137.28
2021-10-01,2021-2022,2015-16,01,19,Dry fruits,138.34
2021-11-01,2021-2022,2015-16,01,19,Dry fruits,146.16
2021-12-01,2021-2022,2015-16,01,19,Dry fruits,150.51
2022-01-01,2021-2022,2015-16,01,19,Dry fruits,151.54
2022-02-01,2021-2022,2015-16,01,19,Dry fruits,152.61
2022-03-01,2021-2022,2015-16,01,19,Dry fruits,152.94
2022-04-01,2021-2022,2015-16,01,19,Dry fruits,152.07
2022-05-01,2021-2022,2015-16,01,19,Dry fruits,152.1
2022-06-01,2021-2022,2015-16,01,19,Dry fruits,154.18
2022-07-01,2022-2023,2015-16,01,19,Dry fruits,155.76
2022-08-01,2022-2023,2015-16,01,19,Dry fruits,156.73
2022-09-01,2022-2023,2015-16,01,19,Dry fruits,157.54
2022-10-01,2022-2023,2015-16,01,19,Dry fruits,167.06
2022-11-01,2022-2023,2015-16,01,19,Dry fruits,188.42
2022-12-01,2022-2023,2015-16,01,19,Dry fruits,205.07
2023-01-01,2022-2023,2015-16,01,19,Dry fruits,212.76
2023-02-01,2022-2023,2015-16,01,19,Dry fruits,225.68
2023-03-01,2022-2023,2015-16,01,19,Dry fruits,226.46
2023-04-01,2022-2023,2015-16,01,19,Dry fruits,226.68
2023-05-01,2022-2023,2015-16,01,19,Dry fruits,227.83
2023-06-01,2022-2023,2015-16,01,19,Dry fruits,229.44
2023-07-01,2023-2024,2015-16,01,19,Dry fruits,231.54
2023-08-01,2023-2024,2015-16,01,19,Dry fruits,233.22
2023-09-01,2023-2024,2015-16,01,19,Dry fruits,234.98
2023-10-01,2023-2024,2015-16,01,19,Dry fruits,237.28
2023-11-01,2023-2024,2015-16,01,19,Dry fruits,256.04
2023-12-01,2023-2024,2015-16,01,19,Dry fruits,269.25
2024-01-01,2023-2024,2015-16,01,19,Dry fruits,280.41
2024-02-01,2023-2024,2015-16,01,19,Dry fruits,282.08
2024-03-01,2023-2024,2015-16,01,19,Dry fruits,281.9
2024-04-01,2023-2024,2015-16,01,19,Dry fruits,281.11
2024-05-01,2023-2024,2015-16,01,19,Dry fruits,279.24
2024-06-01,2023-2024,2015-16,01,19,Dry fruits,279.9
2024-07-01,2024-2025,2015-16,01,19,Dry fruits,281.92
2024-08-01,2024-2025,2015-16,01,19,Dry fruits,282.43
2024-09-01,2024-2025,2015-16,01,19,Dry fruits,284.29
2024-10-01,2024-2025,2015-16,01,19,Dry fruits,287.8
2024-11-01,2024-2025,2015-16,01,19,Dry fruits,296.58
2024-12-01,2024-2025,2015-16,01,19,Dry fruits,297.52
2025-01-01,2024-2025,2015-16,01,19,Dry fruits,297.23
2025-02-01,2024-2025,2015-16,01,19,Dry fruits,297.23
2025-03-01,2024-2025,2015-16,01,19,Dry fruits,296.97
2025-04-01,2024-2025,2015-16,01,19,Dry fruits,297.1
2025-05-01,2024-2025,2015-16,01,19,Dry fruits,298.15
2025-06-01,2024-2025,2015-16,01,19,Dry fruits,298.35
2025-07-01,2025-2026,2015-16,01,19,Dry fruits,298.42
2025-08-01,2025-2026,2015-16,01,19,Dry fruits,298.48
2025-09-01,2025-2026,2015-16,01,19,Dry fruits,298.95
2025-10-01,2025-2026,2015-16,01,19,Dry fruits,299.77
2025-11-01,2025-2026,2015-16,01,19,Dry fruits,305.47
2025-12-01,2025-2026,2015-16,01,19,Dry fruits,315.53
2026-01-01,2025-2026,2015-16,01,19,Dry fruits,318.82
2026-02-01,2025-2026,2015-16,01,19,Dry fruits,321.3
2026-03-01,2025-2026,2015-16,01,19,Dry fruits,323.41
2026-04-01,2025-2026,2015-16,01,19,Dry fruits,323.85
2026-05-01,2025-2026,2015-16,01,19,Dry fruits,324.98
2026-06-01,2025-2026,2015-16,01,19,Dry fruits,326.2
2019-07-01,2019-2020,2015-16,01,20,Fresh fruits,139.86
2019-08-01,2019-2020,2015-16,01,20,Fresh fruits,117.99
2019-09-01,2019-2020,2015-16,01,20,Fresh fruits,111.38
2019-10-01,2019-2020,2015-16,01,20,Fresh fruits,109.83
2019-11-01,2019-2020,2015-16,01,20,Fresh fruits,108.84
2019-12-01,2019-2020,2015-16,01,20,Fresh fruits,111.34
2020-01-01,2019-2020,2015-16,01,20,Fresh fruits,115.72
2020-02-01,2019-2020,2015-16,01,20,Fresh fruits,120.53
2020-03-01,2019-2020,2015-16,01,20,Fresh fruits,130.81
2020-04-01,2019-2020,2015-16,01,20,Fresh fruits,153.98
2020-05-01,2019-2020,2015-16,01,20,Fresh fruits,168.95
2020-06-01,2019-2020,2015-16,01,20,Fresh fruits,161.59
2020-07-01,2020-2021,2015-16,01,20,Fresh fruits,151.5
2020-08-01,2020-2021,2015-16,01,20,Fresh fruits,116.43
2020-09-01,2020-2021,2015-16,01,20,Fresh fruits,109.22
2020-10-01,2020-2021,2015-16,01,20,Fresh fruits,105.6
2020-11-01,2020-2021,2015-16,01,20,Fresh fruits,104.93
2020-12-01,2020-2021,2015-16,01,20,Fresh fruits,102.99
2021-01-01,2020-2021,2015-16,01,20,Fresh fruits,108.54
2021-02-01,2020-2021,2015-16,01,20,Fresh fruits,118.59
2021-03-01,2020-2021,2015-16,01,20,Fresh fruits,130.45
2021-04-01,2020-2021,2015-16,01,20,Fresh fruits,159.57
2021-05-01,2020-2021,2015-16,01,20,Fresh fruits,176.39
2021-06-01,2020-2021,2015-16,01,20,Fresh fruits,140.99
2021-07-01,2021-2022,2015-16,01,20,Fresh fruits,130.4
2021-08-01,2021-2022,2015-16,01,20,Fresh fruits,120.29
2021-09-01,2021-2022,2015-16,01,20,Fresh fruits,121
2021-10-01,2021-2022,2015-16,01,20,Fresh fruits,122.33
2021-11-01,2021-2022,2015-16,01,20,Fresh fruits,127.67
2021-12-01,2021-2022,2015-16,01,20,Fresh fruits,133.81
2022-01-01,2021-2022,2015-16,01,20,Fresh fruits,139.31
2022-02-01,2021-2022,2015-16,01,20,Fresh fruits,149.51
2022-03-01,2021-2022,2015-16,01,20,Fresh fruits,172.19
2022-04-01,2021-2022,2015-16,01,20,Fresh fruits,208.47
2022-05-01,2021-2022,2015-16,01,20,Fresh fruits,181.5
2022-06-01,2021-2022,2015-16,01,20,Fresh fruits,195.46
2022-07-01,2022-2023,2015-16,01,20,Fresh fruits,181.56
2022-08-01,2022-2023,2015-16,01,20,Fresh fruits,145.28
2022-09-01,2022-2023,2015-16,01,20,Fresh fruits,145.31
2022-10-01,2022-2023,2015-16,01,20,Fresh fruits,161.28
2022-11-01,2022-2023,2015-16,01,20,Fresh fruits,158.1
2022-12-01,2022-2023,2015-16,01,20,Fresh fruits,179.23
2023-01-01,2022-2023,2015-16,01,20,Fresh fruits,188.53
2023-02-01,2022-2023,2015-16,01,20,Fresh fruits,217.05
2023-03-01,2022-2023,2015-16,01,20,Fresh fruits,260.54
2023-04-01,2022-2023,2015-16,01,20,Fresh fruits,287.1
2023-05-01,2022-2023,2015-16,01,20,Fresh fruits,278.02
2023-06-01,2022-2023,2015-16,01,20,Fresh fruits,274.25
2023-07-01,2023-2024,2015-16,01,20,Fresh fruits,225.17
2023-08-01,2023-2024,2015-16,01,20,Fresh fruits,169.56
2023-09-01,2023-2024,2015-16,01,20,Fresh fruits,177.13
2023-10-01,2023-2024,2015-16,01,20,Fresh fruits,188.62
2023-11-01,2023-2024,2015-16,01,20,Fresh fruits,188.06
2023-12-01,2023-2024,2015-16,01,20,Fresh fruits,184.95
2024-01-01,2023-2024,2015-16,01,20,Fresh fruits,191.69
2024-02-01,2023-2024,2015-16,01,20,Fresh fruits,204.85
2024-03-01,2023-2024,2015-16,01,20,Fresh fruits,249.72
2024-04-01,2023-2024,2015-16,01,20,Fresh fruits,247.35
2024-05-01,2023-2024,2015-16,01,20,Fresh fruits,227.41
2024-06-01,2023-2024,2015-16,01,20,Fresh fruits,237.93
2024-07-01,2024-2025,2015-16,01,20,Fresh fruits,248.43
2024-08-01,2024-2025,2015-16,01,20,Fresh fruits,215.89
2024-09-01,2024-2025,2015-16,01,20,Fresh fruits,204.03
2024-10-01,2024-2025,2015-16,01,20,Fresh fruits,203.14
2024-11-01,2024-2025,2015-16,01,20,Fresh fruits,189.46
2024-12-01,2024-2025,2015-16,01,20,Fresh fruits,206.21
2025-01-01,2024-2025,2015-16,01,20,Fresh fruits,216.54
2025-02-01,2024-2025,2015-16,01,20,Fresh fruits,248.99
2025-03-01,2024-2025,2015-16,01,20,Fresh fruits,295.45
2025-04-01,2024-2025,2015-16,01,20,Fresh fruits,290.97
2025-05-01,2024-2025,2015-16,01,20,Fresh fruits,294.49
2025-06-01,2024-2025,2015-16,01,20,Fresh fruits,298.56
2025-07-01,2025-2026,2015-16,01,20,Fresh fruits,277.14
2025-08-01,2025-2026,2015-16,01,20,Fresh fruits,218.5
2025-09-01,2025-2026,2015-16,01,20,Fresh fruits,220.51
2025-10-01,2025-2026,2015-16,01,20,Fresh fruits,225.89
2025-11-01,2025-2026,2015-16,01,20,Fresh fruits,231.01
2025-12-01,2025-2026,2015-16,01,20,Fresh fruits,246.67
2026-01-01,2025-2026,2015-16,01,20,Fresh fruits,252.3
2026-02-01,2025-2026,2015-16,01,20,Fresh fruits,281.27
2026-03-01,2025-2026,2015-16,01,20,Fresh fruits,312.92
2026-04-01,2025-2026,2015-16,01,20,Fresh fruits,309.51
2026-05-01,2025-2026,2015-16,01,20,Fresh fruits,305.27
2026-06-01,2025-2026,2015-16,01,20,Fresh fruits,306.99
2019-07-01,2019-2020,2015-16,01,21,Pulse masoor,83.54
2019-08-01,2019-2020,2015-16,01,21,Pulse masoor,85.66
2019-09-01,2019-2020,2015-16,01,21,Pulse masoor,86.61
2019-10-01,2019-2020,2015-16,01,21,Pulse masoor,87.51
2019-11-01,2019-2020,2015-16,01,21,Pulse masoor,89.84
2019-12-01,2019-2020,2015-16,01,21,Pulse masoor,90.19
2020-01-01,2019-2020,2015-16,01,21,Pulse masoor,96.8
2020-02-01,2019-2020,2015-16,01,21,Pulse masoor,97.16
2020-03-01,2019-2020,2015-16,01,21,Pulse masoor,93.87
2020-04-01,2019-2020,2015-16,01,21,Pulse masoor,119.72
2020-05-01,2019-2020,2015-16,01,21,Pulse masoor,114.42
2020-06-01,2019-2020,2015-16,01,21,Pulse masoor,110.33
2020-07-01,2020-2021,2015-16,01,21,Pulse masoor,103.41
2020-08-01,2020-2021,2015-16,01,21,Pulse masoor,102.4
2020-09-01,2020-2021,2015-16,01,21,Pulse masoor,104.03
2020-10-01,2020-2021,2015-16,01,21,Pulse masoor,104.91
2020-11-01,2020-2021,2015-16,01,21,Pulse masoor,104
2020-12-01,2020-2021,2015-16,01,21,Pulse masoor,103.53
2021-01-01,2020-2021,2015-16,01,21,Pulse masoor,103.86
2021-02-01,2020-2021,2015-16,01,21,Pulse masoor,107.27
2021-03-01,2020-2021,2015-16,01,21,Pulse masoor,107.83
2021-04-01,2020-2021,2015-16,01,21,Pulse masoor,107.51
2021-05-01,2020-2021,2015-16,01,21,Pulse masoor,106.31
2021-06-01,2020-2021,2015-16,01,21,Pulse masoor,107.65
2021-07-01,2021-2022,2015-16,01,21,Pulse masoor,106.31
2021-08-01,2021-2022,2015-16,01,21,Pulse masoor,106.66
2021-09-01,2021-2022,2015-16,01,21,Pulse masoor,123.41
2021-10-01,2021-2022,2015-16,01,21,Pulse masoor,123.4
2021-11-01,2021-2022,2015-16,01,21,Pulse masoor,127.27
2021-12-01,2021-2022,2015-16,01,21,Pulse masoor,138.27
2022-01-01,2021-2022,2015-16,01,21,Pulse masoor,146.75
2022-02-01,2021-2022,2015-16,01,21,Pulse masoor,148.48
2022-03-01,2021-2022,2015-16,01,21,Pulse masoor,149.15
2022-04-01,2021-2022,2015-16,01,21,Pulse masoor,150.83
2022-05-01,2021-2022,2015-16,01,21,Pulse masoor,159.82
2022-06-01,2021-2022,2015-16,01,21,Pulse masoor,187.66
2022-07-01,2022-2023,2015-16,01,21,Pulse masoor,204.57
2022-08-01,2022-2023,2015-16,01,21,Pulse masoor,228.62
2022-09-01,2022-2023,2015-16,01,21,Pulse masoor,221.57
2022-10-01,2022-2023,2015-16,01,21,Pulse masoor,198.76
2022-11-01,2022-2023,2015-16,01,21,Pulse masoor,176.56
2022-12-01,2022-2023,2015-16,01,21,Pulse masoor,172.3
2023-01-01,2022-2023,2015-16,01,21,Pulse masoor,179.14
2023-02-01,2022-2023,2015-16,01,21,Pulse masoor,189.7
2023-03-01,2022-2023,2015-16,01,21,Pulse masoor,189.33
2023-04-01,2022-2023,2015-16,01,21,Pulse masoor,190.84
2023-05-01,2022-2023,2015-16,01,21,Pulse masoor,193.9
2023-06-01,2022-2023,2015-16,01,21,Pulse masoor,190.59
2023-07-01,2023-2024,2015-16,01,21,Pulse masoor,188.78
2023-08-01,2023-2024,2015-16,01,21,Pulse masoor,191.4
2023-09-01,2023-2024,2015-16,01,21,Pulse masoor,229.3
2023-10-01,2023-2024,2015-16,01,21,Pulse masoor,225.66
2023-11-01,2023-2024,2015-16,01,21,Pulse masoor,216.98
2023-12-01,2023-2024,2015-16,01,21,Pulse masoor,227.94
2024-01-01,2023-2024,2015-16,01,21,Pulse masoor,229.26
2024-02-01,2023-2024,2015-16,01,21,Pulse masoor,229.45
2024-03-01,2023-2024,2015-16,01,21,Pulse masoor,230.68
2024-04-01,2023-2024,2015-16,01,21,Pulse masoor,228.37
2024-05-01,2023-2024,2015-16,01,21,Pulse masoor,222.63
2024-06-01,2023-2024,2015-16,01,21,Pulse masoor,217.53
2024-07-01,2024-2025,2015-16,01,21,Pulse masoor,222.45
2024-08-01,2024-2025,2015-16,01,21,Pulse masoor,221.18
2024-09-01,2024-2025,2015-16,01,21,Pulse masoor,212.36
2024-10-01,2024-2025,2015-16,01,21,Pulse masoor,211.12
2024-11-01,2024-2025,2015-16,01,21,Pulse masoor,208.5
2024-12-01,2024-2025,2015-16,01,21,Pulse masoor,206.94
2025-01-01,2024-2025,2015-16,01,21,Pulse masoor,206.79
2025-02-01,2024-2025,2015-16,01,21,Pulse masoor,203.7
2025-03-01,2024-2025,2015-16,01,21,Pulse masoor,202.09
2025-04-01,2024-2025,2015-16,01,21,Pulse masoor,200.35
2025-05-01,2024-2025,2015-16,01,21,Pulse masoor,200.93
2025-06-01,2024-2025,2015-16,01,21,Pulse masoor,201.02
2025-07-01,2025-2026,2015-16,01,21,Pulse masoor,201.94
2025-08-01,2025-2026,2015-16,01,21,Pulse masoor,200.28
2025-09-01,2025-2026,2015-16,01,21,Pulse masoor,200.35
2025-10-01,2025-2026,2015-16,01,21,Pulse masoor,199.7
2025-11-01,2025-2026,2015-16,01,21,Pulse masoor,197.83
2025-12-01,2025-2026,2015-16,01,21,Pulse masoor,196.36
2026-01-01,2025-2026,2015-16,01,21,Pulse masoor,188.4
2026-02-01,2025-2026,2015-16,01,21,Pulse masoor,180.81
2026-03-01,2025-2026,2015-16,01,21,Pulse masoor,178.33
2026-04-01,2025-2026,2015-16,01,21,Pulse masoor,177.12
2026-05-01,2025-2026,2015-16,01,21,Pulse masoor,177.01
2026-06-01,2025-2026,2015-16,01,21,Pulse masoor,176.65
2019-07-01,2019-2020,2015-16,01,22,Pulse moong,104.84
2019-08-01,2019-2020,2015-16,01,22,Pulse moong,105.67
2019-09-01,2019-2020,2015-16,01,22,Pulse moong,106.47
2019-10-01,2019-2020,2015-16,01,22,Pulse moong,107.01
2019-11-01,2019-2020,2015-16,01,22,Pulse moong,115.35
2019-12-01,2019-2020,2015-16,01,22,Pulse moong,117.52
2020-01-01,2019-2020,2015-16,01,22,Pulse moong,140.72
2020-02-01,2019-2020,2015-16,01,22,Pulse moong,143.92
2020-03-01,2019-2020,2015-16,01,22,Pulse moong,143.99
2020-04-01,2019-2020,2015-16,01,22,Pulse moong,177.27
2020-05-01,2019-2020,2015-16,01,22,Pulse moong,176.38
2020-06-01,2019-2020,2015-16,01,22,Pulse moong,171.75
2020-07-01,2020-2021,2015-16,01,22,Pulse moong,153.33
2020-08-01,2020-2021,2015-16,01,22,Pulse moong,143.36
2020-09-01,2020-2021,2015-16,01,22,Pulse moong,148.32
2020-10-01,2020-2021,2015-16,01,22,Pulse moong,150.82
2020-11-01,2020-2021,2015-16,01,22,Pulse moong,145.48
2020-12-01,2020-2021,2015-16,01,22,Pulse moong,144.65
2021-01-01,2020-2021,2015-16,01,22,Pulse moong,147.57
2021-02-01,2020-2021,2015-16,01,22,Pulse moong,148.35
2021-03-01,2020-2021,2015-16,01,22,Pulse moong,150.28
2021-04-01,2020-2021,2015-16,01,22,Pulse moong,147.89
2021-05-01,2020-2021,2015-16,01,22,Pulse moong,146.01
2021-06-01,2020-2021,2015-16,01,22,Pulse moong,137.1
2021-07-01,2021-2022,2015-16,01,22,Pulse moong,121.52
2021-08-01,2021-2022,2015-16,01,22,Pulse moong,118.66
2021-09-01,2021-2022,2015-16,01,22,Pulse moong,113.89
2021-10-01,2021-2022,2015-16,01,22,Pulse moong,106.9
2021-11-01,2021-2022,2015-16,01,22,Pulse moong,106.16
2021-12-01,2021-2022,2015-16,01,22,Pulse moong,109.08
2022-01-01,2021-2022,2015-16,01,22,Pulse moong,111.13
2022-02-01,2021-2022,2015-16,01,22,Pulse moong,110.31
2022-03-01,2021-2022,2015-16,01,22,Pulse moong,109.54
2022-04-01,2021-2022,2015-16,01,22,Pulse moong,109.53
2022-05-01,2021-2022,2015-16,01,22,Pulse moong,110.93
2022-06-01,2021-2022,2015-16,01,22,Pulse moong,111.79
2022-07-01,2022-2023,2015-16,01,22,Pulse moong,114.78
2022-08-01,2022-2023,2015-16,01,22,Pulse moong,132.31
2022-09-01,2022-2023,2015-16,01,22,Pulse moong,158.15
2022-10-01,2022-2023,2015-16,01,22,Pulse moong,160.18
2022-11-01,2022-2023,2015-16,01,22,Pulse moong,155.3
2022-12-01,2022-2023,2015-16,01,22,Pulse moong,155.79
2023-01-01,2022-2023,2015-16,01,22,Pulse moong,162.25
2023-02-01,2022-2023,2015-16,01,22,Pulse moong,172.56
2023-03-01,2022-2023,2015-16,01,22,Pulse moong,173.37
2023-04-01,2022-2023,2015-16,01,22,Pulse moong,172.17
2023-05-01,2022-2023,2015-16,01,22,Pulse moong,175.04
2023-06-01,2022-2023,2015-16,01,22,Pulse moong,168.24
2023-07-01,2023-2024,2015-16,01,22,Pulse moong,165.08
2023-08-01,2023-2024,2015-16,01,22,Pulse moong,168.81
2023-09-01,2023-2024,2015-16,01,22,Pulse moong,178.11
2023-10-01,2023-2024,2015-16,01,22,Pulse moong,174.45
2023-11-01,2023-2024,2015-16,01,22,Pulse moong,172.22
2023-12-01,2023-2024,2015-16,01,22,Pulse moong,175.69
2024-01-01,2023-2024,2015-16,01,22,Pulse moong,181.42
2024-02-01,2023-2024,2015-16,01,22,Pulse moong,185.33
2024-03-01,2023-2024,2015-16,01,22,Pulse moong,188.95
2024-04-01,2023-2024,2015-16,01,22,Pulse moong,188.73
2024-05-01,2023-2024,2015-16,01,22,Pulse moong,187.79
2024-06-01,2023-2024,2015-16,01,22,Pulse moong,188.78
2024-07-01,2024-2025,2015-16,01,22,Pulse moong,205.29
2024-08-01,2024-2025,2015-16,01,22,Pulse moong,211.09
2024-09-01,2024-2025,2015-16,01,22,Pulse moong,207.35
2024-10-01,2024-2025,2015-16,01,22,Pulse moong,212.18
2024-11-01,2024-2025,2015-16,01,22,Pulse moong,235.83
2024-12-01,2024-2025,2015-16,01,22,Pulse moong,236.31
2025-01-01,2024-2025,2015-16,01,22,Pulse moong,249.15
2025-02-01,2024-2025,2015-16,01,22,Pulse moong,245.84
2025-03-01,2024-2025,2015-16,01,22,Pulse moong,247.56
2025-04-01,2024-2025,2015-16,01,22,Pulse moong,244.94
2025-05-01,2024-2025,2015-16,01,22,Pulse moong,246.25
2025-06-01,2024-2025,2015-16,01,22,Pulse moong,246.76
2025-07-01,2025-2026,2015-16,01,22,Pulse moong,245.3
2025-08-01,2025-2026,2015-16,01,22,Pulse moong,238.41
2025-09-01,2025-2026,2015-16,01,22,Pulse moong,237.88
2025-10-01,2025-2026,2015-16,01,22,Pulse moong,237.4
2025-11-01,2025-2026,2015-16,01,22,Pulse moong,232.69
2025-12-01,2025-2026,2015-16,01,22,Pulse moong,232.42
2026-01-01,2025-2026,2015-16,01,22,Pulse moong,235.08
2026-02-01,2025-2026,2015-16,01,22,Pulse moong,238.03
2026-03-01,2025-2026,2015-16,01,22,Pulse moong,238.39
2026-04-01,2025-2026,2015-16,01,22,Pulse moong,239.13
2026-05-01,2025-2026,2015-16,01,22,Pulse moong,238.07
2026-06-01,2025-2026,2015-16,01,22,Pulse moong,235.59
2019-07-01,2019-2020,2015-16,01,23,Pulse mash,74.96
2019-08-01,2019-2020,2015-16,01,23,Pulse mash,75.72
2019-09-01,2019-2020,2015-16,01,23,Pulse mash,76.01
2019-10-01,2019-2020,2015-16,01,23,Pulse mash,76.35
2019-11-01,2019-2020,2015-16,01,23,Pulse mash,85.3
2019-12-01,2019-2020,2015-16,01,23,Pulse mash,86.87
2020-01-01,2019-2020,2015-16,01,23,Pulse mash,95.81
2020-02-01,2019-2020,2015-16,01,23,Pulse mash,96.9
2020-03-01,2019-2020,2015-16,01,23,Pulse mash,94.64
2020-04-01,2019-2020,2015-16,01,23,Pulse mash,107.87
2020-05-01,2019-2020,2015-16,01,23,Pulse mash,107.89
2020-06-01,2019-2020,2015-16,01,23,Pulse mash,104.68
2020-07-01,2020-2021,2015-16,01,23,Pulse mash,101.84
2020-08-01,2020-2021,2015-16,01,23,Pulse mash,99.52
2020-09-01,2020-2021,2015-16,01,23,Pulse mash,102.27
2020-10-01,2020-2021,2015-16,01,23,Pulse mash,103.56
2020-11-01,2020-2021,2015-16,01,23,Pulse mash,104.59
2020-12-01,2020-2021,2015-16,01,23,Pulse mash,104.19
2021-01-01,2020-2021,2015-16,01,23,Pulse mash,105.42
2021-02-01,2020-2021,2015-16,01,23,Pulse mash,108.18
2021-03-01,2020-2021,2015-16,01,23,Pulse mash,113.12
2021-04-01,2020-2021,2015-16,01,23,Pulse mash,114.02
2021-05-01,2020-2021,2015-16,01,23,Pulse mash,112.46
2021-06-01,2020-2021,2015-16,01,23,Pulse mash,111.06
2021-07-01,2021-2022,2015-16,01,23,Pulse mash,105.31
2021-08-01,2021-2022,2015-16,01,23,Pulse mash,105.23
2021-09-01,2021-2022,2015-16,01,23,Pulse mash,109.24
2021-10-01,2021-2022,2015-16,01,23,Pulse mash,106.92
2021-11-01,2021-2022,2015-16,01,23,Pulse mash,107.61
2021-12-01,2021-2022,2015-16,01,23,Pulse mash,114.69
2022-01-01,2021-2022,2015-16,01,23,Pulse mash,118.56
2022-02-01,2021-2022,2015-16,01,23,Pulse mash,118.96
2022-03-01,2021-2022,2015-16,01,23,Pulse mash,118.85
2022-04-01,2021-2022,2015-16,01,23,Pulse mash,118.7
2022-05-01,2021-2022,2015-16,01,23,Pulse mash,121.59
2022-06-01,2021-2022,2015-16,01,23,Pulse mash,130.21
2022-07-01,2022-2023,2015-16,01,23,Pulse mash,142.88
2022-08-01,2022-2023,2015-16,01,23,Pulse mash,160.69
2022-09-01,2022-2023,2015-16,01,23,Pulse mash,170.74
2022-10-01,2022-2023,2015-16,01,23,Pulse mash,166.08
2022-11-01,2022-2023,2015-16,01,23,Pulse mash,159
2022-12-01,2022-2023,2015-16,01,23,Pulse mash,158.59
2023-01-01,2022-2023,2015-16,01,23,Pulse mash,162.54
2023-02-01,2022-2023,2015-16,01,23,Pulse mash,179.36
2023-03-01,2022-2023,2015-16,01,23,Pulse mash,182.46
2023-04-01,2022-2023,2015-16,01,23,Pulse mash,185.62
2023-05-01,2022-2023,2015-16,01,23,Pulse mash,192.4
2023-06-01,2022-2023,2015-16,01,23,Pulse mash,195.21
2023-07-01,2023-2024,2015-16,01,23,Pulse mash,201.54
2023-08-01,2023-2024,2015-16,01,23,Pulse mash,212.75
2023-09-01,2023-2024,2015-16,01,23,Pulse mash,232.87
2023-10-01,2023-2024,2015-16,01,23,Pulse mash,232.01
2023-11-01,2023-2024,2015-16,01,23,Pulse mash,225.24
2023-12-01,2023-2024,2015-16,01,23,Pulse mash,227.89
2024-01-01,2023-2024,2015-16,01,23,Pulse mash,230.33
2024-02-01,2023-2024,2015-16,01,23,Pulse mash,231.11
2024-03-01,2023-2024,2015-16,01,23,Pulse mash,231.75
2024-04-01,2023-2024,2015-16,01,23,Pulse mash,232.62
2024-05-01,2023-2024,2015-16,01,23,Pulse mash,235.09
2024-06-01,2023-2024,2015-16,01,23,Pulse mash,242.69
2024-07-01,2024-2025,2015-16,01,23,Pulse mash,248.23
2024-08-01,2024-2025,2015-16,01,23,Pulse mash,250.35
2024-09-01,2024-2025,2015-16,01,23,Pulse mash,243.67
2024-10-01,2024-2025,2015-16,01,23,Pulse mash,237.68
2024-11-01,2024-2025,2015-16,01,23,Pulse mash,220.18
2024-12-01,2024-2025,2015-16,01,23,Pulse mash,214.47
2025-01-01,2024-2025,2015-16,01,23,Pulse mash,208.82
2025-02-01,2024-2025,2015-16,01,23,Pulse mash,202.93
2025-03-01,2024-2025,2015-16,01,23,Pulse mash,196.04
2025-04-01,2024-2025,2015-16,01,23,Pulse mash,192.93
2025-05-01,2024-2025,2015-16,01,23,Pulse mash,191.15
2025-06-01,2024-2025,2015-16,01,23,Pulse mash,190.56
2025-07-01,2025-2026,2015-16,01,23,Pulse mash,190.63
2025-08-01,2025-2026,2015-16,01,23,Pulse mash,187.97
2025-09-01,2025-2026,2015-16,01,23,Pulse mash,185.78
2025-10-01,2025-2026,2015-16,01,23,Pulse mash,185.86
2025-11-01,2025-2026,2015-16,01,23,Pulse mash,184.05
2025-12-01,2025-2026,2015-16,01,23,Pulse mash,181.89
2026-01-01,2025-2026,2015-16,01,23,Pulse mash,178.38
2026-02-01,2025-2026,2015-16,01,23,Pulse mash,192.99
2026-03-01,2025-2026,2015-16,01,23,Pulse mash,198.35
2026-04-01,2025-2026,2015-16,01,23,Pulse mash,203.53
2026-05-01,2025-2026,2015-16,01,23,Pulse mash,200.23
2026-06-01,2025-2026,2015-16,01,23,Pulse mash,198.26
2019-07-01,2019-2020,2015-16,01,24,Pulse gram,105.3
2019-08-01,2019-2020,2015-16,01,24,Pulse gram,106.81
2019-09-01,2019-2020,2015-16,01,24,Pulse gram,108.32
2019-10-01,2019-2020,2015-16,01,24,Pulse gram,108.91
2019-11-01,2019-2020,2015-16,01,24,Pulse gram,111.02
2019-12-01,2019-2020,2015-16,01,24,Pulse gram,111.78
2020-01-01,2019-2020,2015-16,01,24,Pulse gram,132.12
2020-02-01,2019-2020,2015-16,01,24,Pulse gram,129.03
2020-03-01,2019-2020,2015-16,01,24,Pulse gram,122.41
2020-04-01,2019-2020,2015-16,01,24,Pulse gram,135.67
2020-05-01,2019-2020,2015-16,01,24,Pulse gram,125.84
2020-06-01,2019-2020,2015-16,01,24,Pulse gram,118.49
2020-07-01,2020-2021,2015-16,01,24,Pulse gram,115.66
2020-08-01,2020-2021,2015-16,01,24,Pulse gram,114.17
2020-09-01,2020-2021,2015-16,01,24,Pulse gram,119.32
2020-10-01,2020-2021,2015-16,01,24,Pulse gram,120.29
2020-11-01,2020-2021,2015-16,01,24,Pulse gram,117.96
2020-12-01,2020-2021,2015-16,01,24,Pulse gram,116.51
2021-01-01,2020-2021,2015-16,01,24,Pulse gram,116.33
2021-02-01,2020-2021,2015-16,01,24,Pulse gram,121.54
2021-03-01,2020-2021,2015-16,01,24,Pulse gram,126.88
2021-04-01,2020-2021,2015-16,01,24,Pulse gram,125.99
2021-05-01,2020-2021,2015-16,01,24,Pulse gram,124.31
2021-06-01,2020-2021,2015-16,01,24,Pulse gram,122.05
2021-07-01,2021-2022,2015-16,01,24,Pulse gram,128.02
2021-08-01,2021-2022,2015-16,01,24,Pulse gram,121.39
2021-09-01,2021-2022,2015-16,01,24,Pulse gram,126.65
2021-10-01,2021-2022,2015-16,01,24,Pulse gram,123.74
2021-11-01,2021-2022,2015-16,01,24,Pulse gram,123.58
2021-12-01,2021-2022,2015-16,01,24,Pulse gram,130.09
2022-01-01,2021-2022,2015-16,01,24,Pulse gram,134.56
2022-02-01,2021-2022,2015-16,01,24,Pulse gram,138.43
2022-03-01,2021-2022,2015-16,01,24,Pulse gram,138.31
2022-04-01,2021-2022,2015-16,01,24,Pulse gram,139.02
2022-05-01,2021-2022,2015-16,01,24,Pulse gram,141.23
2022-06-01,2021-2022,2015-16,01,24,Pulse gram,161.05
2022-07-01,2022-2023,2015-16,01,24,Pulse gram,183.38
2022-08-01,2022-2023,2015-16,01,24,Pulse gram,194.53
2022-09-01,2022-2023,2015-16,01,24,Pulse gram,207.96
2022-10-01,2022-2023,2015-16,01,24,Pulse gram,204.27
2022-11-01,2022-2023,2015-16,01,24,Pulse gram,193.02
2022-12-01,2022-2023,2015-16,01,24,Pulse gram,188.89
2023-01-01,2022-2023,2015-16,01,24,Pulse gram,194.48
2023-02-01,2022-2023,2015-16,01,24,Pulse gram,215.94
2023-03-01,2022-2023,2015-16,01,24,Pulse gram,212.69
2023-04-01,2022-2023,2015-16,01,24,Pulse gram,206.32
2023-05-01,2022-2023,2015-16,01,24,Pulse gram,209.69
2023-06-01,2022-2023,2015-16,01,24,Pulse gram,199.93
2023-07-01,2023-2024,2015-16,01,24,Pulse gram,194.78
2023-08-01,2023-2024,2015-16,01,24,Pulse gram,199.1
2023-09-01,2023-2024,2015-16,01,24,Pulse gram,204.88
2023-10-01,2023-2024,2015-16,01,24,Pulse gram,197.27
2023-11-01,2023-2024,2015-16,01,24,Pulse gram,189.21
2023-12-01,2023-2024,2015-16,01,24,Pulse gram,196.26
2024-01-01,2023-2024,2015-16,01,24,Pulse gram,211.23
2024-02-01,2023-2024,2015-16,01,24,Pulse gram,214.36
2024-03-01,2023-2024,2015-16,01,24,Pulse gram,214.7
2024-04-01,2023-2024,2015-16,01,24,Pulse gram,212.24
2024-05-01,2023-2024,2015-16,01,24,Pulse gram,213.32
2024-06-01,2023-2024,2015-16,01,24,Pulse gram,234.99
2024-07-01,2024-2025,2015-16,01,24,Pulse gram,271.07
2024-08-01,2024-2025,2015-16,01,24,Pulse gram,283.41
2024-09-01,2024-2025,2015-16,01,24,Pulse gram,321.62
2024-10-01,2024-2025,2015-16,01,24,Pulse gram,340.04
2024-11-01,2024-2025,2015-16,01,24,Pulse gram,325.32
2024-12-01,2024-2025,2015-16,01,24,Pulse gram,302.73
2025-01-01,2024-2025,2015-16,01,24,Pulse gram,299.37
2025-02-01,2024-2025,2015-16,01,24,Pulse gram,268.81
2025-03-01,2024-2025,2015-16,01,24,Pulse gram,256.39
2025-04-01,2024-2025,2015-16,01,24,Pulse gram,249.53
2025-05-01,2024-2025,2015-16,01,24,Pulse gram,252.26
2025-06-01,2024-2025,2015-16,01,24,Pulse gram,252.71
2025-07-01,2025-2026,2015-16,01,24,Pulse gram,253.37
2025-08-01,2025-2026,2015-16,01,24,Pulse gram,248.07
2025-09-01,2025-2026,2015-16,01,24,Pulse gram,251.67
2025-10-01,2025-2026,2015-16,01,24,Pulse gram,247.29
2025-11-01,2025-2026,2015-16,01,24,Pulse gram,228.28
2025-12-01,2025-2026,2015-16,01,24,Pulse gram,222.79
2026-01-01,2025-2026,2015-16,01,24,Pulse gram,209.66
2026-02-01,2025-2026,2015-16,01,24,Pulse gram,210.37
2026-03-01,2025-2026,2015-16,01,24,Pulse gram,208.59
2026-04-01,2025-2026,2015-16,01,24,Pulse gram,208.43
2026-05-01,2025-2026,2015-16,01,24,Pulse gram,204.99
2026-06-01,2025-2026,2015-16,01,24,Pulse gram,204.21
2019-07-01,2019-2020,2015-16,01,25,Gram whohe,117.58
2019-08-01,2019-2020,2015-16,01,25,Gram whohe,117.64
2019-09-01,2019-2020,2015-16,01,25,Gram whohe,118.1
2019-10-01,2019-2020,2015-16,01,25,Gram whohe,118.96
2019-11-01,2019-2020,2015-16,01,25,Gram whohe,120.2
2019-12-01,2019-2020,2015-16,01,25,Gram whohe,120.8
2020-01-01,2019-2020,2015-16,01,25,Gram whohe,128.87
2020-02-01,2019-2020,2015-16,01,25,Gram whohe,129.28
2020-03-01,2019-2020,2015-16,01,25,Gram whohe,128.08
2020-04-01,2019-2020,2015-16,01,25,Gram whohe,133.69
2020-05-01,2019-2020,2015-16,01,25,Gram whohe,129.92
2020-06-01,2019-2020,2015-16,01,25,Gram whohe,128.54
2020-07-01,2020-2021,2015-16,01,25,Gram whohe,125.07
2020-08-01,2020-2021,2015-16,01,25,Gram whohe,122.84
2020-09-01,2020-2021,2015-16,01,25,Gram whohe,122.25
2020-10-01,2020-2021,2015-16,01,25,Gram whohe,123.29
2020-11-01,2020-2021,2015-16,01,25,Gram whohe,123.02
2020-12-01,2020-2021,2015-16,01,25,Gram whohe,122.97
2021-01-01,2020-2021,2015-16,01,25,Gram whohe,124.15
2021-02-01,2020-2021,2015-16,01,25,Gram whohe,126.44
2021-03-01,2020-2021,2015-16,01,25,Gram whohe,128.08
2021-04-01,2020-2021,2015-16,01,25,Gram whohe,129.68
2021-05-01,2020-2021,2015-16,01,25,Gram whohe,129.71
2021-06-01,2020-2021,2015-16,01,25,Gram whohe,130.59
2021-07-01,2021-2022,2015-16,01,25,Gram whohe,129.39
2021-08-01,2021-2022,2015-16,01,25,Gram whohe,129.2
2021-09-01,2021-2022,2015-16,01,25,Gram whohe,136.93
2021-10-01,2021-2022,2015-16,01,25,Gram whohe,138.63
2021-11-01,2021-2022,2015-16,01,25,Gram whohe,141.09
2021-12-01,2021-2022,2015-16,01,25,Gram whohe,147.73
2022-01-01,2021-2022,2015-16,01,25,Gram whohe,154.81
2022-02-01,2021-2022,2015-16,01,25,Gram whohe,157.26
2022-03-01,2021-2022,2015-16,01,25,Gram whohe,160.58
2022-04-01,2021-2022,2015-16,01,25,Gram whohe,169.68
2022-05-01,2021-2022,2015-16,01,25,Gram whohe,181.02
2022-06-01,2021-2022,2015-16,01,25,Gram whohe,205.67
2022-07-01,2022-2023,2015-16,01,25,Gram whohe,216.7
2022-08-01,2022-2023,2015-16,01,25,Gram whohe,228.98
2022-09-01,2022-2023,2015-16,01,25,Gram whohe,238.92
2022-10-01,2022-2023,2015-16,01,25,Gram whohe,235.39
2022-11-01,2022-2023,2015-16,01,25,Gram whohe,230.67
2022-12-01,2022-2023,2015-16,01,25,Gram whohe,226.29
2023-01-01,2022-2023,2015-16,01,25,Gram whohe,232.94
2023-02-01,2022-2023,2015-16,01,25,Gram whohe,259.37
2023-03-01,2022-2023,2015-16,01,25,Gram whohe,265.2
2023-04-01,2022-2023,2015-16,01,25,Gram whohe,263.94
2023-05-01,2022-2023,2015-16,01,25,Gram whohe,267.09
2023-06-01,2022-2023,2015-16,01,25,Gram whohe,264.12
2023-07-01,2023-2024,2015-16,01,25,Gram whohe,263.83
2023-08-01,2023-2024,2015-16,01,25,Gram whohe,266.89
2023-09-01,2023-2024,2015-16,01,25,Gram whohe,269.24
2023-10-01,2023-2024,2015-16,01,25,Gram whohe,266.88
2023-11-01,2023-2024,2015-16,01,25,Gram whohe,255.35
2023-12-01,2023-2024,2015-16,01,25,Gram whohe,253.41
2024-01-01,2023-2024,2015-16,01,25,Gram whohe,256.28
2024-02-01,2023-2024,2015-16,01,25,Gram whohe,259.23
2024-03-01,2023-2024,2015-16,01,25,Gram whohe,264.2
2024-04-01,2023-2024,2015-16,01,25,Gram whohe,262.91
2024-05-01,2023-2024,2015-16,01,25,Gram whohe,264.57
2024-06-01,2023-2024,2015-16,01,25,Gram whohe,272.34
2024-07-01,2024-2025,2015-16,01,25,Gram whohe,290.74
2024-08-01,2024-2025,2015-16,01,25,Gram whohe,301.84
2024-09-01,2024-2025,2015-16,01,25,Gram whohe,316.86
2024-10-01,2024-2025,2015-16,01,25,Gram whohe,324.31
2024-11-01,2024-2025,2015-16,01,25,Gram whohe,319.38
2024-12-01,2024-2025,2015-16,01,25,Gram whohe,314.63
2025-01-01,2024-2025,2015-16,01,25,Gram whohe,310.11
2025-02-01,2024-2025,2015-16,01,25,Gram whohe,293.18
2025-03-01,2024-2025,2015-16,01,25,Gram whohe,285.02
2025-04-01,2024-2025,2015-16,01,25,Gram whohe,277.43
2025-05-01,2024-2025,2015-16,01,25,Gram whohe,276.58
2025-06-01,2024-2025,2015-16,01,25,Gram whohe,276.9
2025-07-01,2025-2026,2015-16,01,25,Gram whohe,276.74
2025-08-01,2025-2026,2015-16,01,25,Gram whohe,270.77
2025-09-01,2025-2026,2015-16,01,25,Gram whohe,269.69
2025-10-01,2025-2026,2015-16,01,25,Gram whohe,267.59
2025-11-01,2025-2026,2015-16,01,25,Gram whohe,261.26
2025-12-01,2025-2026,2015-16,01,25,Gram whohe,253.23
2026-01-01,2025-2026,2015-16,01,25,Gram whohe,244.95
2026-02-01,2025-2026,2015-16,01,25,Gram whohe,244.54
2026-03-01,2025-2026,2015-16,01,25,Gram whohe,236.36
2026-04-01,2025-2026,2015-16,01,25,Gram whohe,236.78
2026-05-01,2025-2026,2015-16,01,25,Gram whohe,236.51
2026-06-01,2025-2026,2015-16,01,25,Gram whohe,236.82
2019-07-01,2019-2020,2015-16,01,26,Beans,110.62
2019-08-01,2019-2020,2015-16,01,26,Beans,111.12
2019-09-01,2019-2020,2015-16,01,26,Beans,111.39
2019-10-01,2019-2020,2015-16,01,26,Beans,114.21
2019-11-01,2019-2020,2015-16,01,26,Beans,119.38
2019-12-01,2019-2020,2015-16,01,26,Beans,120.84
2020-01-01,2019-2020,2015-16,01,26,Beans,130.61
2020-02-01,2019-2020,2015-16,01,26,Beans,135.69
2020-03-01,2019-2020,2015-16,01,26,Beans,137.29
2020-04-01,2019-2020,2015-16,01,26,Beans,143.77
2020-05-01,2019-2020,2015-16,01,26,Beans,144.87
2020-06-01,2019-2020,2015-16,01,26,Beans,144.13
2020-07-01,2020-2021,2015-16,01,26,Beans,148.56
2020-08-01,2020-2021,2015-16,01,26,Beans,156.01
2020-09-01,2020-2021,2015-16,01,26,Beans,156.25
2020-10-01,2020-2021,2015-16,01,26,Beans,157.51
2020-11-01,2020-2021,2015-16,01,26,Beans,157.35
2020-12-01,2020-2021,2015-16,01,26,Beans,156.91
2021-01-01,2020-2021,2015-16,01,26,Beans,156.81
2021-02-01,2020-2021,2015-16,01,26,Beans,159.22
2021-03-01,2020-2021,2015-16,01,26,Beans,159.53
2021-04-01,2020-2021,2015-16,01,26,Beans,160.06
2021-05-01,2020-2021,2015-16,01,26,Beans,159.79
2021-06-01,2020-2021,2015-16,01,26,Beans,159.9
2021-07-01,2021-2022,2015-16,01,26,Beans,160.39
2021-08-01,2021-2022,2015-16,01,26,Beans,168.55
2021-09-01,2021-2022,2015-16,01,26,Beans,174.2
2021-10-01,2021-2022,2015-16,01,26,Beans,176.82
2021-11-01,2021-2022,2015-16,01,26,Beans,177.45
2021-12-01,2021-2022,2015-16,01,26,Beans,179.31
2022-01-01,2021-2022,2015-16,01,26,Beans,180.91
2022-02-01,2021-2022,2015-16,01,26,Beans,179.97
2022-03-01,2021-2022,2015-16,01,26,Beans,181.26
2022-04-01,2021-2022,2015-16,01,26,Beans,183.16
2022-05-01,2021-2022,2015-16,01,26,Beans,181.45
2022-06-01,2021-2022,2015-16,01,26,Beans,194.67
2022-07-01,2022-2023,2015-16,01,26,Beans,196.47
2022-08-01,2022-2023,2015-16,01,26,Beans,202.5
2022-09-01,2022-2023,2015-16,01,26,Beans,209.01
2022-10-01,2022-2023,2015-16,01,26,Beans,211.15
2022-11-01,2022-2023,2015-16,01,26,Beans,213.41
2022-12-01,2022-2023,2015-16,01,26,Beans,221.54
2023-01-01,2022-2023,2015-16,01,26,Beans,227.92
2023-02-01,2022-2023,2015-16,01,26,Beans,246.89
2023-03-01,2022-2023,2015-16,01,26,Beans,260.3
2023-04-01,2022-2023,2015-16,01,26,Beans,270.07
2023-05-01,2022-2023,2015-16,01,26,Beans,277.94
2023-06-01,2022-2023,2015-16,01,26,Beans,287.33
2023-07-01,2023-2024,2015-16,01,26,Beans,289.79
2023-08-01,2023-2024,2015-16,01,26,Beans,304.47
2023-09-01,2023-2024,2015-16,01,26,Beans,326.2
2023-10-01,2023-2024,2015-16,01,26,Beans,331.12
2023-11-01,2023-2024,2015-16,01,26,Beans,330.76
2023-12-01,2023-2024,2015-16,01,26,Beans,339.57
2024-01-01,2023-2024,2015-16,01,26,Beans,347.47
2024-02-01,2023-2024,2015-16,01,26,Beans,349.03
2024-03-01,2023-2024,2015-16,01,26,Beans,350.16
2024-04-01,2023-2024,2015-16,01,26,Beans,350.12
2024-05-01,2023-2024,2015-16,01,26,Beans,363.8
2024-06-01,2023-2024,2015-16,01,26,Beans,369.74
2024-07-01,2024-2025,2015-16,01,26,Beans,373.9
2024-08-01,2024-2025,2015-16,01,26,Beans,375.57
2024-09-01,2024-2025,2015-16,01,26,Beans,375.02
2024-10-01,2024-2025,2015-16,01,26,Beans,375.4
2024-11-01,2024-2025,2015-16,01,26,Beans,384.23
2024-12-01,2024-2025,2015-16,01,26,Beans,386.38
2025-01-01,2024-2025,2015-16,01,26,Beans,388.8
2025-02-01,2024-2025,2015-16,01,26,Beans,389.63
2025-03-01,2024-2025,2015-16,01,26,Beans,379.53
2025-04-01,2024-2025,2015-16,01,26,Beans,373.53
2025-05-01,2024-2025,2015-16,01,26,Beans,370.34
2025-06-01,2024-2025,2015-16,01,26,Beans,370.98
2025-07-01,2025-2026,2015-16,01,26,Beans,367.9
2025-08-01,2025-2026,2015-16,01,26,Beans,366.5
2025-09-01,2025-2026,2015-16,01,26,Beans,364.08
2025-10-01,2025-2026,2015-16,01,26,Beans,357.07
2025-11-01,2025-2026,2015-16,01,26,Beans,350.67
2025-12-01,2025-2026,2015-16,01,26,Beans,352.87
2026-01-01,2025-2026,2015-16,01,26,Beans,350.77
2026-02-01,2025-2026,2015-16,01,26,Beans,350.83
2026-03-01,2025-2026,2015-16,01,26,Beans,349.82
2026-04-01,2025-2026,2015-16,01,26,Beans,346.84
2026-05-01,2025-2026,2015-16,01,26,Beans,345.68
2026-06-01,2025-2026,2015-16,01,26,Beans,342.59
2019-07-01,2019-2020,2015-16,01,27,Potatoes,148.09
2019-08-01,2019-2020,2015-16,01,27,Potatoes,157.28
2019-09-01,2019-2020,2015-16,01,27,Potatoes,162.25
2019-10-01,2019-2020,2015-16,01,27,Potatoes,178.6
2019-11-01,2019-2020,2015-16,01,27,Potatoes,190.6
2019-12-01,2019-2020,2015-16,01,27,Potatoes,186.87
2020-01-01,2019-2020,2015-16,01,27,Potatoes,179.98
2020-02-01,2019-2020,2015-16,01,27,Potatoes,156.74
2020-03-01,2019-2020,2015-16,01,27,Potatoes,173.87
2020-04-01,2019-2020,2015-16,01,27,Potatoes,172.48
2020-05-01,2019-2020,2015-16,01,27,Potatoes,226.28
2020-06-01,2019-2020,2015-16,01,27,Potatoes,230.8
2020-07-01,2020-2021,2015-16,01,27,Potatoes,241.36
2020-08-01,2020-2021,2015-16,01,27,Potatoes,255.49
2020-09-01,2020-2021,2015-16,01,27,Potatoes,271.28
2020-10-01,2020-2021,2015-16,01,27,Potatoes,273.51
2020-11-01,2020-2021,2015-16,01,27,Potatoes,297.55
2020-12-01,2020-2021,2015-16,01,27,Potatoes,258.5
2021-01-01,2020-2021,2015-16,01,27,Potatoes,171.71
2021-02-01,2020-2021,2015-16,01,27,Potatoes,149.52
2021-03-01,2020-2021,2015-16,01,27,Potatoes,163.78
2021-04-01,2020-2021,2015-16,01,27,Potatoes,189.67
2021-05-01,2020-2021,2015-16,01,27,Potatoes,191.01
2021-06-01,2020-2021,2015-16,01,27,Potatoes,192.9
2021-07-01,2021-2022,2015-16,01,27,Potatoes,202.33
2021-08-01,2021-2022,2015-16,01,27,Potatoes,206.06
2021-09-01,2021-2022,2015-16,01,27,Potatoes,200.66
2021-10-01,2021-2022,2015-16,01,27,Potatoes,225.08
2021-11-01,2021-2022,2015-16,01,27,Potatoes,244.99
2021-12-01,2021-2022,2015-16,01,27,Potatoes,196.57
2022-01-01,2021-2022,2015-16,01,27,Potatoes,170.39
2022-02-01,2021-2022,2015-16,01,27,Potatoes,153.89
2022-03-01,2021-2022,2015-16,01,27,Potatoes,148.23
2022-04-01,2021-2022,2015-16,01,27,Potatoes,150.35
2022-05-01,2021-2022,2015-16,01,27,Potatoes,149.75
2022-06-01,2021-2022,2015-16,01,27,Potatoes,201.59
2022-07-01,2022-2023,2015-16,01,27,Potatoes,223.5
2022-08-01,2022-2023,2015-16,01,27,Potatoes,234.66
2022-09-01,2022-2023,2015-16,01,27,Potatoes,275.56
2022-10-01,2022-2023,2015-16,01,27,Potatoes,272.02
2022-11-01,2022-2023,2015-16,01,27,Potatoes,311.64
2022-12-01,2022-2023,2015-16,01,27,Potatoes,245.17
2023-01-01,2022-2023,2015-16,01,27,Potatoes,180.92
2023-02-01,2022-2023,2015-16,01,27,Potatoes,188.39
2023-03-01,2022-2023,2015-16,01,27,Potatoes,209.6
2023-04-01,2022-2023,2015-16,01,27,Potatoes,265.93
2023-05-01,2022-2023,2015-16,01,27,Potatoes,311.73
2023-06-01,2022-2023,2015-16,01,27,Potatoes,331.99
2023-07-01,2023-2024,2015-16,01,27,Potatoes,359.07
2023-08-01,2023-2024,2015-16,01,27,Potatoes,374.78
2023-09-01,2023-2024,2015-16,01,27,Potatoes,370.77
2023-10-01,2023-2024,2015-16,01,27,Potatoes,384.57
2023-11-01,2023-2024,2015-16,01,27,Potatoes,441.96
2023-12-01,2023-2024,2015-16,01,27,Potatoes,359.8
2024-01-01,2023-2024,2015-16,01,27,Potatoes,244.33
2024-02-01,2023-2024,2015-16,01,27,Potatoes,230.58
2024-03-01,2023-2024,2015-16,01,27,Potatoes,285.11
2024-04-01,2023-2024,2015-16,01,27,Potatoes,291.65
2024-05-01,2023-2024,2015-16,01,27,Potatoes,334.62
2024-06-01,2023-2024,2015-16,01,27,Potatoes,356.98
2024-07-01,2024-2025,2015-16,01,27,Potatoes,385.21
2024-08-01,2024-2025,2015-16,01,27,Potatoes,396.38
2024-09-01,2024-2025,2015-16,01,27,Potatoes,400.25
2024-10-01,2024-2025,2015-16,01,27,Potatoes,403.68
2024-11-01,2024-2025,2015-16,01,27,Potatoes,438.57
2024-12-01,2024-2025,2015-16,01,27,Potatoes,493.04
2025-01-01,2024-2025,2015-16,01,27,Potatoes,354.62
2025-02-01,2024-2025,2015-16,01,27,Potatoes,283.34
2025-03-01,2024-2025,2015-16,01,27,Potatoes,264
2025-04-01,2024-2025,2015-16,01,27,Potatoes,250.54
2025-05-01,2024-2025,2015-16,01,27,Potatoes,254.64
2025-06-01,2024-2025,2015-16,01,27,Potatoes,320.18
2025-07-01,2025-2026,2015-16,01,27,Potatoes,355.3
2025-08-01,2025-2026,2015-16,01,27,Potatoes,324.13
2025-09-01,2025-2026,2015-16,01,27,Potatoes,342.66
2025-10-01,2025-2026,2015-16,01,27,Potatoes,334.57
2025-11-01,2025-2026,2015-16,01,27,Potatoes,343.49
2025-12-01,2025-2026,2015-16,01,27,Potatoes,282.07
2026-01-01,2025-2026,2015-16,01,27,Potatoes,202.74
2026-02-01,2025-2026,2015-16,01,27,Potatoes,170.52
2026-03-01,2025-2026,2015-16,01,27,Potatoes,150.03
2026-04-01,2025-2026,2015-16,01,27,Potatoes,156.68
2026-05-01,2025-2026,2015-16,01,27,Potatoes,162.96
2026-06-01,2025-2026,2015-16,01,27,Potatoes,191.9
2019-07-01,2019-2020,2015-16,01,28,Onions,121.57
2019-08-01,2019-2020,2015-16,01,28,Onions,160.85
2019-09-01,2019-2020,2015-16,01,28,Onions,178.32
2019-10-01,2019-2020,2015-16,01,28,Onions,187.2
2019-11-01,2019-2020,2015-16,01,28,Onions,194.35
2019-12-01,2019-2020,2015-16,01,28,Onions,170.16
2020-01-01,2019-2020,2015-16,01,28,Onions,138.91
2020-02-01,2019-2020,2015-16,01,28,Onions,126.7
2020-03-01,2019-2020,2015-16,01,28,Onions,171.14
2020-04-01,2019-2020,2015-16,01,28,Onions,131.88
2020-05-01,2019-2020,2015-16,01,28,Onions,101.08
2020-06-01,2019-2020,2015-16,01,28,Onions,83.83
2020-07-01,2020-2021,2015-16,01,28,Onions,97.59
2020-08-01,2020-2021,2015-16,01,28,Onions,107.74
2020-09-01,2020-2021,2015-16,01,28,Onions,123.37
2020-10-01,2020-2021,2015-16,01,28,Onions,171.57
2020-11-01,2020-2021,2015-16,01,28,Onions,181.53
2020-12-01,2020-2021,2015-16,01,28,Onions,128.67
2021-01-01,2020-2021,2015-16,01,28,Onions,96.67
2021-02-01,2020-2021,2015-16,01,28,Onions,89.05
2021-03-01,2020-2021,2015-16,01,28,Onions,86.94
2021-04-01,2020-2021,2015-16,01,28,Onions,79.7
2021-05-01,2020-2021,2015-16,01,28,Onions,69.22
2021-06-01,2020-2021,2015-16,01,28,Onions,79.58
2021-07-01,2021-2022,2015-16,01,28,Onions,107.06
2021-08-01,2021-2022,2015-16,01,28,Onions,106.28
2021-09-01,2021-2022,2015-16,01,28,Onions,140.81
2021-10-01,2021-2022,2015-16,01,28,Onions,122.93
2021-11-01,2021-2022,2015-16,01,28,Onions,113.13
2021-12-01,2021-2022,2015-16,01,28,Onions,92.99
2022-01-01,2021-2022,2015-16,01,28,Onions,92.43
2022-02-01,2021-2022,2015-16,01,28,Onions,84.29
2022-03-01,2021-2022,2015-16,01,28,Onions,90.2
2022-04-01,2021-2022,2015-16,01,28,Onions,128.83
2022-05-01,2021-2022,2015-16,01,28,Onions,175.43
2022-06-01,2021-2022,2015-16,01,28,Onions,178.5
2022-07-01,2022-2023,2015-16,01,28,Onions,202.86
2022-08-01,2022-2023,2015-16,01,28,Onions,202.51
2022-09-01,2022-2023,2015-16,01,28,Onions,194.7
2022-10-01,2022-2023,2015-16,01,28,Onions,323.91
2022-11-01,2022-2023,2015-16,01,28,Onions,435.4
2022-12-01,2022-2023,2015-16,01,28,Onions,478.88
2023-01-01,2022-2023,2015-16,01,28,Onions,525.5
2023-02-01,2022-2023,2015-16,01,28,Onions,435.56
2023-03-01,2022-2023,2015-16,01,28,Onions,322.57
2023-04-01,2022-2023,2015-16,01,28,Onions,195.66
2023-05-01,2022-2023,2015-16,01,28,Onions,131.18
2023-06-01,2022-2023,2015-16,01,28,Onions,148.99
2023-07-01,2023-2024,2015-16,01,28,Onions,145.69
2023-08-01,2023-2024,2015-16,01,28,Onions,138.77
2023-09-01,2023-2024,2015-16,01,28,Onions,193.34
2023-10-01,2023-2024,2015-16,01,28,Onions,268.19
2023-11-01,2023-2024,2015-16,01,28,Onions,301.22
2023-12-01,2023-2024,2015-16,01,28,Onions,394.09
2024-01-01,2023-2024,2015-16,01,28,Onions,503.91
2024-02-01,2023-2024,2015-16,01,28,Onions,463.69
2024-03-01,2023-2024,2015-16,01,28,Onions,593.72
2024-04-01,2023-2024,2015-16,01,28,Onions,501.2
2024-05-01,2023-2024,2015-16,01,28,Onions,244.84
2024-06-01,2023-2024,2015-16,01,28,Onions,295.59
2024-07-01,2024-2025,2015-16,01,28,Onions,266.97
2024-08-01,2024-2025,2015-16,01,28,Onions,327.94
2024-09-01,2024-2025,2015-16,01,28,Onions,344.14
2024-10-01,2024-2025,2015-16,01,28,Onions,370.44
2024-11-01,2024-2025,2015-16,01,28,Onions,359.21
2024-12-01,2024-2025,2015-16,01,28,Onions,341.58
2025-01-01,2024-2025,2015-16,01,28,Onions,293.83
2025-02-01,2024-2025,2015-16,01,28,Onions,201.29
2025-03-01,2024-2025,2015-16,01,28,Onions,171.31
2025-04-01,2024-2025,2015-16,01,28,Onions,126.77
2025-05-01,2024-2025,2015-16,01,28,Onions,111.49
2025-06-01,2024-2025,2015-16,01,28,Onions,128.5
2025-07-01,2025-2026,2015-16,01,28,Onions,140.53
2025-08-01,2025-2026,2015-16,01,28,Onions,160.74
2025-09-01,2025-2026,2015-16,01,28,Onions,206.52
2025-10-01,2025-2026,2015-16,01,28,Onions,245.17
2025-11-01,2025-2026,2015-16,01,28,Onions,362.71
2025-12-01,2025-2026,2015-16,01,28,Onions,243.04
2026-01-01,2025-2026,2015-16,01,28,Onions,173.82
2026-02-01,2025-2026,2015-16,01,28,Onions,167.04
2026-03-01,2025-2026,2015-16,01,28,Onions,164.49
2026-04-01,2025-2026,2015-16,01,28,Onions,179.68
2026-05-01,2025-2026,2015-16,01,28,Onions,170.28
2026-06-01,2025-2026,2015-16,01,28,Onions,205.7
2019-07-01,2019-2020,2015-16,01,29,Tomatoes,98.92
2019-08-01,2019-2020,2015-16,01,29,Tomatoes,135.99
2019-09-01,2019-2020,2015-16,01,29,Tomatoes,128.05
2019-10-01,2019-2020,2015-16,01,29,Tomatoes,172.83
2019-11-01,2019-2020,2015-16,01,29,Tomatoes,431.06
2019-12-01,2019-2020,2015-16,01,29,Tomatoes,273.76
2020-01-01,2019-2020,2015-16,01,29,Tomatoes,250.86
2020-02-01,2019-2020,2015-16,01,29,Tomatoes,99.67
2020-03-01,2019-2020,2015-16,01,29,Tomatoes,76.46
2020-04-01,2019-2020,2015-16,01,29,Tomatoes,67.97
2020-05-01,2019-2020,2015-16,01,29,Tomatoes,62.71
2020-06-01,2019-2020,2015-16,01,29,Tomatoes,70.92
2020-07-01,2020-2021,2015-16,01,29,Tomatoes,198
2020-08-01,2020-2021,2015-16,01,29,Tomatoes,134.98
2020-09-01,2020-2021,2015-16,01,29,Tomatoes,194.46
2020-10-01,2020-2021,2015-16,01,29,Tomatoes,288.5
2020-11-01,2020-2021,2015-16,01,29,Tomatoes,333.74
2020-12-01,2020-2021,2015-16,01,29,Tomatoes,243.22
2021-01-01,2020-2021,2015-16,01,29,Tomatoes,170.19
2021-02-01,2020-2021,2015-16,01,29,Tomatoes,70.28
2021-03-01,2020-2021,2015-16,01,29,Tomatoes,73.56
2021-04-01,2020-2021,2015-16,01,29,Tomatoes,123.36
2021-05-01,2020-2021,2015-16,01,29,Tomatoes,65.82
2021-06-01,2020-2021,2015-16,01,29,Tomatoes,84.87
2021-07-01,2021-2022,2015-16,01,29,Tomatoes,154.8
2021-08-01,2021-2022,2015-16,01,29,Tomatoes,182.42
2021-09-01,2021-2022,2015-16,01,29,Tomatoes,147.95
2021-10-01,2021-2022,2015-16,01,29,Tomatoes,148.53
2021-11-01,2021-2022,2015-16,01,29,Tomatoes,344.06
2021-12-01,2021-2022,2015-16,01,29,Tomatoes,172.94
2022-01-01,2021-2022,2015-16,01,29,Tomatoes,98.79
2022-02-01,2021-2022,2015-16,01,29,Tomatoes,288.19
2022-03-01,2021-2022,2015-16,01,29,Tomatoes,182.91
2022-04-01,2021-2022,2015-16,01,29,Tomatoes,277.17
2022-05-01,2021-2022,2015-16,01,29,Tomatoes,172.59
2022-06-01,2021-2022,2015-16,01,29,Tomatoes,188.17
2022-07-01,2022-2023,2015-16,01,29,Tomatoes,164.72
2022-08-01,2022-2023,2015-16,01,29,Tomatoes,251.78
2022-09-01,2022-2023,2015-16,01,29,Tomatoes,337.04
2022-10-01,2022-2023,2015-16,01,29,Tomatoes,476.29
2022-11-01,2022-2023,2015-16,01,29,Tomatoes,430.75
2022-12-01,2022-2023,2015-16,01,29,Tomatoes,198.33
2023-01-01,2022-2023,2015-16,01,29,Tomatoes,120.96
2023-02-01,2022-2023,2015-16,01,29,Tomatoes,107.55
2023-03-01,2022-2023,2015-16,01,29,Tomatoes,121.71
2023-04-01,2022-2023,2015-16,01,29,Tomatoes,145.23
2023-05-01,2022-2023,2015-16,01,29,Tomatoes,103.28
2023-06-01,2022-2023,2015-16,01,29,Tomatoes,132.53
2023-07-01,2023-2024,2015-16,01,29,Tomatoes,176.86
2023-08-01,2023-2024,2015-16,01,29,Tomatoes,310.12
2023-09-01,2023-2024,2015-16,01,29,Tomatoes,267.31
2023-10-01,2023-2024,2015-16,01,29,Tomatoes,259
2023-11-01,2023-2024,2015-16,01,29,Tomatoes,415.49
2023-12-01,2023-2024,2015-16,01,29,Tomatoes,239.9
2024-01-01,2023-2024,2015-16,01,29,Tomatoes,307.74
2024-02-01,2023-2024,2015-16,01,29,Tomatoes,230.75
2024-03-01,2023-2024,2015-16,01,29,Tomatoes,351.06
2024-04-01,2023-2024,2015-16,01,29,Tomatoes,329.19
2024-05-01,2023-2024,2015-16,01,29,Tomatoes,160.56
2024-06-01,2023-2024,2015-16,01,29,Tomatoes,223.12
2024-07-01,2024-2025,2015-16,01,29,Tomatoes,392.3
2024-08-01,2024-2025,2015-16,01,29,Tomatoes,360.58
2024-09-01,2024-2025,2015-16,01,29,Tomatoes,272.81
2024-10-01,2024-2025,2015-16,01,29,Tomatoes,283.61
2024-11-01,2024-2025,2015-16,01,29,Tomatoes,358.95
2024-12-01,2024-2025,2015-16,01,29,Tomatoes,347.16
2025-01-01,2024-2025,2015-16,01,29,Tomatoes,275.3
2025-02-01,2024-2025,2015-16,01,29,Tomatoes,119.03
2025-03-01,2024-2025,2015-16,01,29,Tomatoes,162.3
2025-04-01,2024-2025,2015-16,01,29,Tomatoes,137.53
2025-05-01,2024-2025,2015-16,01,29,Tomatoes,108.93
2025-06-01,2024-2025,2015-16,01,29,Tomatoes,171.38
2025-07-01,2025-2026,2015-16,01,29,Tomatoes,205.52
2025-08-01,2025-2026,2015-16,01,29,Tomatoes,245.86
2025-09-01,2025-2026,2015-16,01,29,Tomatoes,405.76
2025-10-01,2025-2026,2015-16,01,29,Tomatoes,643.69
2025-11-01,2025-2026,2015-16,01,29,Tomatoes,300.55
2025-12-01,2025-2026,2015-16,01,29,Tomatoes,164.69
2026-01-01,2025-2026,2015-16,01,29,Tomatoes,176.11
2026-02-01,2025-2026,2015-16,01,29,Tomatoes,216.7
2026-03-01,2025-2026,2015-16,01,29,Tomatoes,153.52
2026-04-01,2025-2026,2015-16,01,29,Tomatoes,241.18
2026-05-01,2025-2026,2015-16,01,29,Tomatoes,137.04
2026-06-01,2025-2026,2015-16,01,29,Tomatoes,260.51
2019-07-01,2019-2020,2015-16,01,30,Fresh vegetables,121.79
2019-08-01,2019-2020,2015-16,01,30,Fresh vegetables,137.43
2019-09-01,2019-2020,2015-16,01,30,Fresh vegetables,159.12
2019-10-01,2019-2020,2015-16,01,30,Fresh vegetables,187.27
2019-11-01,2019-2020,2015-16,01,30,Fresh vegetables,165.7
2019-12-01,2019-2020,2015-16,01,30,Fresh vegetables,158.05
2020-01-01,2019-2020,2015-16,01,30,Fresh vegetables,176.54
2020-02-01,2019-2020,2015-16,01,30,Fresh vegetables,156.27
2020-03-01,2019-2020,2015-16,01,30,Fresh vegetables,144.11
2020-04-01,2019-2020,2015-16,01,30,Fresh vegetables,138.55
2020-05-01,2019-2020,2015-16,01,30,Fresh vegetables,111.37
2020-06-01,2019-2020,2015-16,01,30,Fresh vegetables,115.88
2020-07-01,2020-2021,2015-16,01,30,Fresh vegetables,143.5
2020-08-01,2020-2021,2015-16,01,30,Fresh vegetables,139.51
2020-09-01,2020-2021,2015-16,01,30,Fresh vegetables,181.82
2020-10-01,2020-2021,2015-16,01,30,Fresh vegetables,170.25
2020-11-01,2020-2021,2015-16,01,30,Fresh vegetables,179.83
2020-12-01,2020-2021,2015-16,01,30,Fresh vegetables,145.33
2021-01-01,2020-2021,2015-16,01,30,Fresh vegetables,130.59
2021-02-01,2020-2021,2015-16,01,30,Fresh vegetables,120.99
2021-03-01,2020-2021,2015-16,01,30,Fresh vegetables,119.2
2021-04-01,2020-2021,2015-16,01,30,Fresh vegetables,154.42
2021-05-01,2020-2021,2015-16,01,30,Fresh vegetables,125.32
2021-06-01,2020-2021,2015-16,01,30,Fresh vegetables,129.22
2021-07-01,2021-2022,2015-16,01,30,Fresh vegetables,133.99
2021-08-01,2021-2022,2015-16,01,30,Fresh vegetables,150.76
2021-09-01,2021-2022,2015-16,01,30,Fresh vegetables,156.72
2021-10-01,2021-2022,2015-16,01,30,Fresh vegetables,180.64
2021-11-01,2021-2022,2015-16,01,30,Fresh vegetables,199.47
2021-12-01,2021-2022,2015-16,01,30,Fresh vegetables,148.15
2022-01-01,2021-2022,2015-16,01,30,Fresh vegetables,145.71
2022-02-01,2021-2022,2015-16,01,30,Fresh vegetables,161.29
2022-03-01,2021-2022,2015-16,01,30,Fresh vegetables,160.82
2022-04-01,2021-2022,2015-16,01,30,Fresh vegetables,183.99
2022-05-01,2021-2022,2015-16,01,30,Fresh vegetables,155.92
2022-06-01,2021-2022,2015-16,01,30,Fresh vegetables,150.4
2022-07-01,2022-2023,2015-16,01,30,Fresh vegetables,188.21
2022-08-01,2022-2023,2015-16,01,30,Fresh vegetables,213.51
2022-09-01,2022-2023,2015-16,01,30,Fresh vegetables,261.98
2022-10-01,2022-2023,2015-16,01,30,Fresh vegetables,286.83
2022-11-01,2022-2023,2015-16,01,30,Fresh vegetables,211.04
2022-12-01,2022-2023,2015-16,01,30,Fresh vegetables,158.52
2023-01-01,2022-2023,2015-16,01,30,Fresh vegetables,158
2023-02-01,2022-2023,2015-16,01,30,Fresh vegetables,180.07
2023-03-01,2022-2023,2015-16,01,30,Fresh vegetables,191.27
2023-04-01,2022-2023,2015-16,01,30,Fresh vegetables,209.05
2023-05-01,2022-2023,2015-16,01,30,Fresh vegetables,186.66
2023-06-01,2022-2023,2015-16,01,30,Fresh vegetables,171.02
2023-07-01,2023-2024,2015-16,01,30,Fresh vegetables,235.4
2023-08-01,2023-2024,2015-16,01,30,Fresh vegetables,194.96
2023-09-01,2023-2024,2015-16,01,30,Fresh vegetables,217.91
2023-10-01,2023-2024,2015-16,01,30,Fresh vegetables,256.56
2023-11-01,2023-2024,2015-16,01,30,Fresh vegetables,268.02
2023-12-01,2023-2024,2015-16,01,30,Fresh vegetables,262.21
2024-01-01,2023-2024,2015-16,01,30,Fresh vegetables,283.99
2024-02-01,2023-2024,2015-16,01,30,Fresh vegetables,263.32
2024-03-01,2023-2024,2015-16,01,30,Fresh vegetables,297.07
2024-04-01,2023-2024,2015-16,01,30,Fresh vegetables,261.47
2024-05-01,2023-2024,2015-16,01,30,Fresh vegetables,241.27
2024-06-01,2023-2024,2015-16,01,30,Fresh vegetables,236.14
2024-07-01,2024-2025,2015-16,01,30,Fresh vegetables,306.29
2024-08-01,2024-2025,2015-16,01,30,Fresh vegetables,343.82
2024-09-01,2024-2025,2015-16,01,30,Fresh vegetables,281.48
2024-10-01,2024-2025,2015-16,01,30,Fresh vegetables,317.78
2024-11-01,2024-2025,2015-16,01,30,Fresh vegetables,295.01
2024-12-01,2024-2025,2015-16,01,30,Fresh vegetables,288.32
2025-01-01,2024-2025,2015-16,01,30,Fresh vegetables,230.73
2025-02-01,2024-2025,2015-16,01,30,Fresh vegetables,192.12
2025-03-01,2024-2025,2015-16,01,30,Fresh vegetables,203.9
2025-04-01,2024-2025,2015-16,01,30,Fresh vegetables,217.11
2025-05-01,2024-2025,2015-16,01,30,Fresh vegetables,217.42
2025-06-01,2024-2025,2015-16,01,30,Fresh vegetables,213.89
2025-07-01,2025-2026,2015-16,01,30,Fresh vegetables,311.77
2025-08-01,2025-2026,2015-16,01,30,Fresh vegetables,254.16
2025-09-01,2025-2026,2015-16,01,30,Fresh vegetables,277.14
2025-10-01,2025-2026,2015-16,01,30,Fresh vegetables,311.02
2025-11-01,2025-2026,2015-16,01,30,Fresh vegetables,292.67
2025-12-01,2025-2026,2015-16,01,30,Fresh vegetables,230.34
2026-01-01,2025-2026,2015-16,01,30,Fresh vegetables,192.13
2026-02-01,2025-2026,2015-16,01,30,Fresh vegetables,184.67
2026-03-01,2025-2026,2015-16,01,30,Fresh vegetables,193.93
2026-04-01,2025-2026,2015-16,01,30,Fresh vegetables,272.81
2026-05-01,2025-2026,2015-16,01,30,Fresh vegetables,204.8
2026-06-01,2025-2026,2015-16,01,30,Fresh vegetables,230.51
2019-07-01,2019-2020,2015-16,01,31,Sugar,115.7
2019-08-01,2019-2020,2015-16,01,31,Sugar,120.07
2019-09-01,2019-2020,2015-16,01,31,Sugar,120.31
2019-10-01,2019-2020,2015-16,01,31,Sugar,118.66
2019-11-01,2019-2020,2015-16,01,31,Sugar,117.26
2019-12-01,2019-2020,2015-16,01,31,Sugar,113.11
2020-01-01,2019-2020,2015-16,01,31,Sugar,118.85
2020-02-01,2019-2020,2015-16,01,31,Sugar,128.89
2020-03-01,2019-2020,2015-16,01,31,Sugar,128.2
2020-04-01,2019-2020,2015-16,01,31,Sugar,131.47
2020-05-01,2019-2020,2015-16,01,31,Sugar,131.06
2020-06-01,2019-2020,2015-16,01,31,Sugar,130.37
2020-07-01,2020-2021,2015-16,01,31,Sugar,135.35
2020-08-01,2020-2021,2015-16,01,31,Sugar,153.66
2020-09-01,2020-2021,2015-16,01,31,Sugar,150.87
2020-10-01,2020-2021,2015-16,01,31,Sugar,157.78
2020-11-01,2020-2021,2015-16,01,31,Sugar,159.21
2020-12-01,2020-2021,2015-16,01,31,Sugar,130.44
2021-01-01,2020-2021,2015-16,01,31,Sugar,149.69
2021-02-01,2020-2021,2015-16,01,31,Sugar,151.01
2021-03-01,2020-2021,2015-16,01,31,Sugar,158.29
2021-04-01,2020-2021,2015-16,01,31,Sugar,155.4
2021-05-01,2020-2021,2015-16,01,31,Sugar,159.39
2021-06-01,2020-2021,2015-16,01,31,Sugar,158.45
2021-07-01,2021-2022,2015-16,01,31,Sugar,166.5
2021-08-01,2021-2022,2015-16,01,31,Sugar,168.77
2021-09-01,2021-2022,2015-16,01,31,Sugar,173.9
2021-10-01,2021-2022,2015-16,01,31,Sugar,160.47
2021-11-01,2021-2022,2015-16,01,31,Sugar,162.77
2021-12-01,2021-2022,2015-16,01,31,Sugar,147.76
2022-01-01,2021-2022,2015-16,01,31,Sugar,148.7
2022-02-01,2021-2022,2015-16,01,31,Sugar,142.81
2022-03-01,2021-2022,2015-16,01,31,Sugar,141.36
2022-04-01,2021-2022,2015-16,01,31,Sugar,140.37
2022-05-01,2021-2022,2015-16,01,31,Sugar,137.49
2022-06-01,2021-2022,2015-16,01,31,Sugar,140.58
2022-07-01,2022-2023,2015-16,01,31,Sugar,142.35
2022-08-01,2022-2023,2015-16,01,31,Sugar,142.29
2022-09-01,2022-2023,2015-16,01,31,Sugar,140.96
2022-10-01,2022-2023,2015-16,01,31,Sugar,141.47
2022-11-01,2022-2023,2015-16,01,31,Sugar,146.66
2022-12-01,2022-2023,2015-16,01,31,Sugar,151.24
2023-01-01,2022-2023,2015-16,01,31,Sugar,149.93
2023-02-01,2022-2023,2015-16,01,31,Sugar,150.09
2023-03-01,2022-2023,2015-16,01,31,Sugar,168.83
2023-04-01,2022-2023,2015-16,01,31,Sugar,199.52
2023-05-01,2022-2023,2015-16,01,31,Sugar,194
2023-06-01,2022-2023,2015-16,01,31,Sugar,199.12
2023-07-01,2023-2024,2015-16,01,31,Sugar,222.7
2023-08-01,2023-2024,2015-16,01,31,Sugar,242.8
2023-09-01,2023-2024,2015-16,01,31,Sugar,267.76
2023-10-01,2023-2024,2015-16,01,31,Sugar,240.36
2023-11-01,2023-2024,2015-16,01,31,Sugar,219.86
2023-12-01,2023-2024,2015-16,01,31,Sugar,225.35
2024-01-01,2023-2024,2015-16,01,31,Sugar,231.86
2024-02-01,2023-2024,2015-16,01,31,Sugar,230.28
2024-03-01,2023-2024,2015-16,01,31,Sugar,231.78
2024-04-01,2023-2024,2015-16,01,31,Sugar,229.56
2024-05-01,2023-2024,2015-16,01,31,Sugar,230.91
2024-06-01,2023-2024,2015-16,01,31,Sugar,229.96
2024-07-01,2024-2025,2015-16,01,31,Sugar,233.9
2024-08-01,2024-2025,2015-16,01,31,Sugar,233.94
2024-09-01,2024-2025,2015-16,01,31,Sugar,228.78
2024-10-01,2024-2025,2015-16,01,31,Sugar,218.36
2024-11-01,2024-2025,2015-16,01,31,Sugar,213.05
2024-12-01,2024-2025,2015-16,01,31,Sugar,217.31
2025-01-01,2024-2025,2015-16,01,31,Sugar,225.78
2025-02-01,2024-2025,2015-16,01,31,Sugar,246.88
2025-03-01,2024-2025,2015-16,01,31,Sugar,275.23
2025-04-01,2024-2025,2015-16,01,31,Sugar,270.06
2025-05-01,2024-2025,2015-16,01,31,Sugar,281.05
2025-06-01,2024-2025,2015-16,01,31,Sugar,285.31
2025-07-01,2025-2026,2015-16,01,31,Sugar,302.74
2025-08-01,2025-2026,2015-16,01,31,Sugar,286.12
2025-09-01,2025-2026,2015-16,01,31,Sugar,293.97
2025-10-01,2025-2026,2015-16,01,31,Sugar,294.42
2025-11-01,2025-2026,2015-16,01,31,Sugar,295.93
2025-12-01,2025-2026,2015-16,01,31,Sugar,275.32
2026-01-01,2025-2026,2015-16,01,31,Sugar,248.88
2026-02-01,2025-2026,2015-16,01,31,Sugar,248
2026-03-01,2025-2026,2015-16,01,31,Sugar,242.77
2026-04-01,2025-2026,2015-16,01,31,Sugar,240.37
2026-05-01,2025-2026,2015-16,01,31,Sugar,240.07
2026-06-01,2025-2026,2015-16,01,31,Sugar,240.13
2019-07-01,2019-2020,2015-16,01,32,Gur,120.76
2019-08-01,2019-2020,2015-16,01,32,Gur,123.81
2019-09-01,2019-2020,2015-16,01,32,Gur,125.25
2019-10-01,2019-2020,2015-16,01,32,Gur,126.5
2019-11-01,2019-2020,2015-16,01,32,Gur,126.13
2019-12-01,2019-2020,2015-16,01,32,Gur,125.33
2020-01-01,2019-2020,2015-16,01,32,Gur,137.23
2020-02-01,2019-2020,2015-16,01,32,Gur,137.37
2020-03-01,2019-2020,2015-16,01,32,Gur,138.91
2020-04-01,2019-2020,2015-16,01,32,Gur,139.17
2020-05-01,2019-2020,2015-16,01,32,Gur,140.83
2020-06-01,2019-2020,2015-16,01,32,Gur,136.49
2020-07-01,2020-2021,2015-16,01,32,Gur,137.48
2020-08-01,2020-2021,2015-16,01,32,Gur,140.02
2020-09-01,2020-2021,2015-16,01,32,Gur,144.31
2020-10-01,2020-2021,2015-16,01,32,Gur,147.74
2020-11-01,2020-2021,2015-16,01,32,Gur,146.47
2020-12-01,2020-2021,2015-16,01,32,Gur,142.29
2021-01-01,2020-2021,2015-16,01,32,Gur,143.28
2021-02-01,2020-2021,2015-16,01,32,Gur,146.1
2021-03-01,2020-2021,2015-16,01,32,Gur,144.83
2021-04-01,2020-2021,2015-16,01,32,Gur,144.48
2021-05-01,2020-2021,2015-16,01,32,Gur,147.35
2021-06-01,2020-2021,2015-16,01,32,Gur,150.08
2021-07-01,2021-2022,2015-16,01,32,Gur,151.65
2021-08-01,2021-2022,2015-16,01,32,Gur,153.52
2021-09-01,2021-2022,2015-16,01,32,Gur,156.29
2021-10-01,2021-2022,2015-16,01,32,Gur,160.48
2021-11-01,2021-2022,2015-16,01,32,Gur,164.5
2021-12-01,2021-2022,2015-16,01,32,Gur,162.39
2022-01-01,2021-2022,2015-16,01,32,Gur,162.29
2022-02-01,2021-2022,2015-16,01,32,Gur,162.6
2022-03-01,2021-2022,2015-16,01,32,Gur,160.81
2022-04-01,2021-2022,2015-16,01,32,Gur,158.84
2022-05-01,2021-2022,2015-16,01,32,Gur,154.87
2022-06-01,2021-2022,2015-16,01,32,Gur,155.81
2022-07-01,2022-2023,2015-16,01,32,Gur,157.23
2022-08-01,2022-2023,2015-16,01,32,Gur,158.19
2022-09-01,2022-2023,2015-16,01,32,Gur,160.12
2022-10-01,2022-2023,2015-16,01,32,Gur,161.11
2022-11-01,2022-2023,2015-16,01,32,Gur,158.52
2022-12-01,2022-2023,2015-16,01,32,Gur,158.03
2023-01-01,2022-2023,2015-16,01,32,Gur,157.88
2023-02-01,2022-2023,2015-16,01,32,Gur,159.56
2023-03-01,2022-2023,2015-16,01,32,Gur,162.53
2023-04-01,2022-2023,2015-16,01,32,Gur,171.54
2023-05-01,2022-2023,2015-16,01,32,Gur,198.53
2023-06-01,2022-2023,2015-16,01,32,Gur,212.84
2023-07-01,2023-2024,2015-16,01,32,Gur,227.3
2023-08-01,2023-2024,2015-16,01,32,Gur,254.61
2023-09-01,2023-2024,2015-16,01,32,Gur,270.57
2023-10-01,2023-2024,2015-16,01,32,Gur,265.49
2023-11-01,2023-2024,2015-16,01,32,Gur,237.78
2023-12-01,2023-2024,2015-16,01,32,Gur,229.48
2024-01-01,2023-2024,2015-16,01,32,Gur,236.39
2024-02-01,2023-2024,2015-16,01,32,Gur,233.76
2024-03-01,2023-2024,2015-16,01,32,Gur,234.11
2024-04-01,2023-2024,2015-16,01,32,Gur,233.27
2024-05-01,2023-2024,2015-16,01,32,Gur,233.16
2024-06-01,2023-2024,2015-16,01,32,Gur,235.3
2024-07-01,2024-2025,2015-16,01,32,Gur,237.74
2024-08-01,2024-2025,2015-16,01,32,Gur,240.21
2024-09-01,2024-2025,2015-16,01,32,Gur,241.93
2024-10-01,2024-2025,2015-16,01,32,Gur,247.62
2024-11-01,2024-2025,2015-16,01,32,Gur,242.53
2024-12-01,2024-2025,2015-16,01,32,Gur,241.32
2025-01-01,2024-2025,2015-16,01,32,Gur,241.77
2025-02-01,2024-2025,2015-16,01,32,Gur,243.68
2025-03-01,2024-2025,2015-16,01,32,Gur,244.27
2025-04-01,2024-2025,2015-16,01,32,Gur,246.15
2025-05-01,2024-2025,2015-16,01,32,Gur,255.15
2025-06-01,2024-2025,2015-16,01,32,Gur,262.16
2025-07-01,2025-2026,2015-16,01,32,Gur,271.28
2025-08-01,2025-2026,2015-16,01,32,Gur,273.43
2025-09-01,2025-2026,2015-16,01,32,Gur,277.53
2025-10-01,2025-2026,2015-16,01,32,Gur,283.46
2025-11-01,2025-2026,2015-16,01,32,Gur,279.31
2025-12-01,2025-2026,2015-16,01,32,Gur,271.14
2026-01-01,2025-2026,2015-16,01,32,Gur,264.27
2026-02-01,2025-2026,2015-16,01,32,Gur,263.24
2026-03-01,2025-2026,2015-16,01,32,Gur,263.02
2026-04-01,2025-2026,2015-16,01,32,Gur,260.57
2026-05-01,2025-2026,2015-16,01,32,Gur,260.04
2026-06-01,2025-2026,2015-16,01,32,Gur,260.3
2019-07-01,2019-2020,2015-16,01,33,Honey,113.24
2019-08-01,2019-2020,2015-16,01,33,Honey,113.38
2019-09-01,2019-2020,2015-16,01,33,Honey,115.65
2019-10-01,2019-2020,2015-16,01,33,Honey,116.04
2019-11-01,2019-2020,2015-16,01,33,Honey,116.07
2019-12-01,2019-2020,2015-16,01,33,Honey,116.4
2020-01-01,2019-2020,2015-16,01,33,Honey,116.76
2020-02-01,2019-2020,2015-16,01,33,Honey,118.4
2020-03-01,2019-2020,2015-16,01,33,Honey,118.78
2020-04-01,2019-2020,2015-16,01,33,Honey,118.89
2020-05-01,2019-2020,2015-16,01,33,Honey,118.89
2020-06-01,2019-2020,2015-16,01,33,Honey,119.37
2020-07-01,2020-2021,2015-16,01,33,Honey,124.39
2020-08-01,2020-2021,2015-16,01,33,Honey,128.22
2020-09-01,2020-2021,2015-16,01,33,Honey,128.34
2020-10-01,2020-2021,2015-16,01,33,Honey,130.05
2020-11-01,2020-2021,2015-16,01,33,Honey,130.08
2020-12-01,2020-2021,2015-16,01,33,Honey,130.72
2021-01-01,2020-2021,2015-16,01,33,Honey,130.72
2021-02-01,2020-2021,2015-16,01,33,Honey,131.01
2021-03-01,2020-2021,2015-16,01,33,Honey,131.08
2021-04-01,2020-2021,2015-16,01,33,Honey,131.22
2021-05-01,2020-2021,2015-16,01,33,Honey,131.29
2021-06-01,2020-2021,2015-16,01,33,Honey,131.29
2021-07-01,2021-2022,2015-16,01,33,Honey,131.84
2021-08-01,2021-2022,2015-16,01,33,Honey,131.84
2021-09-01,2021-2022,2015-16,01,33,Honey,137.01
2021-10-01,2021-2022,2015-16,01,33,Honey,139.57
2021-11-01,2021-2022,2015-16,01,33,Honey,147.4
2021-12-01,2021-2022,2015-16,01,33,Honey,151.26
2022-01-01,2021-2022,2015-16,01,33,Honey,155.88
2022-02-01,2021-2022,2015-16,01,33,Honey,156.03
2022-03-01,2021-2022,2015-16,01,33,Honey,156.08
2022-04-01,2021-2022,2015-16,01,33,Honey,156.31
2022-05-01,2021-2022,2015-16,01,33,Honey,156.31
2022-06-01,2021-2022,2015-16,01,33,Honey,156.46
2022-07-01,2022-2023,2015-16,01,33,Honey,156.51
2022-08-01,2022-2023,2015-16,01,33,Honey,165.75
2022-09-01,2022-2023,2015-16,01,33,Honey,165.75
2022-10-01,2022-2023,2015-16,01,33,Honey,166.25
2022-11-01,2022-2023,2015-16,01,33,Honey,166.11
2022-12-01,2022-2023,2015-16,01,33,Honey,167.14
2023-01-01,2022-2023,2015-16,01,33,Honey,168.16
2023-02-01,2022-2023,2015-16,01,33,Honey,168.15
2023-03-01,2022-2023,2015-16,01,33,Honey,171.43
2023-04-01,2022-2023,2015-16,01,33,Honey,171.79
2023-05-01,2022-2023,2015-16,01,33,Honey,172.88
2023-06-01,2022-2023,2015-16,01,33,Honey,172.59
2023-07-01,2023-2024,2015-16,01,33,Honey,173
2023-08-01,2023-2024,2015-16,01,33,Honey,173.05
2023-09-01,2023-2024,2015-16,01,33,Honey,173.05
2023-10-01,2023-2024,2015-16,01,33,Honey,173.14
2023-11-01,2023-2024,2015-16,01,33,Honey,174.32
2023-12-01,2023-2024,2015-16,01,33,Honey,174.47
2024-01-01,2023-2024,2015-16,01,33,Honey,176.68
2024-02-01,2023-2024,2015-16,01,33,Honey,182.3
2024-03-01,2023-2024,2015-16,01,33,Honey,182.53
2024-04-01,2023-2024,2015-16,01,33,Honey,182.34
2024-05-01,2023-2024,2015-16,01,33,Honey,183.04
2024-06-01,2023-2024,2015-16,01,33,Honey,183.14
2024-07-01,2024-2025,2015-16,01,33,Honey,187.54
2024-08-01,2024-2025,2015-16,01,33,Honey,188.88
2024-09-01,2024-2025,2015-16,01,33,Honey,188.88
2024-10-01,2024-2025,2015-16,01,33,Honey,189.01
2024-11-01,2024-2025,2015-16,01,33,Honey,208.55
2024-12-01,2024-2025,2015-16,01,33,Honey,214.16
2025-01-01,2024-2025,2015-16,01,33,Honey,217.74
2025-02-01,2024-2025,2015-16,01,33,Honey,220.17
2025-03-01,2024-2025,2015-16,01,33,Honey,220.9
2025-04-01,2024-2025,2015-16,01,33,Honey,221.9
2025-05-01,2024-2025,2015-16,01,33,Honey,221.9
2025-06-01,2024-2025,2015-16,01,33,Honey,222.27
2025-07-01,2025-2026,2015-16,01,33,Honey,222.58
2025-08-01,2025-2026,2015-16,01,33,Honey,222.69
2025-09-01,2025-2026,2015-16,01,33,Honey,222.73
2025-10-01,2025-2026,2015-16,01,33,Honey,222.62
2025-11-01,2025-2026,2015-16,01,33,Honey,222.62
2025-12-01,2025-2026,2015-16,01,33,Honey,222.62
2026-01-01,2025-2026,2015-16,01,33,Honey,222.62
2026-02-01,2025-2026,2015-16,01,33,Honey,222.56
2026-03-01,2025-2026,2015-16,01,33,Honey,222.56
2026-04-01,2025-2026,2015-16,01,33,Honey,222.71
2026-05-01,2025-2026,2015-16,01,33,Honey,222.37
2026-06-01,2025-2026,2015-16,01,33,Honey,222.63
2019-07-01,2019-2020,2015-16,01,34,Sweetmeat,128.77
2019-08-01,2019-2020,2015-16,01,34,Sweetmeat,130.71
2019-09-01,2019-2020,2015-16,01,34,Sweetmeat,134.3
2019-10-01,2019-2020,2015-16,01,34,Sweetmeat,134.5
2019-11-01,2019-2020,2015-16,01,34,Sweetmeat,134.69
2019-12-01,2019-2020,2015-16,01,34,Sweetmeat,135.16
2020-01-01,2019-2020,2015-16,01,34,Sweetmeat,135.78
2020-02-01,2019-2020,2015-16,01,34,Sweetmeat,137.53
2020-03-01,2019-2020,2015-16,01,34,Sweetmeat,138.69
2020-04-01,2019-2020,2015-16,01,34,Sweetmeat,138.87
2020-05-01,2019-2020,2015-16,01,34,Sweetmeat,139.49
2020-06-01,2019-2020,2015-16,01,34,Sweetmeat,141.24
2020-07-01,2020-2021,2015-16,01,34,Sweetmeat,143.37
2020-08-01,2020-2021,2015-16,01,34,Sweetmeat,144.06
2020-09-01,2020-2021,2015-16,01,34,Sweetmeat,144.79
2020-10-01,2020-2021,2015-16,01,34,Sweetmeat,147.36
2020-11-01,2020-2021,2015-16,01,34,Sweetmeat,147.68
2020-12-01,2020-2021,2015-16,01,34,Sweetmeat,148.63
2021-01-01,2020-2021,2015-16,01,34,Sweetmeat,148.82
2021-02-01,2020-2021,2015-16,01,34,Sweetmeat,149.71
2021-03-01,2020-2021,2015-16,01,34,Sweetmeat,149.91
2021-04-01,2020-2021,2015-16,01,34,Sweetmeat,150.5
2021-05-01,2020-2021,2015-16,01,34,Sweetmeat,152.82
2021-06-01,2020-2021,2015-16,01,34,Sweetmeat,153.1
2021-07-01,2021-2022,2015-16,01,34,Sweetmeat,156.04
2021-08-01,2021-2022,2015-16,01,34,Sweetmeat,156.91
2021-09-01,2021-2022,2015-16,01,34,Sweetmeat,157.45
2021-10-01,2021-2022,2015-16,01,34,Sweetmeat,165.2
2021-11-01,2021-2022,2015-16,01,34,Sweetmeat,174.52
2021-12-01,2021-2022,2015-16,01,34,Sweetmeat,180.22
2022-01-01,2021-2022,2015-16,01,34,Sweetmeat,182.68
2022-02-01,2021-2022,2015-16,01,34,Sweetmeat,183.39
2022-03-01,2021-2022,2015-16,01,34,Sweetmeat,186.04
2022-04-01,2021-2022,2015-16,01,34,Sweetmeat,186.64
2022-05-01,2021-2022,2015-16,01,34,Sweetmeat,190.83
2022-06-01,2021-2022,2015-16,01,34,Sweetmeat,197.31
2022-07-01,2022-2023,2015-16,01,34,Sweetmeat,199.43
2022-08-01,2022-2023,2015-16,01,34,Sweetmeat,205.41
2022-09-01,2022-2023,2015-16,01,34,Sweetmeat,211.31
2022-10-01,2022-2023,2015-16,01,34,Sweetmeat,215
2022-11-01,2022-2023,2015-16,01,34,Sweetmeat,217.92
2022-12-01,2022-2023,2015-16,01,34,Sweetmeat,218.69
2023-01-01,2022-2023,2015-16,01,34,Sweetmeat,223.02
2023-02-01,2022-2023,2015-16,01,34,Sweetmeat,233.99
2023-03-01,2022-2023,2015-16,01,34,Sweetmeat,238.8
2023-04-01,2022-2023,2015-16,01,34,Sweetmeat,245.08
2023-05-01,2022-2023,2015-16,01,34,Sweetmeat,256.45
2023-06-01,2022-2023,2015-16,01,34,Sweetmeat,261.57
2023-07-01,2023-2024,2015-16,01,34,Sweetmeat,262.03
2023-08-01,2023-2024,2015-16,01,34,Sweetmeat,276.02
2023-09-01,2023-2024,2015-16,01,34,Sweetmeat,283.88
2023-10-01,2023-2024,2015-16,01,34,Sweetmeat,285.1
2023-11-01,2023-2024,2015-16,01,34,Sweetmeat,285.9
2023-12-01,2023-2024,2015-16,01,34,Sweetmeat,287.4
2024-01-01,2023-2024,2015-16,01,34,Sweetmeat,289.73
2024-02-01,2023-2024,2015-16,01,34,Sweetmeat,290.28
2024-03-01,2023-2024,2015-16,01,34,Sweetmeat,293.74
2024-04-01,2023-2024,2015-16,01,34,Sweetmeat,296.77
2024-05-01,2023-2024,2015-16,01,34,Sweetmeat,298.24
2024-06-01,2023-2024,2015-16,01,34,Sweetmeat,298.24
2024-07-01,2024-2025,2015-16,01,34,Sweetmeat,298.83
2024-08-01,2024-2025,2015-16,01,34,Sweetmeat,299.43
2024-09-01,2024-2025,2015-16,01,34,Sweetmeat,306.04
2024-10-01,2024-2025,2015-16,01,34,Sweetmeat,312.78
2024-11-01,2024-2025,2015-16,01,34,Sweetmeat,316.56
2024-12-01,2024-2025,2015-16,01,34,Sweetmeat,317.01
2025-01-01,2024-2025,2015-16,01,34,Sweetmeat,322.82
2025-02-01,2024-2025,2015-16,01,34,Sweetmeat,322.98
2025-03-01,2024-2025,2015-16,01,34,Sweetmeat,324.52
2025-04-01,2024-2025,2015-16,01,34,Sweetmeat,325.4
2025-05-01,2024-2025,2015-16,01,34,Sweetmeat,327.96
2025-06-01,2024-2025,2015-16,01,34,Sweetmeat,329.34
2025-07-01,2025-2026,2015-16,01,34,Sweetmeat,329.58
2025-08-01,2025-2026,2015-16,01,34,Sweetmeat,331.14
2025-09-01,2025-2026,2015-16,01,34,Sweetmeat,332.76
2025-10-01,2025-2026,2015-16,01,34,Sweetmeat,333.14
2025-11-01,2025-2026,2015-16,01,34,Sweetmeat,335.16
2025-12-01,2025-2026,2015-16,01,34,Sweetmeat,335.51
2026-01-01,2025-2026,2015-16,01,34,Sweetmeat,336.52
2026-02-01,2025-2026,2015-16,01,34,Sweetmeat,338.53
2026-03-01,2025-2026,2015-16,01,34,Sweetmeat,343.57
2026-04-01,2025-2026,2015-16,01,34,Sweetmeat,344.9
2026-05-01,2025-2026,2015-16,01,34,Sweetmeat,349.64
2026-06-01,2025-2026,2015-16,01,34,Sweetmeat,350.07
2019-07-01,2019-2020,2015-16,01,35,Ice cream,117.76
2019-08-01,2019-2020,2015-16,01,35,Ice cream,119.23
2019-09-01,2019-2020,2015-16,01,35,Ice cream,122.31
2019-10-01,2019-2020,2015-16,01,35,Ice cream,123.33
2019-11-01,2019-2020,2015-16,01,35,Ice cream,123.43
2019-12-01,2019-2020,2015-16,01,35,Ice cream,124.12
2020-01-01,2019-2020,2015-16,01,35,Ice cream,124.87
2020-02-01,2019-2020,2015-16,01,35,Ice cream,125.04
2020-03-01,2019-2020,2015-16,01,35,Ice cream,126.01
2020-04-01,2019-2020,2015-16,01,35,Ice cream,126.06
2020-05-01,2019-2020,2015-16,01,35,Ice cream,126.61
2020-06-01,2019-2020,2015-16,01,35,Ice cream,126.91
2020-07-01,2020-2021,2015-16,01,35,Ice cream,133.79
2020-08-01,2020-2021,2015-16,01,35,Ice cream,136.32
2020-09-01,2020-2021,2015-16,01,35,Ice cream,136.32
2020-10-01,2020-2021,2015-16,01,35,Ice cream,136.35
2020-11-01,2020-2021,2015-16,01,35,Ice cream,136.35
2020-12-01,2020-2021,2015-16,01,35,Ice cream,136.35
2021-01-01,2020-2021,2015-16,01,35,Ice cream,136.35
2021-02-01,2020-2021,2015-16,01,35,Ice cream,136.57
2021-03-01,2020-2021,2015-16,01,35,Ice cream,137.47
2021-04-01,2020-2021,2015-16,01,35,Ice cream,137.47
2021-05-01,2020-2021,2015-16,01,35,Ice cream,142.53
2021-06-01,2020-2021,2015-16,01,35,Ice cream,146.19
2021-07-01,2021-2022,2015-16,01,35,Ice cream,146.34
2021-08-01,2021-2022,2015-16,01,35,Ice cream,146.41
2021-09-01,2021-2022,2015-16,01,35,Ice cream,146.51
2021-10-01,2021-2022,2015-16,01,35,Ice cream,146.73
2021-11-01,2021-2022,2015-16,01,35,Ice cream,146.86
2021-12-01,2021-2022,2015-16,01,35,Ice cream,146.93
2022-01-01,2021-2022,2015-16,01,35,Ice cream,146.93
2022-02-01,2021-2022,2015-16,01,35,Ice cream,146.93
2022-03-01,2021-2022,2015-16,01,35,Ice cream,147.48
2022-04-01,2021-2022,2015-16,01,35,Ice cream,147.88
2022-05-01,2021-2022,2015-16,01,35,Ice cream,148.05
2022-06-01,2021-2022,2015-16,01,35,Ice cream,148.7
2022-07-01,2022-2023,2015-16,01,35,Ice cream,149.17
2022-08-01,2022-2023,2015-16,01,35,Ice cream,154.93
2022-09-01,2022-2023,2015-16,01,35,Ice cream,165.52
2022-10-01,2022-2023,2015-16,01,35,Ice cream,170.61
2022-11-01,2022-2023,2015-16,01,35,Ice cream,171.8
2022-12-01,2022-2023,2015-16,01,35,Ice cream,171.8
2023-01-01,2022-2023,2015-16,01,35,Ice cream,172
2023-02-01,2022-2023,2015-16,01,35,Ice cream,172.02
2023-03-01,2022-2023,2015-16,01,35,Ice cream,184.05
2023-04-01,2022-2023,2015-16,01,35,Ice cream,184.12
2023-05-01,2022-2023,2015-16,01,35,Ice cream,192.6
2023-06-01,2022-2023,2015-16,01,35,Ice cream,196.37
2023-07-01,2023-2024,2015-16,01,35,Ice cream,196.57
2023-08-01,2023-2024,2015-16,01,35,Ice cream,196.84
2023-09-01,2023-2024,2015-16,01,35,Ice cream,198.04
2023-10-01,2023-2024,2015-16,01,35,Ice cream,199.28
2023-11-01,2023-2024,2015-16,01,35,Ice cream,198.48
2023-12-01,2023-2024,2015-16,01,35,Ice cream,198.48
2024-01-01,2023-2024,2015-16,01,35,Ice cream,198.48
2024-02-01,2023-2024,2015-16,01,35,Ice cream,198.48
2024-03-01,2023-2024,2015-16,01,35,Ice cream,198.48
2024-04-01,2023-2024,2015-16,01,35,Ice cream,198.51
2024-05-01,2023-2024,2015-16,01,35,Ice cream,198.48
2024-06-01,2023-2024,2015-16,01,35,Ice cream,198.73
2024-07-01,2024-2025,2015-16,01,35,Ice cream,199.33
2024-08-01,2024-2025,2015-16,01,35,Ice cream,199.33
2024-09-01,2024-2025,2015-16,01,35,Ice cream,199.33
2024-10-01,2024-2025,2015-16,01,35,Ice cream,199.33
2024-11-01,2024-2025,2015-16,01,35,Ice cream,199.33
2024-12-01,2024-2025,2015-16,01,35,Ice cream,199.45
2025-01-01,2024-2025,2015-16,01,35,Ice cream,199.45
2025-02-01,2024-2025,2015-16,01,35,Ice cream,199.45
2025-03-01,2024-2025,2015-16,01,35,Ice cream,199.45
2025-04-01,2024-2025,2015-16,01,35,Ice cream,199.45
2025-05-01,2024-2025,2015-16,01,35,Ice cream,199.45
2025-06-01,2024-2025,2015-16,01,35,Ice cream,199.45
2025-07-01,2025-2026,2015-16,01,35,Ice cream,199.68
2025-08-01,2025-2026,2015-16,01,35,Ice cream,199.68
2025-09-01,2025-2026,2015-16,01,35,Ice cream,199.68
2025-10-01,2025-2026,2015-16,01,35,Ice cream,199.68
2025-11-01,2025-2026,2015-16,01,35,Ice cream,199.68
2025-12-01,2025-2026,2015-16,01,35,Ice cream,199.68
2026-01-01,2025-2026,2015-16,01,35,Ice cream,199.68
2026-02-01,2025-2026,2015-16,01,35,Ice cream,200.62
2026-03-01,2025-2026,2015-16,01,35,Ice cream,208.3
2026-04-01,2025-2026,2015-16,01,35,Ice cream,210.48
2026-05-01,2025-2026,2015-16,01,35,Ice cream,222.04
2026-06-01,2025-2026,2015-16,01,35,Ice cream,223.63
2019-07-01,2019-2020,2015-16,01,36,Condiments and Spices,135.32
2019-08-01,2019-2020,2015-16,01,36,Condiments and Spices,139.73
2019-09-01,2019-2020,2015-16,01,36,Condiments and Spices,141.84
2019-10-01,2019-2020,2015-16,01,36,Condiments and Spices,142.81
2019-11-01,2019-2020,2015-16,01,36,Condiments and Spices,145.46
2019-12-01,2019-2020,2015-16,01,36,Condiments and Spices,145.09
2020-01-01,2019-2020,2015-16,01,36,Condiments and Spices,155.47
2020-02-01,2019-2020,2015-16,01,36,Condiments and Spices,159.13
2020-03-01,2019-2020,2015-16,01,36,Condiments and Spices,161.65
2020-04-01,2019-2020,2015-16,01,36,Condiments and Spices,160.45
2020-05-01,2019-2020,2015-16,01,36,Condiments and Spices,166.4
2020-06-01,2019-2020,2015-16,01,36,Condiments and Spices,175.46
2020-07-01,2020-2021,2015-16,01,36,Condiments and Spices,188.74
2020-08-01,2020-2021,2015-16,01,36,Condiments and Spices,194.04
2020-09-01,2020-2021,2015-16,01,36,Condiments and Spices,199.86
2020-10-01,2020-2021,2015-16,01,36,Condiments and Spices,195.08
2020-11-01,2020-2021,2015-16,01,36,Condiments and Spices,200.15
2020-12-01,2020-2021,2015-16,01,36,Condiments and Spices,213.93
2021-01-01,2020-2021,2015-16,01,36,Condiments and Spices,197.79
2021-02-01,2020-2021,2015-16,01,36,Condiments and Spices,208.66
2021-03-01,2020-2021,2015-16,01,36,Condiments and Spices,207.97
2021-04-01,2020-2021,2015-16,01,36,Condiments and Spices,211.18
2021-05-01,2020-2021,2015-16,01,36,Condiments and Spices,210.85
2021-06-01,2020-2021,2015-16,01,36,Condiments and Spices,216.29
2021-07-01,2021-2022,2015-16,01,36,Condiments and Spices,222.03
2021-08-01,2021-2022,2015-16,01,36,Condiments and Spices,215.92
2021-09-01,2021-2022,2015-16,01,36,Condiments and Spices,216.14
2021-10-01,2021-2022,2015-16,01,36,Condiments and Spices,207.82
2021-11-01,2021-2022,2015-16,01,36,Condiments and Spices,207.85
2021-12-01,2021-2022,2015-16,01,36,Condiments and Spices,208.31
2022-01-01,2021-2022,2015-16,01,36,Condiments and Spices,192.68
2022-02-01,2021-2022,2015-16,01,36,Condiments and Spices,180.21
2022-03-01,2021-2022,2015-16,01,36,Condiments and Spices,175.93
2022-04-01,2021-2022,2015-16,01,36,Condiments and Spices,176.74
2022-05-01,2021-2022,2015-16,01,36,Condiments and Spices,173.95
2022-06-01,2021-2022,2015-16,01,36,Condiments and Spices,172.79
2022-07-01,2022-2023,2015-16,01,36,Condiments and Spices,174.89
2022-08-01,2022-2023,2015-16,01,36,Condiments and Spices,178.29
2022-09-01,2022-2023,2015-16,01,36,Condiments and Spices,185.67
2022-10-01,2022-2023,2015-16,01,36,Condiments and Spices,185.02
2022-11-01,2022-2023,2015-16,01,36,Condiments and Spices,187.52
2022-12-01,2022-2023,2015-16,01,36,Condiments and Spices,191.55
2023-01-01,2022-2023,2015-16,01,36,Condiments and Spices,194.66
2023-02-01,2022-2023,2015-16,01,36,Condiments and Spices,205.07
2023-03-01,2022-2023,2015-16,01,36,Condiments and Spices,214.94
2023-04-01,2022-2023,2015-16,01,36,Condiments and Spices,218.36
2023-05-01,2022-2023,2015-16,01,36,Condiments and Spices,223.86
2023-06-01,2022-2023,2015-16,01,36,Condiments and Spices,224.7
2023-07-01,2023-2024,2015-16,01,36,Condiments and Spices,266.94
2023-08-01,2023-2024,2015-16,01,36,Condiments and Spices,312.26
2023-09-01,2023-2024,2015-16,01,36,Condiments and Spices,331.92
2023-10-01,2023-2024,2015-16,01,36,Condiments and Spices,341.44
2023-11-01,2023-2024,2015-16,01,36,Condiments and Spices,314.36
2023-12-01,2023-2024,2015-16,01,36,Condiments and Spices,309.81
2024-01-01,2023-2024,2015-16,01,36,Condiments and Spices,315.19
2024-02-01,2023-2024,2015-16,01,36,Condiments and Spices,318.53
2024-03-01,2023-2024,2015-16,01,36,Condiments and Spices,320.44
2024-04-01,2023-2024,2015-16,01,36,Condiments and Spices,319.47
2024-05-01,2023-2024,2015-16,01,36,Condiments and Spices,311.54
2024-06-01,2023-2024,2015-16,01,36,Condiments and Spices,319.33
2024-07-01,2024-2025,2015-16,01,36,Condiments and Spices,321.67
2024-08-01,2024-2025,2015-16,01,36,Condiments and Spices,324.02
2024-09-01,2024-2025,2015-16,01,36,Condiments and Spices,334.78
2024-10-01,2024-2025,2015-16,01,36,Condiments and Spices,353.2
2024-11-01,2024-2025,2015-16,01,36,Condiments and Spices,343.27
2024-12-01,2024-2025,2015-16,01,36,Condiments and Spices,334.36
2025-01-01,2024-2025,2015-16,01,36,Condiments and Spices,334.59
2025-02-01,2024-2025,2015-16,01,36,Condiments and Spices,339.91
2025-03-01,2024-2025,2015-16,01,36,Condiments and Spices,349.39
2025-04-01,2024-2025,2015-16,01,36,Condiments and Spices,354.3
2025-05-01,2024-2025,2015-16,01,36,Condiments and Spices,373.79
2025-06-01,2024-2025,2015-16,01,36,Condiments and Spices,373.41
2025-07-01,2025-2026,2015-16,01,36,Condiments and Spices,369.77
2025-08-01,2025-2026,2015-16,01,36,Condiments and Spices,372.15
2025-09-01,2025-2026,2015-16,01,36,Condiments and Spices,373.17
2025-10-01,2025-2026,2015-16,01,36,Condiments and Spices,375.91
2025-11-01,2025-2026,2015-16,01,36,Condiments and Spices,374.08
2025-12-01,2025-2026,2015-16,01,36,Condiments and Spices,376.23
2026-01-01,2025-2026,2015-16,01,36,Condiments and Spices,383.83
2026-02-01,2025-2026,2015-16,01,36,Condiments and Spices,383.64
2026-03-01,2025-2026,2015-16,01,36,Condiments and Spices,381.87
2026-04-01,2025-2026,2015-16,01,36,Condiments and Spices,382.79
2026-05-01,2025-2026,2015-16,01,36,Condiments and Spices,383.44
2026-06-01,2025-2026,2015-16,01,36,Condiments and Spices,384.39
2019-07-01,2019-2020,2015-16,01,37,Dessert preparation,112.18
2019-08-01,2019-2020,2015-16,01,37,Dessert preparation,112.62
2019-09-01,2019-2020,2015-16,01,37,Dessert preparation,112.76
2019-10-01,2019-2020,2015-16,01,37,Dessert preparation,115.02
2019-11-01,2019-2020,2015-16,01,37,Dessert preparation,115.86
2019-12-01,2019-2020,2015-16,01,37,Dessert preparation,117.5
2020-01-01,2019-2020,2015-16,01,37,Dessert preparation,118.23
2020-02-01,2019-2020,2015-16,01,37,Dessert preparation,118.96
2020-03-01,2019-2020,2015-16,01,37,Dessert preparation,120.7
2020-04-01,2019-2020,2015-16,01,37,Dessert preparation,121.42
2020-05-01,2019-2020,2015-16,01,37,Dessert preparation,124.02
2020-06-01,2019-2020,2015-16,01,37,Dessert preparation,125.08
2020-07-01,2020-2021,2015-16,01,37,Dessert preparation,125.3
2020-08-01,2020-2021,2015-16,01,37,Dessert preparation,125.85
2020-09-01,2020-2021,2015-16,01,37,Dessert preparation,125.99
2020-10-01,2020-2021,2015-16,01,37,Dessert preparation,126.53
2020-11-01,2020-2021,2015-16,01,37,Dessert preparation,126.7
2020-12-01,2020-2021,2015-16,01,37,Dessert preparation,127.03
2021-01-01,2020-2021,2015-16,01,37,Dessert preparation,127.16
2021-02-01,2020-2021,2015-16,01,37,Dessert preparation,130.81
2021-03-01,2020-2021,2015-16,01,37,Dessert preparation,131.54
2021-04-01,2020-2021,2015-16,01,37,Dessert preparation,131.74
2021-05-01,2020-2021,2015-16,01,37,Dessert preparation,131.78
2021-06-01,2020-2021,2015-16,01,37,Dessert preparation,133.1
2021-07-01,2021-2022,2015-16,01,37,Dessert preparation,133.21
2021-08-01,2021-2022,2015-16,01,37,Dessert preparation,133.21
2021-09-01,2021-2022,2015-16,01,37,Dessert preparation,133.27
2021-10-01,2021-2022,2015-16,01,37,Dessert preparation,133.28
2021-11-01,2021-2022,2015-16,01,37,Dessert preparation,133.28
2021-12-01,2021-2022,2015-16,01,37,Dessert preparation,133.41
2022-01-01,2021-2022,2015-16,01,37,Dessert preparation,134.51
2022-02-01,2021-2022,2015-16,01,37,Dessert preparation,139.72
2022-03-01,2021-2022,2015-16,01,37,Dessert preparation,140.8
2022-04-01,2021-2022,2015-16,01,37,Dessert preparation,141.58
2022-05-01,2021-2022,2015-16,01,37,Dessert preparation,145.38
2022-06-01,2021-2022,2015-16,01,37,Dessert preparation,151.88
2022-07-01,2022-2023,2015-16,01,37,Dessert preparation,156.22
2022-08-01,2022-2023,2015-16,01,37,Dessert preparation,162.09
2022-09-01,2022-2023,2015-16,01,37,Dessert preparation,176.45
2022-10-01,2022-2023,2015-16,01,37,Dessert preparation,185.52
2022-11-01,2022-2023,2015-16,01,37,Dessert preparation,186.73
2022-12-01,2022-2023,2015-16,01,37,Dessert preparation,197.31
2023-01-01,2022-2023,2015-16,01,37,Dessert preparation,204.1
2023-02-01,2022-2023,2015-16,01,37,Dessert preparation,238.23
2023-03-01,2022-2023,2015-16,01,37,Dessert preparation,243.94
2023-04-01,2022-2023,2015-16,01,37,Dessert preparation,254.62
2023-05-01,2022-2023,2015-16,01,37,Dessert preparation,262.58
2023-06-01,2022-2023,2015-16,01,37,Dessert preparation,262.43
2023-07-01,2023-2024,2015-16,01,37,Dessert preparation,262.71
2023-08-01,2023-2024,2015-16,01,37,Dessert preparation,263.17
2023-09-01,2023-2024,2015-16,01,37,Dessert preparation,263.25
2023-10-01,2023-2024,2015-16,01,37,Dessert preparation,263.33
2023-11-01,2023-2024,2015-16,01,37,Dessert preparation,263.38
2023-12-01,2023-2024,2015-16,01,37,Dessert preparation,263.38
2024-01-01,2023-2024,2015-16,01,37,Dessert preparation,264.27
2024-02-01,2023-2024,2015-16,01,37,Dessert preparation,264.44
2024-03-01,2023-2024,2015-16,01,37,Dessert preparation,264.44
2024-04-01,2023-2024,2015-16,01,37,Dessert preparation,264.44
2024-05-01,2023-2024,2015-16,01,37,Dessert preparation,264.41
2024-06-01,2023-2024,2015-16,01,37,Dessert preparation,264.46
2024-07-01,2024-2025,2015-16,01,37,Dessert preparation,264.66
2024-08-01,2024-2025,2015-16,01,37,Dessert preparation,262.83
2024-09-01,2024-2025,2015-16,01,37,Dessert preparation,262.75
2024-10-01,2024-2025,2015-16,01,37,Dessert preparation,269.99
2024-11-01,2024-2025,2015-16,01,37,Dessert preparation,270.14
2024-12-01,2024-2025,2015-16,01,37,Dessert preparation,270.14
2025-01-01,2024-2025,2015-16,01,37,Dessert preparation,270.14
2025-02-01,2024-2025,2015-16,01,37,Dessert preparation,270.14
2025-03-01,2024-2025,2015-16,01,37,Dessert preparation,272.19
2025-04-01,2024-2025,2015-16,01,37,Dessert preparation,271.09
2025-05-01,2024-2025,2015-16,01,37,Dessert preparation,272.44
2025-06-01,2024-2025,2015-16,01,37,Dessert preparation,275.21
2025-07-01,2025-2026,2015-16,01,37,Dessert preparation,297.12
2025-08-01,2025-2026,2015-16,01,37,Dessert preparation,297.85
2025-09-01,2025-2026,2015-16,01,37,Dessert preparation,297.93
2025-10-01,2025-2026,2015-16,01,37,Dessert preparation,300.37
2025-11-01,2025-2026,2015-16,01,37,Dessert preparation,300.63
2025-12-01,2025-2026,2015-16,01,37,Dessert preparation,300.63
2026-01-01,2025-2026,2015-16,01,37,Dessert preparation,300.63
2026-02-01,2025-2026,2015-16,01,37,Dessert preparation,300.63
2026-03-01,2025-2026,2015-16,01,37,Dessert preparation,300.57
2026-04-01,2025-2026,2015-16,01,37,Dessert preparation,301.71
2026-05-01,2025-2026,2015-16,01,37,Dessert preparation,307.25
2026-06-01,2025-2026,2015-16,01,37,Dessert preparation,312.68
2019-07-01,2019-2020,2015-16,01,38,Tea,128.35
2019-08-01,2019-2020,2015-16,01,38,Tea,128.39
2019-09-01,2019-2020,2015-16,01,38,Tea,138.85
2019-10-01,2019-2020,2015-16,01,38,Tea,140.05
2019-11-01,2019-2020,2015-16,01,38,Tea,140.36
2019-12-01,2019-2020,2015-16,01,38,Tea,140.39
2020-01-01,2019-2020,2015-16,01,38,Tea,140.63
2020-02-01,2019-2020,2015-16,01,38,Tea,140.74
2020-03-01,2019-2020,2015-16,01,38,Tea,140.74
2020-04-01,2019-2020,2015-16,01,38,Tea,140.74
2020-05-01,2019-2020,2015-16,01,38,Tea,140.74
2020-06-01,2019-2020,2015-16,01,38,Tea,140.74
2020-07-01,2020-2021,2015-16,01,38,Tea,140.74
2020-08-01,2020-2021,2015-16,01,38,Tea,140.74
2020-09-01,2020-2021,2015-16,01,38,Tea,140.74
2020-10-01,2020-2021,2015-16,01,38,Tea,140.7
2020-11-01,2020-2021,2015-16,01,38,Tea,140.7
2020-12-01,2020-2021,2015-16,01,38,Tea,140.68
2021-01-01,2020-2021,2015-16,01,38,Tea,140.74
2021-02-01,2020-2021,2015-16,01,38,Tea,140.83
2021-03-01,2020-2021,2015-16,01,38,Tea,140.83
2021-04-01,2020-2021,2015-16,01,38,Tea,140.83
2021-05-01,2020-2021,2015-16,01,38,Tea,140.84
2021-06-01,2020-2021,2015-16,01,38,Tea,140.84
2021-07-01,2021-2022,2015-16,01,38,Tea,140.84
2021-08-01,2021-2022,2015-16,01,38,Tea,140.84
2021-09-01,2021-2022,2015-16,01,38,Tea,144.75
2021-10-01,2021-2022,2015-16,01,38,Tea,151.88
2021-11-01,2021-2022,2015-16,01,38,Tea,152.53
2021-12-01,2021-2022,2015-16,01,38,Tea,152.8
2022-01-01,2021-2022,2015-16,01,38,Tea,152.87
2022-02-01,2021-2022,2015-16,01,38,Tea,155.49
2022-03-01,2021-2022,2015-16,01,38,Tea,158.48
2022-04-01,2021-2022,2015-16,01,38,Tea,158.76
2022-05-01,2021-2022,2015-16,01,38,Tea,158.99
2022-06-01,2021-2022,2015-16,01,38,Tea,159.11
2022-07-01,2022-2023,2015-16,01,38,Tea,173.4
2022-08-01,2022-2023,2015-16,01,38,Tea,175.86
2022-09-01,2022-2023,2015-16,01,38,Tea,196.24
2022-10-01,2022-2023,2015-16,01,38,Tea,215.51
2022-11-01,2022-2023,2015-16,01,38,Tea,247.38
2022-12-01,2022-2023,2015-16,01,38,Tea,250.3
2023-01-01,2022-2023,2015-16,01,38,Tea,252.3
2023-02-01,2022-2023,2015-16,01,38,Tea,253.13
2023-03-01,2022-2023,2015-16,01,38,Tea,325.18
2023-04-01,2022-2023,2015-16,01,38,Tea,331.42
2023-05-01,2022-2023,2015-16,01,38,Tea,337.35
2023-06-01,2022-2023,2015-16,01,38,Tea,339.05
2023-07-01,2023-2024,2015-16,01,38,Tea,342.05
2023-08-01,2023-2024,2015-16,01,38,Tea,342.05
2023-09-01,2023-2024,2015-16,01,38,Tea,339.55
2023-10-01,2023-2024,2015-16,01,38,Tea,333.87
2023-11-01,2023-2024,2015-16,01,38,Tea,377.09
2023-12-01,2023-2024,2015-16,01,38,Tea,344.84
2024-01-01,2023-2024,2015-16,01,38,Tea,361.83
2024-02-01,2023-2024,2015-16,01,38,Tea,333.34
2024-03-01,2023-2024,2015-16,01,38,Tea,333.43
2024-04-01,2023-2024,2015-16,01,38,Tea,332.73
2024-05-01,2023-2024,2015-16,01,38,Tea,332.73
2024-06-01,2023-2024,2015-16,01,38,Tea,332.73
2024-07-01,2024-2025,2015-16,01,38,Tea,332.73
2024-08-01,2024-2025,2015-16,01,38,Tea,332.73
2024-09-01,2024-2025,2015-16,01,38,Tea,332.73
2024-10-01,2024-2025,2015-16,01,38,Tea,332.73
2024-11-01,2024-2025,2015-16,01,38,Tea,332.73
2024-12-01,2024-2025,2015-16,01,38,Tea,332.73
2025-01-01,2024-2025,2015-16,01,38,Tea,332.73
2025-02-01,2024-2025,2015-16,01,38,Tea,299.35
2025-03-01,2024-2025,2015-16,01,38,Tea,276.33
2025-04-01,2024-2025,2015-16,01,38,Tea,275.78
2025-05-01,2024-2025,2015-16,01,38,Tea,273.67
2025-06-01,2024-2025,2015-16,01,38,Tea,273.67
2025-07-01,2025-2026,2015-16,01,38,Tea,273.67
2025-08-01,2025-2026,2015-16,01,38,Tea,273.67
2025-09-01,2025-2026,2015-16,01,38,Tea,273.67
2025-10-01,2025-2026,2015-16,01,38,Tea,273.67
2025-11-01,2025-2026,2015-16,01,38,Tea,273.67
2025-12-01,2025-2026,2015-16,01,38,Tea,273.67
2026-01-01,2025-2026,2015-16,01,38,Tea,273.67
2026-02-01,2025-2026,2015-16,01,38,Tea,273.67
2026-03-01,2025-2026,2015-16,01,38,Tea,273.67
2026-04-01,2025-2026,2015-16,01,38,Tea,273.67
2026-05-01,2025-2026,2015-16,01,38,Tea,273.67
2026-06-01,2025-2026,2015-16,01,38,Tea,273.67
2019-07-01,2019-2020,2015-16,01,39,Beverages,116.59
2019-08-01,2019-2020,2015-16,01,39,Beverages,118.97
2019-09-01,2019-2020,2015-16,01,39,Beverages,120.77
2019-10-01,2019-2020,2015-16,01,39,Beverages,121.6
2019-11-01,2019-2020,2015-16,01,39,Beverages,121.7
2019-12-01,2019-2020,2015-16,01,39,Beverages,121.8
2020-01-01,2019-2020,2015-16,01,39,Beverages,122.14
2020-02-01,2019-2020,2015-16,01,39,Beverages,122.25
2020-03-01,2019-2020,2015-16,01,39,Beverages,123.31
2020-04-01,2019-2020,2015-16,01,39,Beverages,124.67
2020-05-01,2019-2020,2015-16,01,39,Beverages,126.47
2020-06-01,2019-2020,2015-16,01,39,Beverages,126.76
2020-07-01,2020-2021,2015-16,01,39,Beverages,126.99
2020-08-01,2020-2021,2015-16,01,39,Beverages,127.61
2020-09-01,2020-2021,2015-16,01,39,Beverages,127.85
2020-10-01,2020-2021,2015-16,01,39,Beverages,127.64
2020-11-01,2020-2021,2015-16,01,39,Beverages,127.99
2020-12-01,2020-2021,2015-16,01,39,Beverages,128.02
2021-01-01,2020-2021,2015-16,01,39,Beverages,128.02
2021-02-01,2020-2021,2015-16,01,39,Beverages,128.11
2021-03-01,2020-2021,2015-16,01,39,Beverages,130.41
2021-04-01,2020-2021,2015-16,01,39,Beverages,130.93
2021-05-01,2020-2021,2015-16,01,39,Beverages,131.05
2021-06-01,2020-2021,2015-16,01,39,Beverages,131.05
2021-07-01,2021-2022,2015-16,01,39,Beverages,131.44
2021-08-01,2021-2022,2015-16,01,39,Beverages,131.92
2021-09-01,2021-2022,2015-16,01,39,Beverages,133.86
2021-10-01,2021-2022,2015-16,01,39,Beverages,134.6
2021-11-01,2021-2022,2015-16,01,39,Beverages,135.37
2021-12-01,2021-2022,2015-16,01,39,Beverages,135.42
2022-01-01,2021-2022,2015-16,01,39,Beverages,135.43
2022-02-01,2021-2022,2015-16,01,39,Beverages,138.19
2022-03-01,2021-2022,2015-16,01,39,Beverages,140.01
2022-04-01,2021-2022,2015-16,01,39,Beverages,140.58
2022-05-01,2021-2022,2015-16,01,39,Beverages,142.94
2022-06-01,2021-2022,2015-16,01,39,Beverages,148.52
2022-07-01,2022-2023,2015-16,01,39,Beverages,150.57
2022-08-01,2022-2023,2015-16,01,39,Beverages,154.76
2022-09-01,2022-2023,2015-16,01,39,Beverages,157.93
2022-10-01,2022-2023,2015-16,01,39,Beverages,159.35
2022-11-01,2022-2023,2015-16,01,39,Beverages,160.01
2022-12-01,2022-2023,2015-16,01,39,Beverages,163.66
2023-01-01,2022-2023,2015-16,01,39,Beverages,164.09
2023-02-01,2022-2023,2015-16,01,39,Beverages,171.38
2023-03-01,2022-2023,2015-16,01,39,Beverages,191.53
2023-04-01,2022-2023,2015-16,01,39,Beverages,196.24
2023-05-01,2022-2023,2015-16,01,39,Beverages,198.62
2023-06-01,2022-2023,2015-16,01,39,Beverages,205.21
2023-07-01,2023-2024,2015-16,01,39,Beverages,213.44
2023-08-01,2023-2024,2015-16,01,39,Beverages,226.62
2023-09-01,2023-2024,2015-16,01,39,Beverages,230.27
2023-10-01,2023-2024,2015-16,01,39,Beverages,232.51
2023-11-01,2023-2024,2015-16,01,39,Beverages,234.43
2023-12-01,2023-2024,2015-16,01,39,Beverages,234.84
2024-01-01,2023-2024,2015-16,01,39,Beverages,238.57
2024-02-01,2023-2024,2015-16,01,39,Beverages,240.37
2024-03-01,2023-2024,2015-16,01,39,Beverages,244.57
2024-04-01,2023-2024,2015-16,01,39,Beverages,244.51
2024-05-01,2023-2024,2015-16,01,39,Beverages,245.4
2024-06-01,2023-2024,2015-16,01,39,Beverages,244.98
2024-07-01,2024-2025,2015-16,01,39,Beverages,249.63
2024-08-01,2024-2025,2015-16,01,39,Beverages,250.41
2024-09-01,2024-2025,2015-16,01,39,Beverages,250.98
2024-10-01,2024-2025,2015-16,01,39,Beverages,251.62
2024-11-01,2024-2025,2015-16,01,39,Beverages,254.18
2024-12-01,2024-2025,2015-16,01,39,Beverages,254.77
2025-01-01,2024-2025,2015-16,01,39,Beverages,253.86
2025-02-01,2024-2025,2015-16,01,39,Beverages,256.8
2025-03-01,2024-2025,2015-16,01,39,Beverages,257.84
2025-04-01,2024-2025,2015-16,01,39,Beverages,258.89
2025-05-01,2024-2025,2015-16,01,39,Beverages,261.14
2025-06-01,2024-2025,2015-16,01,39,Beverages,261.46
2025-07-01,2025-2026,2015-16,01,39,Beverages,261.58
2025-08-01,2025-2026,2015-16,01,39,Beverages,261.06
2025-09-01,2025-2026,2015-16,01,39,Beverages,261.09
2025-10-01,2025-2026,2015-16,01,39,Beverages,260.89
2025-11-01,2025-2026,2015-16,01,39,Beverages,260.74
2025-12-01,2025-2026,2015-16,01,39,Beverages,262
2026-01-01,2025-2026,2015-16,01,39,Beverages,262.45
2026-02-01,2025-2026,2015-16,01,39,Beverages,266.79
2026-03-01,2025-2026,2015-16,01,39,Beverages,257.52
2026-04-01,2025-2026,2015-16,01,39,Beverages,267.99
2026-05-01,2025-2026,2015-16,01,39,Beverages,270.07
2026-06-01,2025-2026,2015-16,01,39,Beverages,270.95
2019-07-01,2019-2020,2015-16,02,00,"Alcoholic Beverages, Tobacco",141.67
2019-08-01,2019-2020,2015-16,02,00,"Alcoholic Beverages, Tobacco",141.93
2019-09-01,2019-2020,2015-16,02,00,"Alcoholic Beverages, Tobacco",142.24
2019-10-01,2019-2020,2015-16,02,00,"Alcoholic Beverages, Tobacco",142.53
2019-11-01,2019-2020,2015-16,02,00,"Alcoholic Beverages, Tobacco",142.63
2019-12-01,2019-2020,2015-16,02,00,"Alcoholic Beverages, Tobacco",142.7
2020-01-01,2019-2020,2015-16,02,00,"Alcoholic Beverages, Tobacco",143.25
2020-02-01,2019-2020,2015-16,02,00,"Alcoholic Beverages, Tobacco",143.51
2020-03-01,2019-2020,2015-16,02,00,"Alcoholic Beverages, Tobacco",143.54
2020-04-01,2019-2020,2015-16,02,00,"Alcoholic Beverages, Tobacco",144.82
2020-05-01,2019-2020,2015-16,02,00,"Alcoholic Beverages, Tobacco",145.03
2020-06-01,2019-2020,2015-16,02,00,"Alcoholic Beverages, Tobacco",145.1
2020-07-01,2020-2021,2015-16,02,00,"Alcoholic Beverages, Tobacco",148.36
2020-08-01,2020-2021,2015-16,02,00,"Alcoholic Beverages, Tobacco",149.8
2020-09-01,2020-2021,2015-16,02,00,"Alcoholic Beverages, Tobacco",150.34
2020-10-01,2020-2021,2015-16,02,00,"Alcoholic Beverages, Tobacco",151.34
2020-11-01,2020-2021,2015-16,02,00,"Alcoholic Beverages, Tobacco",152.13
2020-12-01,2020-2021,2015-16,02,00,"Alcoholic Beverages, Tobacco",152.1
2021-01-01,2020-2021,2015-16,02,00,"Alcoholic Beverages, Tobacco",152.14
2021-02-01,2020-2021,2015-16,02,00,"Alcoholic Beverages, Tobacco",152.48
2021-03-01,2020-2021,2015-16,02,00,"Alcoholic Beverages, Tobacco",153.44
2021-04-01,2020-2021,2015-16,02,00,"Alcoholic Beverages, Tobacco",153.57
2021-05-01,2020-2021,2015-16,02,00,"Alcoholic Beverages, Tobacco",153.81
2021-06-01,2020-2021,2015-16,02,00,"Alcoholic Beverages, Tobacco",153.94
2021-07-01,2021-2022,2015-16,02,00,"Alcoholic Beverages, Tobacco",153.94
2021-08-01,2021-2022,2015-16,02,00,"Alcoholic Beverages, Tobacco",153.94
2021-09-01,2021-2022,2015-16,02,00,"Alcoholic Beverages, Tobacco",154.23
2021-10-01,2021-2022,2015-16,02,00,"Alcoholic Beverages, Tobacco",154.56
2021-11-01,2021-2022,2015-16,02,00,"Alcoholic Beverages, Tobacco",155.04
2021-12-01,2021-2022,2015-16,02,00,"Alcoholic Beverages, Tobacco",155.24
2022-01-01,2021-2022,2015-16,02,00,"Alcoholic Beverages, Tobacco",155.25
2022-02-01,2021-2022,2015-16,02,00,"Alcoholic Beverages, Tobacco",155.56
2022-03-01,2021-2022,2015-16,02,00,"Alcoholic Beverages, Tobacco",155.67
2022-04-01,2021-2022,2015-16,02,00,"Alcoholic Beverages, Tobacco",160.86
2022-05-01,2021-2022,2015-16,02,00,"Alcoholic Beverages, Tobacco",168.24
2022-06-01,2021-2022,2015-16,02,00,"Alcoholic Beverages, Tobacco",182.04
2022-07-01,2022-2023,2015-16,02,00,"Alcoholic Beverages, Tobacco",187.28
2022-08-01,2022-2023,2015-16,02,00,"Alcoholic Beverages, Tobacco",193.6
2022-09-01,2022-2023,2015-16,02,00,"Alcoholic Beverages, Tobacco",206.74
2022-10-01,2022-2023,2015-16,02,00,"Alcoholic Beverages, Tobacco",209.33
2022-11-01,2022-2023,2015-16,02,00,"Alcoholic Beverages, Tobacco",212.67
2022-12-01,2022-2023,2015-16,02,00,"Alcoholic Beverages, Tobacco",213.06
2023-01-01,2022-2023,2015-16,02,00,"Alcoholic Beverages, Tobacco",213.22
2023-02-01,2022-2023,2015-16,02,00,"Alcoholic Beverages, Tobacco",240.99
2023-03-01,2022-2023,2015-16,02,00,"Alcoholic Beverages, Tobacco",374.9
2023-04-01,2022-2023,2015-16,02,00,"Alcoholic Beverages, Tobacco",375.93
2023-05-01,2022-2023,2015-16,02,00,"Alcoholic Beverages, Tobacco",377.76
2023-06-01,2022-2023,2015-16,02,00,"Alcoholic Beverages, Tobacco",377.89
2023-07-01,2023-2024,2015-16,02,00,"Alcoholic Beverages, Tobacco",379.48
2023-08-01,2023-2024,2015-16,02,00,"Alcoholic Beverages, Tobacco",380.5
2023-09-01,2023-2024,2015-16,02,00,"Alcoholic Beverages, Tobacco",382.08
2023-10-01,2023-2024,2015-16,02,00,"Alcoholic Beverages, Tobacco",382.4
2023-11-01,2023-2024,2015-16,02,00,"Alcoholic Beverages, Tobacco",382.32
2023-12-01,2023-2024,2015-16,02,00,"Alcoholic Beverages, Tobacco",385.43
2024-01-01,2023-2024,2015-16,02,00,"Alcoholic Beverages, Tobacco",385.76
2024-02-01,2023-2024,2015-16,02,00,"Alcoholic Beverages, Tobacco",386.05
2024-03-01,2023-2024,2015-16,02,00,"Alcoholic Beverages, Tobacco",386.2
2024-04-01,2023-2024,2015-16,02,00,"Alcoholic Beverages, Tobacco",386.36
2024-05-01,2023-2024,2015-16,02,00,"Alcoholic Beverages, Tobacco",387.13
2024-06-01,2023-2024,2015-16,02,00,"Alcoholic Beverages, Tobacco",401.92
2024-07-01,2024-2025,2015-16,02,00,"Alcoholic Beverages, Tobacco",407.5
2024-08-01,2024-2025,2015-16,02,00,"Alcoholic Beverages, Tobacco",407.24
2024-09-01,2024-2025,2015-16,02,00,"Alcoholic Beverages, Tobacco",407.83
2024-10-01,2024-2025,2015-16,02,00,"Alcoholic Beverages, Tobacco",408.28
2024-11-01,2024-2025,2015-16,02,00,"Alcoholic Beverages, Tobacco",403.16
2024-12-01,2024-2025,2015-16,02,00,"Alcoholic Beverages, Tobacco",405.62
2025-01-01,2024-2025,2015-16,02,00,"Alcoholic Beverages, Tobacco",406.23
2025-02-01,2024-2025,2015-16,02,00,"Alcoholic Beverages, Tobacco",410.59
2025-03-01,2024-2025,2015-16,02,00,"Alcoholic Beverages, Tobacco",414.86
2025-04-01,2024-2025,2015-16,02,00,"Alcoholic Beverages, Tobacco",417.98
2025-05-01,2024-2025,2015-16,02,00,"Alcoholic Beverages, Tobacco",418.05
2025-06-01,2024-2025,2015-16,02,00,"Alcoholic Beverages, Tobacco",418.82
2025-07-01,2025-2026,2015-16,02,00,"Alcoholic Beverages, Tobacco",419.92
2025-08-01,2025-2026,2015-16,02,00,"Alcoholic Beverages, Tobacco",420.23
2025-09-01,2025-2026,2015-16,02,00,"Alcoholic Beverages, Tobacco",420.57
2025-10-01,2025-2026,2015-16,02,00,"Alcoholic Beverages, Tobacco",420.73
2025-11-01,2025-2026,2015-16,02,00,"Alcoholic Beverages, Tobacco",422.93
2025-12-01,2025-2026,2015-16,02,00,"Alcoholic Beverages, Tobacco",423.08
2026-01-01,2025-2026,2015-16,02,00,"Alcoholic Beverages, Tobacco",423.06
2026-02-01,2025-2026,2015-16,02,00,"Alcoholic Beverages, Tobacco",425.08
2026-03-01,2025-2026,2015-16,02,00,"Alcoholic Beverages, Tobacco",426.28
2026-04-01,2025-2026,2015-16,02,00,"Alcoholic Beverages, Tobacco",426.88
2026-05-01,2025-2026,2015-16,02,00,"Alcoholic Beverages, Tobacco",427.73
2026-06-01,2025-2026,2015-16,02,00,"Alcoholic Beverages, Tobacco",434.78
2019-07-01,2019-2020,2015-16,02,40,Cigarettes,134.05
2019-08-01,2019-2020,2015-16,02,40,Cigarettes,134.35
2019-09-01,2019-2020,2015-16,02,40,Cigarettes,134.41
2019-10-01,2019-2020,2015-16,02,40,Cigarettes,134.58
2019-11-01,2019-2020,2015-16,02,40,Cigarettes,134.64
2019-12-01,2019-2020,2015-16,02,40,Cigarettes,134.65
2020-01-01,2019-2020,2015-16,02,40,Cigarettes,134.71
2020-02-01,2019-2020,2015-16,02,40,Cigarettes,134.72
2020-03-01,2019-2020,2015-16,02,40,Cigarettes,134.73
2020-04-01,2019-2020,2015-16,02,40,Cigarettes,134.87
2020-05-01,2019-2020,2015-16,02,40,Cigarettes,135.09
2020-06-01,2019-2020,2015-16,02,40,Cigarettes,135.18
2020-07-01,2020-2021,2015-16,02,40,Cigarettes,139.07
2020-08-01,2020-2021,2015-16,02,40,Cigarettes,139.96
2020-09-01,2020-2021,2015-16,02,40,Cigarettes,140.28
2020-10-01,2020-2021,2015-16,02,40,Cigarettes,141.25
2020-11-01,2020-2021,2015-16,02,40,Cigarettes,141.26
2020-12-01,2020-2021,2015-16,02,40,Cigarettes,141.02
2021-01-01,2020-2021,2015-16,02,40,Cigarettes,141.02
2021-02-01,2020-2021,2015-16,02,40,Cigarettes,141.06
2021-03-01,2020-2021,2015-16,02,40,Cigarettes,141.06
2021-04-01,2020-2021,2015-16,02,40,Cigarettes,141.06
2021-05-01,2020-2021,2015-16,02,40,Cigarettes,141.09
2021-06-01,2020-2021,2015-16,02,40,Cigarettes,141.09
2021-07-01,2021-2022,2015-16,02,40,Cigarettes,141.09
2021-08-01,2021-2022,2015-16,02,40,Cigarettes,141.09
2021-09-01,2021-2022,2015-16,02,40,Cigarettes,141.09
2021-10-01,2021-2022,2015-16,02,40,Cigarettes,141.09
2021-11-01,2021-2022,2015-16,02,40,Cigarettes,141.09
2021-12-01,2021-2022,2015-16,02,40,Cigarettes,141.09
2022-01-01,2021-2022,2015-16,02,40,Cigarettes,141.09
2022-02-01,2021-2022,2015-16,02,40,Cigarettes,141.09
2022-03-01,2021-2022,2015-16,02,40,Cigarettes,141.09
2022-04-01,2021-2022,2015-16,02,40,Cigarettes,147.28
2022-05-01,2021-2022,2015-16,02,40,Cigarettes,154.18
2022-06-01,2021-2022,2015-16,02,40,Cigarettes,167.05
2022-07-01,2022-2023,2015-16,02,40,Cigarettes,171.44
2022-08-01,2022-2023,2015-16,02,40,Cigarettes,176.54
2022-09-01,2022-2023,2015-16,02,40,Cigarettes,191.04
2022-10-01,2022-2023,2015-16,02,40,Cigarettes,193.39
2022-11-01,2022-2023,2015-16,02,40,Cigarettes,193.73
2022-12-01,2022-2023,2015-16,02,40,Cigarettes,194.04
2023-01-01,2022-2023,2015-16,02,40,Cigarettes,194.23
2023-02-01,2022-2023,2015-16,02,40,Cigarettes,224.61
2023-03-01,2022-2023,2015-16,02,40,Cigarettes,382.6
2023-04-01,2022-2023,2015-16,02,40,Cigarettes,382.76
2023-05-01,2022-2023,2015-16,02,40,Cigarettes,382.88
2023-06-01,2022-2023,2015-16,02,40,Cigarettes,382.88
2023-07-01,2023-2024,2015-16,02,40,Cigarettes,383.1
2023-08-01,2023-2024,2015-16,02,40,Cigarettes,383.94
2023-09-01,2023-2024,2015-16,02,40,Cigarettes,384.15
2023-10-01,2023-2024,2015-16,02,40,Cigarettes,384.17
2023-11-01,2023-2024,2015-16,02,40,Cigarettes,384.07
2023-12-01,2023-2024,2015-16,02,40,Cigarettes,384.62
2024-01-01,2023-2024,2015-16,02,40,Cigarettes,384.62
2024-02-01,2023-2024,2015-16,02,40,Cigarettes,384.62
2024-03-01,2023-2024,2015-16,02,40,Cigarettes,384.62
2024-04-01,2023-2024,2015-16,02,40,Cigarettes,384.67
2024-05-01,2023-2024,2015-16,02,40,Cigarettes,384.73
2024-06-01,2023-2024,2015-16,02,40,Cigarettes,402.22
2024-07-01,2024-2025,2015-16,02,40,Cigarettes,407.26
2024-08-01,2024-2025,2015-16,02,40,Cigarettes,405.76
2024-09-01,2024-2025,2015-16,02,40,Cigarettes,406.04
2024-10-01,2024-2025,2015-16,02,40,Cigarettes,406.25
2024-11-01,2024-2025,2015-16,02,40,Cigarettes,399.64
2024-12-01,2024-2025,2015-16,02,40,Cigarettes,401.03
2025-01-01,2024-2025,2015-16,02,40,Cigarettes,401.22
2025-02-01,2024-2025,2015-16,02,40,Cigarettes,402.86
2025-03-01,2024-2025,2015-16,02,40,Cigarettes,407.84
2025-04-01,2024-2025,2015-16,02,40,Cigarettes,409.98
2025-05-01,2024-2025,2015-16,02,40,Cigarettes,410.06
2025-06-01,2024-2025,2015-16,02,40,Cigarettes,410.28
2025-07-01,2025-2026,2015-16,02,40,Cigarettes,411.55
2025-08-01,2025-2026,2015-16,02,40,Cigarettes,411.55
2025-09-01,2025-2026,2015-16,02,40,Cigarettes,411.79
2025-10-01,2025-2026,2015-16,02,40,Cigarettes,411.78
2025-11-01,2025-2026,2015-16,02,40,Cigarettes,411.75
2025-12-01,2025-2026,2015-16,02,40,Cigarettes,411.88
2026-01-01,2025-2026,2015-16,02,40,Cigarettes,411.76
2026-02-01,2025-2026,2015-16,02,40,Cigarettes,414.06
2026-03-01,2025-2026,2015-16,02,40,Cigarettes,414.97
2026-04-01,2025-2026,2015-16,02,40,Cigarettes,415.56
2026-05-01,2025-2026,2015-16,02,40,Cigarettes,415.9
2026-06-01,2025-2026,2015-16,02,40,Cigarettes,422.91
2019-07-01,2019-2020,2015-16,02,41,Pan prepared,181.46
2019-08-01,2019-2020,2015-16,02,41,Pan prepared,181.46
2019-09-01,2019-2020,2015-16,02,41,Pan prepared,183.12
2019-10-01,2019-2020,2015-16,02,41,Pan prepared,184.05
2019-11-01,2019-2020,2015-16,02,41,Pan prepared,184.34
2019-12-01,2019-2020,2015-16,02,41,Pan prepared,184.7
2020-01-01,2019-2020,2015-16,02,41,Pan prepared,187.81
2020-02-01,2019-2020,2015-16,02,41,Pan prepared,189.39
2020-03-01,2019-2020,2015-16,02,41,Pan prepared,189.54
2020-04-01,2019-2020,2015-16,02,41,Pan prepared,196.75
2020-05-01,2019-2020,2015-16,02,41,Pan prepared,196.9
2020-06-01,2019-2020,2015-16,02,41,Pan prepared,196.9
2020-07-01,2020-2021,2015-16,02,41,Pan prepared,196.9
2020-08-01,2020-2021,2015-16,02,41,Pan prepared,201.15
2020-09-01,2020-2021,2015-16,02,41,Pan prepared,202.89
2020-10-01,2020-2021,2015-16,02,41,Pan prepared,203.97
2020-11-01,2020-2021,2015-16,02,41,Pan prepared,208.87
2020-12-01,2020-2021,2015-16,02,41,Pan prepared,209.96
2021-01-01,2020-2021,2015-16,02,41,Pan prepared,210.17
2021-02-01,2020-2021,2015-16,02,41,Pan prepared,212.12
2021-03-01,2020-2021,2015-16,02,41,Pan prepared,218.11
2021-04-01,2020-2021,2015-16,02,41,Pan prepared,218.9
2021-05-01,2020-2021,2015-16,02,41,Pan prepared,220.2
2021-06-01,2020-2021,2015-16,02,41,Pan prepared,221
2021-07-01,2021-2022,2015-16,02,41,Pan prepared,221
2021-08-01,2021-2022,2015-16,02,41,Pan prepared,221
2021-09-01,2021-2022,2015-16,02,41,Pan prepared,222.8
2021-10-01,2021-2022,2015-16,02,41,Pan prepared,224.89
2021-11-01,2021-2022,2015-16,02,41,Pan prepared,227.85
2021-12-01,2021-2022,2015-16,02,41,Pan prepared,229.08
2022-01-01,2021-2022,2015-16,02,41,Pan prepared,229.15
2022-02-01,2021-2022,2015-16,02,41,Pan prepared,231.1
2022-03-01,2021-2022,2015-16,02,41,Pan prepared,231.75
2022-04-01,2021-2022,2015-16,02,41,Pan prepared,231.75
2022-05-01,2021-2022,2015-16,02,41,Pan prepared,241.63
2022-06-01,2021-2022,2015-16,02,41,Pan prepared,260.32
2022-07-01,2022-2023,2015-16,02,41,Pan prepared,269.99
2022-08-01,2022-2023,2015-16,02,41,Pan prepared,282.61
2022-09-01,2022-2023,2015-16,02,41,Pan prepared,288.67
2022-10-01,2022-2023,2015-16,02,41,Pan prepared,292.57
2022-11-01,2022-2023,2015-16,02,41,Pan prepared,311.54
2022-12-01,2022-2023,2015-16,02,41,Pan prepared,312.34
2023-01-01,2022-2023,2015-16,02,41,Pan prepared,312.34
2023-02-01,2022-2023,2015-16,02,41,Pan prepared,326.48
2023-03-01,2022-2023,2015-16,02,41,Pan prepared,334.7
2023-04-01,2022-2023,2015-16,02,41,Pan prepared,340.26
2023-05-01,2022-2023,2015-16,02,41,Pan prepared,351.01
2023-06-01,2022-2023,2015-16,02,41,Pan prepared,351.8
2023-07-01,2023-2024,2015-16,02,41,Pan prepared,360.53
2023-08-01,2023-2024,2015-16,02,41,Pan prepared,362.55
2023-09-01,2023-2024,2015-16,02,41,Pan prepared,371.28
2023-10-01,2023-2024,2015-16,02,41,Pan prepared,373.16
2023-11-01,2023-2024,2015-16,02,41,Pan prepared,373.16
2023-12-01,2023-2024,2015-16,02,41,Pan prepared,389.61
2024-01-01,2023-2024,2015-16,02,41,Pan prepared,391.7
2024-02-01,2023-2024,2015-16,02,41,Pan prepared,393.51
2024-03-01,2023-2024,2015-16,02,41,Pan prepared,394.44
2024-04-01,2023-2024,2015-16,02,41,Pan prepared,395.17
2024-05-01,2023-2024,2015-16,02,41,Pan prepared,399.64
2024-06-01,2023-2024,2015-16,02,41,Pan prepared,400.36
2024-07-01,2024-2025,2015-16,02,41,Pan prepared,408.73
2024-08-01,2024-2025,2015-16,02,41,Pan prepared,414.94
2024-09-01,2024-2025,2015-16,02,41,Pan prepared,417.17
2024-10-01,2024-2025,2015-16,02,41,Pan prepared,418.9
2024-11-01,2024-2025,2015-16,02,41,Pan prepared,421.5
2024-12-01,2024-2025,2015-16,02,41,Pan prepared,429.58
2025-01-01,2024-2025,2015-16,02,41,Pan prepared,432.4
2025-02-01,2024-2025,2015-16,02,41,Pan prepared,450.94
2025-03-01,2024-2025,2015-16,02,41,Pan prepared,451.52
2025-04-01,2024-2025,2015-16,02,41,Pan prepared,459.74
2025-05-01,2024-2025,2015-16,02,41,Pan prepared,459.74
2025-06-01,2024-2025,2015-16,02,41,Pan prepared,463.42
2025-07-01,2025-2026,2015-16,02,41,Pan prepared,463.64
2025-08-01,2025-2026,2015-16,02,41,Pan prepared,465.58
2025-09-01,2025-2026,2015-16,02,41,Pan prepared,466.38
2025-10-01,2025-2026,2015-16,02,41,Pan prepared,467.46
2025-11-01,2025-2026,2015-16,02,41,Pan prepared,481.31
2025-12-01,2025-2026,2015-16,02,41,Pan prepared,481.53
2026-01-01,2025-2026,2015-16,02,41,Pan prepared,482.03
2026-02-01,2025-2026,2015-16,02,41,Pan prepared,482.61
2026-03-01,2025-2026,2015-16,02,41,Pan prepared,485.35
2026-04-01,2025-2026,2015-16,02,41,Pan prepared,486
2026-05-01,2025-2026,2015-16,02,41,Pan prepared,489.47
2026-06-01,2025-2026,2015-16,02,41,Pan prepared,496.75
2019-07-01,2019-2020,2015-16,03,00,Clothing and footwear,121.6
2019-08-01,2019-2020,2015-16,03,00,Clothing and footwear,123.36
2019-09-01,2019-2020,2015-16,03,00,Clothing and footwear,123.86
2019-10-01,2019-2020,2015-16,03,00,Clothing and footwear,124.17
2019-11-01,2019-2020,2015-16,03,00,Clothing and footwear,125.23
2019-12-01,2019-2020,2015-16,03,00,Clothing and footwear,126.1
2020-01-01,2019-2020,2015-16,03,00,Clothing and footwear,127.13
2020-02-01,2019-2020,2015-16,03,00,Clothing and footwear,127.81
2020-03-01,2019-2020,2015-16,03,00,Clothing and footwear,129.69
2020-04-01,2019-2020,2015-16,03,00,Clothing and footwear,129.69
2020-05-01,2019-2020,2015-16,03,00,Clothing and footwear,131.67
2020-06-01,2019-2020,2015-16,03,00,Clothing and footwear,132.5
2020-07-01,2020-2021,2015-16,03,00,Clothing and footwear,132.97
2020-08-01,2020-2021,2015-16,03,00,Clothing and footwear,133.2
2020-09-01,2020-2021,2015-16,03,00,Clothing and footwear,133.75
2020-10-01,2020-2021,2015-16,03,00,Clothing and footwear,134.1
2020-11-01,2020-2021,2015-16,03,00,Clothing and footwear,136.62
2020-12-01,2020-2021,2015-16,03,00,Clothing and footwear,137.25
2021-01-01,2020-2021,2015-16,03,00,Clothing and footwear,137.97
2021-02-01,2020-2021,2015-16,03,00,Clothing and footwear,143.58
2021-03-01,2020-2021,2015-16,03,00,Clothing and footwear,144.65
2021-04-01,2020-2021,2015-16,03,00,Clothing and footwear,146.21
2021-05-01,2020-2021,2015-16,03,00,Clothing and footwear,146.36
2021-06-01,2020-2021,2015-16,03,00,Clothing and footwear,146.45
2021-07-01,2021-2022,2015-16,03,00,Clothing and footwear,146.78
2021-08-01,2021-2022,2015-16,03,00,Clothing and footwear,146.97
2021-09-01,2021-2022,2015-16,03,00,Clothing and footwear,147.12
2021-10-01,2021-2022,2015-16,03,00,Clothing and footwear,147.74
2021-11-01,2021-2022,2015-16,03,00,Clothing and footwear,149.65
2021-12-01,2021-2022,2015-16,03,00,Clothing and footwear,153.96
2022-01-01,2021-2022,2015-16,03,00,Clothing and footwear,155.09
2022-02-01,2021-2022,2015-16,03,00,Clothing and footwear,157.08
2022-03-01,2021-2022,2015-16,03,00,Clothing and footwear,158.48
2022-04-01,2021-2022,2015-16,03,00,Clothing and footwear,161.57
2022-05-01,2021-2022,2015-16,03,00,Clothing and footwear,162.38
2022-06-01,2021-2022,2015-16,03,00,Clothing and footwear,167.25
2022-07-01,2022-2023,2015-16,03,00,Clothing and footwear,168.85
2022-08-01,2022-2023,2015-16,03,00,Clothing and footwear,174.62
2022-09-01,2022-2023,2015-16,03,00,Clothing and footwear,174.86
2022-10-01,2022-2023,2015-16,03,00,Clothing and footwear,176.6
2022-11-01,2022-2023,2015-16,03,00,Clothing and footwear,178.94
2022-12-01,2022-2023,2015-16,03,00,Clothing and footwear,180.13
2023-01-01,2022-2023,2015-16,03,00,Clothing and footwear,181.13
2023-02-01,2022-2023,2015-16,03,00,Clothing and footwear,183.44
2023-03-01,2022-2023,2015-16,03,00,Clothing and footwear,194.04
2023-04-01,2022-2023,2015-16,03,00,Clothing and footwear,196.25
2023-05-01,2022-2023,2015-16,03,00,Clothing and footwear,197
2023-06-01,2022-2023,2015-16,03,00,Clothing and footwear,199.16
2023-07-01,2023-2024,2015-16,03,00,Clothing and footwear,200.25
2023-08-01,2023-2024,2015-16,03,00,Clothing and footwear,202.6
2023-09-01,2023-2024,2015-16,03,00,Clothing and footwear,205.7
2023-10-01,2023-2024,2015-16,03,00,Clothing and footwear,207.5
2023-11-01,2023-2024,2015-16,03,00,Clothing and footwear,211.64
2023-12-01,2023-2024,2015-16,03,00,Clothing and footwear,212.48
2024-01-01,2023-2024,2015-16,03,00,Clothing and footwear,213.55
2024-02-01,2023-2024,2015-16,03,00,Clothing and footwear,214.12
2024-03-01,2023-2024,2015-16,03,00,Clothing and footwear,216.67
2024-04-01,2023-2024,2015-16,03,00,Clothing and footwear,230.79
2024-05-01,2023-2024,2015-16,03,00,Clothing and footwear,231.28
2024-06-01,2023-2024,2015-16,03,00,Clothing and footwear,233.53
2024-07-01,2024-2025,2015-16,03,00,Clothing and footwear,235.24
2024-08-01,2024-2025,2015-16,03,00,Clothing and footwear,236.21
2024-09-01,2024-2025,2015-16,03,00,Clothing and footwear,237.02
2024-10-01,2024-2025,2015-16,03,00,Clothing and footwear,237.24
2024-11-01,2024-2025,2015-16,03,00,Clothing and footwear,244.54
2024-12-01,2024-2025,2015-16,03,00,Clothing and footwear,245.42
2025-01-01,2024-2025,2015-16,03,00,Clothing and footwear,246.32
2025-02-01,2024-2025,2015-16,03,00,Clothing and footwear,246.69
2025-03-01,2024-2025,2015-16,03,00,Clothing and footwear,249.74
2025-04-01,2024-2025,2015-16,03,00,Clothing and footwear,251.04
2025-05-01,2024-2025,2015-16,03,00,Clothing and footwear,254.43
2025-06-01,2024-2025,2015-16,03,00,Clothing and footwear,254.64
2025-07-01,2025-2026,2015-16,03,00,Clothing and footwear,254.87
2025-08-01,2025-2026,2015-16,03,00,Clothing and footwear,255.32
2025-09-01,2025-2026,2015-16,03,00,Clothing and footwear,255.85
2025-10-01,2025-2026,2015-16,03,00,Clothing and footwear,256.5
2025-11-01,2025-2026,2015-16,03,00,Clothing and footwear,258.42
2025-12-01,2025-2026,2015-16,03,00,Clothing and footwear,259.13
2026-01-01,2025-2026,2015-16,03,00,Clothing and footwear,259.76
2026-02-01,2025-2026,2015-16,03,00,Clothing and footwear,260.8
2026-03-01,2025-2026,2015-16,03,00,Clothing and footwear,262.74
2026-04-01,2025-2026,2015-16,03,00,Clothing and footwear,264.87
2026-05-01,2025-2026,2015-16,03,00,Clothing and footwear,280.55
2026-06-01,2025-2026,2015-16,03,00,Clothing and footwear,283.12
2019-07-01,2019-2020,2015-16,03,42,Cotton cloth,123.51
2019-08-01,2019-2020,2015-16,03,42,Cotton cloth,124.77
2019-09-01,2019-2020,2015-16,03,42,Cotton cloth,125.93
2019-10-01,2019-2020,2015-16,03,42,Cotton cloth,126.13
2019-11-01,2019-2020,2015-16,03,42,Cotton cloth,126.52
2019-12-01,2019-2020,2015-16,03,42,Cotton cloth,126.56
2020-01-01,2019-2020,2015-16,03,42,Cotton cloth,127.02
2020-02-01,2019-2020,2015-16,03,42,Cotton cloth,127.83
2020-03-01,2019-2020,2015-16,03,42,Cotton cloth,128.83
2020-04-01,2019-2020,2015-16,03,42,Cotton cloth,128.83
2020-05-01,2019-2020,2015-16,03,42,Cotton cloth,134.03
2020-06-01,2019-2020,2015-16,03,42,Cotton cloth,136.39
2020-07-01,2020-2021,2015-16,03,42,Cotton cloth,137.01
2020-08-01,2020-2021,2015-16,03,42,Cotton cloth,137.16
2020-09-01,2020-2021,2015-16,03,42,Cotton cloth,137.16
2020-10-01,2020-2021,2015-16,03,42,Cotton cloth,137.17
2020-11-01,2020-2021,2015-16,03,42,Cotton cloth,142.31
2020-12-01,2020-2021,2015-16,03,42,Cotton cloth,142.39
2021-01-01,2020-2021,2015-16,03,42,Cotton cloth,143.01
2021-02-01,2020-2021,2015-16,03,42,Cotton cloth,146.62
2021-03-01,2020-2021,2015-16,03,42,Cotton cloth,149.21
2021-04-01,2020-2021,2015-16,03,42,Cotton cloth,150.16
2021-05-01,2020-2021,2015-16,03,42,Cotton cloth,150.21
2021-06-01,2020-2021,2015-16,03,42,Cotton cloth,150.24
2021-07-01,2021-2022,2015-16,03,42,Cotton cloth,150.39
2021-08-01,2021-2022,2015-16,03,42,Cotton cloth,150.56
2021-09-01,2021-2022,2015-16,03,42,Cotton cloth,150.57
2021-10-01,2021-2022,2015-16,03,42,Cotton cloth,150.63
2021-11-01,2021-2022,2015-16,03,42,Cotton cloth,154.61
2021-12-01,2021-2022,2015-16,03,42,Cotton cloth,156.54
2022-01-01,2021-2022,2015-16,03,42,Cotton cloth,157.39
2022-02-01,2021-2022,2015-16,03,42,Cotton cloth,163.16
2022-03-01,2021-2022,2015-16,03,42,Cotton cloth,165.48
2022-04-01,2021-2022,2015-16,03,42,Cotton cloth,168.87
2022-05-01,2021-2022,2015-16,03,42,Cotton cloth,169.04
2022-06-01,2021-2022,2015-16,03,42,Cotton cloth,173.84
2022-07-01,2022-2023,2015-16,03,42,Cotton cloth,177.68
2022-08-01,2022-2023,2015-16,03,42,Cotton cloth,185.98
2022-09-01,2022-2023,2015-16,03,42,Cotton cloth,186.23
2022-10-01,2022-2023,2015-16,03,42,Cotton cloth,187.02
2022-11-01,2022-2023,2015-16,03,42,Cotton cloth,189
2022-12-01,2022-2023,2015-16,03,42,Cotton cloth,189.97
2023-01-01,2022-2023,2015-16,03,42,Cotton cloth,190.01
2023-02-01,2022-2023,2015-16,03,42,Cotton cloth,193.87
2023-03-01,2022-2023,2015-16,03,42,Cotton cloth,219.65
2023-04-01,2022-2023,2015-16,03,42,Cotton cloth,221.99
2023-05-01,2022-2023,2015-16,03,42,Cotton cloth,222.33
2023-06-01,2022-2023,2015-16,03,42,Cotton cloth,223.29
2023-07-01,2023-2024,2015-16,03,42,Cotton cloth,224.29
2023-08-01,2023-2024,2015-16,03,42,Cotton cloth,225.25
2023-09-01,2023-2024,2015-16,03,42,Cotton cloth,234.02
2023-10-01,2023-2024,2015-16,03,42,Cotton cloth,236.67
2023-11-01,2023-2024,2015-16,03,42,Cotton cloth,244.87
2023-12-01,2023-2024,2015-16,03,42,Cotton cloth,245.08
2024-01-01,2023-2024,2015-16,03,42,Cotton cloth,245.13
2024-02-01,2023-2024,2015-16,03,42,Cotton cloth,246.53
2024-03-01,2023-2024,2015-16,03,42,Cotton cloth,248.8
2024-04-01,2023-2024,2015-16,03,42,Cotton cloth,273.04
2024-05-01,2023-2024,2015-16,03,42,Cotton cloth,273.95
2024-06-01,2023-2024,2015-16,03,42,Cotton cloth,275.45
2024-07-01,2024-2025,2015-16,03,42,Cotton cloth,279.49
2024-08-01,2024-2025,2015-16,03,42,Cotton cloth,279.69
2024-09-01,2024-2025,2015-16,03,42,Cotton cloth,279.95
2024-10-01,2024-2025,2015-16,03,42,Cotton cloth,279.95
2024-11-01,2024-2025,2015-16,03,42,Cotton cloth,280.13
2024-12-01,2024-2025,2015-16,03,42,Cotton cloth,280.39
2025-01-01,2024-2025,2015-16,03,42,Cotton cloth,280.55
2025-02-01,2024-2025,2015-16,03,42,Cotton cloth,281.5
2025-03-01,2024-2025,2015-16,03,42,Cotton cloth,286.41
2025-04-01,2024-2025,2015-16,03,42,Cotton cloth,288.37
2025-05-01,2024-2025,2015-16,03,42,Cotton cloth,297.59
2025-06-01,2024-2025,2015-16,03,42,Cotton cloth,297.99
2025-07-01,2025-2026,2015-16,03,42,Cotton cloth,298.32
2025-08-01,2025-2026,2015-16,03,42,Cotton cloth,298.53
2025-09-01,2025-2026,2015-16,03,42,Cotton cloth,299.83
2025-10-01,2025-2026,2015-16,03,42,Cotton cloth,299.86
2025-11-01,2025-2026,2015-16,03,42,Cotton cloth,300.07
2025-12-01,2025-2026,2015-16,03,42,Cotton cloth,300.07
2026-01-01,2025-2026,2015-16,03,42,Cotton cloth,300.08
2026-02-01,2025-2026,2015-16,03,42,Cotton cloth,300.73
2026-03-01,2025-2026,2015-16,03,42,Cotton cloth,303.09
2026-04-01,2025-2026,2015-16,03,42,Cotton cloth,305.69
2026-05-01,2025-2026,2015-16,03,42,Cotton cloth,310.08
2026-06-01,2025-2026,2015-16,03,42,Cotton cloth,315.05
2019-07-01,2019-2020,2015-16,03,43,Woolen cloth,113.89
2019-08-01,2019-2020,2015-16,03,43,Woolen cloth,115.35
2019-09-01,2019-2020,2015-16,03,43,Woolen cloth,115.36
2019-10-01,2019-2020,2015-16,03,43,Woolen cloth,115.92
2019-11-01,2019-2020,2015-16,03,43,Woolen cloth,119.57
2019-12-01,2019-2020,2015-16,03,43,Woolen cloth,120.94
2020-01-01,2019-2020,2015-16,03,43,Woolen cloth,124.66
2020-02-01,2019-2020,2015-16,03,43,Woolen cloth,125.76
2020-03-01,2019-2020,2015-16,03,43,Woolen cloth,125.98
2020-04-01,2019-2020,2015-16,03,43,Woolen cloth,125.99
2020-05-01,2019-2020,2015-16,03,43,Woolen cloth,126.22
2020-06-01,2019-2020,2015-16,03,43,Woolen cloth,127.1
2020-07-01,2020-2021,2015-16,03,43,Woolen cloth,128.47
2020-08-01,2020-2021,2015-16,03,43,Woolen cloth,128.48
2020-09-01,2020-2021,2015-16,03,43,Woolen cloth,131.47
2020-10-01,2020-2021,2015-16,03,43,Woolen cloth,131.55
2020-11-01,2020-2021,2015-16,03,43,Woolen cloth,134.61
2020-12-01,2020-2021,2015-16,03,43,Woolen cloth,136.48
2021-01-01,2020-2021,2015-16,03,43,Woolen cloth,137.04
2021-02-01,2020-2021,2015-16,03,43,Woolen cloth,138.84
2021-03-01,2020-2021,2015-16,03,43,Woolen cloth,140.2
2021-04-01,2020-2021,2015-16,03,43,Woolen cloth,141.06
2021-05-01,2020-2021,2015-16,03,43,Woolen cloth,141.18
2021-06-01,2020-2021,2015-16,03,43,Woolen cloth,141.24
2021-07-01,2021-2022,2015-16,03,43,Woolen cloth,141.25
2021-08-01,2021-2022,2015-16,03,43,Woolen cloth,141.67
2021-09-01,2021-2022,2015-16,03,43,Woolen cloth,142.33
2021-10-01,2021-2022,2015-16,03,43,Woolen cloth,142.62
2021-11-01,2021-2022,2015-16,03,43,Woolen cloth,143.93
2021-12-01,2021-2022,2015-16,03,43,Woolen cloth,148.7
2022-01-01,2021-2022,2015-16,03,43,Woolen cloth,148.89
2022-02-01,2021-2022,2015-16,03,43,Woolen cloth,149.07
2022-03-01,2021-2022,2015-16,03,43,Woolen cloth,153.75
2022-04-01,2021-2022,2015-16,03,43,Woolen cloth,154.28
2022-05-01,2021-2022,2015-16,03,43,Woolen cloth,154.44
2022-06-01,2021-2022,2015-16,03,43,Woolen cloth,157.31
2022-07-01,2022-2023,2015-16,03,43,Woolen cloth,160.08
2022-08-01,2022-2023,2015-16,03,43,Woolen cloth,162.06
2022-09-01,2022-2023,2015-16,03,43,Woolen cloth,162.27
2022-10-01,2022-2023,2015-16,03,43,Woolen cloth,172.25
2022-11-01,2022-2023,2015-16,03,43,Woolen cloth,174.44
2022-12-01,2022-2023,2015-16,03,43,Woolen cloth,177.98
2023-01-01,2022-2023,2015-16,03,43,Woolen cloth,178.41
2023-02-01,2022-2023,2015-16,03,43,Woolen cloth,178.63
2023-03-01,2022-2023,2015-16,03,43,Woolen cloth,189.24
2023-04-01,2022-2023,2015-16,03,43,Woolen cloth,191.5
2023-05-01,2022-2023,2015-16,03,43,Woolen cloth,191.79
2023-06-01,2022-2023,2015-16,03,43,Woolen cloth,194.69
2023-07-01,2023-2024,2015-16,03,43,Woolen cloth,199.25
2023-08-01,2023-2024,2015-16,03,43,Woolen cloth,199.67
2023-09-01,2023-2024,2015-16,03,43,Woolen cloth,200.05
2023-10-01,2023-2024,2015-16,03,43,Woolen cloth,203.84
2023-11-01,2023-2024,2015-16,03,43,Woolen cloth,210.63
2023-12-01,2023-2024,2015-16,03,43,Woolen cloth,212.27
2024-01-01,2023-2024,2015-16,03,43,Woolen cloth,213.22
2024-02-01,2023-2024,2015-16,03,43,Woolen cloth,213.45
2024-03-01,2023-2024,2015-16,03,43,Woolen cloth,215.69
2024-04-01,2023-2024,2015-16,03,43,Woolen cloth,223.94
2024-05-01,2023-2024,2015-16,03,43,Woolen cloth,224.02
2024-06-01,2023-2024,2015-16,03,43,Woolen cloth,224.68
2024-07-01,2024-2025,2015-16,03,43,Woolen cloth,224.88
2024-08-01,2024-2025,2015-16,03,43,Woolen cloth,225.56
2024-09-01,2024-2025,2015-16,03,43,Woolen cloth,228.49
2024-10-01,2024-2025,2015-16,03,43,Woolen cloth,228.89
2024-11-01,2024-2025,2015-16,03,43,Woolen cloth,235.28
2024-12-01,2024-2025,2015-16,03,43,Woolen cloth,235.97
2025-01-01,2024-2025,2015-16,03,43,Woolen cloth,236.95
2025-02-01,2024-2025,2015-16,03,43,Woolen cloth,237.12
2025-03-01,2024-2025,2015-16,03,43,Woolen cloth,238.44
2025-04-01,2024-2025,2015-16,03,43,Woolen cloth,242.23
2025-05-01,2024-2025,2015-16,03,43,Woolen cloth,243.05
2025-06-01,2024-2025,2015-16,03,43,Woolen cloth,243.05
2025-07-01,2025-2026,2015-16,03,43,Woolen cloth,243.09
2025-08-01,2025-2026,2015-16,03,43,Woolen cloth,243.55
2025-09-01,2025-2026,2015-16,03,43,Woolen cloth,243.92
2025-10-01,2025-2026,2015-16,03,43,Woolen cloth,244.87
2025-11-01,2025-2026,2015-16,03,43,Woolen cloth,253.81
2025-12-01,2025-2026,2015-16,03,43,Woolen cloth,254.35
2026-01-01,2025-2026,2015-16,03,43,Woolen cloth,257.78
2026-02-01,2025-2026,2015-16,03,43,Woolen cloth,258.39
2026-03-01,2025-2026,2015-16,03,43,Woolen cloth,260.04
2026-04-01,2025-2026,2015-16,03,43,Woolen cloth,264.21
2026-05-01,2025-2026,2015-16,03,43,Woolen cloth,265.04
2026-06-01,2025-2026,2015-16,03,43,Woolen cloth,267.09
2019-07-01,2019-2020,2015-16,03,44,Readymade garments,125.6
2019-08-01,2019-2020,2015-16,03,44,Readymade garments,126.21
2019-09-01,2019-2020,2015-16,03,44,Readymade garments,126.24
2019-10-01,2019-2020,2015-16,03,44,Readymade garments,126.76
2019-11-01,2019-2020,2015-16,03,44,Readymade garments,126.97
2019-12-01,2019-2020,2015-16,03,44,Readymade garments,127.38
2020-01-01,2019-2020,2015-16,03,44,Readymade garments,127.58
2020-02-01,2019-2020,2015-16,03,44,Readymade garments,128.66
2020-03-01,2019-2020,2015-16,03,44,Readymade garments,129.95
2020-04-01,2019-2020,2015-16,03,44,Readymade garments,129.96
2020-05-01,2019-2020,2015-16,03,44,Readymade garments,130.2
2020-06-01,2019-2020,2015-16,03,44,Readymade garments,130.22
2020-07-01,2020-2021,2015-16,03,44,Readymade garments,130.49
2020-08-01,2020-2021,2015-16,03,44,Readymade garments,130.56
2020-09-01,2020-2021,2015-16,03,44,Readymade garments,131.13
2020-10-01,2020-2021,2015-16,03,44,Readymade garments,132.21
2020-11-01,2020-2021,2015-16,03,44,Readymade garments,132.81
2020-12-01,2020-2021,2015-16,03,44,Readymade garments,133.13
2021-01-01,2020-2021,2015-16,03,44,Readymade garments,133.57
2021-02-01,2020-2021,2015-16,03,44,Readymade garments,137.48
2021-03-01,2020-2021,2015-16,03,44,Readymade garments,137.77
2021-04-01,2020-2021,2015-16,03,44,Readymade garments,138.91
2021-05-01,2020-2021,2015-16,03,44,Readymade garments,138.92
2021-06-01,2020-2021,2015-16,03,44,Readymade garments,139.1
2021-07-01,2021-2022,2015-16,03,44,Readymade garments,139.34
2021-08-01,2021-2022,2015-16,03,44,Readymade garments,139.41
2021-09-01,2021-2022,2015-16,03,44,Readymade garments,139.71
2021-10-01,2021-2022,2015-16,03,44,Readymade garments,143.12
2021-11-01,2021-2022,2015-16,03,44,Readymade garments,143.97
2021-12-01,2021-2022,2015-16,03,44,Readymade garments,144.88
2022-01-01,2021-2022,2015-16,03,44,Readymade garments,145.32
2022-02-01,2021-2022,2015-16,03,44,Readymade garments,146.03
2022-03-01,2021-2022,2015-16,03,44,Readymade garments,146.41
2022-04-01,2021-2022,2015-16,03,44,Readymade garments,148.41
2022-05-01,2021-2022,2015-16,03,44,Readymade garments,150.3
2022-06-01,2021-2022,2015-16,03,44,Readymade garments,151.09
2022-07-01,2022-2023,2015-16,03,44,Readymade garments,151.4
2022-08-01,2022-2023,2015-16,03,44,Readymade garments,163.28
2022-09-01,2022-2023,2015-16,03,44,Readymade garments,163.56
2022-10-01,2022-2023,2015-16,03,44,Readymade garments,165.44
2022-11-01,2022-2023,2015-16,03,44,Readymade garments,166.13
2022-12-01,2022-2023,2015-16,03,44,Readymade garments,166.58
2023-01-01,2022-2023,2015-16,03,44,Readymade garments,167.42
2023-02-01,2022-2023,2015-16,03,44,Readymade garments,167.73
2023-03-01,2022-2023,2015-16,03,44,Readymade garments,175.47
2023-04-01,2022-2023,2015-16,03,44,Readymade garments,176.32
2023-05-01,2022-2023,2015-16,03,44,Readymade garments,177.02
2023-06-01,2022-2023,2015-16,03,44,Readymade garments,183.66
2023-07-01,2023-2024,2015-16,03,44,Readymade garments,184.21
2023-08-01,2023-2024,2015-16,03,44,Readymade garments,191.32
2023-09-01,2023-2024,2015-16,03,44,Readymade garments,192.62
2023-10-01,2023-2024,2015-16,03,44,Readymade garments,193.28
2023-11-01,2023-2024,2015-16,03,44,Readymade garments,193.7
2023-12-01,2023-2024,2015-16,03,44,Readymade garments,193.76
2024-01-01,2023-2024,2015-16,03,44,Readymade garments,193.86
2024-02-01,2023-2024,2015-16,03,44,Readymade garments,194.06
2024-03-01,2023-2024,2015-16,03,44,Readymade garments,198.36
2024-04-01,2023-2024,2015-16,03,44,Readymade garments,200.11
2024-05-01,2023-2024,2015-16,03,44,Readymade garments,200.77
2024-06-01,2023-2024,2015-16,03,44,Readymade garments,202.2
2024-07-01,2024-2025,2015-16,03,44,Readymade garments,202.48
2024-08-01,2024-2025,2015-16,03,44,Readymade garments,205
2024-09-01,2024-2025,2015-16,03,44,Readymade garments,206.45
2024-10-01,2024-2025,2015-16,03,44,Readymade garments,206.62
2024-11-01,2024-2025,2015-16,03,44,Readymade garments,208.75
2024-12-01,2024-2025,2015-16,03,44,Readymade garments,209.07
2025-01-01,2024-2025,2015-16,03,44,Readymade garments,212.42
2025-02-01,2024-2025,2015-16,03,44,Readymade garments,212.63
2025-03-01,2024-2025,2015-16,03,44,Readymade garments,217.2
2025-04-01,2024-2025,2015-16,03,44,Readymade garments,218.67
2025-05-01,2024-2025,2015-16,03,44,Readymade garments,220.91
2025-06-01,2024-2025,2015-16,03,44,Readymade garments,221.11
2025-07-01,2025-2026,2015-16,03,44,Readymade garments,221.16
2025-08-01,2025-2026,2015-16,03,44,Readymade garments,222.92
2025-09-01,2025-2026,2015-16,03,44,Readymade garments,223.24
2025-10-01,2025-2026,2015-16,03,44,Readymade garments,223.65
2025-11-01,2025-2026,2015-16,03,44,Readymade garments,224.08
2025-12-01,2025-2026,2015-16,03,44,Readymade garments,224.78
2026-01-01,2025-2026,2015-16,03,44,Readymade garments,226.35
2026-02-01,2025-2026,2015-16,03,44,Readymade garments,226.61
2026-03-01,2025-2026,2015-16,03,44,Readymade garments,228.64
2026-04-01,2025-2026,2015-16,03,44,Readymade garments,230.64
2026-05-01,2025-2026,2015-16,03,44,Readymade garments,232.21
2026-06-01,2025-2026,2015-16,03,44,Readymade garments,233.31
2019-07-01,2019-2020,2015-16,03,45,Woolen readymade garments,115.81
2019-08-01,2019-2020,2015-16,03,45,Woolen readymade garments,115.81
2019-09-01,2019-2020,2015-16,03,45,Woolen readymade garments,115.98
2019-10-01,2019-2020,2015-16,03,45,Woolen readymade garments,116.29
2019-11-01,2019-2020,2015-16,03,45,Woolen readymade garments,120.5
2019-12-01,2019-2020,2015-16,03,45,Woolen readymade garments,123.78
2020-01-01,2019-2020,2015-16,03,45,Woolen readymade garments,126.89
2020-02-01,2019-2020,2015-16,03,45,Woolen readymade garments,126.89
2020-03-01,2019-2020,2015-16,03,45,Woolen readymade garments,126.88
2020-04-01,2019-2020,2015-16,03,45,Woolen readymade garments,126.88
2020-05-01,2019-2020,2015-16,03,45,Woolen readymade garments,126.88
2020-06-01,2019-2020,2015-16,03,45,Woolen readymade garments,126.88
2020-07-01,2020-2021,2015-16,03,45,Woolen readymade garments,126.88
2020-08-01,2020-2021,2015-16,03,45,Woolen readymade garments,126.88
2020-09-01,2020-2021,2015-16,03,45,Woolen readymade garments,127.17
2020-10-01,2020-2021,2015-16,03,45,Woolen readymade garments,127.19
2020-11-01,2020-2021,2015-16,03,45,Woolen readymade garments,138.45
2020-12-01,2020-2021,2015-16,03,45,Woolen readymade garments,139.94
2021-01-01,2020-2021,2015-16,03,45,Woolen readymade garments,141.04
2021-02-01,2020-2021,2015-16,03,45,Woolen readymade garments,141.11
2021-03-01,2020-2021,2015-16,03,45,Woolen readymade garments,142.21
2021-04-01,2020-2021,2015-16,03,45,Woolen readymade garments,142.21
2021-05-01,2020-2021,2015-16,03,45,Woolen readymade garments,142.21
2021-06-01,2020-2021,2015-16,03,45,Woolen readymade garments,142.21
2021-07-01,2021-2022,2015-16,03,45,Woolen readymade garments,142.21
2021-08-01,2021-2022,2015-16,03,45,Woolen readymade garments,142.21
2021-09-01,2021-2022,2015-16,03,45,Woolen readymade garments,142.21
2021-10-01,2021-2022,2015-16,03,45,Woolen readymade garments,142.27
2021-11-01,2021-2022,2015-16,03,45,Woolen readymade garments,143.59
2021-12-01,2021-2022,2015-16,03,45,Woolen readymade garments,149.45
2022-01-01,2021-2022,2015-16,03,45,Woolen readymade garments,159.42
2022-02-01,2021-2022,2015-16,03,45,Woolen readymade garments,159.54
2022-03-01,2021-2022,2015-16,03,45,Woolen readymade garments,159.54
2022-04-01,2021-2022,2015-16,03,45,Woolen readymade garments,159.54
2022-05-01,2021-2022,2015-16,03,45,Woolen readymade garments,159.54
2022-06-01,2021-2022,2015-16,03,45,Woolen readymade garments,159.54
2022-07-01,2022-2023,2015-16,03,45,Woolen readymade garments,159.54
2022-08-01,2022-2023,2015-16,03,45,Woolen readymade garments,159.54
2022-09-01,2022-2023,2015-16,03,45,Woolen readymade garments,159.54
2022-10-01,2022-2023,2015-16,03,45,Woolen readymade garments,159.7
2022-11-01,2022-2023,2015-16,03,45,Woolen readymade garments,180
2022-12-01,2022-2023,2015-16,03,45,Woolen readymade garments,185.5
2023-01-01,2022-2023,2015-16,03,45,Woolen readymade garments,186.86
2023-02-01,2022-2023,2015-16,03,45,Woolen readymade garments,186.87
2023-03-01,2022-2023,2015-16,03,45,Woolen readymade garments,186.87
2023-04-01,2022-2023,2015-16,03,45,Woolen readymade garments,186.87
2023-05-01,2022-2023,2015-16,03,45,Woolen readymade garments,186.87
2023-06-01,2022-2023,2015-16,03,45,Woolen readymade garments,186.87
2023-07-01,2023-2024,2015-16,03,45,Woolen readymade garments,186.87
2023-08-01,2023-2024,2015-16,03,45,Woolen readymade garments,187.07
2023-09-01,2023-2024,2015-16,03,45,Woolen readymade garments,187.07
2023-10-01,2023-2024,2015-16,03,45,Woolen readymade garments,191.48
2023-11-01,2023-2024,2015-16,03,45,Woolen readymade garments,207.1
2023-12-01,2023-2024,2015-16,03,45,Woolen readymade garments,215.42
2024-01-01,2023-2024,2015-16,03,45,Woolen readymade garments,230.16
2024-02-01,2023-2024,2015-16,03,45,Woolen readymade garments,230.65
2024-03-01,2023-2024,2015-16,03,45,Woolen readymade garments,230.68
2024-04-01,2023-2024,2015-16,03,45,Woolen readymade garments,230.68
2024-05-01,2023-2024,2015-16,03,45,Woolen readymade garments,230.68
2024-06-01,2023-2024,2015-16,03,45,Woolen readymade garments,230.68
2024-07-01,2024-2025,2015-16,03,45,Woolen readymade garments,230.68
2024-08-01,2024-2025,2015-16,03,45,Woolen readymade garments,230.68
2024-09-01,2024-2025,2015-16,03,45,Woolen readymade garments,230.68
2024-10-01,2024-2025,2015-16,03,45,Woolen readymade garments,230.71
2024-11-01,2024-2025,2015-16,03,45,Woolen readymade garments,246.66
2024-12-01,2024-2025,2015-16,03,45,Woolen readymade garments,256.69
2025-01-01,2024-2025,2015-16,03,45,Woolen readymade garments,257.1
2025-02-01,2024-2025,2015-16,03,45,Woolen readymade garments,257.23
2025-03-01,2024-2025,2015-16,03,45,Woolen readymade garments,257.23
2025-04-01,2024-2025,2015-16,03,45,Woolen readymade garments,256.71
2025-05-01,2024-2025,2015-16,03,45,Woolen readymade garments,256.71
2025-06-01,2024-2025,2015-16,03,45,Woolen readymade garments,256.71
2025-07-01,2025-2026,2015-16,03,45,Woolen readymade garments,256.71
2025-08-01,2025-2026,2015-16,03,45,Woolen readymade garments,256.71
2025-09-01,2025-2026,2015-16,03,45,Woolen readymade garments,256.71
2025-10-01,2025-2026,2015-16,03,45,Woolen readymade garments,257.61
2025-11-01,2025-2026,2015-16,03,45,Woolen readymade garments,267.14
2025-12-01,2025-2026,2015-16,03,45,Woolen readymade garments,273.66
2026-01-01,2025-2026,2015-16,03,45,Woolen readymade garments,273.83
2026-02-01,2025-2026,2015-16,03,45,Woolen readymade garments,273.83
2026-03-01,2025-2026,2015-16,03,45,Woolen readymade garments,273.83
2026-04-01,2025-2026,2015-16,03,45,Woolen readymade garments,273.83
2026-05-01,2025-2026,2015-16,03,45,Woolen readymade garments,273.83
2026-06-01,2025-2026,2015-16,03,45,Woolen readymade garments,273.87
2019-07-01,2019-2020,2015-16,03,46,Tailoring,128.73
2019-08-01,2019-2020,2015-16,03,46,Tailoring,129.07
2019-09-01,2019-2020,2015-16,03,46,Tailoring,130.09
2019-10-01,2019-2020,2015-16,03,46,Tailoring,130.52
2019-11-01,2019-2020,2015-16,03,46,Tailoring,131.54
2019-12-01,2019-2020,2015-16,03,46,Tailoring,134.64
2020-01-01,2019-2020,2015-16,03,46,Tailoring,136.53
2020-02-01,2019-2020,2015-16,03,46,Tailoring,136.79
2020-03-01,2019-2020,2015-16,03,46,Tailoring,136.89
2020-04-01,2019-2020,2015-16,03,46,Tailoring,136.89
2020-05-01,2019-2020,2015-16,03,46,Tailoring,140.36
2020-06-01,2019-2020,2015-16,03,46,Tailoring,140.63
2020-07-01,2020-2021,2015-16,03,46,Tailoring,140.83
2020-08-01,2020-2021,2015-16,03,46,Tailoring,141.42
2020-09-01,2020-2021,2015-16,03,46,Tailoring,141.8
2020-10-01,2020-2021,2015-16,03,46,Tailoring,142.01
2020-11-01,2020-2021,2015-16,03,46,Tailoring,142.26
2020-12-01,2020-2021,2015-16,03,46,Tailoring,142.27
2021-01-01,2020-2021,2015-16,03,46,Tailoring,142.46
2021-02-01,2020-2021,2015-16,03,46,Tailoring,142.93
2021-03-01,2020-2021,2015-16,03,46,Tailoring,143.43
2021-04-01,2020-2021,2015-16,03,46,Tailoring,149.88
2021-05-01,2020-2021,2015-16,03,46,Tailoring,150.71
2021-06-01,2020-2021,2015-16,03,46,Tailoring,150.72
2021-07-01,2021-2022,2015-16,03,46,Tailoring,152.45
2021-08-01,2021-2022,2015-16,03,46,Tailoring,153.06
2021-09-01,2021-2022,2015-16,03,46,Tailoring,153.06
2021-10-01,2021-2022,2015-16,03,46,Tailoring,153.06
2021-11-01,2021-2022,2015-16,03,46,Tailoring,154.21
2021-12-01,2021-2022,2015-16,03,46,Tailoring,155.1
2022-01-01,2021-2022,2015-16,03,46,Tailoring,155.42
2022-02-01,2021-2022,2015-16,03,46,Tailoring,155.59
2022-03-01,2021-2022,2015-16,03,46,Tailoring,156.47
2022-04-01,2021-2022,2015-16,03,46,Tailoring,166.44
2022-05-01,2021-2022,2015-16,03,46,Tailoring,168.69
2022-06-01,2021-2022,2015-16,03,46,Tailoring,170.63
2022-07-01,2022-2023,2015-16,03,46,Tailoring,171.38
2022-08-01,2022-2023,2015-16,03,46,Tailoring,179.26
2022-09-01,2022-2023,2015-16,03,46,Tailoring,179.69
2022-10-01,2022-2023,2015-16,03,46,Tailoring,180.27
2022-11-01,2022-2023,2015-16,03,46,Tailoring,181.39
2022-12-01,2022-2023,2015-16,03,46,Tailoring,182.15
2023-01-01,2022-2023,2015-16,03,46,Tailoring,184.55
2023-02-01,2022-2023,2015-16,03,46,Tailoring,192.29
2023-03-01,2022-2023,2015-16,03,46,Tailoring,194.5
2023-04-01,2022-2023,2015-16,03,46,Tailoring,201.76
2023-05-01,2022-2023,2015-16,03,46,Tailoring,201.97
2023-06-01,2022-2023,2015-16,03,46,Tailoring,203.12
2023-07-01,2023-2024,2015-16,03,46,Tailoring,203.45
2023-08-01,2023-2024,2015-16,03,46,Tailoring,203.96
2023-09-01,2023-2024,2015-16,03,46,Tailoring,206.11
2023-10-01,2023-2024,2015-16,03,46,Tailoring,207.64
2023-11-01,2023-2024,2015-16,03,46,Tailoring,208.48
2023-12-01,2023-2024,2015-16,03,46,Tailoring,208.52
2024-01-01,2023-2024,2015-16,03,46,Tailoring,208.77
2024-02-01,2023-2024,2015-16,03,46,Tailoring,209.18
2024-03-01,2023-2024,2015-16,03,46,Tailoring,215.73
2024-04-01,2023-2024,2015-16,03,46,Tailoring,216.57
2024-05-01,2023-2024,2015-16,03,46,Tailoring,216.81
2024-06-01,2023-2024,2015-16,03,46,Tailoring,226.76
2024-07-01,2024-2025,2015-16,03,46,Tailoring,227.71
2024-08-01,2024-2025,2015-16,03,46,Tailoring,227.53
2024-09-01,2024-2025,2015-16,03,46,Tailoring,227.84
2024-10-01,2024-2025,2015-16,03,46,Tailoring,228.16
2024-11-01,2024-2025,2015-16,03,46,Tailoring,228.82
2024-12-01,2024-2025,2015-16,03,46,Tailoring,229.09
2025-01-01,2024-2025,2015-16,03,46,Tailoring,229.72
2025-02-01,2024-2025,2015-16,03,46,Tailoring,229.85
2025-03-01,2024-2025,2015-16,03,46,Tailoring,234.07
2025-04-01,2024-2025,2015-16,03,46,Tailoring,234.43
2025-05-01,2024-2025,2015-16,03,46,Tailoring,236.65
2025-06-01,2024-2025,2015-16,03,46,Tailoring,237.09
2025-07-01,2025-2026,2015-16,03,46,Tailoring,237.68
2025-08-01,2025-2026,2015-16,03,46,Tailoring,237.76
2025-09-01,2025-2026,2015-16,03,46,Tailoring,238.22
2025-10-01,2025-2026,2015-16,03,46,Tailoring,240.93
2025-11-01,2025-2026,2015-16,03,46,Tailoring,242.64
2025-12-01,2025-2026,2015-16,03,46,Tailoring,243.85
2026-01-01,2025-2026,2015-16,03,46,Tailoring,244.02
2026-02-01,2025-2026,2015-16,03,46,Tailoring,248.99
2026-03-01,2025-2026,2015-16,03,46,Tailoring,254.08
2026-04-01,2025-2026,2015-16,03,46,Tailoring,256.23
2026-05-01,2025-2026,2015-16,03,46,Tailoring,261.15
2026-06-01,2025-2026,2015-16,03,46,Tailoring,265.69
2019-07-01,2019-2020,2015-16,03,47,Hosiry,123.04
2019-08-01,2019-2020,2015-16,03,47,Hosiry,123.52
2019-09-01,2019-2020,2015-16,03,47,Hosiry,123.72
2019-10-01,2019-2020,2015-16,03,47,Hosiry,124.05
2019-11-01,2019-2020,2015-16,03,47,Hosiry,124.69
2019-12-01,2019-2020,2015-16,03,47,Hosiry,125.57
2020-01-01,2019-2020,2015-16,03,47,Hosiry,125.84
2020-02-01,2019-2020,2015-16,03,47,Hosiry,127.4
2020-03-01,2019-2020,2015-16,03,47,Hosiry,127.52
2020-04-01,2019-2020,2015-16,03,47,Hosiry,127.52
2020-05-01,2019-2020,2015-16,03,47,Hosiry,127.61
2020-06-01,2019-2020,2015-16,03,47,Hosiry,128.14
2020-07-01,2020-2021,2015-16,03,47,Hosiry,129.25
2020-08-01,2020-2021,2015-16,03,47,Hosiry,129.98
2020-09-01,2020-2021,2015-16,03,47,Hosiry,130.41
2020-10-01,2020-2021,2015-16,03,47,Hosiry,132.36
2020-11-01,2020-2021,2015-16,03,47,Hosiry,132.73
2020-12-01,2020-2021,2015-16,03,47,Hosiry,137.28
2021-01-01,2020-2021,2015-16,03,47,Hosiry,138.26
2021-02-01,2020-2021,2015-16,03,47,Hosiry,140.98
2021-03-01,2020-2021,2015-16,03,47,Hosiry,141.45
2021-04-01,2020-2021,2015-16,03,47,Hosiry,143.52
2021-05-01,2020-2021,2015-16,03,47,Hosiry,143.63
2021-06-01,2020-2021,2015-16,03,47,Hosiry,144.29
2021-07-01,2021-2022,2015-16,03,47,Hosiry,144.55
2021-08-01,2021-2022,2015-16,03,47,Hosiry,144.77
2021-09-01,2021-2022,2015-16,03,47,Hosiry,145.1
2021-10-01,2021-2022,2015-16,03,47,Hosiry,145.3
2021-11-01,2021-2022,2015-16,03,47,Hosiry,146.54
2021-12-01,2021-2022,2015-16,03,47,Hosiry,148.02
2022-01-01,2021-2022,2015-16,03,47,Hosiry,150.87
2022-02-01,2021-2022,2015-16,03,47,Hosiry,153.93
2022-03-01,2021-2022,2015-16,03,47,Hosiry,154.65
2022-04-01,2021-2022,2015-16,03,47,Hosiry,161.47
2022-05-01,2021-2022,2015-16,03,47,Hosiry,161.93
2022-06-01,2021-2022,2015-16,03,47,Hosiry,163.86
2022-07-01,2022-2023,2015-16,03,47,Hosiry,165.12
2022-08-01,2022-2023,2015-16,03,47,Hosiry,165.33
2022-09-01,2022-2023,2015-16,03,47,Hosiry,165.56
2022-10-01,2022-2023,2015-16,03,47,Hosiry,166.35
2022-11-01,2022-2023,2015-16,03,47,Hosiry,168.45
2022-12-01,2022-2023,2015-16,03,47,Hosiry,169.37
2023-01-01,2022-2023,2015-16,03,47,Hosiry,176.03
2023-02-01,2022-2023,2015-16,03,47,Hosiry,176.79
2023-03-01,2022-2023,2015-16,03,47,Hosiry,188.24
2023-04-01,2022-2023,2015-16,03,47,Hosiry,189.95
2023-05-01,2022-2023,2015-16,03,47,Hosiry,190.77
2023-06-01,2022-2023,2015-16,03,47,Hosiry,193.58
2023-07-01,2023-2024,2015-16,03,47,Hosiry,195.3
2023-08-01,2023-2024,2015-16,03,47,Hosiry,198.09
2023-09-01,2023-2024,2015-16,03,47,Hosiry,199.47
2023-10-01,2023-2024,2015-16,03,47,Hosiry,200.93
2023-11-01,2023-2024,2015-16,03,47,Hosiry,202.42
2023-12-01,2023-2024,2015-16,03,47,Hosiry,203.89
2024-01-01,2023-2024,2015-16,03,47,Hosiry,205.32
2024-02-01,2023-2024,2015-16,03,47,Hosiry,205.69
2024-03-01,2023-2024,2015-16,03,47,Hosiry,206.99
2024-04-01,2023-2024,2015-16,03,47,Hosiry,207.84
2024-05-01,2023-2024,2015-16,03,47,Hosiry,208.93
2024-06-01,2023-2024,2015-16,03,47,Hosiry,211.97
2024-07-01,2024-2025,2015-16,03,47,Hosiry,218.98
2024-08-01,2024-2025,2015-16,03,47,Hosiry,226.45
2024-09-01,2024-2025,2015-16,03,47,Hosiry,226.83
2024-10-01,2024-2025,2015-16,03,47,Hosiry,227.67
2024-11-01,2024-2025,2015-16,03,47,Hosiry,232.65
2024-12-01,2024-2025,2015-16,03,47,Hosiry,233.67
2025-01-01,2024-2025,2015-16,03,47,Hosiry,234.38
2025-02-01,2024-2025,2015-16,03,47,Hosiry,234.6
2025-03-01,2024-2025,2015-16,03,47,Hosiry,237.73
2025-04-01,2024-2025,2015-16,03,47,Hosiry,238.2
2025-05-01,2024-2025,2015-16,03,47,Hosiry,239.04
2025-06-01,2024-2025,2015-16,03,47,Hosiry,239.06
2025-07-01,2025-2026,2015-16,03,47,Hosiry,239.3
2025-08-01,2025-2026,2015-16,03,47,Hosiry,239.41
2025-09-01,2025-2026,2015-16,03,47,Hosiry,239.53
2025-10-01,2025-2026,2015-16,03,47,Hosiry,240.18
2025-11-01,2025-2026,2015-16,03,47,Hosiry,241.46
2025-12-01,2025-2026,2015-16,03,47,Hosiry,241.6
2026-01-01,2025-2026,2015-16,03,47,Hosiry,241.68
2026-02-01,2025-2026,2015-16,03,47,Hosiry,242.09
2026-03-01,2025-2026,2015-16,03,47,Hosiry,242.82
2026-04-01,2025-2026,2015-16,03,47,Hosiry,246.85
2026-05-01,2025-2026,2015-16,03,47,Hosiry,248.47
2026-06-01,2025-2026,2015-16,03,47,Hosiry,248.58
2019-07-01,2019-2020,2015-16,03,48,Dopatta,113.01
2019-08-01,2019-2020,2015-16,03,48,Dopatta,114.86
2019-09-01,2019-2020,2015-16,03,48,Dopatta,115.36
2019-10-01,2019-2020,2015-16,03,48,Dopatta,115.58
2019-11-01,2019-2020,2015-16,03,48,Dopatta,119.59
2019-12-01,2019-2020,2015-16,03,48,Dopatta,120.01
2020-01-01,2019-2020,2015-16,03,48,Dopatta,121.05
2020-02-01,2019-2020,2015-16,03,48,Dopatta,122.87
2020-03-01,2019-2020,2015-16,03,48,Dopatta,123.85
2020-04-01,2019-2020,2015-16,03,48,Dopatta,123.85
2020-05-01,2019-2020,2015-16,03,48,Dopatta,124.09
2020-06-01,2019-2020,2015-16,03,48,Dopatta,124.49
2020-07-01,2020-2021,2015-16,03,48,Dopatta,124.79
2020-08-01,2020-2021,2015-16,03,48,Dopatta,125.09
2020-09-01,2020-2021,2015-16,03,48,Dopatta,125.8
2020-10-01,2020-2021,2015-16,03,48,Dopatta,126.54
2020-11-01,2020-2021,2015-16,03,48,Dopatta,126.96
2020-12-01,2020-2021,2015-16,03,48,Dopatta,127.58
2021-01-01,2020-2021,2015-16,03,48,Dopatta,127.61
2021-02-01,2020-2021,2015-16,03,48,Dopatta,127.73
2021-03-01,2020-2021,2015-16,03,48,Dopatta,128.26
2021-04-01,2020-2021,2015-16,03,48,Dopatta,129.91
2021-05-01,2020-2021,2015-16,03,48,Dopatta,129.91
2021-06-01,2020-2021,2015-16,03,48,Dopatta,129.93
2021-07-01,2021-2022,2015-16,03,48,Dopatta,129.93
2021-08-01,2021-2022,2015-16,03,48,Dopatta,129.93
2021-09-01,2021-2022,2015-16,03,48,Dopatta,130.01
2021-10-01,2021-2022,2015-16,03,48,Dopatta,130.05
2021-11-01,2021-2022,2015-16,03,48,Dopatta,131.01
2021-12-01,2021-2022,2015-16,03,48,Dopatta,131.81
2022-01-01,2021-2022,2015-16,03,48,Dopatta,133.66
2022-02-01,2021-2022,2015-16,03,48,Dopatta,134.42
2022-03-01,2021-2022,2015-16,03,48,Dopatta,136.27
2022-04-01,2021-2022,2015-16,03,48,Dopatta,139.66
2022-05-01,2021-2022,2015-16,03,48,Dopatta,140.55
2022-06-01,2021-2022,2015-16,03,48,Dopatta,141.2
2022-07-01,2022-2023,2015-16,03,48,Dopatta,141.78
2022-08-01,2022-2023,2015-16,03,48,Dopatta,145.46
2022-09-01,2022-2023,2015-16,03,48,Dopatta,147.1
2022-10-01,2022-2023,2015-16,03,48,Dopatta,147.84
2022-11-01,2022-2023,2015-16,03,48,Dopatta,151.31
2022-12-01,2022-2023,2015-16,03,48,Dopatta,152.57
2023-01-01,2022-2023,2015-16,03,48,Dopatta,152.87
2023-02-01,2022-2023,2015-16,03,48,Dopatta,153.39
2023-03-01,2022-2023,2015-16,03,48,Dopatta,160.22
2023-04-01,2022-2023,2015-16,03,48,Dopatta,164.14
2023-05-01,2022-2023,2015-16,03,48,Dopatta,164.43
2023-06-01,2022-2023,2015-16,03,48,Dopatta,167.18
2023-07-01,2023-2024,2015-16,03,48,Dopatta,169.31
2023-08-01,2023-2024,2015-16,03,48,Dopatta,170.38
2023-09-01,2023-2024,2015-16,03,48,Dopatta,171.03
2023-10-01,2023-2024,2015-16,03,48,Dopatta,171.49
2023-11-01,2023-2024,2015-16,03,48,Dopatta,173.29
2023-12-01,2023-2024,2015-16,03,48,Dopatta,176.1
2024-01-01,2023-2024,2015-16,03,48,Dopatta,177.25
2024-02-01,2023-2024,2015-16,03,48,Dopatta,177.34
2024-03-01,2023-2024,2015-16,03,48,Dopatta,178.53
2024-04-01,2023-2024,2015-16,03,48,Dopatta,184.94
2024-05-01,2023-2024,2015-16,03,48,Dopatta,185.79
2024-06-01,2023-2024,2015-16,03,48,Dopatta,187.61
2024-07-01,2024-2025,2015-16,03,48,Dopatta,188.43
2024-08-01,2024-2025,2015-16,03,48,Dopatta,191.92
2024-09-01,2024-2025,2015-16,03,48,Dopatta,195.46
2024-10-01,2024-2025,2015-16,03,48,Dopatta,197.13
2024-11-01,2024-2025,2015-16,03,48,Dopatta,197.45
2024-12-01,2024-2025,2015-16,03,48,Dopatta,199.76
2025-01-01,2024-2025,2015-16,03,48,Dopatta,199.95
2025-02-01,2024-2025,2015-16,03,48,Dopatta,200.63
2025-03-01,2024-2025,2015-16,03,48,Dopatta,203.87
2025-04-01,2024-2025,2015-16,03,48,Dopatta,204.13
2025-05-01,2024-2025,2015-16,03,48,Dopatta,205.09
2025-06-01,2024-2025,2015-16,03,48,Dopatta,205.11
2025-07-01,2025-2026,2015-16,03,48,Dopatta,205.16
2025-08-01,2025-2026,2015-16,03,48,Dopatta,205.28
2025-09-01,2025-2026,2015-16,03,48,Dopatta,205.48
2025-10-01,2025-2026,2015-16,03,48,Dopatta,206.21
2025-11-01,2025-2026,2015-16,03,48,Dopatta,206.28
2025-12-01,2025-2026,2015-16,03,48,Dopatta,206.53
2026-01-01,2025-2026,2015-16,03,48,Dopatta,206.61
2026-02-01,2025-2026,2015-16,03,48,Dopatta,206.93
2026-03-01,2025-2026,2015-16,03,48,Dopatta,208.81
2026-04-01,2025-2026,2015-16,03,48,Dopatta,210.99
2026-05-01,2025-2026,2015-16,03,48,Dopatta,211.74
2026-06-01,2025-2026,2015-16,03,48,Dopatta,219.74
2019-07-01,2019-2020,2015-16,03,49,Cleaning and laundring,124.21
2019-08-01,2019-2020,2015-16,03,49,Cleaning and laundring,126.08
2019-09-01,2019-2020,2015-16,03,49,Cleaning and laundring,126.74
2019-10-01,2019-2020,2015-16,03,49,Cleaning and laundring,127.78
2019-11-01,2019-2020,2015-16,03,49,Cleaning and laundring,128.17
2019-12-01,2019-2020,2015-16,03,49,Cleaning and laundring,129.05
2020-01-01,2019-2020,2015-16,03,49,Cleaning and laundring,129.91
2020-02-01,2019-2020,2015-16,03,49,Cleaning and laundring,130.41
2020-03-01,2019-2020,2015-16,03,49,Cleaning and laundring,130.5
2020-04-01,2019-2020,2015-16,03,49,Cleaning and laundring,130.5
2020-05-01,2019-2020,2015-16,03,49,Cleaning and laundring,130.66
2020-06-01,2019-2020,2015-16,03,49,Cleaning and laundring,131.01
2020-07-01,2020-2021,2015-16,03,49,Cleaning and laundring,131.67
2020-08-01,2020-2021,2015-16,03,49,Cleaning and laundring,137.55
2020-09-01,2020-2021,2015-16,03,49,Cleaning and laundring,142.15
2020-10-01,2020-2021,2015-16,03,49,Cleaning and laundring,142.34
2020-11-01,2020-2021,2015-16,03,49,Cleaning and laundring,142.65
2020-12-01,2020-2021,2015-16,03,49,Cleaning and laundring,146.56
2021-01-01,2020-2021,2015-16,03,49,Cleaning and laundring,146.87
2021-02-01,2020-2021,2015-16,03,49,Cleaning and laundring,147.53
2021-03-01,2020-2021,2015-16,03,49,Cleaning and laundring,147.72
2021-04-01,2020-2021,2015-16,03,49,Cleaning and laundring,147.95
2021-05-01,2020-2021,2015-16,03,49,Cleaning and laundring,148.23
2021-06-01,2020-2021,2015-16,03,49,Cleaning and laundring,148.51
2021-07-01,2021-2022,2015-16,03,49,Cleaning and laundring,148.59
2021-08-01,2021-2022,2015-16,03,49,Cleaning and laundring,148.59
2021-09-01,2021-2022,2015-16,03,49,Cleaning and laundring,148.68
2021-10-01,2021-2022,2015-16,03,49,Cleaning and laundring,148.8
2021-11-01,2021-2022,2015-16,03,49,Cleaning and laundring,172.85
2021-12-01,2021-2022,2015-16,03,49,Cleaning and laundring,176.42
2022-01-01,2021-2022,2015-16,03,49,Cleaning and laundring,179.22
2022-02-01,2021-2022,2015-16,03,49,Cleaning and laundring,181.31
2022-03-01,2021-2022,2015-16,03,49,Cleaning and laundring,182.58
2022-04-01,2021-2022,2015-16,03,49,Cleaning and laundring,182.94
2022-05-01,2021-2022,2015-16,03,49,Cleaning and laundring,188.9
2022-06-01,2021-2022,2015-16,03,49,Cleaning and laundring,193.44
2022-07-01,2022-2023,2015-16,03,49,Cleaning and laundring,193.74
2022-08-01,2022-2023,2015-16,03,49,Cleaning and laundring,206.78
2022-09-01,2022-2023,2015-16,03,49,Cleaning and laundring,206.85
2022-10-01,2022-2023,2015-16,03,49,Cleaning and laundring,208.12
2022-11-01,2022-2023,2015-16,03,49,Cleaning and laundring,209.23
2022-12-01,2022-2023,2015-16,03,49,Cleaning and laundring,209.85
2023-01-01,2022-2023,2015-16,03,49,Cleaning and laundring,213.26
2023-02-01,2022-2023,2015-16,03,49,Cleaning and laundring,222.48
2023-03-01,2022-2023,2015-16,03,49,Cleaning and laundring,224.07
2023-04-01,2022-2023,2015-16,03,49,Cleaning and laundring,227.36
2023-05-01,2022-2023,2015-16,03,49,Cleaning and laundring,233.19
2023-06-01,2022-2023,2015-16,03,49,Cleaning and laundring,238.6
2023-07-01,2023-2024,2015-16,03,49,Cleaning and laundring,243.56
2023-08-01,2023-2024,2015-16,03,49,Cleaning and laundring,245.32
2023-09-01,2023-2024,2015-16,03,49,Cleaning and laundring,246.86
2023-10-01,2023-2024,2015-16,03,49,Cleaning and laundring,249.2
2023-11-01,2023-2024,2015-16,03,49,Cleaning and laundring,249.62
2023-12-01,2023-2024,2015-16,03,49,Cleaning and laundring,249.82
2024-01-01,2023-2024,2015-16,03,49,Cleaning and laundring,250.04
2024-02-01,2023-2024,2015-16,03,49,Cleaning and laundring,252.12
2024-03-01,2023-2024,2015-16,03,49,Cleaning and laundring,252.5
2024-04-01,2023-2024,2015-16,03,49,Cleaning and laundring,253.08
2024-05-01,2023-2024,2015-16,03,49,Cleaning and laundring,253.74
2024-06-01,2023-2024,2015-16,03,49,Cleaning and laundring,253.83
2024-07-01,2024-2025,2015-16,03,49,Cleaning and laundring,255.48
2024-08-01,2024-2025,2015-16,03,49,Cleaning and laundring,255.72
2024-09-01,2024-2025,2015-16,03,49,Cleaning and laundring,260.52
2024-10-01,2024-2025,2015-16,03,49,Cleaning and laundring,262.2
2024-11-01,2024-2025,2015-16,03,49,Cleaning and laundring,263.18
2024-12-01,2024-2025,2015-16,03,49,Cleaning and laundring,263.39
2025-01-01,2024-2025,2015-16,03,49,Cleaning and laundring,265.97
2025-02-01,2024-2025,2015-16,03,49,Cleaning and laundring,266.32
2025-03-01,2024-2025,2015-16,03,49,Cleaning and laundring,266.43
2025-04-01,2024-2025,2015-16,03,49,Cleaning and laundring,266.56
2025-05-01,2024-2025,2015-16,03,49,Cleaning and laundring,268.28
2025-06-01,2024-2025,2015-16,03,49,Cleaning and laundring,268.63
2025-07-01,2025-2026,2015-16,03,49,Cleaning and laundring,272.66
2025-08-01,2025-2026,2015-16,03,49,Cleaning and laundring,276.51
2025-09-01,2025-2026,2015-16,03,49,Cleaning and laundring,276.51
2025-10-01,2025-2026,2015-16,03,49,Cleaning and laundring,276.81
2025-11-01,2025-2026,2015-16,03,49,Cleaning and laundring,280.82
2025-12-01,2025-2026,2015-16,03,49,Cleaning and laundring,282.02
2026-01-01,2025-2026,2015-16,03,49,Cleaning and laundring,282.14
2026-02-01,2025-2026,2015-16,03,49,Cleaning and laundring,288.04
2026-03-01,2025-2026,2015-16,03,49,Cleaning and laundring,289.51
2026-04-01,2025-2026,2015-16,03,49,Cleaning and laundring,293.55
2026-05-01,2025-2026,2015-16,03,49,Cleaning and laundring,297.37
2026-06-01,2025-2026,2015-16,03,49,Cleaning and laundring,297.48
2019-07-01,2019-2020,2015-16,03,50,Footware,116.51
2019-08-01,2019-2020,2015-16,03,50,Footware,122.07
2019-09-01,2019-2020,2015-16,03,50,Footware,122.09
2019-10-01,2019-2020,2015-16,03,50,Footware,122.11
2019-11-01,2019-2020,2015-16,03,50,Footware,122.39
2019-12-01,2019-2020,2015-16,03,50,Footware,122.39
2020-01-01,2019-2020,2015-16,03,50,Footware,122.49
2020-02-01,2019-2020,2015-16,03,50,Footware,122.51
2020-03-01,2019-2020,2015-16,03,50,Footware,129.66
2020-04-01,2019-2020,2015-16,03,50,Footware,129.66
2020-05-01,2019-2020,2015-16,03,50,Footware,129.66
2020-06-01,2019-2020,2015-16,03,50,Footware,129.66
2020-07-01,2020-2021,2015-16,03,50,Footware,129.74
2020-08-01,2020-2021,2015-16,03,50,Footware,129.76
2020-09-01,2020-2021,2015-16,03,50,Footware,129.81
2020-10-01,2020-2021,2015-16,03,50,Footware,129.87
2020-11-01,2020-2021,2015-16,03,50,Footware,129.88
2020-12-01,2020-2021,2015-16,03,50,Footware,129.92
2021-01-01,2020-2021,2015-16,03,50,Footware,131.41
2021-02-01,2020-2021,2015-16,03,50,Footware,150.67
2021-03-01,2020-2021,2015-16,03,50,Footware,150.68
2021-04-01,2020-2021,2015-16,03,50,Footware,150.72
2021-05-01,2020-2021,2015-16,03,50,Footware,150.75
2021-06-01,2020-2021,2015-16,03,50,Footware,150.78
2021-07-01,2021-2022,2015-16,03,50,Footware,150.78
2021-08-01,2021-2022,2015-16,03,50,Footware,150.78
2021-09-01,2021-2022,2015-16,03,50,Footware,150.81
2021-10-01,2021-2022,2015-16,03,50,Footware,150.81
2021-11-01,2021-2022,2015-16,03,50,Footware,150.92
2021-12-01,2021-2022,2015-16,03,50,Footware,164.83
2022-01-01,2021-2022,2015-16,03,50,Footware,164.88
2022-02-01,2021-2022,2015-16,03,50,Footware,165.07
2022-03-01,2021-2022,2015-16,03,50,Footware,165.08
2022-04-01,2021-2022,2015-16,03,50,Footware,165.1
2022-05-01,2021-2022,2015-16,03,50,Footware,165.34
2022-06-01,2021-2022,2015-16,03,50,Footware,179.93
2022-07-01,2022-2023,2015-16,03,50,Footware,179.97
2022-08-01,2022-2023,2015-16,03,50,Footware,180.24
2022-09-01,2022-2023,2015-16,03,50,Footware,180.26
2022-10-01,2022-2023,2015-16,03,50,Footware,180.32
2022-11-01,2022-2023,2015-16,03,50,Footware,180.41
2022-12-01,2022-2023,2015-16,03,50,Footware,180.41
2023-01-01,2022-2023,2015-16,03,50,Footware,180.61
2023-02-01,2022-2023,2015-16,03,50,Footware,180.66
2023-03-01,2022-2023,2015-16,03,50,Footware,180.76
2023-04-01,2022-2023,2015-16,03,50,Footware,180.87
2023-05-01,2022-2023,2015-16,03,50,Footware,182.93
2023-06-01,2022-2023,2015-16,03,50,Footware,183.45
2023-07-01,2023-2024,2015-16,03,50,Footware,183.58
2023-08-01,2023-2024,2015-16,03,50,Footware,186.92
2023-09-01,2023-2024,2015-16,03,50,Footware,187.04
2023-10-01,2023-2024,2015-16,03,50,Footware,187.15
2023-11-01,2023-2024,2015-16,03,50,Footware,187.22
2023-12-01,2023-2024,2015-16,03,50,Footware,187.26
2024-01-01,2023-2024,2015-16,03,50,Footware,187.35
2024-02-01,2023-2024,2015-16,03,50,Footware,187.36
2024-03-01,2023-2024,2015-16,03,50,Footware,187.39
2024-04-01,2023-2024,2015-16,03,50,Footware,219.54
2024-05-01,2023-2024,2015-16,03,50,Footware,219.57
2024-06-01,2023-2024,2015-16,03,50,Footware,219.6
2024-07-01,2024-2025,2015-16,03,50,Footware,219.61
2024-08-01,2024-2025,2015-16,03,50,Footware,219.63
2024-09-01,2024-2025,2015-16,03,50,Footware,219.7
2024-10-01,2024-2025,2015-16,03,50,Footware,219.75
2024-11-01,2024-2025,2015-16,03,50,Footware,246.91
2024-12-01,2024-2025,2015-16,03,50,Footware,246.93
2025-01-01,2024-2025,2015-16,03,50,Footware,247.08
2025-02-01,2024-2025,2015-16,03,50,Footware,247.12
2025-03-01,2024-2025,2015-16,03,50,Footware,247.14
2025-04-01,2024-2025,2015-16,03,50,Footware,247.48
2025-05-01,2024-2025,2015-16,03,50,Footware,247.48
2025-06-01,2024-2025,2015-16,03,50,Footware,247.52
2025-07-01,2025-2026,2015-16,03,50,Footware,247.53
2025-08-01,2025-2026,2015-16,03,50,Footware,247.53
2025-09-01,2025-2026,2015-16,03,50,Footware,247.57
2025-10-01,2025-2026,2015-16,03,50,Footware,247.6
2025-11-01,2025-2026,2015-16,03,50,Footware,247.72
2025-12-01,2025-2026,2015-16,03,50,Footware,247.72
2026-01-01,2025-2026,2015-16,03,50,Footware,247.61
2026-02-01,2025-2026,2015-16,03,50,Footware,247.61
2026-03-01,2025-2026,2015-16,03,50,Footware,247.65
2026-04-01,2025-2026,2015-16,03,50,Footware,248.03
2026-05-01,2025-2026,2015-16,03,50,Footware,320.07
2026-06-01,2025-2026,2015-16,03,50,Footware,320.1
2019-07-01,2019-2020,2015-16,04,00,"Housing, water, Elec., Gas and other fuels",127.2
2019-08-01,2019-2020,2015-16,04,00,"Housing, water, Elec., Gas and other fuels",127.15
2019-09-01,2019-2020,2015-16,04,00,"Housing, water, Elec., Gas and other fuels",126.98
2019-10-01,2019-2020,2015-16,04,00,"Housing, water, Elec., Gas and other fuels",131.37
2019-11-01,2019-2020,2015-16,04,00,"Housing, water, Elec., Gas and other fuels",131.21
2019-12-01,2019-2020,2015-16,04,00,"Housing, water, Elec., Gas and other fuels",131.62
2020-01-01,2019-2020,2015-16,04,00,"Housing, water, Elec., Gas and other fuels",133.62
2020-02-01,2019-2020,2015-16,04,00,"Housing, water, Elec., Gas and other fuels",130.34
2020-03-01,2019-2020,2015-16,04,00,"Housing, water, Elec., Gas and other fuels",130.4
2020-04-01,2019-2020,2015-16,04,00,"Housing, water, Elec., Gas and other fuels",130.08
2020-05-01,2019-2020,2015-16,04,00,"Housing, water, Elec., Gas and other fuels",130.22
2020-06-01,2019-2020,2015-16,04,00,"Housing, water, Elec., Gas and other fuels",130.09
2020-07-01,2020-2021,2015-16,04,00,"Housing, water, Elec., Gas and other fuels",131.76
2020-08-01,2020-2021,2015-16,04,00,"Housing, water, Elec., Gas and other fuels",134.06
2020-09-01,2020-2021,2015-16,04,00,"Housing, water, Elec., Gas and other fuels",134.02
2020-10-01,2020-2021,2015-16,04,00,"Housing, water, Elec., Gas and other fuels",134.44
2020-11-01,2020-2021,2015-16,04,00,"Housing, water, Elec., Gas and other fuels",134.09
2020-12-01,2020-2021,2015-16,04,00,"Housing, water, Elec., Gas and other fuels",135.34
2021-01-01,2020-2021,2015-16,04,00,"Housing, water, Elec., Gas and other fuels",137.52
2021-02-01,2020-2021,2015-16,04,00,"Housing, water, Elec., Gas and other fuels",143.34
2021-03-01,2020-2021,2015-16,04,00,"Housing, water, Elec., Gas and other fuels",141.07
2021-04-01,2020-2021,2015-16,04,00,"Housing, water, Elec., Gas and other fuels",142.12
2021-05-01,2020-2021,2015-16,04,00,"Housing, water, Elec., Gas and other fuels",140.52
2021-06-01,2020-2021,2015-16,04,00,"Housing, water, Elec., Gas and other fuels",141.05
2021-07-01,2021-2022,2015-16,04,00,"Housing, water, Elec., Gas and other fuels",143
2021-08-01,2021-2022,2015-16,04,00,"Housing, water, Elec., Gas and other fuels",143.73
2021-09-01,2021-2022,2015-16,04,00,"Housing, water, Elec., Gas and other fuels",145.99
2021-10-01,2021-2022,2015-16,04,00,"Housing, water, Elec., Gas and other fuels",149.31
2021-11-01,2021-2022,2015-16,04,00,"Housing, water, Elec., Gas and other fuels",152.28
2021-12-01,2021-2022,2015-16,04,00,"Housing, water, Elec., Gas and other fuels",156.18
2022-01-01,2021-2022,2015-16,04,00,"Housing, water, Elec., Gas and other fuels",157.06
2022-02-01,2021-2022,2015-16,04,00,"Housing, water, Elec., Gas and other fuels",154.52
2022-03-01,2021-2022,2015-16,04,00,"Housing, water, Elec., Gas and other fuels",151.06
2022-04-01,2021-2022,2015-16,04,00,"Housing, water, Elec., Gas and other fuels",150.11
2022-05-01,2021-2022,2015-16,04,00,"Housing, water, Elec., Gas and other fuels",146.71
2022-06-01,2021-2022,2015-16,04,00,"Housing, water, Elec., Gas and other fuels",157.02
2022-07-01,2022-2023,2015-16,04,00,"Housing, water, Elec., Gas and other fuels",170.45
2022-08-01,2022-2023,2015-16,04,00,"Housing, water, Elec., Gas and other fuels",179.33
2022-09-01,2022-2023,2015-16,04,00,"Housing, water, Elec., Gas and other fuels",147.5
2022-10-01,2022-2023,2015-16,04,00,"Housing, water, Elec., Gas and other fuels",163.5
2022-11-01,2022-2023,2015-16,04,00,"Housing, water, Elec., Gas and other fuels",163.42
2022-12-01,2022-2023,2015-16,04,00,"Housing, water, Elec., Gas and other fuels",162.56
2023-01-01,2022-2023,2015-16,04,00,"Housing, water, Elec., Gas and other fuels",164.86
2023-02-01,2022-2023,2015-16,04,00,"Housing, water, Elec., Gas and other fuels",171.88
2023-03-01,2022-2023,2015-16,04,00,"Housing, water, Elec., Gas and other fuels",173.72
2023-04-01,2022-2023,2015-16,04,00,"Housing, water, Elec., Gas and other fuels",171.9
2023-05-01,2022-2023,2015-16,04,00,"Housing, water, Elec., Gas and other fuels",173.07
2023-06-01,2022-2023,2015-16,04,00,"Housing, water, Elec., Gas and other fuels",172.95
2023-07-01,2023-2024,2015-16,04,00,"Housing, water, Elec., Gas and other fuels",186.79
2023-08-01,2023-2024,2015-16,04,00,"Housing, water, Elec., Gas and other fuels",188.75
2023-09-01,2023-2024,2015-16,04,00,"Housing, water, Elec., Gas and other fuels",189.18
2023-10-01,2023-2024,2015-16,04,00,"Housing, water, Elec., Gas and other fuels",194.82
2023-11-01,2023-2024,2015-16,04,00,"Housing, water, Elec., Gas and other fuels",229.11
2023-12-01,2023-2024,2015-16,04,00,"Housing, water, Elec., Gas and other fuels",236.27
2024-01-01,2023-2024,2015-16,04,00,"Housing, water, Elec., Gas and other fuels",241.33
2024-02-01,2023-2024,2015-16,04,00,"Housing, water, Elec., Gas and other fuels",247.13
2024-03-01,2023-2024,2015-16,04,00,"Housing, water, Elec., Gas and other fuels",250.13
2024-04-01,2023-2024,2015-16,04,00,"Housing, water, Elec., Gas and other fuels",246.31
2024-05-01,2023-2024,2015-16,04,00,"Housing, water, Elec., Gas and other fuels",243.36
2024-06-01,2023-2024,2015-16,04,00,"Housing, water, Elec., Gas and other fuels",246.77
2024-07-01,2024-2025,2015-16,04,00,"Housing, water, Elec., Gas and other fuels",246.75
2024-08-01,2024-2025,2015-16,04,00,"Housing, water, Elec., Gas and other fuels",243.39
2024-09-01,2024-2025,2015-16,04,00,"Housing, water, Elec., Gas and other fuels",241.96
2024-10-01,2024-2025,2015-16,04,00,"Housing, water, Elec., Gas and other fuels",245.75
2024-11-01,2024-2025,2015-16,04,00,"Housing, water, Elec., Gas and other fuels",246.49
2024-12-01,2024-2025,2015-16,04,00,"Housing, water, Elec., Gas and other fuels",244.15
2025-01-01,2024-2025,2015-16,04,00,"Housing, water, Elec., Gas and other fuels",245.5
2025-02-01,2024-2025,2015-16,04,00,"Housing, water, Elec., Gas and other fuels",244.76
2025-03-01,2024-2025,2015-16,04,00,"Housing, water, Elec., Gas and other fuels",244.31
2025-04-01,2024-2025,2015-16,04,00,"Housing, water, Elec., Gas and other fuels",239.51
2025-05-01,2024-2025,2015-16,04,00,"Housing, water, Elec., Gas and other fuels",236.58
2025-06-01,2024-2025,2015-16,04,00,"Housing, water, Elec., Gas and other fuels",238.2
2025-07-01,2025-2026,2015-16,04,00,"Housing, water, Elec., Gas and other fuels",258.93
2025-08-01,2025-2026,2015-16,04,00,"Housing, water, Elec., Gas and other fuels",256.33
2025-09-01,2025-2026,2015-16,04,00,"Housing, water, Elec., Gas and other fuels",255.72
2025-10-01,2025-2026,2015-16,04,00,"Housing, water, Elec., Gas and other fuels",259.29
2025-11-01,2025-2026,2015-16,04,00,"Housing, water, Elec., Gas and other fuels",262.3
2025-12-01,2025-2026,2015-16,04,00,"Housing, water, Elec., Gas and other fuels",263.6
2026-01-01,2025-2026,2015-16,04,00,"Housing, water, Elec., Gas and other fuels",265.9
2026-02-01,2025-2026,2015-16,04,00,"Housing, water, Elec., Gas and other fuels",270.49
2026-03-01,2025-2026,2015-16,04,00,"Housing, water, Elec., Gas and other fuels",273.89
2026-04-01,2025-2026,2015-16,04,00,"Housing, water, Elec., Gas and other fuels",278.36
2026-05-01,2025-2026,2015-16,04,00,"Housing, water, Elec., Gas and other fuels",274.66
2026-06-01,2025-2026,2015-16,04,00,"Housing, water, Elec., Gas and other fuels",272.81
2019-07-01,2019-2020,2015-16,04,51,House rent,126.65
2019-08-01,2019-2020,2015-16,04,51,House rent,126.65
2019-09-01,2019-2020,2015-16,04,51,House rent,126.65
2019-10-01,2019-2020,2015-16,04,51,House rent,127.29
2019-11-01,2019-2020,2015-16,04,51,House rent,127.29
2019-12-01,2019-2020,2015-16,04,51,House rent,127.29
2020-01-01,2019-2020,2015-16,04,51,House rent,129.68
2020-02-01,2019-2020,2015-16,04,51,House rent,129.68
2020-03-01,2019-2020,2015-16,04,51,House rent,129.68
2020-04-01,2019-2020,2015-16,04,51,House rent,130.02
2020-05-01,2019-2020,2015-16,04,51,House rent,130.02
2020-06-01,2019-2020,2015-16,04,51,House rent,130.02
2020-07-01,2020-2021,2015-16,04,51,House rent,132.08
2020-08-01,2020-2021,2015-16,04,51,House rent,132.08
2020-09-01,2020-2021,2015-16,04,51,House rent,132.08
2020-10-01,2020-2021,2015-16,04,51,House rent,133.24
2020-11-01,2020-2021,2015-16,04,51,House rent,133.24
2020-12-01,2020-2021,2015-16,04,51,House rent,133.24
2021-01-01,2020-2021,2015-16,04,51,House rent,135.86
2021-02-01,2020-2021,2015-16,04,51,House rent,135.86
2021-03-01,2020-2021,2015-16,04,51,House rent,135.86
2021-04-01,2020-2021,2015-16,04,51,House rent,138.09
2021-05-01,2020-2021,2015-16,04,51,House rent,138.09
2021-06-01,2020-2021,2015-16,04,51,House rent,138.09
2021-07-01,2021-2022,2015-16,04,51,House rent,140.07
2021-08-01,2021-2022,2015-16,04,51,House rent,140.07
2021-09-01,2021-2022,2015-16,04,51,House rent,140.07
2021-10-01,2021-2022,2015-16,04,51,House rent,142.06
2021-11-01,2021-2022,2015-16,04,51,House rent,142.06
2021-12-01,2021-2022,2015-16,04,51,House rent,142.06
2022-01-01,2021-2022,2015-16,04,51,House rent,144.19
2022-02-01,2021-2022,2015-16,04,51,House rent,144.19
2022-03-01,2021-2022,2015-16,04,51,House rent,144.19
2022-04-01,2021-2022,2015-16,04,51,House rent,145.8
2022-05-01,2021-2022,2015-16,04,51,House rent,145.8
2022-06-01,2021-2022,2015-16,04,51,House rent,145.8
2022-07-01,2022-2023,2015-16,04,51,House rent,147.94
2022-08-01,2022-2023,2015-16,04,51,House rent,147.94
2022-09-01,2022-2023,2015-16,04,51,House rent,147.94
2022-10-01,2022-2023,2015-16,04,51,House rent,149.54
2022-11-01,2022-2023,2015-16,04,51,House rent,149.54
2022-12-01,2022-2023,2015-16,04,51,House rent,149.54
2023-01-01,2022-2023,2015-16,04,51,House rent,152.02
2023-02-01,2022-2023,2015-16,04,51,House rent,152.02
2023-03-01,2022-2023,2015-16,04,51,House rent,152.02
2023-04-01,2022-2023,2015-16,04,51,House rent,153.59
2023-05-01,2022-2023,2015-16,04,51,House rent,153.59
2023-06-01,2022-2023,2015-16,04,51,House rent,153.59
2023-07-01,2023-2024,2015-16,04,51,House rent,155.7
2023-08-01,2023-2024,2015-16,04,51,House rent,155.7
2023-09-01,2023-2024,2015-16,04,51,House rent,155.7
2023-10-01,2023-2024,2015-16,04,51,House rent,157.98
2023-11-01,2023-2024,2015-16,04,51,House rent,157.98
2023-12-01,2023-2024,2015-16,04,51,House rent,157.98
2024-01-01,2023-2024,2015-16,04,51,House rent,160.17
2024-02-01,2023-2024,2015-16,04,51,House rent,160.17
2024-03-01,2023-2024,2015-16,04,51,House rent,160.17
2024-04-01,2023-2024,2015-16,04,51,House rent,162.5
2024-05-01,2023-2024,2015-16,04,51,House rent,162.5
2024-06-01,2023-2024,2015-16,04,51,House rent,162.5
2024-07-01,2024-2025,2015-16,04,51,House rent,164.08
2024-08-01,2024-2025,2015-16,04,51,House rent,164.08
2024-09-01,2024-2025,2015-16,04,51,House rent,164.08
2024-10-01,2024-2025,2015-16,04,51,House rent,165.69
2024-11-01,2024-2025,2015-16,04,51,House rent,165.69
2024-12-01,2024-2025,2015-16,04,51,House rent,165.69
2025-01-01,2024-2025,2015-16,04,51,House rent,168.09
2025-02-01,2024-2025,2015-16,04,51,House rent,168.09
2025-03-01,2024-2025,2015-16,04,51,House rent,168.09
2025-04-01,2024-2025,2015-16,04,51,House rent,170.49
2025-05-01,2024-2025,2015-16,04,51,House rent,170.49
2025-06-01,2024-2025,2015-16,04,51,House rent,170.49
2025-07-01,2025-2026,2015-16,04,51,House rent,172.97
2025-08-01,2025-2026,2015-16,04,51,House rent,172.97
2025-09-01,2025-2026,2015-16,04,51,House rent,172.97
2025-10-01,2025-2026,2015-16,04,51,House rent,175.49
2025-11-01,2025-2026,2015-16,04,51,House rent,175.49
2025-12-01,2025-2026,2015-16,04,51,House rent,175.49
2026-01-01,2025-2026,2015-16,04,51,House rent,178.39
2026-02-01,2025-2026,2015-16,04,51,House rent,178.39
2026-03-01,2025-2026,2015-16,04,51,House rent,178.39
2026-04-01,2025-2026,2015-16,04,51,House rent,180.88
2026-05-01,2025-2026,2015-16,04,51,House rent,180.88
2026-06-01,2025-2026,2015-16,04,51,House rent,180.88
2019-07-01,2019-2020,2015-16,04,52,Construcion input items,135.46
2019-08-01,2019-2020,2015-16,04,52,Construcion input items,136.74
2019-09-01,2019-2020,2015-16,04,52,Construcion input items,137.95
2019-10-01,2019-2020,2015-16,04,52,Construcion input items,138.84
2019-11-01,2019-2020,2015-16,04,52,Construcion input items,140.21
2019-12-01,2019-2020,2015-16,04,52,Construcion input items,143.1
2020-01-01,2019-2020,2015-16,04,52,Construcion input items,142.98
2020-02-01,2019-2020,2015-16,04,52,Construcion input items,142.64
2020-03-01,2019-2020,2015-16,04,52,Construcion input items,142.8
2020-04-01,2019-2020,2015-16,04,52,Construcion input items,143.04
2020-05-01,2019-2020,2015-16,04,52,Construcion input items,143.58
2020-06-01,2019-2020,2015-16,04,52,Construcion input items,143.08
2020-07-01,2020-2021,2015-16,04,52,Construcion input items,143.2
2020-08-01,2020-2021,2015-16,04,52,Construcion input items,143.57
2020-09-01,2020-2021,2015-16,04,52,Construcion input items,146.96
2020-10-01,2020-2021,2015-16,04,52,Construcion input items,147.35
2020-11-01,2020-2021,2015-16,04,52,Construcion input items,148.04
2020-12-01,2020-2021,2015-16,04,52,Construcion input items,148.41
2021-01-01,2020-2021,2015-16,04,52,Construcion input items,149.44
2021-02-01,2020-2021,2015-16,04,52,Construcion input items,149.66
2021-03-01,2020-2021,2015-16,04,52,Construcion input items,150.9
2021-04-01,2020-2021,2015-16,04,52,Construcion input items,153.04
2021-05-01,2020-2021,2015-16,04,52,Construcion input items,153.18
2021-06-01,2020-2021,2015-16,04,52,Construcion input items,154.3
2021-07-01,2021-2022,2015-16,04,52,Construcion input items,157.03
2021-08-01,2021-2022,2015-16,04,52,Construcion input items,158.57
2021-09-01,2021-2022,2015-16,04,52,Construcion input items,159.3
2021-10-01,2021-2022,2015-16,04,52,Construcion input items,160.32
2021-11-01,2021-2022,2015-16,04,52,Construcion input items,163.51
2021-12-01,2021-2022,2015-16,04,52,Construcion input items,165.26
2022-01-01,2021-2022,2015-16,04,52,Construcion input items,165.13
2022-02-01,2021-2022,2015-16,04,52,Construcion input items,165.69
2022-03-01,2021-2022,2015-16,04,52,Construcion input items,169
2022-04-01,2021-2022,2015-16,04,52,Construcion input items,172.11
2022-05-01,2021-2022,2015-16,04,52,Construcion input items,173.48
2022-06-01,2021-2022,2015-16,04,52,Construcion input items,182.61
2022-07-01,2022-2023,2015-16,04,52,Construcion input items,188.42
2022-08-01,2022-2023,2015-16,04,52,Construcion input items,202.61
2022-09-01,2022-2023,2015-16,04,52,Construcion input items,206.07
2022-10-01,2022-2023,2015-16,04,52,Construcion input items,211.67
2022-11-01,2022-2023,2015-16,04,52,Construcion input items,212.59
2022-12-01,2022-2023,2015-16,04,52,Construcion input items,215.81
2023-01-01,2022-2023,2015-16,04,52,Construcion input items,217.5
2023-02-01,2022-2023,2015-16,04,52,Construcion input items,229.49
2023-03-01,2022-2023,2015-16,04,52,Construcion input items,232.51
2023-04-01,2022-2023,2015-16,04,52,Construcion input items,236.18
2023-05-01,2022-2023,2015-16,04,52,Construcion input items,239.53
2023-06-01,2022-2023,2015-16,04,52,Construcion input items,247.65
2023-07-01,2023-2024,2015-16,04,52,Construcion input items,254.65
2023-08-01,2023-2024,2015-16,04,52,Construcion input items,256.4
2023-09-01,2023-2024,2015-16,04,52,Construcion input items,259.92
2023-10-01,2023-2024,2015-16,04,52,Construcion input items,257.41
2023-11-01,2023-2024,2015-16,04,52,Construcion input items,257.8
2023-12-01,2023-2024,2015-16,04,52,Construcion input items,259.53
2024-01-01,2023-2024,2015-16,04,52,Construcion input items,258.59
2024-02-01,2023-2024,2015-16,04,52,Construcion input items,259.04
2024-03-01,2023-2024,2015-16,04,52,Construcion input items,259.24
2024-04-01,2023-2024,2015-16,04,52,Construcion input items,258.92
2024-05-01,2023-2024,2015-16,04,52,Construcion input items,257.56
2024-06-01,2023-2024,2015-16,04,52,Construcion input items,259.33
2024-07-01,2024-2025,2015-16,04,52,Construcion input items,265.27
2024-08-01,2024-2025,2015-16,04,52,Construcion input items,266.39
2024-09-01,2024-2025,2015-16,04,52,Construcion input items,267.19
2024-10-01,2024-2025,2015-16,04,52,Construcion input items,266.17
2024-11-01,2024-2025,2015-16,04,52,Construcion input items,266.1
2024-12-01,2024-2025,2015-16,04,52,Construcion input items,265.94
2025-01-01,2024-2025,2015-16,04,52,Construcion input items,265.06
2025-02-01,2024-2025,2015-16,04,52,Construcion input items,263.77
2025-03-01,2024-2025,2015-16,04,52,Construcion input items,263.38
2025-04-01,2024-2025,2015-16,04,52,Construcion input items,265.59
2025-05-01,2024-2025,2015-16,04,52,Construcion input items,266.21
2025-06-01,2024-2025,2015-16,04,52,Construcion input items,266.09
2025-07-01,2025-2026,2015-16,04,52,Construcion input items,268.15
2025-08-01,2025-2026,2015-16,04,52,Construcion input items,268.48
2025-09-01,2025-2026,2015-16,04,52,Construcion input items,269.9
2025-10-01,2025-2026,2015-16,04,52,Construcion input items,269.81
2025-11-01,2025-2026,2015-16,04,52,Construcion input items,269.51
2025-12-01,2025-2026,2015-16,04,52,Construcion input items,270.45
2026-01-01,2025-2026,2015-16,04,52,Construcion input items,270.47
2026-02-01,2025-2026,2015-16,04,52,Construcion input items,270.88
2026-03-01,2025-2026,2015-16,04,52,Construcion input items,273.08
2026-04-01,2025-2026,2015-16,04,52,Construcion input items,278.63
2026-05-01,2025-2026,2015-16,04,52,Construcion input items,280.79
2026-06-01,2025-2026,2015-16,04,52,Construcion input items,283.4
2019-07-01,2019-2020,2015-16,04,53,Construction wage rates,141.48
2019-08-01,2019-2020,2015-16,04,53,Construction wage rates,142.04
2019-09-01,2019-2020,2015-16,04,53,Construction wage rates,142.68
2019-10-01,2019-2020,2015-16,04,53,Construction wage rates,144.18
2019-11-01,2019-2020,2015-16,04,53,Construction wage rates,145.73
2019-12-01,2019-2020,2015-16,04,53,Construction wage rates,146.32
2020-01-01,2019-2020,2015-16,04,53,Construction wage rates,146.43
2020-02-01,2019-2020,2015-16,04,53,Construction wage rates,147.66
2020-03-01,2019-2020,2015-16,04,53,Construction wage rates,148.1
2020-04-01,2019-2020,2015-16,04,53,Construction wage rates,148.38
2020-05-01,2019-2020,2015-16,04,53,Construction wage rates,148.8
2020-06-01,2019-2020,2015-16,04,53,Construction wage rates,149.2
2020-07-01,2020-2021,2015-16,04,53,Construction wage rates,149.55
2020-08-01,2020-2021,2015-16,04,53,Construction wage rates,151.71
2020-09-01,2020-2021,2015-16,04,53,Construction wage rates,152.47
2020-10-01,2020-2021,2015-16,04,53,Construction wage rates,152.51
2020-11-01,2020-2021,2015-16,04,53,Construction wage rates,152.57
2020-12-01,2020-2021,2015-16,04,53,Construction wage rates,153.37
2021-01-01,2020-2021,2015-16,04,53,Construction wage rates,153.39
2021-02-01,2020-2021,2015-16,04,53,Construction wage rates,154.26
2021-03-01,2020-2021,2015-16,04,53,Construction wage rates,154.6
2021-04-01,2020-2021,2015-16,04,53,Construction wage rates,154.99
2021-05-01,2020-2021,2015-16,04,53,Construction wage rates,155.01
2021-06-01,2020-2021,2015-16,04,53,Construction wage rates,156.06
2021-07-01,2021-2022,2015-16,04,53,Construction wage rates,157.85
2021-08-01,2021-2022,2015-16,04,53,Construction wage rates,157.88
2021-09-01,2021-2022,2015-16,04,53,Construction wage rates,158.01
2021-10-01,2021-2022,2015-16,04,53,Construction wage rates,163.87
2021-11-01,2021-2022,2015-16,04,53,Construction wage rates,164.77
2021-12-01,2021-2022,2015-16,04,53,Construction wage rates,165.44
2022-01-01,2021-2022,2015-16,04,53,Construction wage rates,165.66
2022-02-01,2021-2022,2015-16,04,53,Construction wage rates,166.27
2022-03-01,2021-2022,2015-16,04,53,Construction wage rates,166.59
2022-04-01,2021-2022,2015-16,04,53,Construction wage rates,169.46
2022-05-01,2021-2022,2015-16,04,53,Construction wage rates,170.65
2022-06-01,2021-2022,2015-16,04,53,Construction wage rates,174.25
2022-07-01,2022-2023,2015-16,04,53,Construction wage rates,177.08
2022-08-01,2022-2023,2015-16,04,53,Construction wage rates,183.05
2022-09-01,2022-2023,2015-16,04,53,Construction wage rates,184.17
2022-10-01,2022-2023,2015-16,04,53,Construction wage rates,184.71
2022-11-01,2022-2023,2015-16,04,53,Construction wage rates,185.82
2022-12-01,2022-2023,2015-16,04,53,Construction wage rates,188.1
2023-01-01,2022-2023,2015-16,04,53,Construction wage rates,189.25
2023-02-01,2022-2023,2015-16,04,53,Construction wage rates,190.86
2023-03-01,2022-2023,2015-16,04,53,Construction wage rates,198.02
2023-04-01,2022-2023,2015-16,04,53,Construction wage rates,200.38
2023-05-01,2022-2023,2015-16,04,53,Construction wage rates,200.95
2023-06-01,2022-2023,2015-16,04,53,Construction wage rates,203.67
2023-07-01,2023-2024,2015-16,04,53,Construction wage rates,204.06
2023-08-01,2023-2024,2015-16,04,53,Construction wage rates,208.16
2023-09-01,2023-2024,2015-16,04,53,Construction wage rates,208.9
2023-10-01,2023-2024,2015-16,04,53,Construction wage rates,210.83
2023-11-01,2023-2024,2015-16,04,53,Construction wage rates,210.88
2023-12-01,2023-2024,2015-16,04,53,Construction wage rates,212.02
2024-01-01,2023-2024,2015-16,04,53,Construction wage rates,212.13
2024-02-01,2023-2024,2015-16,04,53,Construction wage rates,212.27
2024-03-01,2023-2024,2015-16,04,53,Construction wage rates,213.53
2024-04-01,2023-2024,2015-16,04,53,Construction wage rates,213.75
2024-05-01,2023-2024,2015-16,04,53,Construction wage rates,213.78
2024-06-01,2023-2024,2015-16,04,53,Construction wage rates,214.4
2024-07-01,2024-2025,2015-16,04,53,Construction wage rates,215.78
2024-08-01,2024-2025,2015-16,04,53,Construction wage rates,215.95
2024-09-01,2024-2025,2015-16,04,53,Construction wage rates,217.12
2024-10-01,2024-2025,2015-16,04,53,Construction wage rates,217.43
2024-11-01,2024-2025,2015-16,04,53,Construction wage rates,221.34
2024-12-01,2024-2025,2015-16,04,53,Construction wage rates,221.36
2025-01-01,2024-2025,2015-16,04,53,Construction wage rates,221.55
2025-02-01,2024-2025,2015-16,04,53,Construction wage rates,223.2
2025-03-01,2024-2025,2015-16,04,53,Construction wage rates,224.08
2025-04-01,2024-2025,2015-16,04,53,Construction wage rates,224.87
2025-05-01,2024-2025,2015-16,04,53,Construction wage rates,225.22
2025-06-01,2024-2025,2015-16,04,53,Construction wage rates,227.48
2025-07-01,2025-2026,2015-16,04,53,Construction wage rates,227.57
2025-08-01,2025-2026,2015-16,04,53,Construction wage rates,227.64
2025-09-01,2025-2026,2015-16,04,53,Construction wage rates,228.36
2025-10-01,2025-2026,2015-16,04,53,Construction wage rates,228.68
2025-11-01,2025-2026,2015-16,04,53,Construction wage rates,231.8
2025-12-01,2025-2026,2015-16,04,53,Construction wage rates,231.89
2026-01-01,2025-2026,2015-16,04,53,Construction wage rates,235.38
2026-02-01,2025-2026,2015-16,04,53,Construction wage rates,236.62
2026-03-01,2025-2026,2015-16,04,53,Construction wage rates,236.79
2026-04-01,2025-2026,2015-16,04,53,Construction wage rates,236.86
2026-05-01,2025-2026,2015-16,04,53,Construction wage rates,245.48
2026-06-01,2025-2026,2015-16,04,53,Construction wage rates,247.79
2019-07-01,2019-2020,2015-16,04,54,Water supply,119.55
2019-08-01,2019-2020,2015-16,04,54,Water supply,122.55
2019-09-01,2019-2020,2015-16,04,54,Water supply,122.55
2019-10-01,2019-2020,2015-16,04,54,Water supply,131.54
2019-11-01,2019-2020,2015-16,04,54,Water supply,131.54
2019-12-01,2019-2020,2015-16,04,54,Water supply,131.54
2020-01-01,2019-2020,2015-16,04,54,Water supply,131.54
2020-02-01,2019-2020,2015-16,04,54,Water supply,131.89
2020-03-01,2019-2020,2015-16,04,54,Water supply,131.89
2020-04-01,2019-2020,2015-16,04,54,Water supply,131.89
2020-05-01,2019-2020,2015-16,04,54,Water supply,143.78
2020-06-01,2019-2020,2015-16,04,54,Water supply,143.78
2020-07-01,2020-2021,2015-16,04,54,Water supply,143.78
2020-08-01,2020-2021,2015-16,04,54,Water supply,152.62
2020-09-01,2020-2021,2015-16,04,54,Water supply,156.23
2020-10-01,2020-2021,2015-16,04,54,Water supply,156.43
2020-11-01,2020-2021,2015-16,04,54,Water supply,156.64
2020-12-01,2020-2021,2015-16,04,54,Water supply,157.86
2021-01-01,2020-2021,2015-16,04,54,Water supply,157.86
2021-02-01,2020-2021,2015-16,04,54,Water supply,157.86
2021-03-01,2020-2021,2015-16,04,54,Water supply,158.19
2021-04-01,2020-2021,2015-16,04,54,Water supply,158.19
2021-05-01,2020-2021,2015-16,04,54,Water supply,158.39
2021-06-01,2020-2021,2015-16,04,54,Water supply,158.72
2021-07-01,2021-2022,2015-16,04,54,Water supply,158.84
2021-08-01,2021-2022,2015-16,04,54,Water supply,162.68
2021-09-01,2021-2022,2015-16,04,54,Water supply,162.68
2021-10-01,2021-2022,2015-16,04,54,Water supply,162.68
2021-11-01,2021-2022,2015-16,04,54,Water supply,162.68
2021-12-01,2021-2022,2015-16,04,54,Water supply,163
2022-01-01,2021-2022,2015-16,04,54,Water supply,163.51
2022-02-01,2021-2022,2015-16,04,54,Water supply,163.51
2022-03-01,2021-2022,2015-16,04,54,Water supply,164.74
2022-04-01,2021-2022,2015-16,04,54,Water supply,165.01
2022-05-01,2021-2022,2015-16,04,54,Water supply,166.58
2022-06-01,2021-2022,2015-16,04,54,Water supply,166.58
2022-07-01,2022-2023,2015-16,04,54,Water supply,166.58
2022-08-01,2022-2023,2015-16,04,54,Water supply,166.58
2022-09-01,2022-2023,2015-16,04,54,Water supply,170.32
2022-10-01,2022-2023,2015-16,04,54,Water supply,170.32
2022-11-01,2022-2023,2015-16,04,54,Water supply,171.56
2022-12-01,2022-2023,2015-16,04,54,Water supply,171.56
2023-01-01,2022-2023,2015-16,04,54,Water supply,171.56
2023-02-01,2022-2023,2015-16,04,54,Water supply,171.98
2023-03-01,2022-2023,2015-16,04,54,Water supply,172.57
2023-04-01,2022-2023,2015-16,04,54,Water supply,172.8
2023-05-01,2022-2023,2015-16,04,54,Water supply,175.39
2023-06-01,2022-2023,2015-16,04,54,Water supply,175.39
2023-07-01,2023-2024,2015-16,04,54,Water supply,175.56
2023-08-01,2023-2024,2015-16,04,54,Water supply,196.07
2023-09-01,2023-2024,2015-16,04,54,Water supply,196.48
2023-10-01,2023-2024,2015-16,04,54,Water supply,198.12
2023-11-01,2023-2024,2015-16,04,54,Water supply,199.06
2023-12-01,2023-2024,2015-16,04,54,Water supply,199.06
2024-01-01,2023-2024,2015-16,04,54,Water supply,199.06
2024-02-01,2023-2024,2015-16,04,54,Water supply,199.06
2024-03-01,2023-2024,2015-16,04,54,Water supply,199.06
2024-04-01,2023-2024,2015-16,04,54,Water supply,199.06
2024-05-01,2023-2024,2015-16,04,54,Water supply,199.4
2024-06-01,2023-2024,2015-16,04,54,Water supply,199.4
2024-07-01,2024-2025,2015-16,04,54,Water supply,201.12
2024-08-01,2024-2025,2015-16,04,54,Water supply,201.62
2024-09-01,2024-2025,2015-16,04,54,Water supply,204.19
2024-10-01,2024-2025,2015-16,04,54,Water supply,221.86
2024-11-01,2024-2025,2015-16,04,54,Water supply,228.37
2024-12-01,2024-2025,2015-16,04,54,Water supply,228.99
2025-01-01,2024-2025,2015-16,04,54,Water supply,228.99
2025-02-01,2024-2025,2015-16,04,54,Water supply,228.99
2025-03-01,2024-2025,2015-16,04,54,Water supply,228.99
2025-04-01,2024-2025,2015-16,04,54,Water supply,228.99
2025-05-01,2024-2025,2015-16,04,54,Water supply,228.99
2025-06-01,2024-2025,2015-16,04,54,Water supply,228.99
2025-07-01,2025-2026,2015-16,04,54,Water supply,228.99
2025-08-01,2025-2026,2015-16,04,54,Water supply,230.44
2025-09-01,2025-2026,2015-16,04,54,Water supply,230.44
2025-10-01,2025-2026,2015-16,04,54,Water supply,231.4
2025-11-01,2025-2026,2015-16,04,54,Water supply,231.4
2025-12-01,2025-2026,2015-16,04,54,Water supply,231.4
2026-01-01,2025-2026,2015-16,04,54,Water supply,244.9
2026-02-01,2025-2026,2015-16,04,54,Water supply,244.9
2026-03-01,2025-2026,2015-16,04,54,Water supply,245.91
2026-04-01,2025-2026,2015-16,04,54,Water supply,246.74
2026-05-01,2025-2026,2015-16,04,54,Water supply,247.62
2026-06-01,2025-2026,2015-16,04,54,Water supply,248.17
2019-07-01,2019-2020,2015-16,04,55,Garbage collection,145.38
2019-08-01,2019-2020,2015-16,04,55,Garbage collection,145.38
2019-09-01,2019-2020,2015-16,04,55,Garbage collection,145.54
2019-10-01,2019-2020,2015-16,04,55,Garbage collection,145.54
2019-11-01,2019-2020,2015-16,04,55,Garbage collection,146.12
2019-12-01,2019-2020,2015-16,04,55,Garbage collection,154.8
2020-01-01,2019-2020,2015-16,04,55,Garbage collection,154.8
2020-02-01,2019-2020,2015-16,04,55,Garbage collection,154.8
2020-03-01,2019-2020,2015-16,04,55,Garbage collection,154.8
2020-04-01,2019-2020,2015-16,04,55,Garbage collection,156.98
2020-05-01,2019-2020,2015-16,04,55,Garbage collection,156.98
2020-06-01,2019-2020,2015-16,04,55,Garbage collection,159.37
2020-07-01,2020-2021,2015-16,04,55,Garbage collection,167.3
2020-08-01,2020-2021,2015-16,04,55,Garbage collection,169.2
2020-09-01,2020-2021,2015-16,04,55,Garbage collection,169.2
2020-10-01,2020-2021,2015-16,04,55,Garbage collection,169.2
2020-11-01,2020-2021,2015-16,04,55,Garbage collection,169.2
2020-12-01,2020-2021,2015-16,04,55,Garbage collection,171.58
2021-01-01,2020-2021,2015-16,04,55,Garbage collection,173.35
2021-02-01,2020-2021,2015-16,04,55,Garbage collection,173.35
2021-03-01,2020-2021,2015-16,04,55,Garbage collection,173.7
2021-04-01,2020-2021,2015-16,04,55,Garbage collection,173.9
2021-05-01,2020-2021,2015-16,04,55,Garbage collection,173.9
2021-06-01,2020-2021,2015-16,04,55,Garbage collection,173.9
2021-07-01,2021-2022,2015-16,04,55,Garbage collection,174.58
2021-08-01,2021-2022,2015-16,04,55,Garbage collection,175.57
2021-09-01,2021-2022,2015-16,04,55,Garbage collection,177.21
2021-10-01,2021-2022,2015-16,04,55,Garbage collection,177.21
2021-11-01,2021-2022,2015-16,04,55,Garbage collection,177.79
2021-12-01,2021-2022,2015-16,04,55,Garbage collection,179.94
2022-01-01,2021-2022,2015-16,04,55,Garbage collection,181.75
2022-02-01,2021-2022,2015-16,04,55,Garbage collection,182.71
2022-03-01,2021-2022,2015-16,04,55,Garbage collection,182.71
2022-04-01,2021-2022,2015-16,04,55,Garbage collection,183.11
2022-05-01,2021-2022,2015-16,04,55,Garbage collection,196.32
2022-06-01,2021-2022,2015-16,04,55,Garbage collection,197.91
2022-07-01,2022-2023,2015-16,04,55,Garbage collection,200.69
2022-08-01,2022-2023,2015-16,04,55,Garbage collection,207.57
2022-09-01,2022-2023,2015-16,04,55,Garbage collection,207.57
2022-10-01,2022-2023,2015-16,04,55,Garbage collection,207.57
2022-11-01,2022-2023,2015-16,04,55,Garbage collection,207.57
2022-12-01,2022-2023,2015-16,04,55,Garbage collection,207.65
2023-01-01,2022-2023,2015-16,04,55,Garbage collection,207.65
2023-02-01,2022-2023,2015-16,04,55,Garbage collection,208.44
2023-03-01,2022-2023,2015-16,04,55,Garbage collection,209.09
2023-04-01,2022-2023,2015-16,04,55,Garbage collection,209.09
2023-05-01,2022-2023,2015-16,04,55,Garbage collection,209.09
2023-06-01,2022-2023,2015-16,04,55,Garbage collection,209.67
2023-07-01,2023-2024,2015-16,04,55,Garbage collection,209.88
2023-08-01,2023-2024,2015-16,04,55,Garbage collection,232.54
2023-09-01,2023-2024,2015-16,04,55,Garbage collection,237.56
2023-10-01,2023-2024,2015-16,04,55,Garbage collection,239.88
2023-11-01,2023-2024,2015-16,04,55,Garbage collection,240.04
2023-12-01,2023-2024,2015-16,04,55,Garbage collection,240.04
2024-01-01,2023-2024,2015-16,04,55,Garbage collection,243.95
2024-02-01,2023-2024,2015-16,04,55,Garbage collection,243.95
2024-03-01,2023-2024,2015-16,04,55,Garbage collection,246.85
2024-04-01,2023-2024,2015-16,04,55,Garbage collection,247.08
2024-05-01,2023-2024,2015-16,04,55,Garbage collection,247.08
2024-06-01,2023-2024,2015-16,04,55,Garbage collection,249.68
2024-07-01,2024-2025,2015-16,04,55,Garbage collection,250.31
2024-08-01,2024-2025,2015-16,04,55,Garbage collection,250.31
2024-09-01,2024-2025,2015-16,04,55,Garbage collection,252.22
2024-10-01,2024-2025,2015-16,04,55,Garbage collection,252.22
2024-11-01,2024-2025,2015-16,04,55,Garbage collection,261.18
2024-12-01,2024-2025,2015-16,04,55,Garbage collection,261.28
2025-01-01,2024-2025,2015-16,04,55,Garbage collection,261.72
2025-02-01,2024-2025,2015-16,04,55,Garbage collection,262.24
2025-03-01,2024-2025,2015-16,04,55,Garbage collection,262.68
2025-04-01,2024-2025,2015-16,04,55,Garbage collection,262.68
2025-05-01,2024-2025,2015-16,04,55,Garbage collection,262.68
2025-06-01,2024-2025,2015-16,04,55,Garbage collection,262.68
2025-07-01,2025-2026,2015-16,04,55,Garbage collection,265.81
2025-08-01,2025-2026,2015-16,04,55,Garbage collection,265.81
2025-09-01,2025-2026,2015-16,04,55,Garbage collection,265.81
2025-10-01,2025-2026,2015-16,04,55,Garbage collection,265.81
2025-11-01,2025-2026,2015-16,04,55,Garbage collection,266.16
2025-12-01,2025-2026,2015-16,04,55,Garbage collection,266.16
2026-01-01,2025-2026,2015-16,04,55,Garbage collection,266.52
2026-02-01,2025-2026,2015-16,04,55,Garbage collection,266.52
2026-03-01,2025-2026,2015-16,04,55,Garbage collection,268.46
2026-04-01,2025-2026,2015-16,04,55,Garbage collection,268.46
2026-05-01,2025-2026,2015-16,04,55,Garbage collection,275.69
2026-06-01,2025-2026,2015-16,04,55,Garbage collection,275.69
2019-07-01,2019-2020,2015-16,04,56,Electricity charges,108.25
2019-08-01,2019-2020,2015-16,04,56,Electricity charges,108.25
2019-09-01,2019-2020,2015-16,04,56,Electricity charges,107.18
2019-10-01,2019-2020,2015-16,04,56,Electricity charges,126.9
2019-11-01,2019-2020,2015-16,04,56,Electricity charges,125.72
2019-12-01,2019-2020,2015-16,04,56,Electricity charges,127.65
2020-01-01,2019-2020,2015-16,04,56,Electricity charges,124.87
2020-02-01,2019-2020,2015-16,04,56,Electricity charges,108.04
2020-03-01,2019-2020,2015-16,04,56,Electricity charges,108.04
2020-04-01,2019-2020,2015-16,04,56,Electricity charges,108.04
2020-05-01,2019-2020,2015-16,04,56,Electricity charges,108.04
2020-06-01,2019-2020,2015-16,04,56,Electricity charges,108.04
2020-07-01,2020-2021,2015-16,04,56,Electricity charges,108.04
2020-08-01,2020-2021,2015-16,04,56,Electricity charges,120.58
2020-09-01,2020-2021,2015-16,04,56,Electricity charges,119.83
2020-10-01,2020-2021,2015-16,04,56,Electricity charges,117.04
2020-11-01,2020-2021,2015-16,04,56,Electricity charges,113.29
2020-12-01,2020-2021,2015-16,04,56,Electricity charges,120.04
2021-01-01,2020-2021,2015-16,04,56,Electricity charges,119.4
2021-02-01,2020-2021,2015-16,04,56,Electricity charges,154.56
2021-03-01,2020-2021,2015-16,04,56,Electricity charges,142.12
2021-04-01,2020-2021,2015-16,04,56,Electricity charges,139.44
2021-05-01,2020-2021,2015-16,04,56,Electricity charges,131.62
2021-06-01,2020-2021,2015-16,04,56,Electricity charges,130.87
2021-07-01,2021-2022,2015-16,04,56,Electricity charges,131.51
2021-08-01,2021-2022,2015-16,04,56,Electricity charges,131.62
2021-09-01,2021-2022,2015-16,04,56,Electricity charges,146.62
2021-10-01,2021-2022,2015-16,04,56,Electricity charges,154.66
2021-11-01,2021-2022,2015-16,04,56,Electricity charges,167.52
2021-12-01,2021-2022,2015-16,04,56,Electricity charges,191.32
2022-01-01,2021-2022,2015-16,04,56,Electricity charges,186.5
2022-02-01,2021-2022,2015-16,04,56,Electricity charges,172.03
2022-03-01,2021-2022,2015-16,04,56,Electricity charges,148.98
2022-04-01,2021-2022,2015-16,04,56,Electricity charges,137.3
2022-05-01,2021-2022,2015-16,04,56,Electricity charges,116.08
2022-06-01,2021-2022,2015-16,04,56,Electricity charges,176.21
2022-07-01,2022-2023,2015-16,04,56,Electricity charges,245.55
2022-08-01,2022-2023,2015-16,04,56,Electricity charges,294
2022-09-01,2022-2023,2015-16,04,56,Electricity charges,101.93
2022-10-01,2022-2023,2015-16,04,56,Electricity charges,193.25
2022-11-01,2022-2023,2015-16,04,56,Electricity charges,192.6
2022-12-01,2022-2023,2015-16,04,56,Electricity charges,186.17
2023-01-01,2022-2023,2015-16,04,56,Electricity charges,187.78
2023-02-01,2022-2023,2015-16,04,56,Electricity charges,184.78
2023-03-01,2022-2023,2015-16,04,56,Electricity charges,196.25
2023-04-01,2022-2023,2015-16,04,56,Electricity charges,179.64
2023-05-01,2022-2023,2015-16,04,56,Electricity charges,184.89
2023-06-01,2022-2023,2015-16,04,56,Electricity charges,190.25
2023-07-01,2023-2024,2015-16,04,56,Electricity charges,266.13
2023-08-01,2023-2024,2015-16,04,56,Electricity charges,269.77
2023-09-01,2023-2024,2015-16,04,56,Electricity charges,268.81
2023-10-01,2023-2024,2015-16,04,56,Electricity charges,291.1
2023-11-01,2023-2024,2015-16,04,56,Electricity charges,259.91
2023-12-01,2023-2024,2015-16,04,56,Electricity charges,300.86
2024-01-01,2023-2024,2015-16,04,56,Electricity charges,320.26
2024-02-01,2023-2024,2015-16,04,56,Electricity charges,323.15
2024-03-01,2023-2024,2015-16,04,56,Electricity charges,339.66
2024-04-01,2023-2024,2015-16,04,56,Electricity charges,307.4
2024-05-01,2023-2024,2015-16,04,56,Electricity charges,293.57
2024-06-01,2023-2024,2015-16,04,56,Electricity charges,317.36
2024-07-01,2024-2025,2015-16,04,56,Electricity charges,304.07
2024-08-01,2024-2025,2015-16,04,56,Electricity charges,284.46
2024-09-01,2024-2025,2015-16,04,56,Electricity charges,275.67
2024-10-01,2024-2025,2015-16,04,56,Electricity charges,289.5
2024-11-01,2024-2025,2015-16,04,56,Electricity charges,288.85
2024-12-01,2024-2025,2015-16,04,56,Electricity charges,272.45
2025-01-01,2024-2025,2015-16,04,56,Electricity charges,270.31
2025-02-01,2024-2025,2015-16,04,56,Electricity charges,269.56
2025-03-01,2024-2025,2015-16,04,56,Electricity charges,266.13
2025-04-01,2024-2025,2015-16,04,56,Electricity charges,225.72
2025-05-01,2024-2025,2015-16,04,56,Electricity charges,209.86
2025-06-01,2024-2025,2015-16,04,56,Electricity charges,221.44
2025-07-01,2025-2026,2015-16,04,56,Electricity charges,252.84
2025-08-01,2025-2026,2015-16,04,56,Electricity charges,239.76
2025-09-01,2025-2026,2015-16,04,56,Electricity charges,234.41
2025-10-01,2025-2026,2015-16,04,56,Electricity charges,244.37
2025-11-01,2025-2026,2015-16,04,56,Electricity charges,261.74
2025-12-01,2025-2026,2015-16,04,56,Electricity charges,263.13
2026-01-01,2025-2026,2015-16,04,56,Electricity charges,262.92
2026-02-01,2025-2026,2015-16,04,56,Electricity charges,289.28
2026-03-01,2025-2026,2015-16,04,56,Electricity charges,303.97
2026-04-01,2025-2026,2015-16,04,56,Electricity charges,301.82
2026-05-01,2025-2026,2015-16,04,56,Electricity charges,286.39
2026-06-01,2025-2026,2015-16,04,56,Electricity charges,274.06
2019-07-01,2019-2020,2015-16,04,57,Gas charges,216.94
2019-08-01,2019-2020,2015-16,04,57,Gas charges,216.94
2019-09-01,2019-2020,2015-16,04,57,Gas charges,216.94
2019-10-01,2019-2020,2015-16,04,57,Gas charges,216.94
2019-11-01,2019-2020,2015-16,04,57,Gas charges,216.94
2019-12-01,2019-2020,2015-16,04,57,Gas charges,216.94
2020-01-01,2019-2020,2015-16,04,57,Gas charges,216.94
2020-02-01,2019-2020,2015-16,04,57,Gas charges,216.94
2020-03-01,2019-2020,2015-16,04,57,Gas charges,216.94
2020-04-01,2019-2020,2015-16,04,57,Gas charges,216.94
2020-05-01,2019-2020,2015-16,04,57,Gas charges,216.94
2020-06-01,2019-2020,2015-16,04,57,Gas charges,216.94
2020-07-01,2020-2021,2015-16,04,57,Gas charges,216.94
2020-08-01,2020-2021,2015-16,04,57,Gas charges,216.94
2020-09-01,2020-2021,2015-16,04,57,Gas charges,216.94
2020-10-01,2020-2021,2015-16,04,57,Gas charges,216.94
2020-11-01,2020-2021,2015-16,04,57,Gas charges,216.94
2020-12-01,2020-2021,2015-16,04,57,Gas charges,216.94
2021-01-01,2020-2021,2015-16,04,57,Gas charges,216.94
2021-02-01,2020-2021,2015-16,04,57,Gas charges,216.94
2021-03-01,2020-2021,2015-16,04,57,Gas charges,216.94
2021-04-01,2020-2021,2015-16,04,57,Gas charges,216.94
2021-05-01,2020-2021,2015-16,04,57,Gas charges,216.94
2021-06-01,2020-2021,2015-16,04,57,Gas charges,216.94
2021-07-01,2021-2022,2015-16,04,57,Gas charges,216.94
2021-08-01,2021-2022,2015-16,04,57,Gas charges,216.94
2021-09-01,2021-2022,2015-16,04,57,Gas charges,216.94
2021-10-01,2021-2022,2015-16,04,57,Gas charges,216.94
2021-11-01,2021-2022,2015-16,04,57,Gas charges,216.94
2021-12-01,2021-2022,2015-16,04,57,Gas charges,216.94
2022-01-01,2021-2022,2015-16,04,57,Gas charges,216.94
2022-02-01,2021-2022,2015-16,04,57,Gas charges,216.94
2022-03-01,2021-2022,2015-16,04,57,Gas charges,216.94
2022-04-01,2021-2022,2015-16,04,57,Gas charges,216.94
2022-05-01,2021-2022,2015-16,04,57,Gas charges,216.94
2022-06-01,2021-2022,2015-16,04,57,Gas charges,216.94
2022-07-01,2022-2023,2015-16,04,57,Gas charges,216.94
2022-08-01,2022-2023,2015-16,04,57,Gas charges,216.94
2022-09-01,2022-2023,2015-16,04,57,Gas charges,216.94
2022-10-01,2022-2023,2015-16,04,57,Gas charges,216.94
2022-11-01,2022-2023,2015-16,04,57,Gas charges,216.94
2022-12-01,2022-2023,2015-16,04,57,Gas charges,216.94
2023-01-01,2022-2023,2015-16,04,57,Gas charges,216.94
2023-02-01,2022-2023,2015-16,04,57,Gas charges,353.22
2023-03-01,2022-2023,2015-16,04,57,Gas charges,353.22
2023-04-01,2022-2023,2015-16,04,57,Gas charges,353.22
2023-05-01,2022-2023,2015-16,04,57,Gas charges,353.22
2023-06-01,2022-2023,2015-16,04,57,Gas charges,353.22
2023-07-01,2023-2024,2015-16,04,57,Gas charges,353.22
2023-08-01,2023-2024,2015-16,04,57,Gas charges,353.22
2023-09-01,2023-2024,2015-16,04,57,Gas charges,353.22
2023-10-01,2023-2024,2015-16,04,57,Gas charges,353.22
2023-11-01,2023-2024,2015-16,04,57,Gas charges,1344.19
2023-12-01,2023-2024,2015-16,04,57,Gas charges,1344.19
2024-01-01,2023-2024,2015-16,04,57,Gas charges,1344.19
2024-02-01,2023-2024,2015-16,04,57,Gas charges,1479.08
2024-03-01,2023-2024,2015-16,04,57,Gas charges,1479.08
2024-04-01,2023-2024,2015-16,04,57,Gas charges,1479.08
2024-05-01,2023-2024,2015-16,04,57,Gas charges,1479.08
2024-06-01,2023-2024,2015-16,04,57,Gas charges,1479.08
2024-07-01,2024-2025,2015-16,04,57,Gas charges,1479.08
2024-08-01,2024-2025,2015-16,04,57,Gas charges,1479.08
2024-09-01,2024-2025,2015-16,04,57,Gas charges,1479.08
2024-10-01,2024-2025,2015-16,04,57,Gas charges,1479.08
2024-11-01,2024-2025,2015-16,04,57,Gas charges,1479.08
2024-12-01,2024-2025,2015-16,04,57,Gas charges,1479.08
2025-01-01,2024-2025,2015-16,04,57,Gas charges,1479.08
2025-02-01,2024-2025,2015-16,04,57,Gas charges,1479.08
2025-03-01,2024-2025,2015-16,04,57,Gas charges,1479.08
2025-04-01,2024-2025,2015-16,04,57,Gas charges,1479.08
2025-05-01,2024-2025,2015-16,04,57,Gas charges,1479.08
2025-06-01,2024-2025,2015-16,04,57,Gas charges,1479.08
2025-07-01,2025-2026,2015-16,04,57,Gas charges,1817.96
2025-08-01,2025-2026,2015-16,04,57,Gas charges,1817.96
2025-09-01,2025-2026,2015-16,04,57,Gas charges,1817.96
2025-10-01,2025-2026,2015-16,04,57,Gas charges,1817.96
2025-11-01,2025-2026,2015-16,04,57,Gas charges,1817.96
2025-12-01,2025-2026,2015-16,04,57,Gas charges,1817.96
2026-01-01,2025-2026,2015-16,04,57,Gas charges,1817.96
2026-02-01,2025-2026,2015-16,04,57,Gas charges,1817.96
2026-03-01,2025-2026,2015-16,04,57,Gas charges,1817.96
2026-04-01,2025-2026,2015-16,04,57,Gas charges,1817.96
2026-05-01,2025-2026,2015-16,04,57,Gas charges,1817.96
2026-06-01,2025-2026,2015-16,04,57,Gas charges,1817.96
2019-07-01,2019-2020,2015-16,04,58,Liquified Hydrocarbons,135.05
2019-08-01,2019-2020,2015-16,04,58,Liquified Hydrocarbons,128.04
2019-09-01,2019-2020,2015-16,04,58,Liquified Hydrocarbons,127.07
2019-10-01,2019-2020,2015-16,04,58,Liquified Hydrocarbons,148.23
2019-11-01,2019-2020,2015-16,04,58,Liquified Hydrocarbons,147.54
2019-12-01,2019-2020,2015-16,04,58,Liquified Hydrocarbons,147.47
2020-01-01,2019-2020,2015-16,04,58,Liquified Hydrocarbons,186.07
2020-02-01,2019-2020,2015-16,04,58,Liquified Hydrocarbons,160.89
2020-03-01,2019-2020,2015-16,04,58,Liquified Hydrocarbons,164.55
2020-04-01,2019-2020,2015-16,04,58,Liquified Hydrocarbons,133.83
2020-05-01,2019-2020,2015-16,04,58,Liquified Hydrocarbons,128.31
2020-06-01,2019-2020,2015-16,04,58,Liquified Hydrocarbons,121.3
2020-07-01,2020-2021,2015-16,04,58,Liquified Hydrocarbons,130.12
2020-08-01,2020-2021,2015-16,04,58,Liquified Hydrocarbons,129.23
2020-09-01,2020-2021,2015-16,04,58,Liquified Hydrocarbons,127.28
2020-10-01,2020-2021,2015-16,04,58,Liquified Hydrocarbons,129.98
2020-11-01,2020-2021,2015-16,04,58,Liquified Hydrocarbons,143.38
2020-12-01,2020-2021,2015-16,04,58,Liquified Hydrocarbons,143.72
2021-01-01,2020-2021,2015-16,04,58,Liquified Hydrocarbons,163.64
2021-02-01,2020-2021,2015-16,04,58,Liquified Hydrocarbons,157.19
2021-03-01,2020-2021,2015-16,04,58,Liquified Hydrocarbons,146.44
2021-04-01,2020-2021,2015-16,04,58,Liquified Hydrocarbons,140.88
2021-05-01,2020-2021,2015-16,04,58,Liquified Hydrocarbons,125.78
2021-06-01,2020-2021,2015-16,04,58,Liquified Hydrocarbons,158.81
2021-07-01,2021-2022,2015-16,04,58,Liquified Hydrocarbons,179.02
2021-08-01,2021-2022,2015-16,04,58,Liquified Hydrocarbons,211.66
2021-09-01,2021-2022,2015-16,04,58,Liquified Hydrocarbons,196.38
2021-10-01,2021-2022,2015-16,04,58,Liquified Hydrocarbons,222.3
2021-11-01,2021-2022,2015-16,04,58,Liquified Hydrocarbons,258.57
2021-12-01,2021-2022,2015-16,04,58,Liquified Hydrocarbons,247.74
2022-01-01,2021-2022,2015-16,04,58,Liquified Hydrocarbons,250.94
2022-02-01,2021-2022,2015-16,04,58,Liquified Hydrocarbons,243.01
2022-03-01,2021-2022,2015-16,04,58,Liquified Hydrocarbons,261.95
2022-04-01,2021-2022,2015-16,04,58,Liquified Hydrocarbons,252.12
2022-05-01,2021-2022,2015-16,04,58,Liquified Hydrocarbons,255.45
2022-06-01,2021-2022,2015-16,04,58,Liquified Hydrocarbons,255.6
2022-07-01,2022-2023,2015-16,04,58,Liquified Hydrocarbons,260.68
2022-08-01,2022-2023,2015-16,04,58,Liquified Hydrocarbons,282.91
2022-09-01,2022-2023,2015-16,04,58,Liquified Hydrocarbons,300.85
2022-10-01,2022-2023,2015-16,04,58,Liquified Hydrocarbons,266.63
2022-11-01,2022-2023,2015-16,04,58,Liquified Hydrocarbons,258.48
2022-12-01,2022-2023,2015-16,04,58,Liquified Hydrocarbons,258.74
2023-01-01,2022-2023,2015-16,04,58,Liquified Hydrocarbons,266
2023-02-01,2022-2023,2015-16,04,58,Liquified Hydrocarbons,360.56
2023-03-01,2022-2023,2015-16,04,58,Liquified Hydrocarbons,348.85
2023-04-01,2022-2023,2015-16,04,58,Liquified Hydrocarbons,337.57
2023-05-01,2022-2023,2015-16,04,58,Liquified Hydrocarbons,347.85
2023-06-01,2022-2023,2015-16,04,58,Liquified Hydrocarbons,285.62
2023-07-01,2023-2024,2015-16,04,58,Liquified Hydrocarbons,255.87
2023-08-01,2023-2024,2015-16,04,58,Liquified Hydrocarbons,293.34
2023-09-01,2023-2024,2015-16,04,58,Liquified Hydrocarbons,320.41
2023-10-01,2023-2024,2015-16,04,58,Liquified Hydrocarbons,332.8
2023-11-01,2023-2024,2015-16,04,58,Liquified Hydrocarbons,322.36
2023-12-01,2023-2024,2015-16,04,58,Liquified Hydrocarbons,330.95
2024-01-01,2023-2024,2015-16,04,58,Liquified Hydrocarbons,339.32
2024-02-01,2023-2024,2015-16,04,58,Liquified Hydrocarbons,333.6
2024-03-01,2023-2024,2015-16,04,58,Liquified Hydrocarbons,343.26
2024-04-01,2023-2024,2015-16,04,58,Liquified Hydrocarbons,341.19
2024-05-01,2023-2024,2015-16,04,58,Liquified Hydrocarbons,308.96
2024-06-01,2023-2024,2015-16,04,58,Liquified Hydrocarbons,275.54
2024-07-01,2024-2025,2015-16,04,58,Liquified Hydrocarbons,325.93
2024-08-01,2024-2025,2015-16,04,58,Liquified Hydrocarbons,321.05
2024-09-01,2024-2025,2015-16,04,58,Liquified Hydrocarbons,319.38
2024-10-01,2024-2025,2015-16,04,58,Liquified Hydrocarbons,316.48
2024-11-01,2024-2025,2015-16,04,58,Liquified Hydrocarbons,344.79
2024-12-01,2024-2025,2015-16,04,58,Liquified Hydrocarbons,357.75
2025-01-01,2024-2025,2015-16,04,58,Liquified Hydrocarbons,353.81
2025-02-01,2024-2025,2015-16,04,58,Liquified Hydrocarbons,324.38
2025-03-01,2024-2025,2015-16,04,58,Liquified Hydrocarbons,330.32
2025-04-01,2024-2025,2015-16,04,58,Liquified Hydrocarbons,345.34
2025-05-01,2024-2025,2015-16,04,58,Liquified Hydrocarbons,332.17
2025-06-01,2024-2025,2015-16,04,58,Liquified Hydrocarbons,314.65
2025-07-01,2025-2026,2015-16,04,58,Liquified Hydrocarbons,318.63
2025-08-01,2025-2026,2015-16,04,58,Liquified Hydrocarbons,295.37
2025-09-01,2025-2026,2015-16,04,58,Liquified Hydrocarbons,308.77
2025-10-01,2025-2026,2015-16,04,58,Liquified Hydrocarbons,311.04
2025-11-01,2025-2026,2015-16,04,58,Liquified Hydrocarbons,310.43
2025-12-01,2025-2026,2015-16,04,58,Liquified Hydrocarbons,361.24
2026-01-01,2025-2026,2015-16,04,58,Liquified Hydrocarbons,358.63
2026-02-01,2025-2026,2015-16,04,58,Liquified Hydrocarbons,362.1
2026-03-01,2025-2026,2015-16,04,58,Liquified Hydrocarbons,407.82
2026-04-01,2025-2026,2015-16,04,58,Liquified Hydrocarbons,564.16
2026-05-01,2025-2026,2015-16,04,58,Liquified Hydrocarbons,496.32
2026-06-01,2025-2026,2015-16,04,58,Liquified Hydrocarbons,505.18
2019-07-01,2019-2020,2015-16,04,59,Solid Fuel,108.52
2019-08-01,2019-2020,2015-16,04,59,Solid Fuel,108.75
2019-09-01,2019-2020,2015-16,04,59,Solid Fuel,109.22
2019-10-01,2019-2020,2015-16,04,59,Solid Fuel,109.67
2019-11-01,2019-2020,2015-16,04,59,Solid Fuel,110.58
2019-12-01,2019-2020,2015-16,04,59,Solid Fuel,111.28
2020-01-01,2019-2020,2015-16,04,59,Solid Fuel,114.22
2020-02-01,2019-2020,2015-16,04,59,Solid Fuel,115.58
2020-03-01,2019-2020,2015-16,04,59,Solid Fuel,114.27
2020-04-01,2019-2020,2015-16,04,59,Solid Fuel,114.27
2020-05-01,2019-2020,2015-16,04,59,Solid Fuel,114.43
2020-06-01,2019-2020,2015-16,04,59,Solid Fuel,114.44
2020-07-01,2020-2021,2015-16,04,59,Solid Fuel,114.45
2020-08-01,2020-2021,2015-16,04,59,Solid Fuel,114.6
2020-09-01,2020-2021,2015-16,04,59,Solid Fuel,114.7
2020-10-01,2020-2021,2015-16,04,59,Solid Fuel,114.89
2020-11-01,2020-2021,2015-16,04,59,Solid Fuel,116.09
2020-12-01,2020-2021,2015-16,04,59,Solid Fuel,119.96
2021-01-01,2020-2021,2015-16,04,59,Solid Fuel,121.54
2021-02-01,2020-2021,2015-16,04,59,Solid Fuel,121.73
2021-03-01,2020-2021,2015-16,04,59,Solid Fuel,121.39
2021-04-01,2020-2021,2015-16,04,59,Solid Fuel,120.94
2021-05-01,2020-2021,2015-16,04,59,Solid Fuel,120.56
2021-06-01,2020-2021,2015-16,04,59,Solid Fuel,120.79
2021-07-01,2021-2022,2015-16,04,59,Solid Fuel,120.73
2021-08-01,2021-2022,2015-16,04,59,Solid Fuel,120.79
2021-09-01,2021-2022,2015-16,04,59,Solid Fuel,120.78
2021-10-01,2021-2022,2015-16,04,59,Solid Fuel,121.03
2021-11-01,2021-2022,2015-16,04,59,Solid Fuel,125.4
2021-12-01,2021-2022,2015-16,04,59,Solid Fuel,128.41
2022-01-01,2021-2022,2015-16,04,59,Solid Fuel,135.04
2022-02-01,2021-2022,2015-16,04,59,Solid Fuel,137.15
2022-03-01,2021-2022,2015-16,04,59,Solid Fuel,137.02
2022-04-01,2021-2022,2015-16,04,59,Solid Fuel,135.65
2022-05-01,2021-2022,2015-16,04,59,Solid Fuel,135.73
2022-06-01,2021-2022,2015-16,04,59,Solid Fuel,136.86
2022-07-01,2022-2023,2015-16,04,59,Solid Fuel,137.45
2022-08-01,2022-2023,2015-16,04,59,Solid Fuel,138.87
2022-09-01,2022-2023,2015-16,04,59,Solid Fuel,143.8
2022-10-01,2022-2023,2015-16,04,59,Solid Fuel,146.3
2022-11-01,2022-2023,2015-16,04,59,Solid Fuel,154.89
2022-12-01,2022-2023,2015-16,04,59,Solid Fuel,165.16
2023-01-01,2022-2023,2015-16,04,59,Solid Fuel,170.49
2023-02-01,2022-2023,2015-16,04,59,Solid Fuel,177.82
2023-03-01,2022-2023,2015-16,04,59,Solid Fuel,178.96
2023-04-01,2022-2023,2015-16,04,59,Solid Fuel,179.01
2023-05-01,2022-2023,2015-16,04,59,Solid Fuel,178.94
2023-06-01,2022-2023,2015-16,04,59,Solid Fuel,179.02
2023-07-01,2023-2024,2015-16,04,59,Solid Fuel,179.19
2023-08-01,2023-2024,2015-16,04,59,Solid Fuel,185.07
2023-09-01,2023-2024,2015-16,04,59,Solid Fuel,185.35
2023-10-01,2023-2024,2015-16,04,59,Solid Fuel,185.98
2023-11-01,2023-2024,2015-16,04,59,Solid Fuel,192.53
2023-12-01,2023-2024,2015-16,04,59,Solid Fuel,197.2
2024-01-01,2023-2024,2015-16,04,59,Solid Fuel,201.02
2024-02-01,2023-2024,2015-16,04,59,Solid Fuel,202.61
2024-03-01,2023-2024,2015-16,04,59,Solid Fuel,203.06
2024-04-01,2023-2024,2015-16,04,59,Solid Fuel,203.67
2024-05-01,2023-2024,2015-16,04,59,Solid Fuel,202.86
2024-06-01,2023-2024,2015-16,04,59,Solid Fuel,202.07
2024-07-01,2024-2025,2015-16,04,59,Solid Fuel,203.51
2024-08-01,2024-2025,2015-16,04,59,Solid Fuel,204.49
2024-09-01,2024-2025,2015-16,04,59,Solid Fuel,204.59
2024-10-01,2024-2025,2015-16,04,59,Solid Fuel,206.59
2024-11-01,2024-2025,2015-16,04,59,Solid Fuel,215.01
2024-12-01,2024-2025,2015-16,04,59,Solid Fuel,225.71
2025-01-01,2024-2025,2015-16,04,59,Solid Fuel,231.37
2025-02-01,2024-2025,2015-16,04,59,Solid Fuel,227.94
2025-03-01,2024-2025,2015-16,04,59,Solid Fuel,228.41
2025-04-01,2024-2025,2015-16,04,59,Solid Fuel,227.08
2025-05-01,2024-2025,2015-16,04,59,Solid Fuel,225.95
2025-06-01,2024-2025,2015-16,04,59,Solid Fuel,224.63
2025-07-01,2025-2026,2015-16,04,59,Solid Fuel,224.94
2025-08-01,2025-2026,2015-16,04,59,Solid Fuel,225.46
2025-09-01,2025-2026,2015-16,04,59,Solid Fuel,226.86
2025-10-01,2025-2026,2015-16,04,59,Solid Fuel,228.56
2025-11-01,2025-2026,2015-16,04,59,Solid Fuel,233.62
2025-12-01,2025-2026,2015-16,04,59,Solid Fuel,240.06
2026-01-01,2025-2026,2015-16,04,59,Solid Fuel,242.09
2026-02-01,2025-2026,2015-16,04,59,Solid Fuel,246.24
2026-03-01,2025-2026,2015-16,04,59,Solid Fuel,247.07
2026-04-01,2025-2026,2015-16,04,59,Solid Fuel,249.04
2026-05-01,2025-2026,2015-16,04,59,Solid Fuel,250.74
2026-06-01,2025-2026,2015-16,04,59,Solid Fuel,250.66
2019-07-01,2019-2020,2015-16,05,00,Furnishing and household equipment maintenance,122.28
2019-08-01,2019-2020,2015-16,05,00,Furnishing and household equipment maintenance,123.05
2019-09-01,2019-2020,2015-16,05,00,Furnishing and household equipment maintenance,123.78
2019-10-01,2019-2020,2015-16,05,00,Furnishing and household equipment maintenance,124.64
2019-11-01,2019-2020,2015-16,05,00,Furnishing and household equipment maintenance,125.7
2019-12-01,2019-2020,2015-16,05,00,Furnishing and household equipment maintenance,126.59
2020-01-01,2019-2020,2015-16,05,00,Furnishing and household equipment maintenance,126.84
2020-02-01,2019-2020,2015-16,05,00,Furnishing and household equipment maintenance,127.57
2020-03-01,2019-2020,2015-16,05,00,Furnishing and household equipment maintenance,128.21
2020-04-01,2019-2020,2015-16,05,00,Furnishing and household equipment maintenance,128.45
2020-05-01,2019-2020,2015-16,05,00,Furnishing and household equipment maintenance,128.8
2020-06-01,2019-2020,2015-16,05,00,Furnishing and household equipment maintenance,129.35
2020-07-01,2020-2021,2015-16,05,00,Furnishing and household equipment maintenance,130.01
2020-08-01,2020-2021,2015-16,05,00,Furnishing and household equipment maintenance,130.64
2020-09-01,2020-2021,2015-16,05,00,Furnishing and household equipment maintenance,131.57
2020-10-01,2020-2021,2015-16,05,00,Furnishing and household equipment maintenance,132.88
2020-11-01,2020-2021,2015-16,05,00,Furnishing and household equipment maintenance,133.72
2020-12-01,2020-2021,2015-16,05,00,Furnishing and household equipment maintenance,134.34
2021-01-01,2020-2021,2015-16,05,00,Furnishing and household equipment maintenance,134.95
2021-02-01,2020-2021,2015-16,05,00,Furnishing and household equipment maintenance,137.06
2021-03-01,2020-2021,2015-16,05,00,Furnishing and household equipment maintenance,138.33
2021-04-01,2020-2021,2015-16,05,00,Furnishing and household equipment maintenance,139.46
2021-05-01,2020-2021,2015-16,05,00,Furnishing and household equipment maintenance,140.17
2021-06-01,2020-2021,2015-16,05,00,Furnishing and household equipment maintenance,140.9
2022-07-01,2022-2023,2015-16,05,00,Furnishing and household equipment maintenance,168.11
2022-08-01,2022-2023,2015-16,05,00,Furnishing and household equipment maintenance,171.9
2022-09-01,2022-2023,2015-16,05,00,Furnishing and household equipment maintenance,179.01
2022-10-01,2022-2023,2015-16,05,00,Furnishing and household equipment maintenance,184.97
2022-11-01,2022-2023,2015-16,05,00,Furnishing and household equipment maintenance,189.7
2022-12-01,2022-2023,2015-16,05,00,Furnishing and household equipment maintenance,194.05
2023-01-01,2022-2023,2015-16,05,00,Furnishing and household equipment maintenance,196.16
2023-02-01,2022-2023,2015-16,05,00,Furnishing and household equipment maintenance,206.59
2023-03-01,2022-2023,2015-16,05,00,Furnishing and household equipment maintenance,217.4
2023-04-01,2022-2023,2015-16,05,00,Furnishing and household equipment maintenance,222.82
2023-05-01,2022-2023,2015-16,05,00,Furnishing and household equipment maintenance,229.36
2023-06-01,2022-2023,2015-16,05,00,Furnishing and household equipment maintenance,233.01
2023-07-01,2023-2024,2015-16,05,00,Furnishing and household equipment maintenance,237.21
2023-08-01,2023-2024,2015-16,05,00,Furnishing and household equipment maintenance,243
2023-09-01,2023-2024,2015-16,05,00,Furnishing and household equipment maintenance,246.47
2023-10-01,2023-2024,2015-16,05,00,Furnishing and household equipment maintenance,248.56
2023-11-01,2023-2024,2015-16,05,00,Furnishing and household equipment maintenance,250.25
2023-12-01,2023-2024,2015-16,05,00,Furnishing and household equipment maintenance,252.29
2024-01-01,2023-2024,2015-16,05,00,Furnishing and household equipment maintenance,253.34
2024-02-01,2023-2024,2015-16,05,00,Furnishing and household equipment maintenance,255.2
2024-03-01,2023-2024,2015-16,05,00,Furnishing and household equipment maintenance,256.37
2024-04-01,2023-2024,2015-16,05,00,Furnishing and household equipment maintenance,257.23
2024-05-01,2023-2024,2015-16,05,00,Furnishing and household equipment maintenance,257.55
2024-06-01,2023-2024,2015-16,05,00,Furnishing and household equipment maintenance,258.39
2024-07-01,2024-2025,2015-16,05,00,Furnishing and household equipment maintenance,259.61
2024-08-01,2024-2025,2015-16,05,00,Furnishing and household equipment maintenance,259.86
2024-09-01,2024-2025,2015-16,05,00,Furnishing and household equipment maintenance,258.43
2024-10-01,2024-2025,2015-16,05,00,Furnishing and household equipment maintenance,261.24
2024-11-01,2024-2025,2015-16,05,00,Furnishing and household equipment maintenance,264.13
2024-12-01,2024-2025,2015-16,05,00,Furnishing and household equipment maintenance,263.2
2025-01-01,2024-2025,2015-16,05,00,Furnishing and household equipment maintenance,264.44
2025-02-01,2024-2025,2015-16,05,00,Furnishing and household equipment maintenance,264.72
2025-03-01,2024-2025,2015-16,05,00,Furnishing and household equipment maintenance,264.94
2025-04-01,2024-2025,2015-16,05,00,Furnishing and household equipment maintenance,267.22
2025-05-01,2024-2025,2015-16,05,00,Furnishing and household equipment maintenance,267.57
2025-06-01,2024-2025,2015-16,05,00,Furnishing and household equipment maintenance,267.58
2019-07-01,2019-2020,2015-16,05,60,Furniture and furnishing,119.52
2019-08-01,2019-2020,2015-16,05,60,Furniture and furnishing,120.43
2019-09-01,2019-2020,2015-16,05,60,Furniture and furnishing,120.94
2019-10-01,2019-2020,2015-16,05,60,Furniture and furnishing,122.94
2019-11-01,2019-2020,2015-16,05,60,Furniture and furnishing,123.59
2019-12-01,2019-2020,2015-16,05,60,Furniture and furnishing,126.9
2020-01-01,2019-2020,2015-16,05,60,Furniture and furnishing,127.19
2020-02-01,2019-2020,2015-16,05,60,Furniture and furnishing,128.23
2020-03-01,2019-2020,2015-16,05,60,Furniture and furnishing,128.32
2020-04-01,2019-2020,2015-16,05,60,Furniture and furnishing,128.32
2020-05-01,2019-2020,2015-16,05,60,Furniture and furnishing,129.15
2020-06-01,2019-2020,2015-16,05,60,Furniture and furnishing,130.08
2020-07-01,2020-2021,2015-16,05,60,Furniture and furnishing,130.99
2020-08-01,2020-2021,2015-16,05,60,Furniture and furnishing,131.85
2020-09-01,2020-2021,2015-16,05,60,Furniture and furnishing,132.35
2020-10-01,2020-2021,2015-16,05,60,Furniture and furnishing,134.87
2020-11-01,2020-2021,2015-16,05,60,Furniture and furnishing,137.1
2020-12-01,2020-2021,2015-16,05,60,Furniture and furnishing,137.74
2021-01-01,2020-2021,2015-16,05,60,Furniture and furnishing,139.61
2021-02-01,2020-2021,2015-16,05,60,Furniture and furnishing,139.84
2021-03-01,2020-2021,2015-16,05,60,Furniture and furnishing,140.45
2021-04-01,2020-2021,2015-16,05,60,Furniture and furnishing,140.98
2021-05-01,2020-2021,2015-16,05,60,Furniture and furnishing,141.22
2021-06-01,2020-2021,2015-16,05,60,Furniture and furnishing,141.76
2021-07-01,2021-2022,2015-16,05,60,Furniture and furnishing,143.57
2021-08-01,2021-2022,2015-16,05,60,Furniture and furnishing,144.24
2021-09-01,2021-2022,2015-16,05,60,Furniture and furnishing,144.91
2021-10-01,2021-2022,2015-16,05,60,Furniture and furnishing,145.12
2021-11-01,2021-2022,2015-16,05,60,Furniture and furnishing,147.02
2021-12-01,2021-2022,2015-16,05,60,Furniture and furnishing,148.91
2022-01-01,2021-2022,2015-16,05,60,Furniture and furnishing,149.88
2022-02-01,2021-2022,2015-16,05,60,Furniture and furnishing,150.38
2022-03-01,2021-2022,2015-16,05,60,Furniture and furnishing,154.19
2022-04-01,2021-2022,2015-16,05,60,Furniture and furnishing,155.65
2022-05-01,2021-2022,2015-16,05,60,Furniture and furnishing,159.48
2022-06-01,2021-2022,2015-16,05,60,Furniture and furnishing,162.78
2022-07-01,2022-2023,2015-16,05,60,Furniture and furnishing,164.9
2022-08-01,2022-2023,2015-16,05,60,Furniture and furnishing,168.75
2022-09-01,2022-2023,2015-16,05,60,Furniture and furnishing,172.49
2022-10-01,2022-2023,2015-16,05,60,Furniture and furnishing,177.89
2022-11-01,2022-2023,2015-16,05,60,Furniture and furnishing,181.23
2022-12-01,2022-2023,2015-16,05,60,Furniture and furnishing,182.82
2023-01-01,2022-2023,2015-16,05,60,Furniture and furnishing,185.41
2023-02-01,2022-2023,2015-16,05,60,Furniture and furnishing,193.32
2023-03-01,2022-2023,2015-16,05,60,Furniture and furnishing,199.22
2023-04-01,2022-2023,2015-16,05,60,Furniture and furnishing,201.34
2023-05-01,2022-2023,2015-16,05,60,Furniture and furnishing,205.25
2023-06-01,2022-2023,2015-16,05,60,Furniture and furnishing,207.75
2023-07-01,2023-2024,2015-16,05,60,Furniture and furnishing,209.14
2023-08-01,2023-2024,2015-16,05,60,Furniture and furnishing,216.34
2023-09-01,2023-2024,2015-16,05,60,Furniture and furnishing,219.12
2023-10-01,2023-2024,2015-16,05,60,Furniture and furnishing,223.42
2023-11-01,2023-2024,2015-16,05,60,Furniture and furnishing,225.26
2023-12-01,2023-2024,2015-16,05,60,Furniture and furnishing,234.17
2024-01-01,2023-2024,2015-16,05,60,Furniture and furnishing,237.67
2024-02-01,2023-2024,2015-16,05,60,Furniture and furnishing,241.9
2024-03-01,2023-2024,2015-16,05,60,Furniture and furnishing,243.45
2024-04-01,2023-2024,2015-16,05,60,Furniture and furnishing,243.67
2024-05-01,2023-2024,2015-16,05,60,Furniture and furnishing,244.56
2024-06-01,2023-2024,2015-16,05,60,Furniture and furnishing,245.76
2024-07-01,2024-2025,2015-16,05,60,Furniture and furnishing,247.48
2024-08-01,2024-2025,2015-16,05,60,Furniture and furnishing,247.94
2024-09-01,2024-2025,2015-16,05,60,Furniture and furnishing,248.64
2024-10-01,2024-2025,2015-16,05,60,Furniture and furnishing,253.65
2024-11-01,2024-2025,2015-16,05,60,Furniture and furnishing,254.06
2024-12-01,2024-2025,2015-16,05,60,Furniture and furnishing,254.91
2025-01-01,2024-2025,2015-16,05,60,Furniture and furnishing,256.78
2025-02-01,2024-2025,2015-16,05,60,Furniture and furnishing,258.02
2025-03-01,2024-2025,2015-16,05,60,Furniture and furnishing,258.89
2025-04-01,2024-2025,2015-16,05,60,Furniture and furnishing,259.43
2025-05-01,2024-2025,2015-16,05,60,Furniture and furnishing,260.05
2025-06-01,2024-2025,2015-16,05,60,Furniture and furnishing,260.45
2025-07-01,2025-2026,2015-16,05,60,Furniture and furnishing,261.25
2025-08-01,2025-2026,2015-16,05,60,Furniture and furnishing,262.63
2025-09-01,2025-2026,2015-16,05,60,Furniture and furnishing,263.17
2025-10-01,2025-2026,2015-16,05,60,Furniture and furnishing,263.79
2025-11-01,2025-2026,2015-16,05,60,Furniture and furnishing,264.29
2025-12-01,2025-2026,2015-16,05,60,Furniture and furnishing,264.74
2026-01-01,2025-2026,2015-16,05,60,Furniture and furnishing,265.06
2026-02-01,2025-2026,2015-16,05,60,Furniture and furnishing,265.61
2026-03-01,2025-2026,2015-16,05,60,Furniture and furnishing,267.4
2026-04-01,2025-2026,2015-16,05,60,Furniture and furnishing,269.47
2026-05-01,2025-2026,2015-16,05,60,Furniture and furnishing,271.74
2026-06-01,2025-2026,2015-16,05,60,Furniture and furnishing,275.02
2019-07-01,2019-2020,2015-16,05,61,Carpets,106.49
2019-08-01,2019-2020,2015-16,05,61,Carpets,107.32
2019-09-01,2019-2020,2015-16,05,61,Carpets,107.34
2019-10-01,2019-2020,2015-16,05,61,Carpets,107.59
2019-11-01,2019-2020,2015-16,05,61,Carpets,107.59
2019-12-01,2019-2020,2015-16,05,61,Carpets,107.52
2020-01-01,2019-2020,2015-16,05,61,Carpets,107.45
2020-02-01,2019-2020,2015-16,05,61,Carpets,110.97
2020-03-01,2019-2020,2015-16,05,61,Carpets,111.09
2020-04-01,2019-2020,2015-16,05,61,Carpets,111.09
2020-05-01,2019-2020,2015-16,05,61,Carpets,111.16
2020-06-01,2019-2020,2015-16,05,61,Carpets,111.18
2020-07-01,2020-2021,2015-16,05,61,Carpets,112.03
2020-08-01,2020-2021,2015-16,05,61,Carpets,112.09
2020-09-01,2020-2021,2015-16,05,61,Carpets,112.12
2020-10-01,2020-2021,2015-16,05,61,Carpets,112.53
2020-11-01,2020-2021,2015-16,05,61,Carpets,112.55
2020-12-01,2020-2021,2015-16,05,61,Carpets,112.67
2021-01-01,2020-2021,2015-16,05,61,Carpets,112.8
2021-02-01,2020-2021,2015-16,05,61,Carpets,112.8
2021-03-01,2020-2021,2015-16,05,61,Carpets,113.21
2021-04-01,2020-2021,2015-16,05,61,Carpets,113.21
2021-05-01,2020-2021,2015-16,05,61,Carpets,113.24
2021-06-01,2020-2021,2015-16,05,61,Carpets,113.24
2021-07-01,2021-2022,2015-16,05,61,Carpets,113.24
2021-08-01,2021-2022,2015-16,05,61,Carpets,113.69
2021-09-01,2021-2022,2015-16,05,61,Carpets,113.92
2021-10-01,2021-2022,2015-16,05,61,Carpets,113.97
2021-11-01,2021-2022,2015-16,05,61,Carpets,118.08
2021-12-01,2021-2022,2015-16,05,61,Carpets,121.31
2022-01-01,2021-2022,2015-16,05,61,Carpets,121.35
2022-02-01,2021-2022,2015-16,05,61,Carpets,121.67
2022-03-01,2021-2022,2015-16,05,61,Carpets,121.86
2022-04-01,2021-2022,2015-16,05,61,Carpets,121.93
2022-05-01,2021-2022,2015-16,05,61,Carpets,122.02
2022-06-01,2021-2022,2015-16,05,61,Carpets,125.72
2022-07-01,2022-2023,2015-16,05,61,Carpets,125.99
2022-08-01,2022-2023,2015-16,05,61,Carpets,128.62
2022-09-01,2022-2023,2015-16,05,61,Carpets,129.13
2022-10-01,2022-2023,2015-16,05,61,Carpets,129.24
2022-11-01,2022-2023,2015-16,05,61,Carpets,131.62
2022-12-01,2022-2023,2015-16,05,61,Carpets,131.78
2023-01-01,2022-2023,2015-16,05,61,Carpets,132.62
2023-02-01,2022-2023,2015-16,05,61,Carpets,134.27
2023-03-01,2022-2023,2015-16,05,61,Carpets,140.05
2023-04-01,2022-2023,2015-16,05,61,Carpets,142.18
2023-05-01,2022-2023,2015-16,05,61,Carpets,143.3
2023-06-01,2022-2023,2015-16,05,61,Carpets,143.94
2023-07-01,2023-2024,2015-16,05,61,Carpets,144.9
2023-08-01,2023-2024,2015-16,05,61,Carpets,145.08
2023-09-01,2023-2024,2015-16,05,61,Carpets,145.88
2023-10-01,2023-2024,2015-16,05,61,Carpets,146
2023-11-01,2023-2024,2015-16,05,61,Carpets,146.55
2023-12-01,2023-2024,2015-16,05,61,Carpets,147.23
2024-01-01,2023-2024,2015-16,05,61,Carpets,147.94
2024-02-01,2023-2024,2015-16,05,61,Carpets,148.03
2024-03-01,2023-2024,2015-16,05,61,Carpets,148.03
2024-04-01,2023-2024,2015-16,05,61,Carpets,148.08
2024-05-01,2023-2024,2015-16,05,61,Carpets,148.38
2024-06-01,2023-2024,2015-16,05,61,Carpets,148.42
2024-07-01,2024-2025,2015-16,05,61,Carpets,149.02
2024-08-01,2024-2025,2015-16,05,61,Carpets,149.43
2024-09-01,2024-2025,2015-16,05,61,Carpets,149.43
2024-10-01,2024-2025,2015-16,05,61,Carpets,150.43
2024-11-01,2024-2025,2015-16,05,61,Carpets,150.55
2024-12-01,2024-2025,2015-16,05,61,Carpets,150.75
2025-01-01,2024-2025,2015-16,05,61,Carpets,150.8
2025-02-01,2024-2025,2015-16,05,61,Carpets,150.8
2025-03-01,2024-2025,2015-16,05,61,Carpets,150.8
2025-04-01,2024-2025,2015-16,05,61,Carpets,150.8
2025-05-01,2024-2025,2015-16,05,61,Carpets,150.8
2025-06-01,2024-2025,2015-16,05,61,Carpets,154.05
2025-07-01,2025-2026,2015-16,05,61,Carpets,154.07
2025-08-01,2025-2026,2015-16,05,61,Carpets,154.14
2025-09-01,2025-2026,2015-16,05,61,Carpets,154.28
2025-10-01,2025-2026,2015-16,05,61,Carpets,154.92
2025-11-01,2025-2026,2015-16,05,61,Carpets,157
2025-12-01,2025-2026,2015-16,05,61,Carpets,157.04
2026-01-01,2025-2026,2015-16,05,61,Carpets,157.16
2026-02-01,2025-2026,2015-16,05,61,Carpets,157.75
2026-03-01,2025-2026,2015-16,05,61,Carpets,158.14
2026-04-01,2025-2026,2015-16,05,61,Carpets,157.91
2026-05-01,2025-2026,2015-16,05,61,Carpets,159.35
2026-06-01,2025-2026,2015-16,05,61,Carpets,159.33
2019-07-01,2019-2020,2015-16,05,62,Household textiles,121.89
2019-08-01,2019-2020,2015-16,05,62,Household textiles,122.53
2019-09-01,2019-2020,2015-16,05,62,Household textiles,122.73
2019-10-01,2019-2020,2015-16,05,62,Household textiles,123.48
2019-11-01,2019-2020,2015-16,05,62,Household textiles,124.17
2019-12-01,2019-2020,2015-16,05,62,Household textiles,124.36
2020-01-01,2019-2020,2015-16,05,62,Household textiles,124.51
2020-02-01,2019-2020,2015-16,05,62,Household textiles,125.08
2020-03-01,2019-2020,2015-16,05,62,Household textiles,125.71
2020-04-01,2019-2020,2015-16,05,62,Household textiles,125.71
2020-05-01,2019-2020,2015-16,05,62,Household textiles,125.82
2020-06-01,2019-2020,2015-16,05,62,Household textiles,125.85
2020-07-01,2020-2021,2015-16,05,62,Household textiles,126.11
2020-08-01,2020-2021,2015-16,05,62,Household textiles,126.95
2020-09-01,2020-2021,2015-16,05,62,Household textiles,127.04
2020-10-01,2020-2021,2015-16,05,62,Household textiles,128.77
2020-11-01,2020-2021,2015-16,05,62,Household textiles,131.89
2020-12-01,2020-2021,2015-16,05,62,Household textiles,132.73
2021-01-01,2020-2021,2015-16,05,62,Household textiles,133.54
2021-02-01,2020-2021,2015-16,05,62,Household textiles,134.43
2021-03-01,2020-2021,2015-16,05,62,Household textiles,134.74
2021-04-01,2020-2021,2015-16,05,62,Household textiles,134.76
2021-05-01,2020-2021,2015-16,05,62,Household textiles,135.27
2021-06-01,2020-2021,2015-16,05,62,Household textiles,135.27
2021-07-01,2021-2022,2015-16,05,62,Household textiles,135.54
2021-08-01,2021-2022,2015-16,05,62,Household textiles,135.54
2021-09-01,2021-2022,2015-16,05,62,Household textiles,135.57
2021-10-01,2021-2022,2015-16,05,62,Household textiles,136.05
2021-11-01,2021-2022,2015-16,05,62,Household textiles,137.22
2021-12-01,2021-2022,2015-16,05,62,Household textiles,139.57
2022-01-01,2021-2022,2015-16,05,62,Household textiles,140.23
2022-02-01,2021-2022,2015-16,05,62,Household textiles,141.86
2022-03-01,2021-2022,2015-16,05,62,Household textiles,142.76
2022-04-01,2021-2022,2015-16,05,62,Household textiles,142.81
2022-05-01,2021-2022,2015-16,05,62,Household textiles,143.16
2022-06-01,2021-2022,2015-16,05,62,Household textiles,144.9
2022-07-01,2022-2023,2015-16,05,62,Household textiles,145.37
2022-08-01,2022-2023,2015-16,05,62,Household textiles,145.55
2022-09-01,2022-2023,2015-16,05,62,Household textiles,145.97
2022-10-01,2022-2023,2015-16,05,62,Household textiles,150.38
2022-11-01,2022-2023,2015-16,05,62,Household textiles,158.69
2022-12-01,2022-2023,2015-16,05,62,Household textiles,160.06
2023-01-01,2022-2023,2015-16,05,62,Household textiles,160.64
2023-02-01,2022-2023,2015-16,05,62,Household textiles,161.42
2023-03-01,2022-2023,2015-16,05,62,Household textiles,166.48
2023-04-01,2022-2023,2015-16,05,62,Household textiles,167.72
2023-05-01,2022-2023,2015-16,05,62,Household textiles,168.2
2023-06-01,2022-2023,2015-16,05,62,Household textiles,168.3
2023-07-01,2023-2024,2015-16,05,62,Household textiles,168.76
2023-08-01,2023-2024,2015-16,05,62,Household textiles,169.11
2023-09-01,2023-2024,2015-16,05,62,Household textiles,169.55
2023-10-01,2023-2024,2015-16,05,62,Household textiles,172.37
2023-11-01,2023-2024,2015-16,05,62,Household textiles,176.86
2023-12-01,2023-2024,2015-16,05,62,Household textiles,180.4
2024-01-01,2023-2024,2015-16,05,62,Household textiles,182.37
2024-02-01,2023-2024,2015-16,05,62,Household textiles,182.52
2024-03-01,2023-2024,2015-16,05,62,Household textiles,182.73
2024-04-01,2023-2024,2015-16,05,62,Household textiles,183.22
2024-05-01,2023-2024,2015-16,05,62,Household textiles,183.6
2024-06-01,2023-2024,2015-16,05,62,Household textiles,184.36
2024-07-01,2024-2025,2015-16,05,62,Household textiles,185.25
2024-08-01,2024-2025,2015-16,05,62,Household textiles,185.82
2024-09-01,2024-2025,2015-16,05,62,Household textiles,186.36
2024-10-01,2024-2025,2015-16,05,62,Household textiles,193.65
2024-11-01,2024-2025,2015-16,05,62,Household textiles,198.51
2024-12-01,2024-2025,2015-16,05,62,Household textiles,207.66
2025-01-01,2024-2025,2015-16,05,62,Household textiles,208.18
2025-02-01,2024-2025,2015-16,05,62,Household textiles,208.77
2025-03-01,2024-2025,2015-16,05,62,Household textiles,208.79
2025-04-01,2024-2025,2015-16,05,62,Household textiles,209.12
2025-05-01,2024-2025,2015-16,05,62,Household textiles,209.85
2025-06-01,2024-2025,2015-16,05,62,Household textiles,210.1
2025-07-01,2025-2026,2015-16,05,62,Household textiles,210.16
2025-08-01,2025-2026,2015-16,05,62,Household textiles,210.31
2025-09-01,2025-2026,2015-16,05,62,Household textiles,212.08
2025-10-01,2025-2026,2015-16,05,62,Household textiles,212.86
2025-11-01,2025-2026,2015-16,05,62,Household textiles,214.05
2025-12-01,2025-2026,2015-16,05,62,Household textiles,214.73
2026-01-01,2025-2026,2015-16,05,62,Household textiles,215.43
2026-02-01,2025-2026,2015-16,05,62,Household textiles,215.67
2026-03-01,2025-2026,2015-16,05,62,Household textiles,215.92
2026-04-01,2025-2026,2015-16,05,62,Household textiles,216.5
2026-05-01,2025-2026,2015-16,05,62,Household textiles,217.08
2026-06-01,2025-2026,2015-16,05,62,Household textiles,216.76
2019-07-01,2019-2020,2015-16,05,63,Household equipments,121.02
2019-08-01,2019-2020,2015-16,05,63,Household equipments,121.61
2019-09-01,2019-2020,2015-16,05,63,Household equipments,123.08
2019-10-01,2019-2020,2015-16,05,63,Household equipments,123.38
2019-11-01,2019-2020,2015-16,05,63,Household equipments,123.84
2019-12-01,2019-2020,2015-16,05,63,Household equipments,125.07
2020-01-01,2019-2020,2015-16,05,63,Household equipments,125.47
2020-02-01,2019-2020,2015-16,05,63,Household equipments,125.99
2020-03-01,2019-2020,2015-16,05,63,Household equipments,127.53
2020-04-01,2019-2020,2015-16,05,63,Household equipments,127.53
2020-05-01,2019-2020,2015-16,05,63,Household equipments,128
2020-06-01,2019-2020,2015-16,05,63,Household equipments,129.09
2020-07-01,2020-2021,2015-16,05,63,Household equipments,129.93
2020-08-01,2020-2021,2015-16,05,63,Household equipments,131.38
2020-09-01,2020-2021,2015-16,05,63,Household equipments,131.92
2020-10-01,2020-2021,2015-16,05,63,Household equipments,133.08
2020-11-01,2020-2021,2015-16,05,63,Household equipments,133.21
2020-12-01,2020-2021,2015-16,05,63,Household equipments,133.37
2021-01-01,2020-2021,2015-16,05,63,Household equipments,134.03
2021-02-01,2020-2021,2015-16,05,63,Household equipments,136.47
2021-03-01,2020-2021,2015-16,05,63,Household equipments,138.46
2021-04-01,2020-2021,2015-16,05,63,Household equipments,140.94
2021-05-01,2020-2021,2015-16,05,63,Household equipments,141.72
2021-06-01,2020-2021,2015-16,05,63,Household equipments,142.73
2021-07-01,2021-2022,2015-16,05,63,Household equipments,145.78
2021-08-01,2021-2022,2015-16,05,63,Household equipments,146.49
2021-09-01,2021-2022,2015-16,05,63,Household equipments,147.6
2021-10-01,2021-2022,2015-16,05,63,Household equipments,148.64
2021-11-01,2021-2022,2015-16,05,63,Household equipments,149.76
2021-12-01,2021-2022,2015-16,05,63,Household equipments,152.32
2022-01-01,2021-2022,2015-16,05,63,Household equipments,152.64
2022-02-01,2021-2022,2015-16,05,63,Household equipments,153.72
2022-03-01,2021-2022,2015-16,05,63,Household equipments,156.11
2022-04-01,2021-2022,2015-16,05,63,Household equipments,162.17
2022-05-01,2021-2022,2015-16,05,63,Household equipments,165.49
2022-06-01,2021-2022,2015-16,05,63,Household equipments,169.74
2022-07-01,2022-2023,2015-16,05,63,Household equipments,171.13
2022-08-01,2022-2023,2015-16,05,63,Household equipments,173.47
2022-09-01,2022-2023,2015-16,05,63,Household equipments,176.98
2022-10-01,2022-2023,2015-16,05,63,Household equipments,180.45
2022-11-01,2022-2023,2015-16,05,63,Household equipments,182.62
2022-12-01,2022-2023,2015-16,05,63,Household equipments,183.32
2023-01-01,2022-2023,2015-16,05,63,Household equipments,184.43
2023-02-01,2022-2023,2015-16,05,63,Household equipments,200.41
2023-03-01,2022-2023,2015-16,05,63,Household equipments,221.57
2023-04-01,2022-2023,2015-16,05,63,Household equipments,228.57
2023-05-01,2022-2023,2015-16,05,63,Household equipments,234.55
2023-06-01,2022-2023,2015-16,05,63,Household equipments,237.3
2023-07-01,2023-2024,2015-16,05,63,Household equipments,240.39
2023-08-01,2023-2024,2015-16,05,63,Household equipments,243.38
2023-09-01,2023-2024,2015-16,05,63,Household equipments,245.76
2023-10-01,2023-2024,2015-16,05,63,Household equipments,247.68
2023-11-01,2023-2024,2015-16,05,63,Household equipments,248.41
2023-12-01,2023-2024,2015-16,05,63,Household equipments,249.94
2024-01-01,2023-2024,2015-16,05,63,Household equipments,250.74
2024-02-01,2023-2024,2015-16,05,63,Household equipments,251.31
2024-03-01,2023-2024,2015-16,05,63,Household equipments,251.94
2024-04-01,2023-2024,2015-16,05,63,Household equipments,253.43
2024-05-01,2023-2024,2015-16,05,63,Household equipments,253.08
2024-06-01,2023-2024,2015-16,05,63,Household equipments,253.69
2024-07-01,2024-2025,2015-16,05,63,Household equipments,255.56
2024-08-01,2024-2025,2015-16,05,63,Household equipments,256.45
2024-09-01,2024-2025,2015-16,05,63,Household equipments,255.31
2024-10-01,2024-2025,2015-16,05,63,Household equipments,261.92
2024-11-01,2024-2025,2015-16,05,63,Household equipments,263.5
2024-12-01,2024-2025,2015-16,05,63,Household equipments,263.75
2025-01-01,2024-2025,2015-16,05,63,Household equipments,264.71
2025-02-01,2024-2025,2015-16,05,63,Household equipments,265.44
2025-03-01,2024-2025,2015-16,05,63,Household equipments,265.51
2025-04-01,2024-2025,2015-16,05,63,Household equipments,270.94
2025-05-01,2024-2025,2015-16,05,63,Household equipments,271.42
2025-06-01,2024-2025,2015-16,05,63,Household equipments,271.99
2025-07-01,2025-2026,2015-16,05,63,Household equipments,273.09
2025-08-01,2025-2026,2015-16,05,63,Household equipments,273.66
2025-09-01,2025-2026,2015-16,05,63,Household equipments,274.22
2025-10-01,2025-2026,2015-16,05,63,Household equipments,276.53
2025-11-01,2025-2026,2015-16,05,63,Household equipments,277.04
2025-12-01,2025-2026,2015-16,05,63,Household equipments,277.49
2026-01-01,2025-2026,2015-16,05,63,Household equipments,277.54
2026-02-01,2025-2026,2015-16,05,63,Household equipments,278.43
2026-03-01,2025-2026,2015-16,05,63,Household equipments,280.78
2026-04-01,2025-2026,2015-16,05,63,Household equipments,283.4
2026-05-01,2025-2026,2015-16,05,63,Household equipments,288.41
2026-06-01,2025-2026,2015-16,05,63,Household equipments,289.08
2019-07-01,2019-2020,2015-16,05,64,Plastic products,114.06
2019-08-01,2019-2020,2015-16,05,64,Plastic products,114.39
2019-09-01,2019-2020,2015-16,05,64,Plastic products,114.78
2019-10-01,2019-2020,2015-16,05,64,Plastic products,115.02
2019-11-01,2019-2020,2015-16,05,64,Plastic products,115.84
2019-12-01,2019-2020,2015-16,05,64,Plastic products,115.87
2020-01-01,2019-2020,2015-16,05,64,Plastic products,115.88
2020-02-01,2019-2020,2015-16,05,64,Plastic products,116.63
2020-03-01,2019-2020,2015-16,05,64,Plastic products,116.63
2020-04-01,2019-2020,2015-16,05,64,Plastic products,116.63
2020-05-01,2019-2020,2015-16,05,64,Plastic products,116.84
2020-06-01,2019-2020,2015-16,05,64,Plastic products,116.93
2020-07-01,2020-2021,2015-16,05,64,Plastic products,117.68
2020-08-01,2020-2021,2015-16,05,64,Plastic products,118.25
2020-09-01,2020-2021,2015-16,05,64,Plastic products,119.17
2020-10-01,2020-2021,2015-16,05,64,Plastic products,119.25
2020-11-01,2020-2021,2015-16,05,64,Plastic products,119.52
2020-12-01,2020-2021,2015-16,05,64,Plastic products,120.06
2021-01-01,2020-2021,2015-16,05,64,Plastic products,120.09
2021-02-01,2020-2021,2015-16,05,64,Plastic products,120.73
2021-03-01,2020-2021,2015-16,05,64,Plastic products,121.98
2021-04-01,2020-2021,2015-16,05,64,Plastic products,122.42
2021-05-01,2020-2021,2015-16,05,64,Plastic products,122.61
2021-06-01,2020-2021,2015-16,05,64,Plastic products,122.71
2021-07-01,2021-2022,2015-16,05,64,Plastic products,125.7
2021-08-01,2021-2022,2015-16,05,64,Plastic products,126.43
2021-09-01,2021-2022,2015-16,05,64,Plastic products,131.04
2021-10-01,2021-2022,2015-16,05,64,Plastic products,131.53
2021-11-01,2021-2022,2015-16,05,64,Plastic products,132.29
2021-12-01,2021-2022,2015-16,05,64,Plastic products,133.03
2022-01-01,2021-2022,2015-16,05,64,Plastic products,134.17
2022-02-01,2021-2022,2015-16,05,64,Plastic products,134.53
2022-03-01,2021-2022,2015-16,05,64,Plastic products,135.42
2022-04-01,2021-2022,2015-16,05,64,Plastic products,136.1
2022-05-01,2021-2022,2015-16,05,64,Plastic products,142.57
2022-06-01,2021-2022,2015-16,05,64,Plastic products,148.09
2022-07-01,2022-2023,2015-16,05,64,Plastic products,150.17
2022-08-01,2022-2023,2015-16,05,64,Plastic products,150.67
2022-09-01,2022-2023,2015-16,05,64,Plastic products,158.42
2022-10-01,2022-2023,2015-16,05,64,Plastic products,158.76
2022-11-01,2022-2023,2015-16,05,64,Plastic products,160.98
2022-12-01,2022-2023,2015-16,05,64,Plastic products,161.78
2023-01-01,2022-2023,2015-16,05,64,Plastic products,162.95
2023-02-01,2022-2023,2015-16,05,64,Plastic products,169.88
2023-03-01,2022-2023,2015-16,05,64,Plastic products,174.77
2023-04-01,2022-2023,2015-16,05,64,Plastic products,177.73
2023-05-01,2022-2023,2015-16,05,64,Plastic products,183.41
2023-06-01,2022-2023,2015-16,05,64,Plastic products,188.52
2023-07-01,2023-2024,2015-16,05,64,Plastic products,190.7
2023-08-01,2023-2024,2015-16,05,64,Plastic products,191.57
2023-09-01,2023-2024,2015-16,05,64,Plastic products,197.77
2023-10-01,2023-2024,2015-16,05,64,Plastic products,198.88
2023-11-01,2023-2024,2015-16,05,64,Plastic products,199.43
2023-12-01,2023-2024,2015-16,05,64,Plastic products,202.12
2024-01-01,2023-2024,2015-16,05,64,Plastic products,204.11
2024-02-01,2023-2024,2015-16,05,64,Plastic products,204.5
2024-03-01,2023-2024,2015-16,05,64,Plastic products,205.44
2024-04-01,2023-2024,2015-16,05,64,Plastic products,206.18
2024-05-01,2023-2024,2015-16,05,64,Plastic products,206.97
2024-06-01,2023-2024,2015-16,05,64,Plastic products,206.97
2024-07-01,2024-2025,2015-16,05,64,Plastic products,209.84
2024-08-01,2024-2025,2015-16,05,64,Plastic products,212.01
2024-09-01,2024-2025,2015-16,05,64,Plastic products,214.4
2024-10-01,2024-2025,2015-16,05,64,Plastic products,215.58
2024-11-01,2024-2025,2015-16,05,64,Plastic products,216.13
2024-12-01,2024-2025,2015-16,05,64,Plastic products,217.79
2025-01-01,2024-2025,2015-16,05,64,Plastic products,219.27
2025-02-01,2024-2025,2015-16,05,64,Plastic products,220.66
2025-03-01,2024-2025,2015-16,05,64,Plastic products,222.91
2025-04-01,2024-2025,2015-16,05,64,Plastic products,223.33
2025-05-01,2024-2025,2015-16,05,64,Plastic products,223.4
2025-06-01,2024-2025,2015-16,05,64,Plastic products,225.11
2025-07-01,2025-2026,2015-16,05,64,Plastic products,233.54
2025-08-01,2025-2026,2015-16,05,64,Plastic products,233.56
2025-09-01,2025-2026,2015-16,05,64,Plastic products,233.65
2025-10-01,2025-2026,2015-16,05,64,Plastic products,233.69
2025-11-01,2025-2026,2015-16,05,64,Plastic products,233.93
2025-12-01,2025-2026,2015-16,05,64,Plastic products,233.93
2026-01-01,2025-2026,2015-16,05,64,Plastic products,234.53
2026-02-01,2025-2026,2015-16,05,64,Plastic products,234.65
2026-03-01,2025-2026,2015-16,05,64,Plastic products,236.8
2026-04-01,2025-2026,2015-16,05,64,Plastic products,238.8
2026-05-01,2025-2026,2015-16,05,64,Plastic products,245.08
2026-06-01,2025-2026,2015-16,05,64,Plastic products,246.44
2019-07-01,2019-2020,2015-16,05,65,Major tools & equipments,117.75
2019-08-01,2019-2020,2015-16,05,65,Major tools & equipments,117.82
2019-09-01,2019-2020,2015-16,05,65,Major tools & equipments,118.29
2019-10-01,2019-2020,2015-16,05,65,Major tools & equipments,118.31
2019-11-01,2019-2020,2015-16,05,65,Major tools & equipments,119.1
2019-12-01,2019-2020,2015-16,05,65,Major tools & equipments,119.1
2020-01-01,2019-2020,2015-16,05,65,Major tools & equipments,119.44
2020-02-01,2019-2020,2015-16,05,65,Major tools & equipments,119.93
2020-03-01,2019-2020,2015-16,05,65,Major tools & equipments,120.32
2020-04-01,2019-2020,2015-16,05,65,Major tools & equipments,120.32
2020-05-01,2019-2020,2015-16,05,65,Major tools & equipments,120.39
2020-06-01,2019-2020,2015-16,05,65,Major tools & equipments,121.25
2020-07-01,2020-2021,2015-16,05,65,Major tools & equipments,125.72
2020-08-01,2020-2021,2015-16,05,65,Major tools & equipments,127.98
2020-09-01,2020-2021,2015-16,05,65,Major tools & equipments,128.4
2020-10-01,2020-2021,2015-16,05,65,Major tools & equipments,128.73
2020-11-01,2020-2021,2015-16,05,65,Major tools & equipments,129.26
2020-12-01,2020-2021,2015-16,05,65,Major tools & equipments,133.83
2021-01-01,2020-2021,2015-16,05,65,Major tools & equipments,135.02
2021-02-01,2020-2021,2015-16,05,65,Major tools & equipments,137.05
2021-03-01,2020-2021,2015-16,05,65,Major tools & equipments,137.94
2021-04-01,2020-2021,2015-16,05,65,Major tools & equipments,138.44
2021-05-01,2020-2021,2015-16,05,65,Major tools & equipments,138.51
2021-06-01,2020-2021,2015-16,05,65,Major tools & equipments,138.62
2021-07-01,2021-2022,2015-16,05,65,Major tools & equipments,138.67
2021-08-01,2021-2022,2015-16,05,65,Major tools & equipments,138.91
2021-09-01,2021-2022,2015-16,05,65,Major tools & equipments,138.91
2021-10-01,2021-2022,2015-16,05,65,Major tools & equipments,139.53
2021-11-01,2021-2022,2015-16,05,65,Major tools & equipments,140.06
2021-12-01,2021-2022,2015-16,05,65,Major tools & equipments,147.86
2022-01-01,2021-2022,2015-16,05,65,Major tools & equipments,149.89
2022-02-01,2021-2022,2015-16,05,65,Major tools & equipments,151.49
2022-03-01,2021-2022,2015-16,05,65,Major tools & equipments,152.12
2022-04-01,2021-2022,2015-16,05,65,Major tools & equipments,158.97
2022-05-01,2021-2022,2015-16,05,65,Major tools & equipments,162.15
2022-06-01,2021-2022,2015-16,05,65,Major tools & equipments,167.93
2022-07-01,2022-2023,2015-16,05,65,Major tools & equipments,169.47
2022-08-01,2022-2023,2015-16,05,65,Major tools & equipments,170.05
2022-09-01,2022-2023,2015-16,05,65,Major tools & equipments,171.69
2022-10-01,2022-2023,2015-16,05,65,Major tools & equipments,173.63
2022-11-01,2022-2023,2015-16,05,65,Major tools & equipments,174.41
2022-12-01,2022-2023,2015-16,05,65,Major tools & equipments,174.6
2023-01-01,2022-2023,2015-16,05,65,Major tools & equipments,179.46
2023-02-01,2022-2023,2015-16,05,65,Major tools & equipments,188.8
2023-03-01,2022-2023,2015-16,05,65,Major tools & equipments,204.25
2023-04-01,2022-2023,2015-16,05,65,Major tools & equipments,206.53
2023-05-01,2022-2023,2015-16,05,65,Major tools & equipments,208.4
2023-06-01,2022-2023,2015-16,05,65,Major tools & equipments,208.84
2023-07-01,2023-2024,2015-16,05,65,Major tools & equipments,209.47
2023-08-01,2023-2024,2015-16,05,65,Major tools & equipments,210.49
2023-09-01,2023-2024,2015-16,05,65,Major tools & equipments,213.59
2023-10-01,2023-2024,2015-16,05,65,Major tools & equipments,216.94
2023-11-01,2023-2024,2015-16,05,65,Major tools & equipments,218.33
2023-12-01,2023-2024,2015-16,05,65,Major tools & equipments,220.42
2024-01-01,2023-2024,2015-16,05,65,Major tools & equipments,221.17
2024-02-01,2023-2024,2015-16,05,65,Major tools & equipments,221.18
2024-03-01,2023-2024,2015-16,05,65,Major tools & equipments,222.76
2024-04-01,2023-2024,2015-16,05,65,Major tools & equipments,224.12
2024-05-01,2023-2024,2015-16,05,65,Major tools & equipments,224.12
2024-06-01,2023-2024,2015-16,05,65,Major tools & equipments,225.82
2024-07-01,2024-2025,2015-16,05,65,Major tools & equipments,230.32
2024-08-01,2024-2025,2015-16,05,65,Major tools & equipments,232.35
2024-09-01,2024-2025,2015-16,05,65,Major tools & equipments,232.96
2024-10-01,2024-2025,2015-16,05,65,Major tools & equipments,234.27
2024-11-01,2024-2025,2015-16,05,65,Major tools & equipments,233.96
2024-12-01,2024-2025,2015-16,05,65,Major tools & equipments,237.52
2025-01-01,2024-2025,2015-16,05,65,Major tools & equipments,238.7
2025-02-01,2024-2025,2015-16,05,65,Major tools & equipments,241.46
2025-03-01,2024-2025,2015-16,05,65,Major tools & equipments,242
2025-04-01,2024-2025,2015-16,05,65,Major tools & equipments,243.43
2025-05-01,2024-2025,2015-16,05,65,Major tools & equipments,246.43
2025-06-01,2024-2025,2015-16,05,65,Major tools & equipments,250.4
2025-07-01,2025-2026,2015-16,05,65,Major tools & equipments,250.42
2025-08-01,2025-2026,2015-16,05,65,Major tools & equipments,251.27
2025-09-01,2025-2026,2015-16,05,65,Major tools & equipments,251.7
2025-10-01,2025-2026,2015-16,05,65,Major tools & equipments,252.17
2025-11-01,2025-2026,2015-16,05,65,Major tools & equipments,252.56
2025-12-01,2025-2026,2015-16,05,65,Major tools & equipments,253.31
2026-01-01,2025-2026,2015-16,05,65,Major tools & equipments,257.67
2026-02-01,2025-2026,2015-16,05,65,Major tools & equipments,258.12
2026-03-01,2025-2026,2015-16,05,65,Major tools & equipments,266.4
2026-04-01,2025-2026,2015-16,05,65,Major tools & equipments,269.92
2026-05-01,2025-2026,2015-16,05,65,Major tools & equipments,278.56
2026-06-01,2025-2026,2015-16,05,65,Major tools & equipments,283.18
2019-07-01,2019-2020,2015-16,05,66,Washing soap/detergents/match box,121.58
2019-08-01,2019-2020,2015-16,05,66,Washing soap/detergents/match box,122.93
2019-09-01,2019-2020,2015-16,05,66,Washing soap/detergents/match box,123.58
2019-10-01,2019-2020,2015-16,05,66,Washing soap/detergents/match box,124.92
2019-11-01,2019-2020,2015-16,05,66,Washing soap/detergents/match box,126.33
2019-12-01,2019-2020,2015-16,05,66,Washing soap/detergents/match box,126.88
2020-01-01,2019-2020,2015-16,05,66,Washing soap/detergents/match box,127.18
2020-02-01,2019-2020,2015-16,05,66,Washing soap/detergents/match box,128.04
2020-03-01,2019-2020,2015-16,05,66,Washing soap/detergents/match box,128.6
2020-04-01,2019-2020,2015-16,05,66,Washing soap/detergents/match box,129.31
2020-05-01,2019-2020,2015-16,05,66,Washing soap/detergents/match box,129.65
2020-06-01,2019-2020,2015-16,05,66,Washing soap/detergents/match box,130.05
2020-07-01,2020-2021,2015-16,05,66,Washing soap/detergents/match box,130.1
2020-08-01,2020-2021,2015-16,05,66,Washing soap/detergents/match box,130.36
2020-09-01,2020-2021,2015-16,05,66,Washing soap/detergents/match box,132.44
2020-10-01,2020-2021,2015-16,05,66,Washing soap/detergents/match box,133.49
2020-11-01,2020-2021,2015-16,05,66,Washing soap/detergents/match box,134.14
2020-12-01,2020-2021,2015-16,05,66,Washing soap/detergents/match box,135.33
2021-01-01,2020-2021,2015-16,05,66,Washing soap/detergents/match box,135.69
2021-02-01,2020-2021,2015-16,05,66,Washing soap/detergents/match box,139.71
2021-03-01,2020-2021,2015-16,05,66,Washing soap/detergents/match box,141.57
2021-04-01,2020-2021,2015-16,05,66,Washing soap/detergents/match box,142.88
2021-05-01,2020-2021,2015-16,05,66,Washing soap/detergents/match box,144.18
2021-06-01,2020-2021,2015-16,05,66,Washing soap/detergents/match box,144.87
2021-07-01,2021-2022,2015-16,05,66,Washing soap/detergents/match box,145.93
2021-08-01,2021-2022,2015-16,05,66,Washing soap/detergents/match box,146.73
2021-09-01,2021-2022,2015-16,05,66,Washing soap/detergents/match box,148.76
2021-10-01,2021-2022,2015-16,05,66,Washing soap/detergents/match box,150.11
2021-11-01,2021-2022,2015-16,05,66,Washing soap/detergents/match box,153.47
2021-12-01,2021-2022,2015-16,05,66,Washing soap/detergents/match box,157.75
2022-01-01,2021-2022,2015-16,05,66,Washing soap/detergents/match box,160.05
2022-02-01,2021-2022,2015-16,05,66,Washing soap/detergents/match box,163.58
2022-03-01,2021-2022,2015-16,05,66,Washing soap/detergents/match box,165.23
2022-04-01,2021-2022,2015-16,05,66,Washing soap/detergents/match box,167.48
2022-05-01,2021-2022,2015-16,05,66,Washing soap/detergents/match box,171.15
2022-06-01,2021-2022,2015-16,05,66,Washing soap/detergents/match box,177.65
2022-07-01,2022-2023,2015-16,05,66,Washing soap/detergents/match box,182.01
2022-08-01,2022-2023,2015-16,05,66,Washing soap/detergents/match box,189.07
2022-09-01,2022-2023,2015-16,05,66,Washing soap/detergents/match box,204.77
2022-10-01,2022-2023,2015-16,05,66,Washing soap/detergents/match box,212.39
2022-11-01,2022-2023,2015-16,05,66,Washing soap/detergents/match box,220.1
2022-12-01,2022-2023,2015-16,05,66,Washing soap/detergents/match box,231.34
2023-01-01,2022-2023,2015-16,05,66,Washing soap/detergents/match box,235.26
2023-02-01,2022-2023,2015-16,05,66,Washing soap/detergents/match box,248.04
2023-03-01,2022-2023,2015-16,05,66,Washing soap/detergents/match box,259.69
2023-04-01,2022-2023,2015-16,05,66,Washing soap/detergents/match box,268.66
2023-05-01,2022-2023,2015-16,05,66,Washing soap/detergents/match box,280.18
2023-06-01,2022-2023,2015-16,05,66,Washing soap/detergents/match box,287.72
2023-07-01,2023-2024,2015-16,05,66,Washing soap/detergents/match box,296.52
2023-08-01,2023-2024,2015-16,05,66,Washing soap/detergents/match box,308.24
2023-09-01,2023-2024,2015-16,05,66,Washing soap/detergents/match box,312.96
2023-10-01,2023-2024,2015-16,05,66,Washing soap/detergents/match box,315.28
2023-11-01,2023-2024,2015-16,05,66,Washing soap/detergents/match box,316.68
2023-12-01,2023-2024,2015-16,05,66,Washing soap/detergents/match box,317.48
2024-01-01,2023-2024,2015-16,05,66,Washing soap/detergents/match box,318.08
2024-02-01,2023-2024,2015-16,05,66,Washing soap/detergents/match box,320.57
2024-03-01,2023-2024,2015-16,05,66,Washing soap/detergents/match box,322.47
2024-04-01,2023-2024,2015-16,05,66,Washing soap/detergents/match box,323.65
2024-05-01,2023-2024,2015-16,05,66,Washing soap/detergents/match box,324.38
2024-06-01,2023-2024,2015-16,05,66,Washing soap/detergents/match box,325.4
2024-07-01,2024-2025,2015-16,05,66,Washing soap/detergents/match box,326.67
2024-08-01,2024-2025,2015-16,05,66,Washing soap/detergents/match box,326.03
2024-09-01,2024-2025,2015-16,05,66,Washing soap/detergents/match box,321.98
2024-10-01,2024-2025,2015-16,05,66,Washing soap/detergents/match box,320.8
2024-11-01,2024-2025,2015-16,05,66,Washing soap/detergents/match box,323.95
2024-12-01,2024-2025,2015-16,05,66,Washing soap/detergents/match box,318.22
2025-01-01,2024-2025,2015-16,05,66,Washing soap/detergents/match box,320.23
2025-02-01,2024-2025,2015-16,05,66,Washing soap/detergents/match box,319.78
2025-03-01,2024-2025,2015-16,05,66,Washing soap/detergents/match box,319.91
2025-04-01,2024-2025,2015-16,05,66,Washing soap/detergents/match box,322.31
2025-05-01,2024-2025,2015-16,05,66,Washing soap/detergents/match box,322.59
2025-06-01,2024-2025,2015-16,05,66,Washing soap/detergents/match box,321.86
2025-07-01,2025-2026,2015-16,05,66,Washing soap/detergents/match box,319.51
2025-08-01,2025-2026,2015-16,05,66,Washing soap/detergents/match box,322.82
2025-09-01,2025-2026,2015-16,05,66,Washing soap/detergents/match box,323.9
2025-10-01,2025-2026,2015-16,05,66,Washing soap/detergents/match box,325.05
2025-11-01,2025-2026,2015-16,05,66,Washing soap/detergents/match box,325.12
2025-12-01,2025-2026,2015-16,05,66,Washing soap/detergents/match box,323.36
2026-01-01,2025-2026,2015-16,05,66,Washing soap/detergents/match box,322.97
2026-02-01,2025-2026,2015-16,05,66,Washing soap/detergents/match box,323.42
2026-03-01,2025-2026,2015-16,05,66,Washing soap/detergents/match box,325.27
2026-04-01,2025-2026,2015-16,05,66,Washing soap/detergents/match box,326.86
2026-05-01,2025-2026,2015-16,05,66,Washing soap/detergents/match box,334.37
2026-06-01,2025-2026,2015-16,05,66,Washing soap/detergents/match box,340.91
2019-07-01,2019-2020,2015-16,05,67,Household servant,128.31
2019-08-01,2019-2020,2015-16,05,67,Household servant,128.31
2019-09-01,2019-2020,2015-16,05,67,Household servant,128.63
2019-10-01,2019-2020,2015-16,05,67,Household servant,128.75
2019-11-01,2019-2020,2015-16,05,67,Household servant,130.45
2019-12-01,2019-2020,2015-16,05,67,Household servant,130.45
2020-01-01,2019-2020,2015-16,05,67,Household servant,130.45
2020-02-01,2019-2020,2015-16,05,67,Household servant,130.96
2020-03-01,2019-2020,2015-16,05,67,Household servant,130.99
2020-04-01,2019-2020,2015-16,05,67,Household servant,130.99
2020-05-01,2019-2020,2015-16,05,67,Household servant,131.02
2020-06-01,2019-2020,2015-16,05,67,Household servant,131.21
2020-07-01,2020-2021,2015-16,05,67,Household servant,132.71
2020-08-01,2020-2021,2015-16,05,67,Household servant,132.71
2020-09-01,2020-2021,2015-16,05,67,Household servant,132.74
2020-10-01,2020-2021,2015-16,05,67,Household servant,133.89
2020-11-01,2020-2021,2015-16,05,67,Household servant,134.21
2020-12-01,2020-2021,2015-16,05,67,Household servant,134.27
2021-01-01,2020-2021,2015-16,05,67,Household servant,134.48
2021-02-01,2020-2021,2015-16,05,67,Household servant,134.55
2021-03-01,2020-2021,2015-16,05,67,Household servant,134.66
2021-04-01,2020-2021,2015-16,05,67,Household servant,134.66
2021-05-01,2020-2021,2015-16,05,67,Household servant,134.66
2021-06-01,2020-2021,2015-16,05,67,Household servant,135.61
2021-07-01,2021-2022,2015-16,05,67,Household servant,135.61
2021-08-01,2021-2022,2015-16,05,67,Household servant,135.87
2021-09-01,2021-2022,2015-16,05,67,Household servant,136.1
2021-10-01,2021-2022,2015-16,05,67,Household servant,136.95
2021-11-01,2021-2022,2015-16,05,67,Household servant,138.23
2021-12-01,2021-2022,2015-16,05,67,Household servant,138.35
2022-01-01,2021-2022,2015-16,05,67,Household servant,139.87
2022-02-01,2021-2022,2015-16,05,67,Household servant,147.16
2022-03-01,2021-2022,2015-16,05,67,Household servant,147.34
2022-04-01,2021-2022,2015-16,05,67,Household servant,147.88
2022-05-01,2021-2022,2015-16,05,67,Household servant,150.52
2022-06-01,2021-2022,2015-16,05,67,Household servant,152.26
2022-07-01,2022-2023,2015-16,05,67,Household servant,153.66
2022-08-01,2022-2023,2015-16,05,67,Household servant,155.26
2022-09-01,2022-2023,2015-16,05,67,Household servant,156.64
2022-10-01,2022-2023,2015-16,05,67,Household servant,164.49
2022-11-01,2022-2023,2015-16,05,67,Household servant,166.65
2022-12-01,2022-2023,2015-16,05,67,Household servant,166.66
2023-01-01,2022-2023,2015-16,05,67,Household servant,167.21
2023-02-01,2022-2023,2015-16,05,67,Household servant,172.54
2023-03-01,2022-2023,2015-16,05,67,Household servant,174.47
2023-04-01,2022-2023,2015-16,05,67,Household servant,175.54
2023-05-01,2022-2023,2015-16,05,67,Household servant,178.34
2023-06-01,2022-2023,2015-16,05,67,Household servant,178.35
2023-07-01,2023-2024,2015-16,05,67,Household servant,179.27
2023-08-01,2023-2024,2015-16,05,67,Household servant,180
2023-09-01,2023-2024,2015-16,05,67,Household servant,184.31
2023-10-01,2023-2024,2015-16,05,67,Household servant,184.66
2023-11-01,2023-2024,2015-16,05,67,Household servant,186.92
2023-12-01,2023-2024,2015-16,05,67,Household servant,186.99
2024-01-01,2023-2024,2015-16,05,67,Household servant,187.19
2024-02-01,2023-2024,2015-16,05,67,Household servant,189.12
2024-03-01,2023-2024,2015-16,05,67,Household servant,189.91
2024-04-01,2023-2024,2015-16,05,67,Household servant,189.91
2024-05-01,2023-2024,2015-16,05,67,Household servant,189.97
2024-06-01,2023-2024,2015-16,05,67,Household servant,190.67
2024-07-01,2024-2025,2015-16,05,67,Household servant,190.67
2024-08-01,2024-2025,2015-16,05,67,Household servant,191.26
2024-09-01,2024-2025,2015-16,05,67,Household servant,191.76
2024-10-01,2024-2025,2015-16,05,67,Household servant,193.75
2024-11-01,2024-2025,2015-16,05,67,Household servant,198.83
2024-12-01,2024-2025,2015-16,05,67,Household servant,199.33
2025-01-01,2024-2025,2015-16,05,67,Household servant,199.47
2025-02-01,2024-2025,2015-16,05,67,Household servant,199.69
2025-03-01,2024-2025,2015-16,05,67,Household servant,199.81
2025-04-01,2024-2025,2015-16,05,67,Household servant,199.94
2025-05-01,2024-2025,2015-16,05,67,Household servant,199.94
2025-06-01,2024-2025,2015-16,05,67,Household servant,199.94
2025-07-01,2025-2026,2015-16,05,67,Household servant,205.08
2025-08-01,2025-2026,2015-16,05,67,Household servant,205.26
2025-09-01,2025-2026,2015-16,05,67,Household servant,206.41
2025-10-01,2025-2026,2015-16,05,67,Household servant,207.79
2025-11-01,2025-2026,2015-16,05,67,Household servant,208.87
2025-12-01,2025-2026,2015-16,05,67,Household servant,210.89
2026-01-01,2025-2026,2015-16,05,67,Household servant,211.16
2026-02-01,2025-2026,2015-16,05,67,Household servant,211.55
2026-03-01,2025-2026,2015-16,05,67,Household servant,212.67
2026-04-01,2025-2026,2015-16,05,67,Household servant,213.55
2026-05-01,2025-2026,2015-16,05,67,Household servant,214
2026-06-01,2025-2026,2015-16,05,67,Household servant,215.67
2019-07-01,2019-2020,2015-16,06,00,Health,133.63
2019-08-01,2019-2020,2015-16,06,00,Health,133.97
2019-09-01,2019-2020,2015-16,06,00,Health,134.58
2019-10-01,2019-2020,2015-16,06,00,Health,135.68
2019-11-01,2019-2020,2015-16,06,00,Health,136.36
2019-12-01,2019-2020,2015-16,06,00,Health,137.1
2020-01-01,2019-2020,2015-16,06,00,Health,137.89
2020-02-01,2019-2020,2015-16,06,00,Health,138.29
2020-03-01,2019-2020,2015-16,06,00,Health,139.56
2020-04-01,2019-2020,2015-16,06,00,Health,139.6
2020-05-01,2019-2020,2015-16,06,00,Health,139.92
2020-06-01,2019-2020,2015-16,06,00,Health,140.28
2020-07-01,2020-2021,2015-16,06,00,Health,141.55
2020-08-01,2020-2021,2015-16,06,00,Health,142.89
2020-09-01,2020-2021,2015-16,06,00,Health,144.31
2020-10-01,2020-2021,2015-16,06,00,Health,145.63
2020-11-01,2020-2021,2015-16,06,00,Health,145.98
2020-12-01,2020-2021,2015-16,06,00,Health,147.24
2021-01-01,2020-2021,2015-16,06,00,Health,148.06
2021-02-01,2020-2021,2015-16,06,00,Health,150.26
2021-03-01,2020-2021,2015-16,06,00,Health,151.94
2021-04-01,2020-2021,2015-16,06,00,Health,152.72
2021-05-01,2020-2021,2015-16,06,00,Health,153.41
2021-06-01,2020-2021,2015-16,06,00,Health,154.68
2021-07-01,2021-2022,2015-16,06,00,Health,155
2021-08-01,2021-2022,2015-16,06,00,Health,155.91
2021-09-01,2021-2022,2015-16,06,00,Health,156.84
2021-10-01,2021-2022,2015-16,06,00,Health,157.83
2021-11-01,2021-2022,2015-16,06,00,Health,159.57
2021-12-01,2021-2022,2015-16,06,00,Health,162.05
2022-01-01,2021-2022,2015-16,06,00,Health,162.93
2022-02-01,2021-2022,2015-16,06,00,Health,165.61
2022-03-01,2021-2022,2015-16,06,00,Health,167.16
2022-04-01,2021-2022,2015-16,06,00,Health,168.5
2022-05-01,2021-2022,2015-16,06,00,Health,169.14
2022-06-01,2021-2022,2015-16,06,00,Health,171.46
2022-07-01,2022-2023,2015-16,06,00,Health,171.68
2022-08-01,2022-2023,2015-16,06,00,Health,174.36
2022-09-01,2022-2023,2015-16,06,00,Health,176.15
2022-10-01,2022-2023,2015-16,06,00,Health,179.22
2022-11-01,2022-2023,2015-16,06,00,Health,182
2022-12-01,2022-2023,2015-16,06,00,Health,183.92
2023-01-01,2022-2023,2015-16,06,00,Health,190.17
2023-02-01,2022-2023,2015-16,06,00,Health,196.23
2023-03-01,2022-2023,2015-16,06,00,Health,197.03
2023-04-01,2022-2023,2015-16,06,00,Health,200.69
2023-05-01,2022-2023,2015-16,06,00,Health,201.87
2023-06-01,2022-2023,2015-16,06,00,Health,203.22
2023-07-01,2023-2024,2015-16,06,00,Health,209.2
2023-08-01,2023-2024,2015-16,06,00,Health,213.56
2023-09-01,2023-2024,2015-16,06,00,Health,223.51
2023-10-01,2023-2024,2015-16,06,00,Health,229.53
2023-11-01,2023-2024,2015-16,06,00,Health,232.12
2023-12-01,2023-2024,2015-16,06,00,Health,234.2
2024-01-01,2023-2024,2015-16,06,00,Health,234.72
2024-02-01,2023-2024,2015-16,06,00,Health,235.03
2024-03-01,2023-2024,2015-16,06,00,Health,236.76
2024-04-01,2023-2024,2015-16,06,00,Health,237.26
2024-05-01,2023-2024,2015-16,06,00,Health,243.2
2024-06-01,2023-2024,2015-16,06,00,Health,247.37
2024-07-01,2024-2025,2015-16,06,00,Health,251.47
2024-08-01,2024-2025,2015-16,06,00,Health,253.98
2024-09-01,2024-2025,2015-16,06,00,Health,257.52
2024-10-01,2024-2025,2015-16,06,00,Health,260.72
2024-11-01,2024-2025,2015-16,06,00,Health,267.04
2024-12-01,2024-2025,2015-16,06,00,Health,268.54
2025-01-01,2024-2025,2015-16,06,00,Health,270.5
2025-02-01,2024-2025,2015-16,06,00,Health,271.35
2025-03-01,2024-2025,2015-16,06,00,Health,271.71
2025-04-01,2024-2025,2015-16,06,00,Health,273.81
2025-05-01,2024-2025,2015-16,06,00,Health,274.2
2025-06-01,2024-2025,2015-16,06,00,Health,276.26
2025-07-01,2025-2026,2015-16,06,00,Health,276.72
2025-08-01,2025-2026,2015-16,06,00,Health,278.71
2025-09-01,2025-2026,2015-16,06,00,Health,280.61
2025-10-01,2025-2026,2015-16,06,00,Health,282.04
2025-11-01,2025-2026,2015-16,06,00,Health,285.7
2025-12-01,2025-2026,2015-16,06,00,Health,286.29
2026-01-01,2025-2026,2015-16,06,00,Health,287.22
2026-02-01,2025-2026,2015-16,06,00,Health,288.28
2026-03-01,2025-2026,2015-16,06,00,Health,289.27
2026-04-01,2025-2026,2015-16,06,00,Health,290.64
2026-05-01,2025-2026,2015-16,06,00,Health,292.4
2026-06-01,2025-2026,2015-16,06,00,Health,294.3
2019-07-01,2019-2020,2015-16,06,68,Drugs and medicines,131.83
2019-08-01,2019-2020,2015-16,06,68,Drugs and medicines,131.84
2019-09-01,2019-2020,2015-16,06,68,Drugs and medicines,132.04
2019-10-01,2019-2020,2015-16,06,68,Drugs and medicines,133.92
2019-11-01,2019-2020,2015-16,06,68,Drugs and medicines,135.17
2019-12-01,2019-2020,2015-16,06,68,Drugs and medicines,136.73
2020-01-01,2019-2020,2015-16,06,68,Drugs and medicines,137.56
2020-02-01,2019-2020,2015-16,06,68,Drugs and medicines,138.19
2020-03-01,2019-2020,2015-16,06,68,Drugs and medicines,138.81
2020-04-01,2019-2020,2015-16,06,68,Drugs and medicines,138.92
2020-05-01,2019-2020,2015-16,06,68,Drugs and medicines,139.26
2020-06-01,2019-2020,2015-16,06,68,Drugs and medicines,139.6
2020-07-01,2020-2021,2015-16,06,68,Drugs and medicines,141.05
2020-08-01,2020-2021,2015-16,06,68,Drugs and medicines,142.25
2020-09-01,2020-2021,2015-16,06,68,Drugs and medicines,142.68
2020-10-01,2020-2021,2015-16,06,68,Drugs and medicines,143.18
2020-11-01,2020-2021,2015-16,06,68,Drugs and medicines,143.8
2020-12-01,2020-2021,2015-16,06,68,Drugs and medicines,145.66
2021-01-01,2020-2021,2015-16,06,68,Drugs and medicines,146.9
2021-02-01,2020-2021,2015-16,06,68,Drugs and medicines,149.64
2021-03-01,2020-2021,2015-16,06,68,Drugs and medicines,151.74
2021-04-01,2020-2021,2015-16,06,68,Drugs and medicines,153.01
2021-05-01,2020-2021,2015-16,06,68,Drugs and medicines,154.25
2021-06-01,2020-2021,2015-16,06,68,Drugs and medicines,154.58
2021-07-01,2021-2022,2015-16,06,68,Drugs and medicines,154.71
2021-08-01,2021-2022,2015-16,06,68,Drugs and medicines,155.75
2021-09-01,2021-2022,2015-16,06,68,Drugs and medicines,156.28
2021-10-01,2021-2022,2015-16,06,68,Drugs and medicines,158.13
2021-11-01,2021-2022,2015-16,06,68,Drugs and medicines,160.71
2021-12-01,2021-2022,2015-16,06,68,Drugs and medicines,163.73
2022-01-01,2021-2022,2015-16,06,68,Drugs and medicines,164.68
2022-02-01,2021-2022,2015-16,06,68,Drugs and medicines,166.91
2022-03-01,2021-2022,2015-16,06,68,Drugs and medicines,169.37
2022-04-01,2021-2022,2015-16,06,68,Drugs and medicines,170.76
2022-05-01,2021-2022,2015-16,06,68,Drugs and medicines,171.9
2022-06-01,2021-2022,2015-16,06,68,Drugs and medicines,173.82
2022-07-01,2022-2023,2015-16,06,68,Drugs and medicines,174.21
2022-08-01,2022-2023,2015-16,06,68,Drugs and medicines,174.89
2022-09-01,2022-2023,2015-16,06,68,Drugs and medicines,177.38
2022-10-01,2022-2023,2015-16,06,68,Drugs and medicines,181.83
2022-11-01,2022-2023,2015-16,06,68,Drugs and medicines,185.64
2022-12-01,2022-2023,2015-16,06,68,Drugs and medicines,188.95
2023-01-01,2022-2023,2015-16,06,68,Drugs and medicines,196.61
2023-02-01,2022-2023,2015-16,06,68,Drugs and medicines,204.5
2023-03-01,2022-2023,2015-16,06,68,Drugs and medicines,203.87
2023-04-01,2022-2023,2015-16,06,68,Drugs and medicines,207.6
2023-05-01,2022-2023,2015-16,06,68,Drugs and medicines,209.39
2023-06-01,2022-2023,2015-16,06,68,Drugs and medicines,210.24
2023-07-01,2023-2024,2015-16,06,68,Drugs and medicines,214.94
2023-08-01,2023-2024,2015-16,06,68,Drugs and medicines,221.71
2023-09-01,2023-2024,2015-16,06,68,Drugs and medicines,239.62
2023-10-01,2023-2024,2015-16,06,68,Drugs and medicines,248.54
2023-11-01,2023-2024,2015-16,06,68,Drugs and medicines,249.9
2023-12-01,2023-2024,2015-16,06,68,Drugs and medicines,250.2
2024-01-01,2023-2024,2015-16,06,68,Drugs and medicines,250.58
2024-02-01,2023-2024,2015-16,06,68,Drugs and medicines,250.96
2024-03-01,2023-2024,2015-16,06,68,Drugs and medicines,253.95
2024-04-01,2023-2024,2015-16,06,68,Drugs and medicines,254.89
2024-05-01,2023-2024,2015-16,06,68,Drugs and medicines,257.63
2024-06-01,2023-2024,2015-16,06,68,Drugs and medicines,263.2
2024-07-01,2024-2025,2015-16,06,68,Drugs and medicines,265.47
2024-08-01,2024-2025,2015-16,06,68,Drugs and medicines,269.05
2024-09-01,2024-2025,2015-16,06,68,Drugs and medicines,273.52
2024-10-01,2024-2025,2015-16,06,68,Drugs and medicines,276.17
2024-11-01,2024-2025,2015-16,06,68,Drugs and medicines,288.37
2024-12-01,2024-2025,2015-16,06,68,Drugs and medicines,291.11
2025-01-01,2024-2025,2015-16,06,68,Drugs and medicines,292.08
2025-02-01,2024-2025,2015-16,06,68,Drugs and medicines,292.45
2025-03-01,2024-2025,2015-16,06,68,Drugs and medicines,292.7
2025-04-01,2024-2025,2015-16,06,68,Drugs and medicines,293.06
2025-05-01,2024-2025,2015-16,06,68,Drugs and medicines,293.8
2025-06-01,2024-2025,2015-16,06,68,Drugs and medicines,297.55
2025-07-01,2025-2026,2015-16,06,68,Drugs and medicines,298.04
2025-08-01,2025-2026,2015-16,06,68,Drugs and medicines,298.59
2025-09-01,2025-2026,2015-16,06,68,Drugs and medicines,301.47
2025-10-01,2025-2026,2015-16,06,68,Drugs and medicines,303.89
2025-11-01,2025-2026,2015-16,06,68,Drugs and medicines,308.39
2025-12-01,2025-2026,2015-16,06,68,Drugs and medicines,309.08
2026-01-01,2025-2026,2015-16,06,68,Drugs and medicines,310.36
2026-02-01,2025-2026,2015-16,06,68,Drugs and medicines,311.17
2026-03-01,2025-2026,2015-16,06,68,Drugs and medicines,311.69
2026-04-01,2025-2026,2015-16,06,68,Drugs and medicines,311.93
2026-05-01,2025-2026,2015-16,06,68,Drugs and medicines,312.94
2026-06-01,2025-2026,2015-16,06,68,Drugs and medicines,313.39
2019-07-01,2019-2020,2015-16,06,69,Therapeutic Appliances and Equipme,106.46
2019-08-01,2019-2020,2015-16,06,69,Therapeutic Appliances and Equipme,106.58
2019-09-01,2019-2020,2015-16,06,69,Therapeutic Appliances and Equipme,106.62
2019-10-01,2019-2020,2015-16,06,69,Therapeutic Appliances and Equipme,106.81
2019-11-01,2019-2020,2015-16,06,69,Therapeutic Appliances and Equipme,107.01
2019-12-01,2019-2020,2015-16,06,69,Therapeutic Appliances and Equipme,107.01
2020-01-01,2019-2020,2015-16,06,69,Therapeutic Appliances and Equipme,107.01
2020-02-01,2019-2020,2015-16,06,69,Therapeutic Appliances and Equipme,107.17
2020-03-01,2019-2020,2015-16,06,69,Therapeutic Appliances and Equipme,107.2
2020-04-01,2019-2020,2015-16,06,69,Therapeutic Appliances and Equipme,107.2
2020-05-01,2019-2020,2015-16,06,69,Therapeutic Appliances and Equipme,107.2
2020-06-01,2019-2020,2015-16,06,69,Therapeutic Appliances and Equipme,111.06
2020-07-01,2020-2021,2015-16,06,69,Therapeutic Appliances and Equipme,112.42
2020-08-01,2020-2021,2015-16,06,69,Therapeutic Appliances and Equipme,113.06
2020-09-01,2020-2021,2015-16,06,69,Therapeutic Appliances and Equipme,113.39
2020-10-01,2020-2021,2015-16,06,69,Therapeutic Appliances and Equipme,114.67
2020-11-01,2020-2021,2015-16,06,69,Therapeutic Appliances and Equipme,114.94
2020-12-01,2020-2021,2015-16,06,69,Therapeutic Appliances and Equipme,114.98
2021-01-01,2020-2021,2015-16,06,69,Therapeutic Appliances and Equipme,115.16
2021-02-01,2020-2021,2015-16,06,69,Therapeutic Appliances and Equipme,116.2
2021-03-01,2020-2021,2015-16,06,69,Therapeutic Appliances and Equipme,116.53
2021-04-01,2020-2021,2015-16,06,69,Therapeutic Appliances and Equipme,116.6
2021-05-01,2020-2021,2015-16,06,69,Therapeutic Appliances and Equipme,116.6
2021-06-01,2020-2021,2015-16,06,69,Therapeutic Appliances and Equipme,116.64
2021-07-01,2021-2022,2015-16,06,69,Therapeutic Appliances and Equipme,116.66
2021-08-01,2021-2022,2015-16,06,69,Therapeutic Appliances and Equipme,116.67
2021-09-01,2021-2022,2015-16,06,69,Therapeutic Appliances and Equipme,116.78
2021-10-01,2021-2022,2015-16,06,69,Therapeutic Appliances and Equipme,116.9
2021-11-01,2021-2022,2015-16,06,69,Therapeutic Appliances and Equipme,118.41
2021-12-01,2021-2022,2015-16,06,69,Therapeutic Appliances and Equipme,119.84
2022-01-01,2021-2022,2015-16,06,69,Therapeutic Appliances and Equipme,120.14
2022-02-01,2021-2022,2015-16,06,69,Therapeutic Appliances and Equipme,122.47
2022-03-01,2021-2022,2015-16,06,69,Therapeutic Appliances and Equipme,122.87
2022-04-01,2021-2022,2015-16,06,69,Therapeutic Appliances and Equipme,122.88
2022-05-01,2021-2022,2015-16,06,69,Therapeutic Appliances and Equipme,122.89
2022-06-01,2021-2022,2015-16,06,69,Therapeutic Appliances and Equipme,123.13
2022-07-01,2022-2023,2015-16,06,69,Therapeutic Appliances and Equipme,123.13
2022-08-01,2022-2023,2015-16,06,69,Therapeutic Appliances and Equipme,123.38
2022-09-01,2022-2023,2015-16,06,69,Therapeutic Appliances and Equipme,123.95
2022-10-01,2022-2023,2015-16,06,69,Therapeutic Appliances and Equipme,124.75
2022-11-01,2022-2023,2015-16,06,69,Therapeutic Appliances and Equipme,126.97
2022-12-01,2022-2023,2015-16,06,69,Therapeutic Appliances and Equipme,127.06
2023-01-01,2022-2023,2015-16,06,69,Therapeutic Appliances and Equipme,127.13
2023-02-01,2022-2023,2015-16,06,69,Therapeutic Appliances and Equipme,127.9
2023-03-01,2022-2023,2015-16,06,69,Therapeutic Appliances and Equipme,128.98
2023-04-01,2022-2023,2015-16,06,69,Therapeutic Appliances and Equipme,132.06
2023-05-01,2022-2023,2015-16,06,69,Therapeutic Appliances and Equipme,132.07
2023-06-01,2022-2023,2015-16,06,69,Therapeutic Appliances and Equipme,132.81
2023-07-01,2023-2024,2015-16,06,69,Therapeutic Appliances and Equipme,132.81
2023-08-01,2023-2024,2015-16,06,69,Therapeutic Appliances and Equipme,139.45
2023-09-01,2023-2024,2015-16,06,69,Therapeutic Appliances and Equipme,141.16
2023-10-01,2023-2024,2015-16,06,69,Therapeutic Appliances and Equipme,144.45
2023-11-01,2023-2024,2015-16,06,69,Therapeutic Appliances and Equipme,146.79
2023-12-01,2023-2024,2015-16,06,69,Therapeutic Appliances and Equipme,147.02
2024-01-01,2023-2024,2015-16,06,69,Therapeutic Appliances and Equipme,147.38
2024-02-01,2023-2024,2015-16,06,69,Therapeutic Appliances and Equipme,147.54
2024-03-01,2023-2024,2015-16,06,69,Therapeutic Appliances and Equipme,147.55
2024-04-01,2023-2024,2015-16,06,69,Therapeutic Appliances and Equipme,147.59
2024-05-01,2023-2024,2015-16,06,69,Therapeutic Appliances and Equipme,147.7
2024-06-01,2023-2024,2015-16,06,69,Therapeutic Appliances and Equipme,148.33
2024-07-01,2024-2025,2015-16,06,69,Therapeutic Appliances and Equipme,150.51
2024-08-01,2024-2025,2015-16,06,69,Therapeutic Appliances and Equipme,150.7
2024-09-01,2024-2025,2015-16,06,69,Therapeutic Appliances and Equipme,150.84
2024-10-01,2024-2025,2015-16,06,69,Therapeutic Appliances and Equipme,150.99
2024-11-01,2024-2025,2015-16,06,69,Therapeutic Appliances and Equipme,153.39
2024-12-01,2024-2025,2015-16,06,69,Therapeutic Appliances and Equipme,154.64
2025-01-01,2024-2025,2015-16,06,69,Therapeutic Appliances and Equipme,154.74
2025-02-01,2024-2025,2015-16,06,69,Therapeutic Appliances and Equipme,154.81
2025-03-01,2024-2025,2015-16,06,69,Therapeutic Appliances and Equipme,154.81
2025-04-01,2024-2025,2015-16,06,69,Therapeutic Appliances and Equipme,155.03
2025-05-01,2024-2025,2015-16,06,69,Therapeutic Appliances and Equipme,155.03
2025-06-01,2024-2025,2015-16,06,69,Therapeutic Appliances and Equipme,155.58
2025-07-01,2025-2026,2015-16,06,69,Therapeutic Appliances and Equipme,155.64
2025-08-01,2025-2026,2015-16,06,69,Therapeutic Appliances and Equipme,155.67
2025-09-01,2025-2026,2015-16,06,69,Therapeutic Appliances and Equipme,155.97
2025-10-01,2025-2026,2015-16,06,69,Therapeutic Appliances and Equipme,156.04
2025-11-01,2025-2026,2015-16,06,69,Therapeutic Appliances and Equipme,156.75
2025-12-01,2025-2026,2015-16,06,69,Therapeutic Appliances and Equipme,156.75
2026-01-01,2025-2026,2015-16,06,69,Therapeutic Appliances and Equipme,156.75
2026-02-01,2025-2026,2015-16,06,69,Therapeutic Appliances and Equipme,156.87
2026-03-01,2025-2026,2015-16,06,69,Therapeutic Appliances and Equipme,157.09
2026-04-01,2025-2026,2015-16,06,69,Therapeutic Appliances and Equipme,157.25
2026-05-01,2025-2026,2015-16,06,69,Therapeutic Appliances and Equipme,157.61
2026-06-01,2025-2026,2015-16,06,69,Therapeutic Appliances and Equipme,158.14
2019-07-01,2019-2020,2015-16,06,70,Doctor (MBBS) clinic fee,157.13
2019-08-01,2019-2020,2015-16,06,70,Doctor (MBBS) clinic fee,157.92
2019-09-01,2019-2020,2015-16,06,70,Doctor (MBBS) clinic fee,160.75
2019-10-01,2019-2020,2015-16,06,70,Doctor (MBBS) clinic fee,160.79
2019-11-01,2019-2020,2015-16,06,70,Doctor (MBBS) clinic fee,161.01
2019-12-01,2019-2020,2015-16,06,70,Doctor (MBBS) clinic fee,161.06
2020-01-01,2019-2020,2015-16,06,70,Doctor (MBBS) clinic fee,163.19
2020-02-01,2019-2020,2015-16,06,70,Doctor (MBBS) clinic fee,163.48
2020-03-01,2019-2020,2015-16,06,70,Doctor (MBBS) clinic fee,168.77
2020-04-01,2019-2020,2015-16,06,70,Doctor (MBBS) clinic fee,168.77
2020-05-01,2019-2020,2015-16,06,70,Doctor (MBBS) clinic fee,169.68
2020-06-01,2019-2020,2015-16,06,70,Doctor (MBBS) clinic fee,169.79
2020-07-01,2020-2021,2015-16,06,70,Doctor (MBBS) clinic fee,172.1
2020-08-01,2020-2021,2015-16,06,70,Doctor (MBBS) clinic fee,174.13
2020-09-01,2020-2021,2015-16,06,70,Doctor (MBBS) clinic fee,179.85
2020-10-01,2020-2021,2015-16,06,70,Doctor (MBBS) clinic fee,184.48
2020-11-01,2020-2021,2015-16,06,70,Doctor (MBBS) clinic fee,184.48
2020-12-01,2020-2021,2015-16,06,70,Doctor (MBBS) clinic fee,186
2021-01-01,2020-2021,2015-16,06,70,Doctor (MBBS) clinic fee,186.63
2021-02-01,2020-2021,2015-16,06,70,Doctor (MBBS) clinic fee,189.71
2021-03-01,2020-2021,2015-16,06,70,Doctor (MBBS) clinic fee,190.2
2021-04-01,2020-2021,2015-16,06,70,Doctor (MBBS) clinic fee,190.39
2021-05-01,2020-2021,2015-16,06,70,Doctor (MBBS) clinic fee,190.81
2021-06-01,2020-2021,2015-16,06,70,Doctor (MBBS) clinic fee,192.11
2021-07-01,2021-2022,2015-16,06,70,Doctor (MBBS) clinic fee,192.56
2021-08-01,2021-2022,2015-16,06,70,Doctor (MBBS) clinic fee,193.89
2021-09-01,2021-2022,2015-16,06,70,Doctor (MBBS) clinic fee,195.83
2021-10-01,2021-2022,2015-16,06,70,Doctor (MBBS) clinic fee,196.06
2021-11-01,2021-2022,2015-16,06,70,Doctor (MBBS) clinic fee,198.64
2021-12-01,2021-2022,2015-16,06,70,Doctor (MBBS) clinic fee,202.1
2022-01-01,2021-2022,2015-16,06,70,Doctor (MBBS) clinic fee,203.2
2022-02-01,2021-2022,2015-16,06,70,Doctor (MBBS) clinic fee,206.4
2022-03-01,2021-2022,2015-16,06,70,Doctor (MBBS) clinic fee,207.52
2022-04-01,2021-2022,2015-16,06,70,Doctor (MBBS) clinic fee,209.76
2022-05-01,2021-2022,2015-16,06,70,Doctor (MBBS) clinic fee,210.21
2022-06-01,2021-2022,2015-16,06,70,Doctor (MBBS) clinic fee,213.15
2022-07-01,2022-2023,2015-16,06,70,Doctor (MBBS) clinic fee,213.19
2022-08-01,2022-2023,2015-16,06,70,Doctor (MBBS) clinic fee,225.85
2022-09-01,2022-2023,2015-16,06,70,Doctor (MBBS) clinic fee,226.5
2022-10-01,2022-2023,2015-16,06,70,Doctor (MBBS) clinic fee,229.62
2022-11-01,2022-2023,2015-16,06,70,Doctor (MBBS) clinic fee,232.48
2022-12-01,2022-2023,2015-16,06,70,Doctor (MBBS) clinic fee,232.94
2023-01-01,2022-2023,2015-16,06,70,Doctor (MBBS) clinic fee,248.16
2023-02-01,2022-2023,2015-16,06,70,Doctor (MBBS) clinic fee,252.15
2023-03-01,2022-2023,2015-16,06,70,Doctor (MBBS) clinic fee,254.96
2023-04-01,2022-2023,2015-16,06,70,Doctor (MBBS) clinic fee,254.96
2023-05-01,2022-2023,2015-16,06,70,Doctor (MBBS) clinic fee,256.28
2023-06-01,2022-2023,2015-16,06,70,Doctor (MBBS) clinic fee,258.55
2023-07-01,2023-2024,2015-16,06,70,Doctor (MBBS) clinic fee,270.51
2023-08-01,2023-2024,2015-16,06,70,Doctor (MBBS) clinic fee,273.23
2023-09-01,2023-2024,2015-16,06,70,Doctor (MBBS) clinic fee,275.26
2023-10-01,2023-2024,2015-16,06,70,Doctor (MBBS) clinic fee,283.58
2023-11-01,2023-2024,2015-16,06,70,Doctor (MBBS) clinic fee,290.07
2023-12-01,2023-2024,2015-16,06,70,Doctor (MBBS) clinic fee,291.41
2024-01-01,2023-2024,2015-16,06,70,Doctor (MBBS) clinic fee,292.6
2024-02-01,2023-2024,2015-16,06,70,Doctor (MBBS) clinic fee,292.69
2024-03-01,2023-2024,2015-16,06,70,Doctor (MBBS) clinic fee,293.79
2024-04-01,2023-2024,2015-16,06,70,Doctor (MBBS) clinic fee,293.79
2024-05-01,2023-2024,2015-16,06,70,Doctor (MBBS) clinic fee,309.88
2024-06-01,2023-2024,2015-16,06,70,Doctor (MBBS) clinic fee,311.96
2024-07-01,2024-2025,2015-16,06,70,Doctor (MBBS) clinic fee,316.61
2024-08-01,2024-2025,2015-16,06,70,Doctor (MBBS) clinic fee,319.39
2024-09-01,2024-2025,2015-16,06,70,Doctor (MBBS) clinic fee,326.91
2024-10-01,2024-2025,2015-16,06,70,Doctor (MBBS) clinic fee,331.8
2024-11-01,2024-2025,2015-16,06,70,Doctor (MBBS) clinic fee,332.65
2024-12-01,2024-2025,2015-16,06,70,Doctor (MBBS) clinic fee,332.67
2025-01-01,2024-2025,2015-16,06,70,Doctor (MBBS) clinic fee,333.7
2025-02-01,2024-2025,2015-16,06,70,Doctor (MBBS) clinic fee,336.38
2025-03-01,2024-2025,2015-16,06,70,Doctor (MBBS) clinic fee,337.27
2025-04-01,2024-2025,2015-16,06,70,Doctor (MBBS) clinic fee,345.42
2025-05-01,2024-2025,2015-16,06,70,Doctor (MBBS) clinic fee,345.44
2025-06-01,2024-2025,2015-16,06,70,Doctor (MBBS) clinic fee,346.49
2025-07-01,2025-2026,2015-16,06,70,Doctor (MBBS) clinic fee,347.69
2025-08-01,2025-2026,2015-16,06,70,Doctor (MBBS) clinic fee,351.91
2025-09-01,2025-2026,2015-16,06,70,Doctor (MBBS) clinic fee,353.04
2025-10-01,2025-2026,2015-16,06,70,Doctor (MBBS) clinic fee,353.99
2025-11-01,2025-2026,2015-16,06,70,Doctor (MBBS) clinic fee,357.17
2025-12-01,2025-2026,2015-16,06,70,Doctor (MBBS) clinic fee,357.82
2026-01-01,2025-2026,2015-16,06,70,Doctor (MBBS) clinic fee,358.25
2026-02-01,2025-2026,2015-16,06,70,Doctor (MBBS) clinic fee,362.01
2026-03-01,2025-2026,2015-16,06,70,Doctor (MBBS) clinic fee,365.39
2026-04-01,2025-2026,2015-16,06,70,Doctor (MBBS) clinic fee,365.7
2026-05-01,2025-2026,2015-16,06,70,Doctor (MBBS) clinic fee,371.76
2026-06-01,2025-2026,2015-16,06,70,Doctor (MBBS) clinic fee,377.23
2019-07-01,2019-2020,2015-16,06,71,Dental services,114.79
2019-08-01,2019-2020,2015-16,06,71,Dental services,115.3
2019-09-01,2019-2020,2015-16,06,71,Dental services,115.43
2019-10-01,2019-2020,2015-16,06,71,Dental services,115.47
2019-11-01,2019-2020,2015-16,06,71,Dental services,115.64
2019-12-01,2019-2020,2015-16,06,71,Dental services,115.64
2020-01-01,2019-2020,2015-16,06,71,Dental services,115.98
2020-02-01,2019-2020,2015-16,06,71,Dental services,116.23
2020-03-01,2019-2020,2015-16,06,71,Dental services,118.61
2020-04-01,2019-2020,2015-16,06,71,Dental services,118.61
2020-05-01,2019-2020,2015-16,06,71,Dental services,118.61
2020-06-01,2019-2020,2015-16,06,71,Dental services,118.61
2020-07-01,2020-2021,2015-16,06,71,Dental services,118.91
2020-08-01,2020-2021,2015-16,06,71,Dental services,120.43
2020-09-01,2020-2021,2015-16,06,71,Dental services,121.35
2020-10-01,2020-2021,2015-16,06,71,Dental services,121.66
2020-11-01,2020-2021,2015-16,06,71,Dental services,121.81
2020-12-01,2020-2021,2015-16,06,71,Dental services,121.81
2021-01-01,2020-2021,2015-16,06,71,Dental services,124.53
2021-02-01,2020-2021,2015-16,06,71,Dental services,126.85
2021-03-01,2020-2021,2015-16,06,71,Dental services,128.1
2021-04-01,2020-2021,2015-16,06,71,Dental services,128.73
2021-05-01,2020-2021,2015-16,06,71,Dental services,128.73
2021-06-01,2020-2021,2015-16,06,71,Dental services,128.98
2021-07-01,2021-2022,2015-16,06,71,Dental services,128.98
2021-08-01,2021-2022,2015-16,06,71,Dental services,128.98
2021-09-01,2021-2022,2015-16,06,71,Dental services,128.98
2021-10-01,2021-2022,2015-16,06,71,Dental services,129.11
2021-11-01,2021-2022,2015-16,06,71,Dental services,129.62
2021-12-01,2021-2022,2015-16,06,71,Dental services,130.59
2022-01-01,2021-2022,2015-16,06,71,Dental services,130.63
2022-02-01,2021-2022,2015-16,06,71,Dental services,135.2
2022-03-01,2021-2022,2015-16,06,71,Dental services,135.34
2022-04-01,2021-2022,2015-16,06,71,Dental services,136.13
2022-05-01,2021-2022,2015-16,06,71,Dental services,136.79
2022-06-01,2021-2022,2015-16,06,71,Dental services,138.06
2022-07-01,2022-2023,2015-16,06,71,Dental services,138.06
2022-08-01,2022-2023,2015-16,06,71,Dental services,144.65
2022-09-01,2022-2023,2015-16,06,71,Dental services,145.05
2022-10-01,2022-2023,2015-16,06,71,Dental services,145.8
2022-11-01,2022-2023,2015-16,06,71,Dental services,146.92
2022-12-01,2022-2023,2015-16,06,71,Dental services,148.34
2023-01-01,2022-2023,2015-16,06,71,Dental services,148.94
2023-02-01,2022-2023,2015-16,06,71,Dental services,150.8
2023-03-01,2022-2023,2015-16,06,71,Dental services,153.74
2023-04-01,2022-2023,2015-16,06,71,Dental services,153.74
2023-05-01,2022-2023,2015-16,06,71,Dental services,154.48
2023-06-01,2022-2023,2015-16,06,71,Dental services,155.77
2023-07-01,2023-2024,2015-16,06,71,Dental services,158.56
2023-08-01,2023-2024,2015-16,06,71,Dental services,160.42
2023-09-01,2023-2024,2015-16,06,71,Dental services,164.45
2023-10-01,2023-2024,2015-16,06,71,Dental services,165.37
2023-11-01,2023-2024,2015-16,06,71,Dental services,173.96
2023-12-01,2023-2024,2015-16,06,71,Dental services,175.02
2024-01-01,2023-2024,2015-16,06,71,Dental services,176.08
2024-02-01,2023-2024,2015-16,06,71,Dental services,176.43
2024-03-01,2023-2024,2015-16,06,71,Dental services,177.03
2024-04-01,2023-2024,2015-16,06,71,Dental services,178.09
2024-05-01,2023-2024,2015-16,06,71,Dental services,204.16
2024-06-01,2023-2024,2015-16,06,71,Dental services,204.66
2024-07-01,2024-2025,2015-16,06,71,Dental services,206.48
2024-08-01,2024-2025,2015-16,06,71,Dental services,206.69
2024-09-01,2024-2025,2015-16,06,71,Dental services,212.92
2024-10-01,2024-2025,2015-16,06,71,Dental services,213.7
2024-11-01,2024-2025,2015-16,06,71,Dental services,216.6
2024-12-01,2024-2025,2015-16,06,71,Dental services,217.31
2025-01-01,2024-2025,2015-16,06,71,Dental services,222.14
2025-02-01,2024-2025,2015-16,06,71,Dental services,223.27
2025-03-01,2024-2025,2015-16,06,71,Dental services,225.18
2025-04-01,2024-2025,2015-16,06,71,Dental services,225.9
2025-05-01,2024-2025,2015-16,06,71,Dental services,226.43
2025-06-01,2024-2025,2015-16,06,71,Dental services,228.94
2025-07-01,2025-2026,2015-16,06,71,Dental services,229.35
2025-08-01,2025-2026,2015-16,06,71,Dental services,230.24
2025-09-01,2025-2026,2015-16,06,71,Dental services,231.05
2025-10-01,2025-2026,2015-16,06,71,Dental services,233.79
2025-11-01,2025-2026,2015-16,06,71,Dental services,234.7
2025-12-01,2025-2026,2015-16,06,71,Dental services,236.28
2026-01-01,2025-2026,2015-16,06,71,Dental services,236.61
2026-02-01,2025-2026,2015-16,06,71,Dental services,236.82
2026-03-01,2025-2026,2015-16,06,71,Dental services,238.75
2026-04-01,2025-2026,2015-16,06,71,Dental services,239.09
2026-05-01,2025-2026,2015-16,06,71,Dental services,240.43
2026-06-01,2025-2026,2015-16,06,71,Dental services,242.43
2019-07-01,2019-2020,2015-16,06,72,Medical tests,120.65
2019-08-01,2019-2020,2015-16,06,72,Medical tests,121.34
2019-09-01,2019-2020,2015-16,06,72,Medical tests,121.27
2019-10-01,2019-2020,2015-16,06,72,Medical tests,122.98
2019-11-01,2019-2020,2015-16,06,72,Medical tests,123.51
2019-12-01,2019-2020,2015-16,06,72,Medical tests,123.64
2020-01-01,2019-2020,2015-16,06,72,Medical tests,123.91
2020-02-01,2019-2020,2015-16,06,72,Medical tests,124.15
2020-03-01,2019-2020,2015-16,06,72,Medical tests,124.34
2020-04-01,2019-2020,2015-16,06,72,Medical tests,124.34
2020-05-01,2019-2020,2015-16,06,72,Medical tests,124.35
2020-06-01,2019-2020,2015-16,06,72,Medical tests,126.01
2020-07-01,2020-2021,2015-16,06,72,Medical tests,126.68
2020-08-01,2020-2021,2015-16,06,72,Medical tests,128.31
2020-09-01,2020-2021,2015-16,06,72,Medical tests,130.3
2020-10-01,2020-2021,2015-16,06,72,Medical tests,130.41
2020-11-01,2020-2021,2015-16,06,72,Medical tests,130.65
2020-12-01,2020-2021,2015-16,06,72,Medical tests,130.73
2021-01-01,2020-2021,2015-16,06,72,Medical tests,131.84
2021-02-01,2020-2021,2015-16,06,72,Medical tests,132.69
2021-03-01,2020-2021,2015-16,06,72,Medical tests,133.32
2021-04-01,2020-2021,2015-16,06,72,Medical tests,133.7
2021-05-01,2020-2021,2015-16,06,72,Medical tests,134.08
2021-06-01,2020-2021,2015-16,06,72,Medical tests,134.39
2021-07-01,2021-2022,2015-16,06,72,Medical tests,134.74
2021-08-01,2021-2022,2015-16,06,72,Medical tests,134.84
2021-09-01,2021-2022,2015-16,06,72,Medical tests,134.86
2021-10-01,2021-2022,2015-16,06,72,Medical tests,135.39
2021-11-01,2021-2022,2015-16,06,72,Medical tests,136.06
2021-12-01,2021-2022,2015-16,06,72,Medical tests,137.3
2022-01-01,2021-2022,2015-16,06,72,Medical tests,138.48
2022-02-01,2021-2022,2015-16,06,72,Medical tests,142.66
2022-03-01,2021-2022,2015-16,06,72,Medical tests,142.89
2022-04-01,2021-2022,2015-16,06,72,Medical tests,145.8
2022-05-01,2021-2022,2015-16,06,72,Medical tests,146.03
2022-06-01,2021-2022,2015-16,06,72,Medical tests,149.22
2022-07-01,2022-2023,2015-16,06,72,Medical tests,149.45
2022-08-01,2022-2023,2015-16,06,72,Medical tests,149.69
2022-09-01,2022-2023,2015-16,06,72,Medical tests,154.26
2022-10-01,2022-2023,2015-16,06,72,Medical tests,156.42
2022-11-01,2022-2023,2015-16,06,72,Medical tests,157.3
2022-12-01,2022-2023,2015-16,06,72,Medical tests,159.82
2023-01-01,2022-2023,2015-16,06,72,Medical tests,159.91
2023-02-01,2022-2023,2015-16,06,72,Medical tests,168.2
2023-03-01,2022-2023,2015-16,06,72,Medical tests,170.22
2023-04-01,2022-2023,2015-16,06,72,Medical tests,170.59
2023-05-01,2022-2023,2015-16,06,72,Medical tests,171.1
2023-06-01,2022-2023,2015-16,06,72,Medical tests,173.33
2023-07-01,2023-2024,2015-16,06,72,Medical tests,175.21
2023-08-01,2023-2024,2015-16,06,72,Medical tests,178.83
2023-09-01,2023-2024,2015-16,06,72,Medical tests,182.09
2023-10-01,2023-2024,2015-16,06,72,Medical tests,183.54
2023-11-01,2023-2024,2015-16,06,72,Medical tests,183.9
2023-12-01,2023-2024,2015-16,06,72,Medical tests,184.16
2024-01-01,2023-2024,2015-16,06,72,Medical tests,184.35
2024-02-01,2023-2024,2015-16,06,72,Medical tests,184.54
2024-03-01,2023-2024,2015-16,06,72,Medical tests,184.89
2024-04-01,2023-2024,2015-16,06,72,Medical tests,185.45
2024-05-01,2023-2024,2015-16,06,72,Medical tests,189.21
2024-06-01,2023-2024,2015-16,06,72,Medical tests,191.91
2024-07-01,2024-2025,2015-16,06,72,Medical tests,194.3
2024-08-01,2024-2025,2015-16,06,72,Medical tests,195.4
2024-09-01,2024-2025,2015-16,06,72,Medical tests,195.41
2024-10-01,2024-2025,2015-16,06,72,Medical tests,198.2
2024-11-01,2024-2025,2015-16,06,72,Medical tests,200.55
2024-12-01,2024-2025,2015-16,06,72,Medical tests,201.5
2025-01-01,2024-2025,2015-16,06,72,Medical tests,212.3
2025-02-01,2024-2025,2015-16,06,72,Medical tests,213.1
2025-03-01,2024-2025,2015-16,06,72,Medical tests,213.6
2025-04-01,2024-2025,2015-16,06,72,Medical tests,214.72
2025-05-01,2024-2025,2015-16,06,72,Medical tests,214.86
2025-06-01,2024-2025,2015-16,06,72,Medical tests,214.98
2025-07-01,2025-2026,2015-16,06,72,Medical tests,215.14
2025-08-01,2025-2026,2015-16,06,72,Medical tests,215.91
2025-09-01,2025-2026,2015-16,06,72,Medical tests,217.37
2025-10-01,2025-2026,2015-16,06,72,Medical tests,217.81
2025-11-01,2025-2026,2015-16,06,72,Medical tests,222.04
2025-12-01,2025-2026,2015-16,06,72,Medical tests,222.55
2026-01-01,2025-2026,2015-16,06,72,Medical tests,223.09
2026-02-01,2025-2026,2015-16,06,72,Medical tests,223.28
2026-03-01,2025-2026,2015-16,06,72,Medical tests,223.67
2026-04-01,2025-2026,2015-16,06,72,Medical tests,230.51
2026-05-01,2025-2026,2015-16,06,72,Medical tests,230.9
2026-06-01,2025-2026,2015-16,06,72,Medical tests,234.32
2019-07-01,2019-2020,2015-16,06,73,Hospitals services,126.57
2019-08-01,2019-2020,2015-16,06,73,Hospitals services,127.04
2019-09-01,2019-2020,2015-16,06,73,Hospitals services,127.14
2019-10-01,2019-2020,2015-16,06,73,Hospitals services,127.34
2019-11-01,2019-2020,2015-16,06,73,Hospitals services,127.34
2019-12-01,2019-2020,2015-16,06,73,Hospitals services,127.34
2020-01-01,2019-2020,2015-16,06,73,Hospitals services,127.35
2020-02-01,2019-2020,2015-16,06,73,Hospitals services,127.47
2020-03-01,2019-2020,2015-16,06,73,Hospitals services,127.53
2020-04-01,2019-2020,2015-16,06,73,Hospitals services,127.49
2020-05-01,2019-2020,2015-16,06,73,Hospitals services,127.49
2020-06-01,2019-2020,2015-16,06,73,Hospitals services,127.51
2020-07-01,2020-2021,2015-16,06,73,Hospitals services,127.99
2020-08-01,2020-2021,2015-16,06,73,Hospitals services,128.99
2020-09-01,2020-2021,2015-16,06,73,Hospitals services,129.02
2020-10-01,2020-2021,2015-16,06,73,Hospitals services,130.09
2020-11-01,2020-2021,2015-16,06,73,Hospitals services,130.22
2020-12-01,2020-2021,2015-16,06,73,Hospitals services,130.69
2021-01-01,2020-2021,2015-16,06,73,Hospitals services,130.7
2021-02-01,2020-2021,2015-16,06,73,Hospitals services,131.81
2021-03-01,2020-2021,2015-16,06,73,Hospitals services,134.03
2021-04-01,2020-2021,2015-16,06,73,Hospitals services,134.49
2021-05-01,2020-2021,2015-16,06,73,Hospitals services,134.49
2021-06-01,2020-2021,2015-16,06,73,Hospitals services,137.93
2021-07-01,2021-2022,2015-16,06,73,Hospitals services,138.5
2021-08-01,2021-2022,2015-16,06,73,Hospitals services,139.23
2021-09-01,2021-2022,2015-16,06,73,Hospitals services,140.61
2021-10-01,2021-2022,2015-16,06,73,Hospitals services,140.75
2021-11-01,2021-2022,2015-16,06,73,Hospitals services,140.8
2021-12-01,2021-2022,2015-16,06,73,Hospitals services,142.18
2022-01-01,2021-2022,2015-16,06,73,Hospitals services,142.65
2022-02-01,2021-2022,2015-16,06,73,Hospitals services,145.15
2022-03-01,2021-2022,2015-16,06,73,Hospitals services,145.87
2022-04-01,2021-2022,2015-16,06,73,Hospitals services,145.87
2022-05-01,2021-2022,2015-16,06,73,Hospitals services,145.92
2022-06-01,2021-2022,2015-16,06,73,Hospitals services,148.22
2022-07-01,2022-2023,2015-16,06,73,Hospitals services,148.22
2022-08-01,2022-2023,2015-16,06,73,Hospitals services,148.56
2022-09-01,2022-2023,2015-16,06,73,Hospitals services,148.75
2022-10-01,2022-2023,2015-16,06,73,Hospitals services,149.66
2022-11-01,2022-2023,2015-16,06,73,Hospitals services,151.29
2022-12-01,2022-2023,2015-16,06,73,Hospitals services,151.42
2023-01-01,2022-2023,2015-16,06,73,Hospitals services,151.47
2023-02-01,2022-2023,2015-16,06,73,Hospitals services,154.82
2023-03-01,2022-2023,2015-16,06,73,Hospitals services,156.31
2023-04-01,2022-2023,2015-16,06,73,Hospitals services,163.91
2023-05-01,2022-2023,2015-16,06,73,Hospitals services,164.09
2023-06-01,2022-2023,2015-16,06,73,Hospitals services,165.42
2023-07-01,2023-2024,2015-16,06,73,Hospitals services,171.37
2023-08-01,2023-2024,2015-16,06,73,Hospitals services,172.78
2023-09-01,2023-2024,2015-16,06,73,Hospitals services,176.38
2023-10-01,2023-2024,2015-16,06,73,Hospitals services,177.43
2023-11-01,2023-2024,2015-16,06,73,Hospitals services,180.34
2023-12-01,2023-2024,2015-16,06,73,Hospitals services,187.04
2024-01-01,2023-2024,2015-16,06,73,Hospitals services,187.5
2024-02-01,2023-2024,2015-16,06,73,Hospitals services,187.86
2024-03-01,2023-2024,2015-16,06,73,Hospitals services,188.3
2024-04-01,2023-2024,2015-16,06,73,Hospitals services,188.31
2024-05-01,2023-2024,2015-16,06,73,Hospitals services,193.46
2024-06-01,2023-2024,2015-16,06,73,Hospitals services,197.24
2024-07-01,2024-2025,2015-16,06,73,Hospitals services,205.14
2024-08-01,2024-2025,2015-16,06,73,Hospitals services,206.15
2024-09-01,2024-2025,2015-16,06,73,Hospitals services,206.58
2024-10-01,2024-2025,2015-16,06,73,Hospitals services,209.84
2024-11-01,2024-2025,2015-16,06,73,Hospitals services,210.81
2024-12-01,2024-2025,2015-16,06,73,Hospitals services,211.27
2025-01-01,2024-2025,2015-16,06,73,Hospitals services,212.04
2025-02-01,2024-2025,2015-16,06,73,Hospitals services,212.51
2025-03-01,2024-2025,2015-16,06,73,Hospitals services,212.62
2025-04-01,2024-2025,2015-16,06,73,Hospitals services,214.16
2025-05-01,2024-2025,2015-16,06,73,Hospitals services,214.26
2025-06-01,2024-2025,2015-16,06,73,Hospitals services,214.68
2025-07-01,2025-2026,2015-16,06,73,Hospitals services,214.68
2025-08-01,2025-2026,2015-16,06,73,Hospitals services,218.35
2025-09-01,2025-2026,2015-16,06,73,Hospitals services,219.2
2025-10-01,2025-2026,2015-16,06,73,Hospitals services,219.47
2025-11-01,2025-2026,2015-16,06,73,Hospitals services,221.79
2025-12-01,2025-2026,2015-16,06,73,Hospitals services,222.17
2026-01-01,2025-2026,2015-16,06,73,Hospitals services,222.99
2026-02-01,2025-2026,2015-16,06,73,Hospitals services,223
2026-03-01,2025-2026,2015-16,06,73,Hospitals services,223.41
2026-04-01,2025-2026,2015-16,06,73,Hospitals services,225.41
2026-05-01,2025-2026,2015-16,06,73,Hospitals services,226.15
2026-06-01,2025-2026,2015-16,06,73,Hospitals services,227.61
2019-07-01,2019-2020,2015-16,07,00,Transport,141.72
2019-08-01,2019-2020,2015-16,07,00,Transport,144.36
2019-09-01,2019-2020,2015-16,07,00,Transport,142.32
2019-10-01,2019-2020,2015-16,07,00,Transport,142.96
2019-11-01,2019-2020,2015-16,07,00,Transport,143.6
2019-12-01,2019-2020,2015-16,07,00,Transport,145.01
2020-01-01,2019-2020,2015-16,07,00,Transport,146.34
2020-02-01,2019-2020,2015-16,07,00,Transport,146.55
2020-03-01,2019-2020,2015-16,07,00,Transport,139.85
2020-04-01,2019-2020,2015-16,07,00,Transport,133.49
2020-05-01,2019-2020,2015-16,07,00,Transport,124.89
2020-06-01,2019-2020,2015-16,07,00,Transport,123.36
2020-07-01,2020-2021,2015-16,07,00,Transport,134.88
2020-08-01,2020-2021,2015-16,07,00,Transport,139.08
2020-09-01,2020-2021,2015-16,07,00,Transport,140.06
2020-10-01,2020-2021,2015-16,07,00,Transport,140.58
2020-11-01,2020-2021,2015-16,07,00,Transport,137.2
2020-12-01,2020-2021,2015-16,07,00,Transport,139.79
2021-01-01,2020-2021,2015-16,07,00,Transport,142.26
2021-02-01,2020-2021,2015-16,07,00,Transport,145.36
2021-03-01,2020-2021,2015-16,07,00,Transport,144.34
2021-04-01,2020-2021,2015-16,07,00,Transport,142.56
2021-05-01,2020-2021,2015-16,07,00,Transport,142.67
2021-06-01,2020-2021,2015-16,07,00,Transport,144.31
2021-07-01,2021-2022,2015-16,07,00,Transport,150.24
2021-08-01,2021-2022,2015-16,07,00,Transport,151.29
2021-09-01,2021-2022,2015-16,07,00,Transport,153.57
2021-10-01,2021-2022,2015-16,07,00,Transport,161.7
2021-11-01,2021-2022,2015-16,07,00,Transport,172.43
2021-12-01,2021-2022,2015-16,07,00,Transport,174.72
2022-01-01,2021-2022,2015-16,07,00,Transport,175.48
2022-02-01,2021-2022,2015-16,07,00,Transport,181.41
2022-03-01,2021-2022,2015-16,07,00,Transport,182.29
2022-04-01,2021-2022,2015-16,07,00,Transport,183.31
2022-05-01,2021-2022,2015-16,07,00,Transport,188.65
2022-06-01,2021-2022,2015-16,07,00,Transport,233.01
2022-07-01,2022-2023,2015-16,07,00,Transport,246.08
2022-08-01,2022-2023,2015-16,07,00,Transport,245.69
2022-09-01,2022-2023,2015-16,07,00,Transport,250.71
2022-10-01,2022-2023,2015-16,07,00,Transport,245.33
2022-11-01,2022-2023,2015-16,07,00,Transport,245.03
2022-12-01,2022-2023,2015-16,07,00,Transport,243.22
2023-01-01,2022-2023,2015-16,07,00,Transport,242.19
2023-02-01,2022-2023,2015-16,07,00,Transport,271.89
2023-03-01,2022-2023,2015-16,07,00,Transport,281.79
2023-04-01,2022-2023,2015-16,07,00,Transport,285.69
2023-05-01,2022-2023,2015-16,07,00,Transport,285.67
2023-06-01,2022-2023,2015-16,07,00,Transport,279.52
2023-07-01,2023-2024,2015-16,07,00,Transport,279.49
2023-08-01,2023-2024,2015-16,07,00,Transport,296.49
2023-09-01,2023-2024,2015-16,07,00,Transport,319.47
2023-10-01,2023-2024,2015-16,07,00,Transport,310.68
2023-11-01,2023-2024,2015-16,07,00,Transport,302.48
2023-12-01,2023-2024,2015-16,07,00,Transport,305.96
2024-01-01,2023-2024,2015-16,07,00,Transport,300.26
2024-02-01,2023-2024,2015-16,07,00,Transport,306.81
2024-03-01,2023-2024,2015-16,07,00,Transport,305.33
2024-04-01,2023-2024,2015-16,07,00,Transport,312.92
2024-05-01,2023-2024,2015-16,07,00,Transport,309.36
2024-06-01,2023-2024,2015-16,07,00,Transport,303.14
2024-07-01,2024-2025,2015-16,07,00,Transport,307.43
2024-08-01,2024-2025,2015-16,07,00,Transport,305.69
2024-09-01,2024-2025,2015-16,07,00,Transport,299.64
2024-10-01,2024-2025,2015-16,07,00,Transport,294.62
2024-11-01,2024-2025,2015-16,07,00,Transport,296.81
2024-12-01,2024-2025,2015-16,07,00,Transport,300.02
2025-01-01,2024-2025,2015-16,07,00,Transport,302.43
2025-02-01,2024-2025,2015-16,07,00,Transport,303.09
2025-03-01,2024-2025,2015-16,07,00,Transport,302.14
2025-04-01,2024-2025,2015-16,07,00,Transport,301.84
2025-05-01,2024-2025,2015-16,07,00,Transport,301.57
2025-06-01,2024-2025,2015-16,07,00,Transport,304.52
2025-07-01,2025-2026,2015-16,07,00,Transport,315.95
2025-08-01,2025-2026,2015-16,07,00,Transport,312.8
2025-09-01,2025-2026,2015-16,07,00,Transport,311.84
2025-10-01,2025-2026,2015-16,07,00,Transport,314.95
2025-11-01,2025-2026,2015-16,07,00,Transport,315.13
2025-12-01,2025-2026,2015-16,07,00,Transport,315.14
2026-01-01,2025-2026,2015-16,07,00,Transport,310.77
2026-02-01,2025-2026,2015-16,07,00,Transport,303.91
2026-03-01,2025-2026,2015-16,07,00,Transport,340.79
2026-04-01,2025-2026,2015-16,07,00,Transport,398.87
2026-05-01,2025-2026,2015-16,07,00,Transport,420.75
2026-06-01,2025-2026,2015-16,07,00,Transport,390.16
2019-07-01,2019-2020,2015-16,07,74,Motor vehicles,141.89
2019-08-01,2019-2020,2015-16,07,74,Motor vehicles,144.24
2019-09-01,2019-2020,2015-16,07,74,Motor vehicles,145.22
2019-10-01,2019-2020,2015-16,07,74,Motor vehicles,145.23
2019-11-01,2019-2020,2015-16,07,74,Motor vehicles,145.35
2019-12-01,2019-2020,2015-16,07,74,Motor vehicles,145.41
2020-01-01,2019-2020,2015-16,07,74,Motor vehicles,146.36
2020-02-01,2019-2020,2015-16,07,74,Motor vehicles,146.45
2020-03-01,2019-2020,2015-16,07,74,Motor vehicles,146.48
2020-04-01,2019-2020,2015-16,07,74,Motor vehicles,146.48
2020-05-01,2019-2020,2015-16,07,74,Motor vehicles,146.86
2020-06-01,2019-2020,2015-16,07,74,Motor vehicles,147.46
2020-07-01,2020-2021,2015-16,07,74,Motor vehicles,147.76
2020-08-01,2020-2021,2015-16,07,74,Motor vehicles,148.34
2020-09-01,2020-2021,2015-16,07,74,Motor vehicles,149.05
2020-10-01,2020-2021,2015-16,07,74,Motor vehicles,149.33
2020-11-01,2020-2021,2015-16,07,74,Motor vehicles,150.68
2020-12-01,2020-2021,2015-16,07,74,Motor vehicles,151.66
2021-01-01,2020-2021,2015-16,07,74,Motor vehicles,152.3
2021-02-01,2020-2021,2015-16,07,74,Motor vehicles,153.75
2021-03-01,2020-2021,2015-16,07,74,Motor vehicles,153.87
2021-04-01,2020-2021,2015-16,07,74,Motor vehicles,154.08
2021-05-01,2020-2021,2015-16,07,74,Motor vehicles,154.41
2021-06-01,2020-2021,2015-16,07,74,Motor vehicles,154.49
2021-07-01,2021-2022,2015-16,07,74,Motor vehicles,151.83
2021-08-01,2021-2022,2015-16,07,74,Motor vehicles,152.56
2021-09-01,2021-2022,2015-16,07,74,Motor vehicles,152.69
2021-10-01,2021-2022,2015-16,07,74,Motor vehicles,154.29
2021-11-01,2021-2022,2015-16,07,74,Motor vehicles,162.77
2021-12-01,2021-2022,2015-16,07,74,Motor vehicles,163.8
2022-01-01,2021-2022,2015-16,07,74,Motor vehicles,163.9
2022-02-01,2021-2022,2015-16,07,74,Motor vehicles,166.83
2022-03-01,2021-2022,2015-16,07,74,Motor vehicles,169.77
2022-04-01,2021-2022,2015-16,07,74,Motor vehicles,178.98
2022-05-01,2021-2022,2015-16,07,74,Motor vehicles,184.89
2022-06-01,2021-2022,2015-16,07,74,Motor vehicles,186.84
2022-07-01,2022-2023,2015-16,07,74,Motor vehicles,188.32
2022-08-01,2022-2023,2015-16,07,74,Motor vehicles,211.09
2022-09-01,2022-2023,2015-16,07,74,Motor vehicles,205.96
2022-10-01,2022-2023,2015-16,07,74,Motor vehicles,207.19
2022-11-01,2022-2023,2015-16,07,74,Motor vehicles,208.62
2022-12-01,2022-2023,2015-16,07,74,Motor vehicles,208.82
2023-01-01,2022-2023,2015-16,07,74,Motor vehicles,209.85
2023-02-01,2022-2023,2015-16,07,74,Motor vehicles,231.51
2023-03-01,2022-2023,2015-16,07,74,Motor vehicles,247.09
2023-04-01,2022-2023,2015-16,07,74,Motor vehicles,253.28
2023-05-01,2022-2023,2015-16,07,74,Motor vehicles,255.16
2023-06-01,2022-2023,2015-16,07,74,Motor vehicles,255.24
2023-07-01,2023-2024,2015-16,07,74,Motor vehicles,255.47
2023-08-01,2023-2024,2015-16,07,74,Motor vehicles,256.35
2023-09-01,2023-2024,2015-16,07,74,Motor vehicles,256.47
2023-10-01,2023-2024,2015-16,07,74,Motor vehicles,256.48
2023-11-01,2023-2024,2015-16,07,74,Motor vehicles,254.55
2023-12-01,2023-2024,2015-16,07,74,Motor vehicles,254.55
2024-01-01,2023-2024,2015-16,07,74,Motor vehicles,254.51
2024-02-01,2023-2024,2015-16,07,74,Motor vehicles,254.54
2024-03-01,2023-2024,2015-16,07,74,Motor vehicles,255.69
2024-04-01,2023-2024,2015-16,07,74,Motor vehicles,256.04
2024-05-01,2023-2024,2015-16,07,74,Motor vehicles,255.59
2024-06-01,2023-2024,2015-16,07,74,Motor vehicles,257.72
2024-07-01,2024-2025,2015-16,07,74,Motor vehicles,259.11
2024-08-01,2024-2025,2015-16,07,74,Motor vehicles,259.33
2024-09-01,2024-2025,2015-16,07,74,Motor vehicles,259.34
2024-10-01,2024-2025,2015-16,07,74,Motor vehicles,259.37
2024-11-01,2024-2025,2015-16,07,74,Motor vehicles,259.37
2024-12-01,2024-2025,2015-16,07,74,Motor vehicles,259.37
2025-01-01,2024-2025,2015-16,07,74,Motor vehicles,259.37
2025-02-01,2024-2025,2015-16,07,74,Motor vehicles,259.34
2025-03-01,2024-2025,2015-16,07,74,Motor vehicles,259.38
2025-04-01,2024-2025,2015-16,07,74,Motor vehicles,259.38
2025-05-01,2024-2025,2015-16,07,74,Motor vehicles,264.21
2025-06-01,2024-2025,2015-16,07,74,Motor vehicles,264.37
2025-07-01,2025-2026,2015-16,07,74,Motor vehicles,267.39
2025-08-01,2025-2026,2015-16,07,74,Motor vehicles,267.19
2025-09-01,2025-2026,2015-16,07,74,Motor vehicles,267.42
2025-10-01,2025-2026,2015-16,07,74,Motor vehicles,267.42
2025-11-01,2025-2026,2015-16,07,74,Motor vehicles,267.45
2025-12-01,2025-2026,2015-16,07,74,Motor vehicles,267.55
2026-01-01,2025-2026,2015-16,07,74,Motor vehicles,267.56
2026-02-01,2025-2026,2015-16,07,74,Motor vehicles,267.62
2026-03-01,2025-2026,2015-16,07,74,Motor vehicles,267.63
2026-04-01,2025-2026,2015-16,07,74,Motor vehicles,267.71
2026-05-01,2025-2026,2015-16,07,74,Motor vehicles,267.7
2026-06-01,2025-2026,2015-16,07,74,Motor vehicles,267.72
2019-07-01,2019-2020,2015-16,07,75,Motor vehicle accessories,121.74
2019-08-01,2019-2020,2015-16,07,75,Motor vehicle accessories,122.32
2019-09-01,2019-2020,2015-16,07,75,Motor vehicle accessories,122.59
2019-10-01,2019-2020,2015-16,07,75,Motor vehicle accessories,123.67
2019-11-01,2019-2020,2015-16,07,75,Motor vehicle accessories,123.72
2019-12-01,2019-2020,2015-16,07,75,Motor vehicle accessories,125.88
2020-01-01,2019-2020,2015-16,07,75,Motor vehicle accessories,126.72
2020-02-01,2019-2020,2015-16,07,75,Motor vehicle accessories,127.55
2020-03-01,2019-2020,2015-16,07,75,Motor vehicle accessories,127.83
2020-04-01,2019-2020,2015-16,07,75,Motor vehicle accessories,128.16
2020-05-01,2019-2020,2015-16,07,75,Motor vehicle accessories,130.09
2020-06-01,2019-2020,2015-16,07,75,Motor vehicle accessories,130.68
2020-07-01,2020-2021,2015-16,07,75,Motor vehicle accessories,131.04
2020-08-01,2020-2021,2015-16,07,75,Motor vehicle accessories,131.46
2020-09-01,2020-2021,2015-16,07,75,Motor vehicle accessories,132.52
2020-10-01,2020-2021,2015-16,07,75,Motor vehicle accessories,133.7
2020-11-01,2020-2021,2015-16,07,75,Motor vehicle accessories,134.54
2020-12-01,2020-2021,2015-16,07,75,Motor vehicle accessories,137.31
2021-01-01,2020-2021,2015-16,07,75,Motor vehicle accessories,137.86
2021-02-01,2020-2021,2015-16,07,75,Motor vehicle accessories,137.86
2021-03-01,2020-2021,2015-16,07,75,Motor vehicle accessories,140.01
2021-04-01,2020-2021,2015-16,07,75,Motor vehicle accessories,140.14
2021-05-01,2020-2021,2015-16,07,75,Motor vehicle accessories,141.66
2021-06-01,2020-2021,2015-16,07,75,Motor vehicle accessories,141.95
2021-07-01,2021-2022,2015-16,07,75,Motor vehicle accessories,142.81
2021-08-01,2021-2022,2015-16,07,75,Motor vehicle accessories,144.34
2021-09-01,2021-2022,2015-16,07,75,Motor vehicle accessories,145.7
2021-10-01,2021-2022,2015-16,07,75,Motor vehicle accessories,149.72
2021-11-01,2021-2022,2015-16,07,75,Motor vehicle accessories,153.36
2021-12-01,2021-2022,2015-16,07,75,Motor vehicle accessories,156.28
2022-01-01,2021-2022,2015-16,07,75,Motor vehicle accessories,157.22
2022-02-01,2021-2022,2015-16,07,75,Motor vehicle accessories,159.72
2022-03-01,2021-2022,2015-16,07,75,Motor vehicle accessories,161.89
2022-04-01,2021-2022,2015-16,07,75,Motor vehicle accessories,162.49
2022-05-01,2021-2022,2015-16,07,75,Motor vehicle accessories,165.75
2022-06-01,2021-2022,2015-16,07,75,Motor vehicle accessories,173.04
2022-07-01,2022-2023,2015-16,07,75,Motor vehicle accessories,174.77
2022-08-01,2022-2023,2015-16,07,75,Motor vehicle accessories,183.85
2022-09-01,2022-2023,2015-16,07,75,Motor vehicle accessories,193.44
2022-10-01,2022-2023,2015-16,07,75,Motor vehicle accessories,196.59
2022-11-01,2022-2023,2015-16,07,75,Motor vehicle accessories,201.64
2022-12-01,2022-2023,2015-16,07,75,Motor vehicle accessories,202.17
2023-01-01,2022-2023,2015-16,07,75,Motor vehicle accessories,203.23
2023-02-01,2022-2023,2015-16,07,75,Motor vehicle accessories,218.88
2023-03-01,2022-2023,2015-16,07,75,Motor vehicle accessories,226.07
2023-04-01,2022-2023,2015-16,07,75,Motor vehicle accessories,231.65
2023-05-01,2022-2023,2015-16,07,75,Motor vehicle accessories,240.59
2023-06-01,2022-2023,2015-16,07,75,Motor vehicle accessories,241.29
2023-07-01,2023-2024,2015-16,07,75,Motor vehicle accessories,242.59
2023-08-01,2023-2024,2015-16,07,75,Motor vehicle accessories,247.59
2023-09-01,2023-2024,2015-16,07,75,Motor vehicle accessories,251.22
2023-10-01,2023-2024,2015-16,07,75,Motor vehicle accessories,252.37
2023-11-01,2023-2024,2015-16,07,75,Motor vehicle accessories,250.2
2023-12-01,2023-2024,2015-16,07,75,Motor vehicle accessories,250.39
2024-01-01,2023-2024,2015-16,07,75,Motor vehicle accessories,250.34
2024-02-01,2023-2024,2015-16,07,75,Motor vehicle accessories,250.42
2024-03-01,2023-2024,2015-16,07,75,Motor vehicle accessories,252.48
2024-04-01,2023-2024,2015-16,07,75,Motor vehicle accessories,252.7
2024-05-01,2023-2024,2015-16,07,75,Motor vehicle accessories,252.68
2024-06-01,2023-2024,2015-16,07,75,Motor vehicle accessories,254.28
2024-07-01,2024-2025,2015-16,07,75,Motor vehicle accessories,258.64
2024-08-01,2024-2025,2015-16,07,75,Motor vehicle accessories,259.13
2024-09-01,2024-2025,2015-16,07,75,Motor vehicle accessories,259.99
2024-10-01,2024-2025,2015-16,07,75,Motor vehicle accessories,260.1
2024-11-01,2024-2025,2015-16,07,75,Motor vehicle accessories,261
2024-12-01,2024-2025,2015-16,07,75,Motor vehicle accessories,263.75
2025-01-01,2024-2025,2015-16,07,75,Motor vehicle accessories,263.88
2025-02-01,2024-2025,2015-16,07,75,Motor vehicle accessories,264.18
2025-03-01,2024-2025,2015-16,07,75,Motor vehicle accessories,265.06
2025-04-01,2024-2025,2015-16,07,75,Motor vehicle accessories,263.81
2025-05-01,2024-2025,2015-16,07,75,Motor vehicle accessories,264.05
2025-06-01,2024-2025,2015-16,07,75,Motor vehicle accessories,264.26
2025-07-01,2025-2026,2015-16,07,75,Motor vehicle accessories,265.36
2025-08-01,2025-2026,2015-16,07,75,Motor vehicle accessories,265.92
2025-09-01,2025-2026,2015-16,07,75,Motor vehicle accessories,266.36
2025-10-01,2025-2026,2015-16,07,75,Motor vehicle accessories,266.57
2025-11-01,2025-2026,2015-16,07,75,Motor vehicle accessories,268.35
2025-12-01,2025-2026,2015-16,07,75,Motor vehicle accessories,269.38
2026-01-01,2025-2026,2015-16,07,75,Motor vehicle accessories,269.88
2026-02-01,2025-2026,2015-16,07,75,Motor vehicle accessories,271.3
2026-03-01,2025-2026,2015-16,07,75,Motor vehicle accessories,272.82
2026-04-01,2025-2026,2015-16,07,75,Motor vehicle accessories,273.72
2026-05-01,2025-2026,2015-16,07,75,Motor vehicle accessories,274.4
2026-06-01,2025-2026,2015-16,07,75,Motor vehicle accessories,274.46
2019-07-01,2019-2020,2015-16,07,76,Motor fuel,156.53
2019-08-01,2019-2020,2015-16,07,76,Motor fuel,162.6
2019-09-01,2019-2020,2015-16,07,76,Motor fuel,157.35
2019-10-01,2019-2020,2015-16,07,76,Motor fuel,157.58
2019-11-01,2019-2020,2015-16,07,76,Motor fuel,158.91
2019-12-01,2019-2020,2015-16,07,76,Motor fuel,158.62
2020-01-01,2019-2020,2015-16,07,76,Motor fuel,161.69
2020-02-01,2019-2020,2015-16,07,76,Motor fuel,161.97
2020-03-01,2019-2020,2015-16,07,76,Motor fuel,151.98
2020-04-01,2019-2020,2015-16,07,76,Motor fuel,138.53
2020-05-01,2019-2020,2015-16,07,76,Motor fuel,119.92
2020-06-01,2019-2020,2015-16,07,76,Motor fuel,111.18
2020-07-01,2020-2021,2015-16,07,76,Motor fuel,141.21
2020-08-01,2020-2021,2015-16,07,76,Motor fuel,145.93
2020-09-01,2020-2021,2015-16,07,76,Motor fuel,146.18
2020-10-01,2020-2021,2015-16,07,76,Motor fuel,146.32
2020-11-01,2020-2021,2015-16,07,76,Motor fuel,143.74
2020-12-01,2020-2021,2015-16,07,76,Motor fuel,144.72
2021-01-01,2020-2021,2015-16,07,76,Motor fuel,150.99
2021-02-01,2020-2021,2015-16,07,76,Motor fuel,153.46
2021-03-01,2020-2021,2015-16,07,76,Motor fuel,153.47
2021-04-01,2020-2021,2015-16,07,76,Motor fuel,151.13
2021-05-01,2020-2021,2015-16,07,76,Motor fuel,150.42
2021-06-01,2020-2021,2015-16,07,76,Motor fuel,152.12
2021-07-01,2021-2022,2015-16,07,76,Motor fuel,164.41
2021-08-01,2021-2022,2015-16,07,76,Motor fuel,169.01
2021-09-01,2021-2022,2015-16,07,76,Motor fuel,171.84
2021-10-01,2021-2022,2015-16,07,76,Motor fuel,186.71
2021-11-01,2021-2022,2015-16,07,76,Motor fuel,202.4
2021-12-01,2021-2022,2015-16,07,76,Motor fuel,202.14
2022-01-01,2021-2022,2015-16,07,76,Motor fuel,205.68
2022-02-01,2021-2022,2015-16,07,76,Motor fuel,214.41
2022-03-01,2021-2022,2015-16,07,76,Motor fuel,210.22
2022-04-01,2021-2022,2015-16,07,76,Motor fuel,210.42
2022-05-01,2021-2022,2015-16,07,76,Motor fuel,217.13
2022-06-01,2021-2022,2015-16,07,76,Motor fuel,297.76
2022-07-01,2022-2023,2015-16,07,76,Motor fuel,319.65
2022-08-01,2022-2023,2015-16,07,76,Motor fuel,311.34
2022-09-01,2022-2023,2015-16,07,76,Motor fuel,321.28
2022-10-01,2022-2023,2015-16,07,76,Motor fuel,307.71
2022-11-01,2022-2023,2015-16,07,76,Motor fuel,307.69
2022-12-01,2022-2023,2015-16,07,76,Motor fuel,302.09
2023-01-01,2022-2023,2015-16,07,76,Motor fuel,300.29
2023-02-01,2022-2023,2015-16,07,76,Motor fuel,349.92
2023-03-01,2022-2023,2015-16,07,76,Motor fuel,360.75
2023-04-01,2022-2023,2015-16,07,76,Motor fuel,369.15
2023-05-01,2022-2023,2015-16,07,76,Motor fuel,368.91
2023-06-01,2022-2023,2015-16,07,76,Motor fuel,352.95
2023-07-01,2023-2024,2015-16,07,76,Motor fuel,347.94
2023-08-01,2023-2024,2015-16,07,76,Motor fuel,376.78
2023-09-01,2023-2024,2015-16,07,76,Motor fuel,419.34
2023-10-01,2023-2024,2015-16,07,76,Motor fuel,402.5
2023-11-01,2023-2024,2015-16,07,76,Motor fuel,379.15
2023-12-01,2023-2024,2015-16,07,76,Motor fuel,370.07
2024-01-01,2023-2024,2015-16,07,76,Motor fuel,357.18
2024-02-01,2023-2024,2015-16,07,76,Motor fuel,369.78
2024-03-01,2023-2024,2015-16,07,76,Motor fuel,376.07
2024-04-01,2023-2024,2015-16,07,76,Motor fuel,389.71
2024-05-01,2023-2024,2015-16,07,76,Motor fuel,377.32
2024-06-01,2023-2024,2015-16,07,76,Motor fuel,356.81
2024-07-01,2024-2025,2015-16,07,76,Motor fuel,366.26
2024-08-01,2024-2025,2015-16,07,76,Motor fuel,359.75
2024-09-01,2024-2025,2015-16,07,76,Motor fuel,347.75
2024-10-01,2024-2025,2015-16,07,76,Motor fuel,339.72
2024-11-01,2024-2025,2015-16,07,76,Motor fuel,341.34
2024-12-01,2024-2025,2015-16,07,76,Motor fuel,345.61
2025-01-01,2024-2025,2015-16,07,76,Motor fuel,348.32
2025-02-01,2024-2025,2015-16,07,76,Motor fuel,350.94
2025-03-01,2024-2025,2015-16,07,76,Motor fuel,349.7
2025-04-01,2024-2025,2015-16,07,76,Motor fuel,348.56
2025-05-01,2024-2025,2015-16,07,76,Motor fuel,346.24
2025-06-01,2024-2025,2015-16,07,76,Motor fuel,350.16
2025-07-01,2025-2026,2015-16,07,76,Motor fuel,365.73
2025-08-01,2025-2026,2015-16,07,76,Motor fuel,360.2
2025-09-01,2025-2026,2015-16,07,76,Motor fuel,360.42
2025-10-01,2025-2026,2015-16,07,76,Motor fuel,361.89
2025-11-01,2025-2026,2015-16,07,76,Motor fuel,361.54
2025-12-01,2025-2026,2015-16,07,76,Motor fuel,359.14
2026-01-01,2025-2026,2015-16,07,76,Motor fuel,347.27
2026-02-01,2025-2026,2015-16,07,76,Motor fuel,350.32
2026-03-01,2025-2026,2015-16,07,76,Motor fuel,413.4
2026-04-01,2025-2026,2015-16,07,76,Motor fuel,488.73
2026-05-01,2025-2026,2015-16,07,76,Motor fuel,525.98
2026-06-01,2025-2026,2015-16,07,76,Motor fuel,462.54
2019-07-01,2019-2020,2015-16,07,77,Mechanical services,120.34
2019-08-01,2019-2020,2015-16,07,77,Mechanical services,121.22
2019-09-01,2019-2020,2015-16,07,77,Mechanical services,126.04
2019-10-01,2019-2020,2015-16,07,77,Mechanical services,126.2
2019-11-01,2019-2020,2015-16,07,77,Mechanical services,126.3
2019-12-01,2019-2020,2015-16,07,77,Mechanical services,128.45
2020-01-01,2019-2020,2015-16,07,77,Mechanical services,128.99
2020-02-01,2019-2020,2015-16,07,77,Mechanical services,129.02
2020-03-01,2019-2020,2015-16,07,77,Mechanical services,129.15
2020-04-01,2019-2020,2015-16,07,77,Mechanical services,129.15
2020-05-01,2019-2020,2015-16,07,77,Mechanical services,130.66
2020-06-01,2019-2020,2015-16,07,77,Mechanical services,130.87
2020-07-01,2020-2021,2015-16,07,77,Mechanical services,131.11
2020-08-01,2020-2021,2015-16,07,77,Mechanical services,131.58
2020-09-01,2020-2021,2015-16,07,77,Mechanical services,132.38
2020-10-01,2020-2021,2015-16,07,77,Mechanical services,133.42
2020-11-01,2020-2021,2015-16,07,77,Mechanical services,133.67
2020-12-01,2020-2021,2015-16,07,77,Mechanical services,135.79
2021-01-01,2020-2021,2015-16,07,77,Mechanical services,136.24
2021-02-01,2020-2021,2015-16,07,77,Mechanical services,136.53
2021-03-01,2020-2021,2015-16,07,77,Mechanical services,136.87
2021-04-01,2020-2021,2015-16,07,77,Mechanical services,137.2
2021-05-01,2020-2021,2015-16,07,77,Mechanical services,137.66
2021-06-01,2020-2021,2015-16,07,77,Mechanical services,137.66
2021-07-01,2021-2022,2015-16,07,77,Mechanical services,138.01
2021-08-01,2021-2022,2015-16,07,77,Mechanical services,139
2021-09-01,2021-2022,2015-16,07,77,Mechanical services,139.13
2021-10-01,2021-2022,2015-16,07,77,Mechanical services,140.01
2021-11-01,2021-2022,2015-16,07,77,Mechanical services,146.82
2021-12-01,2021-2022,2015-16,07,77,Mechanical services,147.77
2022-01-01,2021-2022,2015-16,07,77,Mechanical services,149.7
2022-02-01,2021-2022,2015-16,07,77,Mechanical services,153.7
2022-03-01,2021-2022,2015-16,07,77,Mechanical services,154.9
2022-04-01,2021-2022,2015-16,07,77,Mechanical services,156.5
2022-05-01,2021-2022,2015-16,07,77,Mechanical services,158.26
2022-06-01,2021-2022,2015-16,07,77,Mechanical services,160
2022-07-01,2022-2023,2015-16,07,77,Mechanical services,162.87
2022-08-01,2022-2023,2015-16,07,77,Mechanical services,166.83
2022-09-01,2022-2023,2015-16,07,77,Mechanical services,170.3
2022-10-01,2022-2023,2015-16,07,77,Mechanical services,173.59
2022-11-01,2022-2023,2015-16,07,77,Mechanical services,175.94
2022-12-01,2022-2023,2015-16,07,77,Mechanical services,176.37
2023-01-01,2022-2023,2015-16,07,77,Mechanical services,182.74
2023-02-01,2022-2023,2015-16,07,77,Mechanical services,185.22
2023-03-01,2022-2023,2015-16,07,77,Mechanical services,192.33
2023-04-01,2022-2023,2015-16,07,77,Mechanical services,195.66
2023-05-01,2022-2023,2015-16,07,77,Mechanical services,197.39
2023-06-01,2022-2023,2015-16,07,77,Mechanical services,201.53
2023-07-01,2023-2024,2015-16,07,77,Mechanical services,202.05
2023-08-01,2023-2024,2015-16,07,77,Mechanical services,213.01
2023-09-01,2023-2024,2015-16,07,77,Mechanical services,214.46
2023-10-01,2023-2024,2015-16,07,77,Mechanical services,216.37
2023-11-01,2023-2024,2015-16,07,77,Mechanical services,216.83
2023-12-01,2023-2024,2015-16,07,77,Mechanical services,217.21
2024-01-01,2023-2024,2015-16,07,77,Mechanical services,218.14
2024-02-01,2023-2024,2015-16,07,77,Mechanical services,219.13
2024-03-01,2023-2024,2015-16,07,77,Mechanical services,219.88
2024-04-01,2023-2024,2015-16,07,77,Mechanical services,220.5
2024-05-01,2023-2024,2015-16,07,77,Mechanical services,221.08
2024-06-01,2023-2024,2015-16,07,77,Mechanical services,221.38
2024-07-01,2024-2025,2015-16,07,77,Mechanical services,222.54
2024-08-01,2024-2025,2015-16,07,77,Mechanical services,224.23
2024-09-01,2024-2025,2015-16,07,77,Mechanical services,225.49
2024-10-01,2024-2025,2015-16,07,77,Mechanical services,230.14
2024-11-01,2024-2025,2015-16,07,77,Mechanical services,230.74
2024-12-01,2024-2025,2015-16,07,77,Mechanical services,230.93
2025-01-01,2024-2025,2015-16,07,77,Mechanical services,230.98
2025-02-01,2024-2025,2015-16,07,77,Mechanical services,233.04
2025-03-01,2024-2025,2015-16,07,77,Mechanical services,233.29
2025-04-01,2024-2025,2015-16,07,77,Mechanical services,237.51
2025-05-01,2024-2025,2015-16,07,77,Mechanical services,237.93
2025-06-01,2024-2025,2015-16,07,77,Mechanical services,237.99
2025-07-01,2025-2026,2015-16,07,77,Mechanical services,238.01
2025-08-01,2025-2026,2015-16,07,77,Mechanical services,238.72
2025-09-01,2025-2026,2015-16,07,77,Mechanical services,239.15
2025-10-01,2025-2026,2015-16,07,77,Mechanical services,241.07
2025-11-01,2025-2026,2015-16,07,77,Mechanical services,242.1
2025-12-01,2025-2026,2015-16,07,77,Mechanical services,246.76
2026-01-01,2025-2026,2015-16,07,77,Mechanical services,248.97
2026-02-01,2025-2026,2015-16,07,77,Mechanical services,250.86
2026-03-01,2025-2026,2015-16,07,77,Mechanical services,254.09
2026-04-01,2025-2026,2015-16,07,77,Mechanical services,254.7
2026-05-01,2025-2026,2015-16,07,77,Mechanical services,260.64
2026-06-01,2025-2026,2015-16,07,77,Mechanical services,261.5
2019-07-01,2019-2020,2015-16,07,78,Motor vehicle tax,126.72
2019-08-01,2019-2020,2015-16,07,78,Motor vehicle tax,126.72
2019-09-01,2019-2020,2015-16,07,78,Motor vehicle tax,126.72
2019-10-01,2019-2020,2015-16,07,78,Motor vehicle tax,126.72
2019-11-01,2019-2020,2015-16,07,78,Motor vehicle tax,126.72
2019-12-01,2019-2020,2015-16,07,78,Motor vehicle tax,126.72
2020-01-01,2019-2020,2015-16,07,78,Motor vehicle tax,126.72
2020-02-01,2019-2020,2015-16,07,78,Motor vehicle tax,126.72
2020-03-01,2019-2020,2015-16,07,78,Motor vehicle tax,126.72
2020-04-01,2019-2020,2015-16,07,78,Motor vehicle tax,126.72
2020-05-01,2019-2020,2015-16,07,78,Motor vehicle tax,126.72
2020-06-01,2019-2020,2015-16,07,78,Motor vehicle tax,126.72
2020-07-01,2020-2021,2015-16,07,78,Motor vehicle tax,126.72
2020-08-01,2020-2021,2015-16,07,78,Motor vehicle tax,126.72
2020-09-01,2020-2021,2015-16,07,78,Motor vehicle tax,126.72
2020-10-01,2020-2021,2015-16,07,78,Motor vehicle tax,126.72
2020-11-01,2020-2021,2015-16,07,78,Motor vehicle tax,126.72
2020-12-01,2020-2021,2015-16,07,78,Motor vehicle tax,126.72
2021-01-01,2020-2021,2015-16,07,78,Motor vehicle tax,126.72
2021-02-01,2020-2021,2015-16,07,78,Motor vehicle tax,126.72
2021-03-01,2020-2021,2015-16,07,78,Motor vehicle tax,126.72
2021-04-01,2020-2021,2015-16,07,78,Motor vehicle tax,126.72
2021-05-01,2020-2021,2015-16,07,78,Motor vehicle tax,126.72
2021-06-01,2020-2021,2015-16,07,78,Motor vehicle tax,126.72
2021-07-01,2021-2022,2015-16,07,78,Motor vehicle tax,136.37
2021-08-01,2021-2022,2015-16,07,78,Motor vehicle tax,136.37
2021-09-01,2021-2022,2015-16,07,78,Motor vehicle tax,136.37
2021-10-01,2021-2022,2015-16,07,78,Motor vehicle tax,136.37
2021-11-01,2021-2022,2015-16,07,78,Motor vehicle tax,136.37
2021-12-01,2021-2022,2015-16,07,78,Motor vehicle tax,136.37
2022-01-01,2021-2022,2015-16,07,78,Motor vehicle tax,136.37
2022-02-01,2021-2022,2015-16,07,78,Motor vehicle tax,136.37
2022-03-01,2021-2022,2015-16,07,78,Motor vehicle tax,136.37
2022-04-01,2021-2022,2015-16,07,78,Motor vehicle tax,136.37
2022-05-01,2021-2022,2015-16,07,78,Motor vehicle tax,136.37
2022-06-01,2021-2022,2015-16,07,78,Motor vehicle tax,136.37
2022-07-01,2022-2023,2015-16,07,78,Motor vehicle tax,136.37
2022-08-01,2022-2023,2015-16,07,78,Motor vehicle tax,148.53
2022-09-01,2022-2023,2015-16,07,78,Motor vehicle tax,148.53
2022-10-01,2022-2023,2015-16,07,78,Motor vehicle tax,148.53
2022-11-01,2022-2023,2015-16,07,78,Motor vehicle tax,148.53
2022-12-01,2022-2023,2015-16,07,78,Motor vehicle tax,148.53
2023-01-01,2022-2023,2015-16,07,78,Motor vehicle tax,148.53
2023-02-01,2022-2023,2015-16,07,78,Motor vehicle tax,148.53
2023-03-01,2022-2023,2015-16,07,78,Motor vehicle tax,148.53
2023-04-01,2022-2023,2015-16,07,78,Motor vehicle tax,148.53
2023-05-01,2022-2023,2015-16,07,78,Motor vehicle tax,148.53
2023-06-01,2022-2023,2015-16,07,78,Motor vehicle tax,148.53
2023-07-01,2023-2024,2015-16,07,78,Motor vehicle tax,148.53
2023-08-01,2023-2024,2015-16,07,78,Motor vehicle tax,148.53
2023-09-01,2023-2024,2015-16,07,78,Motor vehicle tax,148.53
2023-10-01,2023-2024,2015-16,07,78,Motor vehicle tax,148.53
2023-11-01,2023-2024,2015-16,07,78,Motor vehicle tax,148.53
2023-12-01,2023-2024,2015-16,07,78,Motor vehicle tax,148.53
2024-01-01,2023-2024,2015-16,07,78,Motor vehicle tax,148.53
2024-02-01,2023-2024,2015-16,07,78,Motor vehicle tax,148.53
2024-03-01,2023-2024,2015-16,07,78,Motor vehicle tax,148.53
2024-04-01,2023-2024,2015-16,07,78,Motor vehicle tax,148.53
2024-05-01,2023-2024,2015-16,07,78,Motor vehicle tax,148.53
2024-06-01,2023-2024,2015-16,07,78,Motor vehicle tax,148.53
2024-07-01,2024-2025,2015-16,07,78,Motor vehicle tax,148.53
2024-08-01,2024-2025,2015-16,07,78,Motor vehicle tax,399.23
2024-09-01,2024-2025,2015-16,07,78,Motor vehicle tax,399.23
2024-10-01,2024-2025,2015-16,07,78,Motor vehicle tax,399.23
2024-11-01,2024-2025,2015-16,07,78,Motor vehicle tax,399.23
2024-12-01,2024-2025,2015-16,07,78,Motor vehicle tax,399.23
2025-01-01,2024-2025,2015-16,07,78,Motor vehicle tax,399.23
2025-02-01,2024-2025,2015-16,07,78,Motor vehicle tax,399.23
2025-03-01,2024-2025,2015-16,07,78,Motor vehicle tax,399.23
2025-04-01,2024-2025,2015-16,07,78,Motor vehicle tax,399.23
2025-05-01,2024-2025,2015-16,07,78,Motor vehicle tax,399.23
2025-06-01,2024-2025,2015-16,07,78,Motor vehicle tax,399.23
2025-07-01,2025-2026,2015-16,07,78,Motor vehicle tax,399.23
2025-08-01,2025-2026,2015-16,07,78,Motor vehicle tax,399.23
2025-09-01,2025-2026,2015-16,07,78,Motor vehicle tax,399.23
2025-10-01,2025-2026,2015-16,07,78,Motor vehicle tax,399.23
2025-11-01,2025-2026,2015-16,07,78,Motor vehicle tax,399.23
2025-12-01,2025-2026,2015-16,07,78,Motor vehicle tax,399.23
2026-01-01,2025-2026,2015-16,07,78,Motor vehicle tax,399.23
2026-02-01,2025-2026,2015-16,07,78,Motor vehicle tax,399.23
2026-03-01,2025-2026,2015-16,07,78,Motor vehicle tax,399.23
2026-04-01,2025-2026,2015-16,07,78,Motor vehicle tax,399.23
2026-05-01,2025-2026,2015-16,07,78,Motor vehicle tax,399.23
2026-06-01,2025-2026,2015-16,07,78,Motor vehicle tax,399.23
2019-07-01,2019-2020,2015-16,07,79,Transport services,124.88
2019-08-01,2019-2020,2015-16,07,79,Transport services,122.65
2019-09-01,2019-2020,2015-16,07,79,Transport services,122.55
2019-10-01,2019-2020,2015-16,07,79,Transport services,124.29
2019-11-01,2019-2020,2015-16,07,79,Transport services,124.21
2019-12-01,2019-2020,2015-16,07,79,Transport services,128.87
2020-01-01,2019-2020,2015-16,07,79,Transport services,127.76
2020-02-01,2019-2020,2015-16,07,79,Transport services,127.89
2020-03-01,2019-2020,2015-16,07,79,Transport services,120.92
2020-04-01,2019-2020,2015-16,07,79,Transport services,120.93
2020-05-01,2019-2020,2015-16,07,79,Transport services,120.93
2020-06-01,2019-2020,2015-16,07,79,Transport services,129.73
2020-07-01,2020-2021,2015-16,07,79,Transport services,119.93
2020-08-01,2020-2021,2015-16,07,79,Transport services,126.42
2020-09-01,2020-2021,2015-16,07,79,Transport services,128.79
2020-10-01,2020-2021,2015-16,07,79,Transport services,129.86
2020-11-01,2020-2021,2015-16,07,79,Transport services,121.53
2020-12-01,2020-2021,2015-16,07,79,Transport services,127.69
2021-01-01,2020-2021,2015-16,07,79,Transport services,125.47
2021-02-01,2020-2021,2015-16,07,79,Transport services,131.49
2021-03-01,2020-2021,2015-16,07,79,Transport services,127.54
2021-04-01,2020-2021,2015-16,07,79,Transport services,124.98
2021-05-01,2020-2021,2015-16,07,79,Transport services,126.12
2021-06-01,2020-2021,2015-16,07,79,Transport services,128.98
2021-07-01,2021-2022,2015-16,07,79,Transport services,130.13
2021-08-01,2021-2022,2015-16,07,79,Transport services,125.41
2021-09-01,2021-2022,2015-16,07,79,Transport services,128.45
2021-10-01,2021-2022,2015-16,07,79,Transport services,130.85
2021-11-01,2021-2022,2015-16,07,79,Transport services,136.4
2021-12-01,2021-2022,2015-16,07,79,Transport services,143.85
2022-01-01,2021-2022,2015-16,07,79,Transport services,139.99
2022-02-01,2021-2022,2015-16,07,79,Transport services,143.67
2022-03-01,2021-2022,2015-16,07,79,Transport services,151.85
2022-04-01,2021-2022,2015-16,07,79,Transport services,150.38
2022-05-01,2021-2022,2015-16,07,79,Transport services,154.43
2022-06-01,2021-2022,2015-16,07,79,Transport services,173.86
2022-07-01,2022-2023,2015-16,07,79,Transport services,181.74
2022-08-01,2022-2023,2015-16,07,79,Transport services,181.33
2022-09-01,2022-2023,2015-16,07,79,Transport services,182.9
2022-10-01,2022-2023,2015-16,07,79,Transport services,184.85
2022-11-01,2022-2023,2015-16,07,79,Transport services,182
2022-12-01,2022-2023,2015-16,07,79,Transport services,184.73
2023-01-01,2022-2023,2015-16,07,79,Transport services,181.95
2023-02-01,2022-2023,2015-16,07,79,Transport services,191.27
2023-03-01,2022-2023,2015-16,07,79,Transport services,198.25
2023-04-01,2022-2023,2015-16,07,79,Transport services,193.65
2023-05-01,2022-2023,2015-16,07,79,Transport services,191.69
2023-06-01,2022-2023,2015-16,07,79,Transport services,195.54
2023-07-01,2023-2024,2015-16,07,79,Transport services,203.38
2023-08-01,2023-2024,2015-16,07,79,Transport services,211.41
2023-09-01,2023-2024,2015-16,07,79,Transport services,220.48
2023-10-01,2023-2024,2015-16,07,79,Transport services,217.03
2023-11-01,2023-2024,2015-16,07,79,Transport services,228.11
2023-12-01,2023-2024,2015-16,07,79,Transport services,255.38
2024-01-01,2023-2024,2015-16,07,79,Transport services,256.6
2024-02-01,2023-2024,2015-16,07,79,Transport services,258.34
2024-03-01,2023-2024,2015-16,07,79,Transport services,241.73
2024-04-01,2023-2024,2015-16,07,79,Transport services,245.35
2024-05-01,2023-2024,2015-16,07,79,Transport services,253.56
2024-06-01,2023-2024,2015-16,07,79,Transport services,264.61
2024-07-01,2024-2025,2015-16,07,79,Transport services,262.52
2024-08-01,2024-2025,2015-16,07,79,Transport services,259.76
2024-09-01,2024-2025,2015-16,07,79,Transport services,258.09
2024-10-01,2024-2025,2015-16,07,79,Transport services,252.66
2024-11-01,2024-2025,2015-16,07,79,Transport services,257.39
2024-12-01,2024-2025,2015-16,07,79,Transport services,261.21
2025-01-01,2024-2025,2015-16,07,79,Transport services,265.13
2025-02-01,2024-2025,2015-16,07,79,Transport services,262.57
2025-03-01,2024-2025,2015-16,07,79,Transport services,261.11
2025-04-01,2024-2025,2015-16,07,79,Transport services,261.06
2025-05-01,2024-2025,2015-16,07,79,Transport services,261.6
2025-06-01,2024-2025,2015-16,07,79,Transport services,265.35
2025-07-01,2025-2026,2015-16,07,79,Transport services,278.02
2025-08-01,2025-2026,2015-16,07,79,Transport services,276.04
2025-09-01,2025-2026,2015-16,07,79,Transport services,272.03
2025-10-01,2025-2026,2015-16,07,79,Transport services,280.01
2025-11-01,2025-2026,2015-16,07,79,Transport services,280.78
2025-12-01,2025-2026,2015-16,07,79,Transport services,283.48
2026-01-01,2025-2026,2015-16,07,79,Transport services,287.31
2026-02-01,2025-2026,2015-16,07,79,Transport services,257.5
2026-03-01,2025-2026,2015-16,07,79,Transport services,281.05
2026-04-01,2025-2026,2015-16,07,79,Transport services,359.34
2026-05-01,2025-2026,2015-16,07,79,Transport services,372.65
2026-06-01,2025-2026,2015-16,07,79,Transport services,370.58
2019-07-01,2019-2020,2015-16,08,00,Communication,107.8
2019-08-01,2019-2020,2015-16,08,00,Communication,107.84
2019-09-01,2019-2020,2015-16,08,00,Communication,107.88
2019-10-01,2019-2020,2015-16,08,00,Communication,107.96
2019-11-01,2019-2020,2015-16,08,00,Communication,107.98
2019-12-01,2019-2020,2015-16,08,00,Communication,108.18
2020-01-01,2019-2020,2015-16,08,00,Communication,108.19
2020-02-01,2019-2020,2015-16,08,00,Communication,108.22
2020-03-01,2019-2020,2015-16,08,00,Communication,108.22
2020-04-01,2019-2020,2015-16,08,00,Communication,108.22
2020-05-01,2019-2020,2015-16,08,00,Communication,108.22
2020-06-01,2019-2020,2015-16,08,00,Communication,108.22
2020-07-01,2020-2021,2015-16,08,00,Communication,108.22
2020-08-01,2020-2021,2015-16,08,00,Communication,108.22
2020-09-01,2020-2021,2015-16,08,00,Communication,108.23
2020-10-01,2020-2021,2015-16,08,00,Communication,108.26
2020-11-01,2020-2021,2015-16,08,00,Communication,108.74
2020-12-01,2020-2021,2015-16,08,00,Communication,108.8
2021-01-01,2020-2021,2015-16,08,00,Communication,108.87
2021-02-01,2020-2021,2015-16,08,00,Communication,108.95
2021-03-01,2020-2021,2015-16,08,00,Communication,108.95
2021-04-01,2020-2021,2015-16,08,00,Communication,110.33
2021-05-01,2020-2021,2015-16,08,00,Communication,110.33
2021-06-01,2020-2021,2015-16,08,00,Communication,110.36
2021-07-01,2021-2022,2015-16,08,00,Communication,112.29
2021-08-01,2021-2022,2015-16,08,00,Communication,112.3
2021-09-01,2021-2022,2015-16,08,00,Communication,112.32
2021-10-01,2021-2022,2015-16,08,00,Communication,112.42
2021-11-01,2021-2022,2015-16,08,00,Communication,112.42
2021-12-01,2021-2022,2015-16,08,00,Communication,112.43
2022-01-01,2021-2022,2015-16,08,00,Communication,112.55
2022-02-01,2021-2022,2015-16,08,00,Communication,112.56
2022-03-01,2021-2022,2015-16,08,00,Communication,112.57
2022-04-01,2021-2022,2015-16,08,00,Communication,112.58
2022-05-01,2021-2022,2015-16,08,00,Communication,112.82
2022-06-01,2021-2022,2015-16,08,00,Communication,113.09
2022-07-01,2022-2023,2015-16,08,00,Communication,113.57
2022-08-01,2022-2023,2015-16,08,00,Communication,113.61
2022-09-01,2022-2023,2015-16,08,00,Communication,113.68
2022-10-01,2022-2023,2015-16,08,00,Communication,114.37
2022-11-01,2022-2023,2015-16,08,00,Communication,114.4
2022-12-01,2022-2023,2015-16,08,00,Communication,114.49
2023-01-01,2022-2023,2015-16,08,00,Communication,114.53
2023-02-01,2022-2023,2015-16,08,00,Communication,117.76
2023-03-01,2022-2023,2015-16,08,00,Communication,122.1
2023-04-01,2022-2023,2015-16,08,00,Communication,122.29
2023-05-01,2022-2023,2015-16,08,00,Communication,123
2023-06-01,2022-2023,2015-16,08,00,Communication,123.07
2023-07-01,2023-2024,2015-16,08,00,Communication,123.76
2023-08-01,2023-2024,2015-16,08,00,Communication,123.77
2023-09-01,2023-2024,2015-16,08,00,Communication,124.41
2023-10-01,2023-2024,2015-16,08,00,Communication,124.83
2023-11-01,2023-2024,2015-16,08,00,Communication,125
2023-12-01,2023-2024,2015-16,08,00,Communication,125.01
2024-01-01,2023-2024,2015-16,08,00,Communication,138.73
2024-02-01,2023-2024,2015-16,08,00,Communication,138.73
2024-03-01,2023-2024,2015-16,08,00,Communication,138.77
2024-04-01,2023-2024,2015-16,08,00,Communication,138.77
2024-05-01,2023-2024,2015-16,08,00,Communication,137.91
2024-06-01,2023-2024,2015-16,08,00,Communication,138.28
2024-07-01,2024-2025,2015-16,08,00,Communication,138.28
2024-08-01,2024-2025,2015-16,08,00,Communication,138.3
2024-09-01,2024-2025,2015-16,08,00,Communication,138.34
2024-10-01,2024-2025,2015-16,08,00,Communication,138.37
2024-11-01,2024-2025,2015-16,08,00,Communication,138.39
2024-12-01,2024-2025,2015-16,08,00,Communication,138.4
2025-01-01,2024-2025,2015-16,08,00,Communication,138.38
2025-02-01,2024-2025,2015-16,08,00,Communication,138.38
2025-03-01,2024-2025,2015-16,08,00,Communication,138.38
2025-04-01,2024-2025,2015-16,08,00,Communication,138.39
2025-05-01,2024-2025,2015-16,08,00,Communication,138.43
2025-06-01,2024-2025,2015-16,08,00,Communication,138.6
2025-07-01,2025-2026,2015-16,08,00,Communication,138.62
2025-08-01,2025-2026,2015-16,08,00,Communication,138.68
2025-09-01,2025-2026,2015-16,08,00,Communication,138.78
2025-10-01,2025-2026,2015-16,08,00,Communication,138.97
2025-11-01,2025-2026,2015-16,08,00,Communication,139.02
2025-12-01,2025-2026,2015-16,08,00,Communication,139.07
2026-01-01,2025-2026,2015-16,08,00,Communication,139.1
2026-02-01,2025-2026,2015-16,08,00,Communication,139.11
2026-03-01,2025-2026,2015-16,08,00,Communication,139.25
2026-04-01,2025-2026,2015-16,08,00,Communication,139.47
2026-05-01,2025-2026,2015-16,08,00,Communication,139.76
2026-06-01,2025-2026,2015-16,08,00,Communication,139.81
2019-07-01,2019-2020,2015-16,08,80,Postal services,147.05
2019-08-01,2019-2020,2015-16,08,80,Postal services,147.05
2019-09-01,2019-2020,2015-16,08,80,Postal services,147.05
2019-10-01,2019-2020,2015-16,08,80,Postal services,147.05
2019-11-01,2019-2020,2015-16,08,80,Postal services,147.05
2019-12-01,2019-2020,2015-16,08,80,Postal services,147.05
2020-01-01,2019-2020,2015-16,08,80,Postal services,147.05
2020-02-01,2019-2020,2015-16,08,80,Postal services,147.05
2020-03-01,2019-2020,2015-16,08,80,Postal services,147.05
2020-04-01,2019-2020,2015-16,08,80,Postal services,147.05
2020-05-01,2019-2020,2015-16,08,80,Postal services,147.05
2020-06-01,2019-2020,2015-16,08,80,Postal services,147.05
2020-07-01,2020-2021,2015-16,08,80,Postal services,147.05
2020-08-01,2020-2021,2015-16,08,80,Postal services,147.05
2020-09-01,2020-2021,2015-16,08,80,Postal services,147.05
2020-10-01,2020-2021,2015-16,08,80,Postal services,147.39
2020-11-01,2020-2021,2015-16,08,80,Postal services,147.39
2020-12-01,2020-2021,2015-16,08,80,Postal services,147.39
2021-01-01,2020-2021,2015-16,08,80,Postal services,151.88
2021-02-01,2020-2021,2015-16,08,80,Postal services,161.25
2021-03-01,2020-2021,2015-16,08,80,Postal services,161.25
2021-04-01,2020-2021,2015-16,08,80,Postal services,162.27
2021-05-01,2020-2021,2015-16,08,80,Postal services,162.27
2021-06-01,2020-2021,2015-16,08,80,Postal services,162.27
2021-07-01,2021-2022,2015-16,08,80,Postal services,163.41
2021-08-01,2021-2022,2015-16,08,80,Postal services,163.41
2021-09-01,2021-2022,2015-16,08,80,Postal services,163.41
2021-10-01,2021-2022,2015-16,08,80,Postal services,163.41
2021-11-01,2021-2022,2015-16,08,80,Postal services,163.41
2021-12-01,2021-2022,2015-16,08,80,Postal services,163.41
2022-01-01,2021-2022,2015-16,08,80,Postal services,164.62
2022-02-01,2021-2022,2015-16,08,80,Postal services,164.62
2022-03-01,2021-2022,2015-16,08,80,Postal services,164.62
2022-04-01,2021-2022,2015-16,08,80,Postal services,164.62
2022-05-01,2021-2022,2015-16,08,80,Postal services,164.62
2022-06-01,2021-2022,2015-16,08,80,Postal services,184.35
2022-07-01,2022-2023,2015-16,08,80,Postal services,184.35
2022-08-01,2022-2023,2015-16,08,80,Postal services,184.35
2022-09-01,2022-2023,2015-16,08,80,Postal services,185.49
2022-10-01,2022-2023,2015-16,08,80,Postal services,185.94
2022-11-01,2022-2023,2015-16,08,80,Postal services,185.94
2022-12-01,2022-2023,2015-16,08,80,Postal services,186.05
2023-01-01,2022-2023,2015-16,08,80,Postal services,186.05
2023-02-01,2022-2023,2015-16,08,80,Postal services,189.66
2023-03-01,2022-2023,2015-16,08,80,Postal services,190.07
2023-04-01,2022-2023,2015-16,08,80,Postal services,190.07
2023-05-01,2022-2023,2015-16,08,80,Postal services,190.16
2023-06-01,2022-2023,2015-16,08,80,Postal services,196.15
2023-07-01,2023-2024,2015-16,08,80,Postal services,200.76
2023-08-01,2023-2024,2015-16,08,80,Postal services,201.18
2023-09-01,2023-2024,2015-16,08,80,Postal services,202.44
2023-10-01,2023-2024,2015-16,08,80,Postal services,205.74
2023-11-01,2023-2024,2015-16,08,80,Postal services,207.37
2023-12-01,2023-2024,2015-16,08,80,Postal services,207.37
2024-01-01,2023-2024,2015-16,08,80,Postal services,207.37
2024-02-01,2023-2024,2015-16,08,80,Postal services,207.37
2024-03-01,2023-2024,2015-16,08,80,Postal services,207.37
2024-04-01,2023-2024,2015-16,08,80,Postal services,207.37
2024-05-01,2023-2024,2015-16,08,80,Postal services,207.37
2024-06-01,2023-2024,2015-16,08,80,Postal services,209.03
2024-07-01,2024-2025,2015-16,08,80,Postal services,209.03
2024-08-01,2024-2025,2015-16,08,80,Postal services,209.23
2024-09-01,2024-2025,2015-16,08,80,Postal services,214.41
2024-10-01,2024-2025,2015-16,08,80,Postal services,218.1
2024-11-01,2024-2025,2015-16,08,80,Postal services,219.67
2024-12-01,2024-2025,2015-16,08,80,Postal services,220.45
2025-01-01,2024-2025,2015-16,08,80,Postal services,218.04
2025-02-01,2024-2025,2015-16,08,80,Postal services,217.79
2025-03-01,2024-2025,2015-16,08,80,Postal services,217.79
2025-04-01,2024-2025,2015-16,08,80,Postal services,217.79
2025-05-01,2024-2025,2015-16,08,80,Postal services,221.59
2025-06-01,2024-2025,2015-16,08,80,Postal services,221.59
2025-07-01,2025-2026,2015-16,08,80,Postal services,221.59
2025-08-01,2025-2026,2015-16,08,80,Postal services,221.59
2025-09-01,2025-2026,2015-16,08,80,Postal services,224.6
2025-10-01,2025-2026,2015-16,08,80,Postal services,238.31
2025-11-01,2025-2026,2015-16,08,80,Postal services,243.55
2025-12-01,2025-2026,2015-16,08,80,Postal services,243.55
2026-01-01,2025-2026,2015-16,08,80,Postal services,245.15
2026-02-01,2025-2026,2015-16,08,80,Postal services,245.15
2026-03-01,2025-2026,2015-16,08,80,Postal services,250.41
2026-04-01,2025-2026,2015-16,08,80,Postal services,269.29
2026-05-01,2025-2026,2015-16,08,80,Postal services,295.92
2026-06-01,2025-2026,2015-16,08,80,Postal services,298.48
2019-07-01,2019-2020,2015-16,08,81,Communication apparatus,116.55
2019-08-01,2019-2020,2015-16,08,81,Communication apparatus,116.73
2019-09-01,2019-2020,2015-16,08,81,Communication apparatus,116.98
2019-10-01,2019-2020,2015-16,08,81,Communication apparatus,117.36
2019-11-01,2019-2020,2015-16,08,81,Communication apparatus,117.5
2019-12-01,2019-2020,2015-16,08,81,Communication apparatus,118.5
2020-01-01,2019-2020,2015-16,08,81,Communication apparatus,118.58
2020-02-01,2019-2020,2015-16,08,81,Communication apparatus,118.73
2020-03-01,2019-2020,2015-16,08,81,Communication apparatus,118.74
2020-04-01,2019-2020,2015-16,08,81,Communication apparatus,118.74
2020-05-01,2019-2020,2015-16,08,81,Communication apparatus,118.74
2020-06-01,2019-2020,2015-16,08,81,Communication apparatus,118.74
2020-07-01,2020-2021,2015-16,08,81,Communication apparatus,118.75
2020-08-01,2020-2021,2015-16,08,81,Communication apparatus,118.75
2020-09-01,2020-2021,2015-16,08,81,Communication apparatus,118.77
2020-10-01,2020-2021,2015-16,08,81,Communication apparatus,118.91
2020-11-01,2020-2021,2015-16,08,81,Communication apparatus,118.95
2020-12-01,2020-2021,2015-16,08,81,Communication apparatus,119.29
2021-01-01,2020-2021,2015-16,08,81,Communication apparatus,119.48
2021-02-01,2020-2021,2015-16,08,81,Communication apparatus,119.48
2021-03-01,2020-2021,2015-16,08,81,Communication apparatus,119.49
2021-04-01,2020-2021,2015-16,08,81,Communication apparatus,119.49
2021-05-01,2020-2021,2015-16,08,81,Communication apparatus,119.49
2021-06-01,2020-2021,2015-16,08,81,Communication apparatus,119.65
2021-07-01,2021-2022,2015-16,08,81,Communication apparatus,128.14
2021-08-01,2021-2022,2015-16,08,81,Communication apparatus,128.2
2021-09-01,2021-2022,2015-16,08,81,Communication apparatus,128.31
2021-10-01,2021-2022,2015-16,08,81,Communication apparatus,128.79
2021-11-01,2021-2022,2015-16,08,81,Communication apparatus,128.79
2021-12-01,2021-2022,2015-16,08,81,Communication apparatus,128.86
2022-01-01,2021-2022,2015-16,08,81,Communication apparatus,129.41
2022-02-01,2021-2022,2015-16,08,81,Communication apparatus,129.48
2022-03-01,2021-2022,2015-16,08,81,Communication apparatus,129.54
2022-04-01,2021-2022,2015-16,08,81,Communication apparatus,129.57
2022-05-01,2021-2022,2015-16,08,81,Communication apparatus,130.82
2022-06-01,2021-2022,2015-16,08,81,Communication apparatus,131.43
2022-07-01,2022-2023,2015-16,08,81,Communication apparatus,131.57
2022-08-01,2022-2023,2015-16,08,81,Communication apparatus,131.76
2022-09-01,2022-2023,2015-16,08,81,Communication apparatus,132.07
2022-10-01,2022-2023,2015-16,08,81,Communication apparatus,135.64
2022-11-01,2022-2023,2015-16,08,81,Communication apparatus,135.8
2022-12-01,2022-2023,2015-16,08,81,Communication apparatus,136.25
2023-01-01,2022-2023,2015-16,08,81,Communication apparatus,136.48
2023-02-01,2022-2023,2015-16,08,81,Communication apparatus,153.13
2023-03-01,2022-2023,2015-16,08,81,Communication apparatus,175.72
2023-04-01,2022-2023,2015-16,08,81,Communication apparatus,176.67
2023-05-01,2022-2023,2015-16,08,81,Communication apparatus,180.39
2023-06-01,2022-2023,2015-16,08,81,Communication apparatus,180.49
2023-07-01,2023-2024,2015-16,08,81,Communication apparatus,183.9
2023-08-01,2023-2024,2015-16,08,81,Communication apparatus,183.92
2023-09-01,2023-2024,2015-16,08,81,Communication apparatus,187.2
2023-10-01,2023-2024,2015-16,08,81,Communication apparatus,189.25
2023-11-01,2023-2024,2015-16,08,81,Communication apparatus,190.04
2023-12-01,2023-2024,2015-16,08,81,Communication apparatus,190.09
2024-01-01,2023-2024,2015-16,08,81,Communication apparatus,190.69
2024-02-01,2023-2024,2015-16,08,81,Communication apparatus,190.69
2024-03-01,2023-2024,2015-16,08,81,Communication apparatus,190.87
2024-04-01,2023-2024,2015-16,08,81,Communication apparatus,190.89
2024-05-01,2023-2024,2015-16,08,81,Communication apparatus,186.4
2024-06-01,2023-2024,2015-16,08,81,Communication apparatus,188.25
2024-07-01,2024-2025,2015-16,08,81,Communication apparatus,188.25
2024-08-01,2024-2025,2015-16,08,81,Communication apparatus,188.35
2024-09-01,2024-2025,2015-16,08,81,Communication apparatus,188.35
2024-10-01,2024-2025,2015-16,08,81,Communication apparatus,188.38
2024-11-01,2024-2025,2015-16,08,81,Communication apparatus,188.41
2024-12-01,2024-2025,2015-16,08,81,Communication apparatus,188.41
2025-01-01,2024-2025,2015-16,08,81,Communication apparatus,188.43
2025-02-01,2024-2025,2015-16,08,81,Communication apparatus,188.43
2025-03-01,2024-2025,2015-16,08,81,Communication apparatus,188.43
2025-04-01,2024-2025,2015-16,08,81,Communication apparatus,188.51
2025-05-01,2024-2025,2015-16,08,81,Communication apparatus,188.51
2025-06-01,2024-2025,2015-16,08,81,Communication apparatus,189.42
2025-07-01,2025-2026,2015-16,08,81,Communication apparatus,189.52
2025-08-01,2025-2026,2015-16,08,81,Communication apparatus,189.85
2025-09-01,2025-2026,2015-16,08,81,Communication apparatus,190.24
2025-10-01,2025-2026,2015-16,08,81,Communication apparatus,190.66
2025-11-01,2025-2026,2015-16,08,81,Communication apparatus,190.66
2025-12-01,2025-2026,2015-16,08,81,Communication apparatus,190.93
2026-01-01,2025-2026,2015-16,08,81,Communication apparatus,191.03
2026-02-01,2025-2026,2015-16,08,81,Communication apparatus,191.06
2026-03-01,2025-2026,2015-16,08,81,Communication apparatus,191.56
2026-04-01,2025-2026,2015-16,08,81,Communication apparatus,191.96
2026-05-01,2025-2026,2015-16,08,81,Communication apparatus,192.35
2026-06-01,2025-2026,2015-16,08,81,Communication apparatus,192.46
2019-07-01,2019-2020,2015-16,08,82,Communication Services,105.3
2019-08-01,2019-2020,2015-16,08,82,Communication Services,105.3
2019-09-01,2019-2020,2015-16,08,82,Communication Services,105.3
2019-10-01,2019-2020,2015-16,08,82,Communication Services,105.3
2019-11-01,2019-2020,2015-16,08,82,Communication Services,105.3
2019-12-01,2019-2020,2015-16,08,82,Communication Services,105.3
2020-01-01,2019-2020,2015-16,08,82,Communication Services,105.3
2020-02-01,2019-2020,2015-16,08,82,Communication Services,105.3
2020-03-01,2019-2020,2015-16,08,82,Communication Services,105.3
2020-04-01,2019-2020,2015-16,08,82,Communication Services,105.3
2020-05-01,2019-2020,2015-16,08,82,Communication Services,105.3
2020-06-01,2019-2020,2015-16,08,82,Communication Services,105.3
2020-07-01,2020-2021,2015-16,08,82,Communication Services,105.3
2020-08-01,2020-2021,2015-16,08,82,Communication Services,105.3
2020-09-01,2020-2021,2015-16,08,82,Communication Services,105.3
2020-10-01,2020-2021,2015-16,08,82,Communication Services,105.3
2020-11-01,2020-2021,2015-16,08,82,Communication Services,105.89
2020-12-01,2020-2021,2015-16,08,82,Communication Services,105.89
2021-01-01,2020-2021,2015-16,08,82,Communication Services,105.89
2021-02-01,2020-2021,2015-16,08,82,Communication Services,105.89
2021-03-01,2020-2021,2015-16,08,82,Communication Services,105.89
2021-04-01,2020-2021,2015-16,08,82,Communication Services,107.61
2021-05-01,2020-2021,2015-16,08,82,Communication Services,107.61
2021-06-01,2020-2021,2015-16,08,82,Communication Services,107.61
2021-07-01,2021-2022,2015-16,08,82,Communication Services,107.97
2021-08-01,2021-2022,2015-16,08,82,Communication Services,107.97
2021-09-01,2021-2022,2015-16,08,82,Communication Services,107.97
2021-10-01,2021-2022,2015-16,08,82,Communication Services,107.97
2021-11-01,2021-2022,2015-16,08,82,Communication Services,107.97
2021-12-01,2021-2022,2015-16,08,82,Communication Services,107.97
2022-01-01,2021-2022,2015-16,08,82,Communication Services,107.97
2022-02-01,2021-2022,2015-16,08,82,Communication Services,107.97
2022-03-01,2021-2022,2015-16,08,82,Communication Services,107.97
2022-04-01,2021-2022,2015-16,08,82,Communication Services,107.97
2022-05-01,2021-2022,2015-16,08,82,Communication Services,107.97
2022-06-01,2021-2022,2015-16,08,82,Communication Services,107.97
2022-07-01,2022-2023,2015-16,08,82,Communication Services,108.53
2022-08-01,2022-2023,2015-16,08,82,Communication Services,108.53
2022-09-01,2022-2023,2015-16,08,82,Communication Services,108.53
2022-10-01,2022-2023,2015-16,08,82,Communication Services,108.53
2022-11-01,2022-2023,2015-16,08,82,Communication Services,108.53
2022-12-01,2022-2023,2015-16,08,82,Communication Services,108.53
2023-01-01,2022-2023,2015-16,08,82,Communication Services,108.53
2023-02-01,2022-2023,2015-16,08,82,Communication Services,108.53
2023-03-01,2022-2023,2015-16,08,82,Communication Services,108.53
2023-04-01,2022-2023,2015-16,08,82,Communication Services,108.53
2023-05-01,2022-2023,2015-16,08,82,Communication Services,108.53
2023-06-01,2022-2023,2015-16,08,82,Communication Services,108.53
2023-07-01,2023-2024,2015-16,08,82,Communication Services,108.53
2023-08-01,2023-2024,2015-16,08,82,Communication Services,108.53
2023-09-01,2023-2024,2015-16,08,82,Communication Services,108.53
2023-10-01,2023-2024,2015-16,08,82,Communication Services,108.53
2023-11-01,2023-2024,2015-16,08,82,Communication Services,108.53
2023-12-01,2023-2024,2015-16,08,82,Communication Services,108.53
2024-01-01,2023-2024,2015-16,08,82,Communication Services,125.55
2024-02-01,2023-2024,2015-16,08,82,Communication Services,125.55
2024-03-01,2023-2024,2015-16,08,82,Communication Services,125.55
2024-04-01,2023-2024,2015-16,08,82,Communication Services,125.55
2024-05-01,2023-2024,2015-16,08,82,Communication Services,125.55
2024-06-01,2023-2024,2015-16,08,82,Communication Services,125.55
2024-07-01,2024-2025,2015-16,08,82,Communication Services,125.55
2024-08-01,2024-2025,2015-16,08,82,Communication Services,125.55
2024-09-01,2024-2025,2015-16,08,82,Communication Services,125.55
2024-10-01,2024-2025,2015-16,08,82,Communication Services,125.55
2024-11-01,2024-2025,2015-16,08,82,Communication Services,125.55
2024-12-01,2024-2025,2015-16,08,82,Communication Services,125.55
2025-01-01,2024-2025,2015-16,08,82,Communication Services,125.55
2025-02-01,2024-2025,2015-16,08,82,Communication Services,125.55
2025-03-01,2024-2025,2015-16,08,82,Communication Services,125.55
2025-04-01,2024-2025,2015-16,08,82,Communication Services,125.55
2025-05-01,2024-2025,2015-16,08,82,Communication Services,125.55
2025-06-01,2024-2025,2015-16,08,82,Communication Services,125.55
2025-07-01,2025-2026,2015-16,08,82,Communication Services,125.55
2025-08-01,2025-2026,2015-16,08,82,Communication Services,125.55
2025-09-01,2025-2026,2015-16,08,82,Communication Services,125.55
2025-10-01,2025-2026,2015-16,08,82,Communication Services,125.55
2025-11-01,2025-2026,2015-16,08,82,Communication Services,125.55
2025-12-01,2025-2026,2015-16,08,82,Communication Services,125.55
2026-01-01,2025-2026,2015-16,08,82,Communication Services,125.55
2026-02-01,2025-2026,2015-16,08,82,Communication Services,125.55
2026-03-01,2025-2026,2015-16,08,82,Communication Services,125.55
2026-04-01,2025-2026,2015-16,08,82,Communication Services,125.55
2026-05-01,2025-2026,2015-16,08,82,Communication Services,125.55
2026-06-01,2025-2026,2015-16,08,82,Communication Services,125.55
2019-07-01,2019-2020,2015-16,09,00,Recreation and culture,115.31
2019-08-01,2019-2020,2015-16,09,00,Recreation and culture,116.23
2019-09-01,2019-2020,2015-16,09,00,Recreation and culture,116.63
2019-10-01,2019-2020,2015-16,09,00,Recreation and culture,116.89
2019-11-01,2019-2020,2015-16,09,00,Recreation and culture,117.14
2019-12-01,2019-2020,2015-16,09,00,Recreation and culture,117.22
2020-01-01,2019-2020,2015-16,09,00,Recreation and culture,117.24
2020-02-01,2019-2020,2015-16,09,00,Recreation and culture,117.38
2020-03-01,2019-2020,2015-16,09,00,Recreation and culture,118.01
2020-04-01,2019-2020,2015-16,09,00,Recreation and culture,118.08
2020-05-01,2019-2020,2015-16,09,00,Recreation and culture,118.12
2020-06-01,2019-2020,2015-16,09,00,Recreation and culture,118.29
2020-07-01,2020-2021,2015-16,09,00,Recreation and culture,118.86
2020-08-01,2020-2021,2015-16,09,00,Recreation and culture,119.36
2020-09-01,2020-2021,2015-16,09,00,Recreation and culture,120.03
2020-10-01,2020-2021,2015-16,09,00,Recreation and culture,120.33
2020-11-01,2020-2021,2015-16,09,00,Recreation and culture,120.84
2020-12-01,2020-2021,2015-16,09,00,Recreation and culture,121.05
2021-01-01,2020-2021,2015-16,09,00,Recreation and culture,121.14
2021-02-01,2020-2021,2015-16,09,00,Recreation and culture,121.56
2021-03-01,2020-2021,2015-16,09,00,Recreation and culture,121.89
2021-04-01,2020-2021,2015-16,09,00,Recreation and culture,121.91
2021-05-01,2020-2021,2015-16,09,00,Recreation and culture,122.15
2021-06-01,2020-2021,2015-16,09,00,Recreation and culture,124.35
2021-07-01,2021-2022,2015-16,09,00,Recreation and culture,125.24
2021-08-01,2021-2022,2015-16,09,00,Recreation and culture,125.93
2021-09-01,2021-2022,2015-16,09,00,Recreation and culture,127.58
2021-10-01,2021-2022,2015-16,09,00,Recreation and culture,129.48
2021-11-01,2021-2022,2015-16,09,00,Recreation and culture,129.92
2021-12-01,2021-2022,2015-16,09,00,Recreation and culture,130.62
2022-01-01,2021-2022,2015-16,09,00,Recreation and culture,130.97
2022-02-01,2021-2022,2015-16,09,00,Recreation and culture,131.23
2022-03-01,2021-2022,2015-16,09,00,Recreation and culture,132.47
2022-04-01,2021-2022,2015-16,09,00,Recreation and culture,132.71
2022-05-01,2021-2022,2015-16,09,00,Recreation and culture,136.64
2022-06-01,2021-2022,2015-16,09,00,Recreation and culture,140.84
2022-07-01,2022-2023,2015-16,09,00,Recreation and culture,142.58
2022-08-01,2022-2023,2015-16,09,00,Recreation and culture,151.58
2022-09-01,2022-2023,2015-16,09,00,Recreation and culture,154.54
2022-10-01,2022-2023,2015-16,09,00,Recreation and culture,157.14
2022-11-01,2022-2023,2015-16,09,00,Recreation and culture,158.91
2022-12-01,2022-2023,2015-16,09,00,Recreation and culture,180.24
2023-01-01,2022-2023,2015-16,09,00,Recreation and culture,188.05
2023-02-01,2022-2023,2015-16,09,00,Recreation and culture,194.76
2023-03-01,2022-2023,2015-16,09,00,Recreation and culture,200.57
2023-04-01,2022-2023,2015-16,09,00,Recreation and culture,223.56
2023-05-01,2022-2023,2015-16,09,00,Recreation and culture,234.43
2023-06-01,2022-2023,2015-16,09,00,Recreation and culture,235.57
2023-07-01,2023-2024,2015-16,09,00,Recreation and culture,236.46
2023-08-01,2023-2024,2015-16,09,00,Recreation and culture,245.05
2023-09-01,2023-2024,2015-16,09,00,Recreation and culture,245.62
2023-10-01,2023-2024,2015-16,09,00,Recreation and culture,245.87
2023-11-01,2023-2024,2015-16,09,00,Recreation and culture,245.81
2023-12-01,2023-2024,2015-16,09,00,Recreation and culture,245.92
2024-01-01,2023-2024,2015-16,09,00,Recreation and culture,246.06
2024-02-01,2023-2024,2015-16,09,00,Recreation and culture,246
2024-03-01,2023-2024,2015-16,09,00,Recreation and culture,246.16
2024-04-01,2023-2024,2015-16,09,00,Recreation and culture,247.36
2024-05-01,2023-2024,2015-16,09,00,Recreation and culture,251.25
2024-06-01,2023-2024,2015-16,09,00,Recreation and culture,255.02
2024-07-01,2024-2025,2015-16,09,00,Recreation and culture,256.42
2024-08-01,2024-2025,2015-16,09,00,Recreation and culture,259.63
2024-09-01,2024-2025,2015-16,09,00,Recreation and culture,259.42
2024-10-01,2024-2025,2015-16,09,00,Recreation and culture,259.72
2024-11-01,2024-2025,2015-16,09,00,Recreation and culture,260.05
2024-12-01,2024-2025,2015-16,09,00,Recreation and culture,260.51
2025-01-01,2024-2025,2015-16,09,00,Recreation and culture,260.67
2025-02-01,2024-2025,2015-16,09,00,Recreation and culture,260.96
2025-03-01,2024-2025,2015-16,09,00,Recreation and culture,258.99
2025-04-01,2024-2025,2015-16,09,00,Recreation and culture,261.43
2025-05-01,2024-2025,2015-16,09,00,Recreation and culture,250.5
2025-06-01,2024-2025,2015-16,09,00,Recreation and culture,250.36
2025-07-01,2025-2026,2015-16,09,00,Recreation and culture,250.53
2025-08-01,2025-2026,2015-16,09,00,Recreation and culture,251.61
2025-09-01,2025-2026,2015-16,09,00,Recreation and culture,250.7
2025-10-01,2025-2026,2015-16,09,00,Recreation and culture,248.77
2025-11-01,2025-2026,2015-16,09,00,Recreation and culture,248.81
2025-12-01,2025-2026,2015-16,09,00,Recreation and culture,249.17
2026-01-01,2025-2026,2015-16,09,00,Recreation and culture,249.18
2026-02-01,2025-2026,2015-16,09,00,Recreation and culture,249.21
2026-03-01,2025-2026,2015-16,09,00,Recreation and culture,249.7
2026-04-01,2025-2026,2015-16,09,00,Recreation and culture,249.8
2026-05-01,2025-2026,2015-16,09,00,Recreation and culture,250.24
2026-06-01,2025-2026,2015-16,09,00,Recreation and culture,252.1
2019-07-01,2019-2020,2015-16,09,83,Recreation and culture,106.83
2019-08-01,2019-2020,2015-16,09,83,Recreation and culture,108.11
2019-09-01,2019-2020,2015-16,09,83,Recreation and culture,108.1
2019-10-01,2019-2020,2015-16,09,83,Recreation and culture,108.13
2019-11-01,2019-2020,2015-16,09,83,Recreation and culture,108.52
2019-12-01,2019-2020,2015-16,09,83,Recreation and culture,108.53
2020-01-01,2019-2020,2015-16,09,83,Recreation and culture,108.56
2020-02-01,2019-2020,2015-16,09,83,Recreation and culture,108.8
2020-03-01,2019-2020,2015-16,09,83,Recreation and culture,110.25
2020-04-01,2019-2020,2015-16,09,83,Recreation and culture,110.25
2020-05-01,2019-2020,2015-16,09,83,Recreation and culture,110.31
2020-06-01,2019-2020,2015-16,09,83,Recreation and culture,110.7
2020-07-01,2020-2021,2015-16,09,83,Recreation and culture,110.71
2020-08-01,2020-2021,2015-16,09,83,Recreation and culture,111.23
2020-09-01,2020-2021,2015-16,09,83,Recreation and culture,111.59
2020-10-01,2020-2021,2015-16,09,83,Recreation and culture,111.67
2020-11-01,2020-2021,2015-16,09,83,Recreation and culture,112.03
2020-12-01,2020-2021,2015-16,09,83,Recreation and culture,112.08
2021-01-01,2020-2021,2015-16,09,83,Recreation and culture,112.16
2021-02-01,2020-2021,2015-16,09,83,Recreation and culture,112.73
2021-03-01,2020-2021,2015-16,09,83,Recreation and culture,113.44
2021-04-01,2020-2021,2015-16,09,83,Recreation and culture,113.5
2021-05-01,2020-2021,2015-16,09,83,Recreation and culture,113.75
2021-06-01,2020-2021,2015-16,09,83,Recreation and culture,113.96
2021-07-01,2021-2022,2015-16,09,83,Recreation and culture,114.76
2021-08-01,2021-2022,2015-16,09,83,Recreation and culture,115.15
2021-09-01,2021-2022,2015-16,09,83,Recreation and culture,115.18
2021-10-01,2021-2022,2015-16,09,83,Recreation and culture,115.38
2021-11-01,2021-2022,2015-16,09,83,Recreation and culture,115.88
2021-12-01,2021-2022,2015-16,09,83,Recreation and culture,117.36
2022-01-01,2021-2022,2015-16,09,83,Recreation and culture,117.37
2022-02-01,2021-2022,2015-16,09,83,Recreation and culture,117.46
2022-03-01,2021-2022,2015-16,09,83,Recreation and culture,118.21
2022-04-01,2021-2022,2015-16,09,83,Recreation and culture,118.24
2022-05-01,2021-2022,2015-16,09,83,Recreation and culture,119.49
2022-06-01,2021-2022,2015-16,09,83,Recreation and culture,123.4
2022-07-01,2022-2023,2015-16,09,83,Recreation and culture,123.92
2022-08-01,2022-2023,2015-16,09,83,Recreation and culture,124.75
2022-09-01,2022-2023,2015-16,09,83,Recreation and culture,125.13
2022-10-01,2022-2023,2015-16,09,83,Recreation and culture,126.27
2022-11-01,2022-2023,2015-16,09,83,Recreation and culture,130.23
2022-12-01,2022-2023,2015-16,09,83,Recreation and culture,131.77
2023-01-01,2022-2023,2015-16,09,83,Recreation and culture,134.01
2023-02-01,2022-2023,2015-16,09,83,Recreation and culture,136.14
2023-03-01,2022-2023,2015-16,09,83,Recreation and culture,143.02
2023-04-01,2022-2023,2015-16,09,83,Recreation and culture,144.24
2023-05-01,2022-2023,2015-16,09,83,Recreation and culture,144.68
2023-06-01,2022-2023,2015-16,09,83,Recreation and culture,145.01
2023-07-01,2023-2024,2015-16,09,83,Recreation and culture,146.98
2023-08-01,2023-2024,2015-16,09,83,Recreation and culture,147.42
2023-09-01,2023-2024,2015-16,09,83,Recreation and culture,147.81
2023-10-01,2023-2024,2015-16,09,83,Recreation and culture,148.18
2023-11-01,2023-2024,2015-16,09,83,Recreation and culture,148.34
2023-12-01,2023-2024,2015-16,09,83,Recreation and culture,148.64
2024-01-01,2023-2024,2015-16,09,83,Recreation and culture,148.69
2024-02-01,2023-2024,2015-16,09,83,Recreation and culture,148.71
2024-03-01,2023-2024,2015-16,09,83,Recreation and culture,148.85
2024-04-01,2023-2024,2015-16,09,83,Recreation and culture,150.72
2024-05-01,2023-2024,2015-16,09,83,Recreation and culture,150.82
2024-06-01,2023-2024,2015-16,09,83,Recreation and culture,151.58
2024-07-01,2024-2025,2015-16,09,83,Recreation and culture,153.19
2024-08-01,2024-2025,2015-16,09,83,Recreation and culture,153.29
2024-09-01,2024-2025,2015-16,09,83,Recreation and culture,152.8
2024-10-01,2024-2025,2015-16,09,83,Recreation and culture,152.95
2024-11-01,2024-2025,2015-16,09,83,Recreation and culture,153.91
2024-12-01,2024-2025,2015-16,09,83,Recreation and culture,154.56
2025-01-01,2024-2025,2015-16,09,83,Recreation and culture,154.82
2025-02-01,2024-2025,2015-16,09,83,Recreation and culture,154.84
2025-03-01,2024-2025,2015-16,09,83,Recreation and culture,154.84
2025-04-01,2024-2025,2015-16,09,83,Recreation and culture,155.01
2025-05-01,2024-2025,2015-16,09,83,Recreation and culture,155.01
2025-06-01,2024-2025,2015-16,09,83,Recreation and culture,155.07
2025-07-01,2025-2026,2015-16,09,83,Recreation and culture,155.07
2025-08-01,2025-2026,2015-16,09,83,Recreation and culture,155.07
2025-09-01,2025-2026,2015-16,09,83,Recreation and culture,155.07
2025-10-01,2025-2026,2015-16,09,83,Recreation and culture,155.07
2025-11-01,2025-2026,2015-16,09,83,Recreation and culture,155.56
2025-12-01,2025-2026,2015-16,09,83,Recreation and culture,156.34
2026-01-01,2025-2026,2015-16,09,83,Recreation and culture,156.34
2026-02-01,2025-2026,2015-16,09,83,Recreation and culture,156.46
2026-03-01,2025-2026,2015-16,09,83,Recreation and culture,157.66
2026-04-01,2025-2026,2015-16,09,83,Recreation and culture,157.71
2026-05-01,2025-2026,2015-16,09,83,Recreation and culture,157.92
2026-06-01,2025-2026,2015-16,09,83,Recreation and culture,157.96
2019-07-01,2019-2020,2015-16,09,84,Text books,115.92
2019-08-01,2019-2020,2015-16,09,84,Text books,116.83
2019-09-01,2019-2020,2015-16,09,84,Text books,117.03
2019-10-01,2019-2020,2015-16,09,84,Text books,117.03
2019-11-01,2019-2020,2015-16,09,84,Text books,117.05
2019-12-01,2019-2020,2015-16,09,84,Text books,117.05
2020-01-01,2019-2020,2015-16,09,84,Text books,117.06
2020-02-01,2019-2020,2015-16,09,84,Text books,117.06
2020-03-01,2019-2020,2015-16,09,84,Text books,117.25
2020-04-01,2019-2020,2015-16,09,84,Text books,117.25
2020-05-01,2019-2020,2015-16,09,84,Text books,117.25
2020-06-01,2019-2020,2015-16,09,84,Text books,117.25
2020-07-01,2020-2021,2015-16,09,84,Text books,118.66
2020-08-01,2020-2021,2015-16,09,84,Text books,119.02
2020-09-01,2020-2021,2015-16,09,84,Text books,119.49
2020-10-01,2020-2021,2015-16,09,84,Text books,120
2020-11-01,2020-2021,2015-16,09,84,Text books,120.68
2020-12-01,2020-2021,2015-16,09,84,Text books,120.78
2021-01-01,2020-2021,2015-16,09,84,Text books,120.8
2021-02-01,2020-2021,2015-16,09,84,Text books,120.8
2021-03-01,2020-2021,2015-16,09,84,Text books,120.8
2021-04-01,2020-2021,2015-16,09,84,Text books,120.8
2021-05-01,2020-2021,2015-16,09,84,Text books,121.19
2021-06-01,2020-2021,2015-16,09,84,Text books,126.34
2021-07-01,2021-2022,2015-16,09,84,Text books,127.71
2021-08-01,2021-2022,2015-16,09,84,Text books,128.89
2021-09-01,2021-2022,2015-16,09,84,Text books,132.99
2021-10-01,2021-2022,2015-16,09,84,Text books,133.65
2021-11-01,2021-2022,2015-16,09,84,Text books,134.04
2021-12-01,2021-2022,2015-16,09,84,Text books,134.04
2022-01-01,2021-2022,2015-16,09,84,Text books,134.04
2022-02-01,2021-2022,2015-16,09,84,Text books,134.06
2022-03-01,2021-2022,2015-16,09,84,Text books,135.16
2022-04-01,2021-2022,2015-16,09,84,Text books,135.67
2022-05-01,2021-2022,2015-16,09,84,Text books,137.89
2022-06-01,2021-2022,2015-16,09,84,Text books,137.89
2022-07-01,2022-2023,2015-16,09,84,Text books,138.87
2022-08-01,2022-2023,2015-16,09,84,Text books,154.61
2022-09-01,2022-2023,2015-16,09,84,Text books,155.85
2022-10-01,2022-2023,2015-16,09,84,Text books,161.2
2022-11-01,2022-2023,2015-16,09,84,Text books,161.51
2022-12-01,2022-2023,2015-16,09,84,Text books,213.39
2023-01-01,2022-2023,2015-16,09,84,Text books,229.6
2023-02-01,2022-2023,2015-16,09,84,Text books,233.44
2023-03-01,2022-2023,2015-16,09,84,Text books,235.21
2023-04-01,2022-2023,2015-16,09,84,Text books,280.61
2023-05-01,2022-2023,2015-16,09,84,Text books,295.06
2023-06-01,2022-2023,2015-16,09,84,Text books,295.06
2023-07-01,2023-2024,2015-16,09,84,Text books,295.06
2023-08-01,2023-2024,2015-16,09,84,Text books,314.57
2023-09-01,2023-2024,2015-16,09,84,Text books,314.48
2023-10-01,2023-2024,2015-16,09,84,Text books,314.48
2023-11-01,2023-2024,2015-16,09,84,Text books,314.48
2023-12-01,2023-2024,2015-16,09,84,Text books,314.48
2024-01-01,2023-2024,2015-16,09,84,Text books,314.48
2024-02-01,2023-2024,2015-16,09,84,Text books,314.48
2024-03-01,2023-2024,2015-16,09,84,Text books,314.48
2024-04-01,2023-2024,2015-16,09,84,Text books,315.78
2024-05-01,2023-2024,2015-16,09,84,Text books,323.15
2024-06-01,2023-2024,2015-16,09,84,Text books,332.02
2024-07-01,2024-2025,2015-16,09,84,Text books,332.44
2024-08-01,2024-2025,2015-16,09,84,Text books,332.44
2024-09-01,2024-2025,2015-16,09,84,Text books,332.57
2024-10-01,2024-2025,2015-16,09,84,Text books,332.81
2024-11-01,2024-2025,2015-16,09,84,Text books,332.81
2024-12-01,2024-2025,2015-16,09,84,Text books,332.81
2025-01-01,2024-2025,2015-16,09,84,Text books,332.81
2025-02-01,2024-2025,2015-16,09,84,Text books,333.89
2025-03-01,2024-2025,2015-16,09,84,Text books,329.07
2025-04-01,2024-2025,2015-16,09,84,Text books,335.43
2025-05-01,2024-2025,2015-16,09,84,Text books,306.62
2025-06-01,2024-2025,2015-16,09,84,Text books,306.27
2025-07-01,2025-2026,2015-16,09,84,Text books,306.66
2025-08-01,2025-2026,2015-16,09,84,Text books,306.66
2025-09-01,2025-2026,2015-16,09,84,Text books,303.56
2025-10-01,2025-2026,2015-16,09,84,Text books,297.49
2025-11-01,2025-2026,2015-16,09,84,Text books,297.49
2025-12-01,2025-2026,2015-16,09,84,Text books,297.49
2026-01-01,2025-2026,2015-16,09,84,Text books,297.49
2026-02-01,2025-2026,2015-16,09,84,Text books,297.49
2026-03-01,2025-2026,2015-16,09,84,Text books,297.49
2026-04-01,2025-2026,2015-16,09,84,Text books,297.49
2026-05-01,2025-2026,2015-16,09,84,Text books,297.49
2026-06-01,2025-2026,2015-16,09,84,Text books,298.07
2019-07-01,2019-2020,2015-16,09,85,Newspapers,151.55
2019-08-01,2019-2020,2015-16,09,85,Newspapers,151.55
2019-09-01,2019-2020,2015-16,09,85,Newspapers,151.55
2019-10-01,2019-2020,2015-16,09,85,Newspapers,151.55
2019-11-01,2019-2020,2015-16,09,85,Newspapers,151.55
2019-12-01,2019-2020,2015-16,09,85,Newspapers,151.55
2020-01-01,2019-2020,2015-16,09,85,Newspapers,151.55
2020-02-01,2019-2020,2015-16,09,85,Newspapers,151.55
2020-03-01,2019-2020,2015-16,09,85,Newspapers,151.55
2020-04-01,2019-2020,2015-16,09,85,Newspapers,151.55
2020-05-01,2019-2020,2015-16,09,85,Newspapers,151.55
2020-06-01,2019-2020,2015-16,09,85,Newspapers,151.55
2020-07-01,2020-2021,2015-16,09,85,Newspapers,151.55
2020-08-01,2020-2021,2015-16,09,85,Newspapers,151.55
2020-09-01,2020-2021,2015-16,09,85,Newspapers,151.55
2020-10-01,2020-2021,2015-16,09,85,Newspapers,151.55
2020-11-01,2020-2021,2015-16,09,85,Newspapers,151.55
2020-12-01,2020-2021,2015-16,09,85,Newspapers,151.55
2021-01-01,2020-2021,2015-16,09,85,Newspapers,151.55
2021-02-01,2020-2021,2015-16,09,85,Newspapers,151.55
2021-03-01,2020-2021,2015-16,09,85,Newspapers,151.55
2021-04-01,2020-2021,2015-16,09,85,Newspapers,151.55
2021-05-01,2020-2021,2015-16,09,85,Newspapers,151.55
2021-06-01,2020-2021,2015-16,09,85,Newspapers,151.55
2021-07-01,2021-2022,2015-16,09,85,Newspapers,151.55
2021-08-01,2021-2022,2015-16,09,85,Newspapers,151.55
2021-09-01,2021-2022,2015-16,09,85,Newspapers,151.55
2021-10-01,2021-2022,2015-16,09,85,Newspapers,151.55
2021-11-01,2021-2022,2015-16,09,85,Newspapers,151.55
2021-12-01,2021-2022,2015-16,09,85,Newspapers,151.55
2022-01-01,2021-2022,2015-16,09,85,Newspapers,151.55
2022-02-01,2021-2022,2015-16,09,85,Newspapers,151.55
2022-03-01,2021-2022,2015-16,09,85,Newspapers,151.55
2022-04-01,2021-2022,2015-16,09,85,Newspapers,151.55
2022-05-01,2021-2022,2015-16,09,85,Newspapers,156.62
2022-06-01,2021-2022,2015-16,09,85,Newspapers,157.93
2022-07-01,2022-2023,2015-16,09,85,Newspapers,157.93
2022-08-01,2022-2023,2015-16,09,85,Newspapers,157.93
2022-09-01,2022-2023,2015-16,09,85,Newspapers,157.93
2022-10-01,2022-2023,2015-16,09,85,Newspapers,157.93
2022-11-01,2022-2023,2015-16,09,85,Newspapers,157.93
2022-12-01,2022-2023,2015-16,09,85,Newspapers,157.93
2023-01-01,2022-2023,2015-16,09,85,Newspapers,157.93
2023-02-01,2022-2023,2015-16,09,85,Newspapers,157.93
2023-03-01,2022-2023,2015-16,09,85,Newspapers,157.93
2023-04-01,2022-2023,2015-16,09,85,Newspapers,157.93
2023-05-01,2022-2023,2015-16,09,85,Newspapers,209.69
2023-06-01,2022-2023,2015-16,09,85,Newspapers,209.69
2023-07-01,2023-2024,2015-16,09,85,Newspapers,209.69
2023-08-01,2023-2024,2015-16,09,85,Newspapers,209.69
2023-09-01,2023-2024,2015-16,09,85,Newspapers,209.69
2023-10-01,2023-2024,2015-16,09,85,Newspapers,211.87
2023-11-01,2023-2024,2015-16,09,85,Newspapers,211.87
2023-12-01,2023-2024,2015-16,09,85,Newspapers,211.87
2024-01-01,2023-2024,2015-16,09,85,Newspapers,211.87
2024-02-01,2023-2024,2015-16,09,85,Newspapers,211.87
2024-03-01,2023-2024,2015-16,09,85,Newspapers,211.87
2024-04-01,2023-2024,2015-16,09,85,Newspapers,211.87
2024-05-01,2023-2024,2015-16,09,85,Newspapers,211.87
2024-06-01,2023-2024,2015-16,09,85,Newspapers,211.87
2024-07-01,2024-2025,2015-16,09,85,Newspapers,211.87
2024-08-01,2024-2025,2015-16,09,85,Newspapers,211.87
2024-09-01,2024-2025,2015-16,09,85,Newspapers,216.94
2024-10-01,2024-2025,2015-16,09,85,Newspapers,216.94
2024-11-01,2024-2025,2015-16,09,85,Newspapers,216.94
2024-12-01,2024-2025,2015-16,09,85,Newspapers,216.94
2025-01-01,2024-2025,2015-16,09,85,Newspapers,216.94
2025-02-01,2024-2025,2015-16,09,85,Newspapers,216.94
2025-03-01,2024-2025,2015-16,09,85,Newspapers,216.94
2025-04-01,2024-2025,2015-16,09,85,Newspapers,216.94
2025-05-01,2024-2025,2015-16,09,85,Newspapers,216.94
2025-06-01,2024-2025,2015-16,09,85,Newspapers,216.94
2025-07-01,2025-2026,2015-16,09,85,Newspapers,216.94
2025-08-01,2025-2026,2015-16,09,85,Newspapers,242.82
2025-09-01,2025-2026,2015-16,09,85,Newspapers,242.82
2025-10-01,2025-2026,2015-16,09,85,Newspapers,242.82
2025-11-01,2025-2026,2015-16,09,85,Newspapers,242.82
2025-12-01,2025-2026,2015-16,09,85,Newspapers,242.82
2026-01-01,2025-2026,2015-16,09,85,Newspapers,242.82
2026-02-01,2025-2026,2015-16,09,85,Newspapers,242.82
2026-03-01,2025-2026,2015-16,09,85,Newspapers,242.82
2026-04-01,2025-2026,2015-16,09,85,Newspapers,242.82
2026-05-01,2025-2026,2015-16,09,85,Newspapers,242.82
2026-06-01,2025-2026,2015-16,09,85,Newspapers,278.85
2019-07-01,2019-2020,2015-16,09,86,stationery,122.54
2019-08-01,2019-2020,2015-16,09,86,stationery,122.97
2019-09-01,2019-2020,2015-16,09,86,stationery,124.6
2019-10-01,2019-2020,2015-16,09,86,stationery,125.87
2019-11-01,2019-2020,2015-16,09,86,stationery,126.34
2019-12-01,2019-2020,2015-16,09,86,stationery,126.73
2020-01-01,2019-2020,2015-16,09,86,stationery,126.74
2020-02-01,2019-2020,2015-16,09,86,stationery,126.99
2020-03-01,2019-2020,2015-16,09,86,stationery,127.11
2020-04-01,2019-2020,2015-16,09,86,stationery,127.42
2020-05-01,2019-2020,2015-16,09,86,stationery,127.51
2020-06-01,2019-2020,2015-16,09,86,stationery,127.66
2020-07-01,2020-2021,2015-16,09,86,stationery,127.78
2020-08-01,2020-2021,2015-16,09,86,stationery,128.6
2020-09-01,2020-2021,2015-16,09,86,stationery,130.38
2020-10-01,2020-2021,2015-16,09,86,stationery,130.77
2020-11-01,2020-2021,2015-16,09,86,stationery,131.3
2020-12-01,2020-2021,2015-16,09,86,stationery,132.08
2021-01-01,2020-2021,2015-16,09,86,stationery,132.33
2021-02-01,2020-2021,2015-16,09,86,stationery,133.38
2021-03-01,2020-2021,2015-16,09,86,stationery,133.68
2021-04-01,2020-2021,2015-16,09,86,stationery,133.69
2021-05-01,2020-2021,2015-16,09,86,stationery,133.7
2021-06-01,2020-2021,2015-16,09,86,stationery,134.4
2021-07-01,2021-2022,2015-16,09,86,stationery,134.68
2021-08-01,2021-2022,2015-16,09,86,stationery,135.16
2021-09-01,2021-2022,2015-16,09,86,stationery,135.48
2021-10-01,2021-2022,2015-16,09,86,stationery,143.31
2021-11-01,2021-2022,2015-16,09,86,stationery,143.83
2021-12-01,2021-2022,2015-16,09,86,stationery,144.58
2022-01-01,2021-2022,2015-16,09,86,stationery,146.28
2022-02-01,2021-2022,2015-16,09,86,stationery,147.38
2022-03-01,2021-2022,2015-16,09,86,stationery,150.07
2022-04-01,2021-2022,2015-16,09,86,stationery,150.25
2022-05-01,2021-2022,2015-16,09,86,stationery,162.27
2022-06-01,2021-2022,2015-16,09,86,stationery,175.73
2022-07-01,2022-2023,2015-16,09,86,stationery,181.56
2022-08-01,2022-2023,2015-16,09,86,stationery,194.79
2022-09-01,2022-2023,2015-16,09,86,stationery,206.5
2022-10-01,2022-2023,2015-16,09,86,stationery,207.08
2022-11-01,2022-2023,2015-16,09,86,stationery,207.93
2022-12-01,2022-2023,2015-16,09,86,stationery,211.9
2023-01-01,2022-2023,2015-16,09,86,stationery,215.58
2023-02-01,2022-2023,2015-16,09,86,stationery,237.83
2023-03-01,2022-2023,2015-16,09,86,stationery,250.61
2023-04-01,2022-2023,2015-16,09,86,stationery,276.05
2023-05-01,2022-2023,2015-16,09,86,stationery,291.08
2023-06-01,2022-2023,2015-16,09,86,stationery,296.16
2023-07-01,2023-2024,2015-16,09,86,stationery,296.96
2023-08-01,2023-2024,2015-16,09,86,stationery,301.56
2023-09-01,2023-2024,2015-16,09,86,stationery,303.88
2023-10-01,2023-2024,2015-16,09,86,stationery,303.97
2023-11-01,2023-2024,2015-16,09,86,stationery,303.36
2023-12-01,2023-2024,2015-16,09,86,stationery,303.4
2024-01-01,2023-2024,2015-16,09,86,stationery,304
2024-02-01,2023-2024,2015-16,09,86,stationery,303.66
2024-03-01,2023-2024,2015-16,09,86,stationery,304.15
2024-04-01,2023-2024,2015-16,09,86,stationery,304.17
2024-05-01,2023-2024,2015-16,09,86,stationery,309.29
2024-06-01,2023-2024,2015-16,09,86,stationery,309.65
2024-07-01,2024-2025,2015-16,09,86,stationery,312.81
2024-08-01,2024-2025,2015-16,09,86,stationery,328.7
2024-09-01,2024-2025,2015-16,09,86,stationery,327.3
2024-10-01,2024-2025,2015-16,09,86,stationery,328.06
2024-11-01,2024-2025,2015-16,09,86,stationery,327.89
2024-12-01,2024-2025,2015-16,09,86,stationery,329.01
2025-01-01,2024-2025,2015-16,09,86,stationery,329.33
2025-02-01,2024-2025,2015-16,09,86,stationery,328.63
2025-03-01,2024-2025,2015-16,09,86,stationery,328.06
2025-04-01,2024-2025,2015-16,09,86,stationery,327.71
2025-05-01,2024-2025,2015-16,09,86,stationery,328.48
2025-06-01,2024-2025,2015-16,09,86,stationery,328.3
2025-07-01,2025-2026,2015-16,09,86,stationery,328.43
2025-08-01,2025-2026,2015-16,09,86,stationery,328.45
2025-09-01,2025-2026,2015-16,09,86,stationery,329.89
2025-10-01,2025-2026,2015-16,09,86,stationery,331.92
2025-11-01,2025-2026,2015-16,09,86,stationery,331.18
2025-12-01,2025-2026,2015-16,09,86,stationery,331.52
2026-01-01,2025-2026,2015-16,09,86,stationery,331.59
2026-02-01,2025-2026,2015-16,09,86,stationery,331.5
2026-03-01,2025-2026,2015-16,09,86,stationery,331.73
2026-04-01,2025-2026,2015-16,09,86,stationery,332.11
2026-05-01,2025-2026,2015-16,09,86,stationery,333.94
2026-06-01,2025-2026,2015-16,09,86,stationery,334.55
2019-07-01,2019-2020,2015-16,10,00,Education,143.47
2019-08-01,2019-2020,2015-16,10,00,Education,143.62
2019-09-01,2019-2020,2015-16,10,00,Education,144.16
2019-10-01,2019-2020,2015-16,10,00,Education,144.43
2019-11-01,2019-2020,2015-16,10,00,Education,144.63
2019-12-01,2019-2020,2015-16,10,00,Education,144.67
2020-01-01,2019-2020,2015-16,10,00,Education,144.71
2020-02-01,2019-2020,2015-16,10,00,Education,144.71
2020-03-01,2019-2020,2015-16,10,00,Education,144.98
2020-04-01,2019-2020,2015-16,10,00,Education,144.98
2020-05-01,2019-2020,2015-16,10,00,Education,144.98
2020-06-01,2019-2020,2015-16,10,00,Education,144.98
2020-07-01,2020-2021,2015-16,10,00,Education,144.98
2020-08-01,2020-2021,2015-16,10,00,Education,145.07
2020-09-01,2020-2021,2015-16,10,00,Education,145.49
2020-10-01,2020-2021,2015-16,10,00,Education,146.16
2020-11-01,2020-2021,2015-16,10,00,Education,146.16
2020-12-01,2020-2021,2015-16,10,00,Education,146.16
2021-01-01,2020-2021,2015-16,10,00,Education,146.25
2021-02-01,2020-2021,2015-16,10,00,Education,146.26
2021-03-01,2020-2021,2015-16,10,00,Education,146.26
2021-04-01,2020-2021,2015-16,10,00,Education,146.71
2021-05-01,2020-2021,2015-16,10,00,Education,146.71
2021-06-01,2020-2021,2015-16,10,00,Education,146.89
2021-07-01,2021-2022,2015-16,10,00,Education,147.13
2021-08-01,2021-2022,2015-16,10,00,Education,148.72
2021-09-01,2021-2022,2015-16,10,00,Education,148.76
2021-10-01,2021-2022,2015-16,10,00,Education,148.99
2021-11-01,2021-2022,2015-16,10,00,Education,149.34
2021-12-01,2021-2022,2015-16,10,00,Education,150.01
2022-01-01,2021-2022,2015-16,10,00,Education,150.69
2022-02-01,2021-2022,2015-16,10,00,Education,150.87
2022-03-01,2021-2022,2015-16,10,00,Education,159.39
2022-04-01,2021-2022,2015-16,10,00,Education,160.26
2022-05-01,2021-2022,2015-16,10,00,Education,161.96
2022-06-01,2021-2022,2015-16,10,00,Education,162.1
2022-07-01,2022-2023,2015-16,10,00,Education,162.6
2022-08-01,2022-2023,2015-16,10,00,Education,163.68
2022-09-01,2022-2023,2015-16,10,00,Education,163.69
2022-10-01,2022-2023,2015-16,10,00,Education,165.49
2022-11-01,2022-2023,2015-16,10,00,Education,165.87
2022-12-01,2022-2023,2015-16,10,00,Education,166.24
2023-01-01,2022-2023,2015-16,10,00,Education,166.36
2023-02-01,2022-2023,2015-16,10,00,Education,166.56
2023-03-01,2022-2023,2015-16,10,00,Education,168.64
2023-04-01,2022-2023,2015-16,10,00,Education,169.92
2023-05-01,2022-2023,2015-16,10,00,Education,171.25
2023-06-01,2022-2023,2015-16,10,00,Education,171.65
2023-07-01,2023-2024,2015-16,10,00,Education,171.66
2023-08-01,2023-2024,2015-16,10,00,Education,177.89
2023-09-01,2023-2024,2015-16,10,00,Education,178.55
2023-10-01,2023-2024,2015-16,10,00,Education,184.31
2023-11-01,2023-2024,2015-16,10,00,Education,186.73
2023-12-01,2023-2024,2015-16,10,00,Education,187.28
2024-01-01,2023-2024,2015-16,10,00,Education,187.42
2024-02-01,2023-2024,2015-16,10,00,Education,187.42
2024-03-01,2023-2024,2015-16,10,00,Education,188.09
2024-04-01,2023-2024,2015-16,10,00,Education,192.49
2024-05-01,2023-2024,2015-16,10,00,Education,194.43
2024-06-01,2023-2024,2015-16,10,00,Education,194.55
2024-07-01,2024-2025,2015-16,10,00,Education,194.55
2024-08-01,2024-2025,2015-16,10,00,Education,195.37
2024-09-01,2024-2025,2015-16,10,00,Education,195.66
2024-10-01,2024-2025,2015-16,10,00,Education,195.98
2024-11-01,2024-2025,2015-16,10,00,Education,199.91
2024-12-01,2024-2025,2015-16,10,00,Education,199.96
2025-01-01,2024-2025,2015-16,10,00,Education,200.02
2025-02-01,2024-2025,2015-16,10,00,Education,200.61
2025-03-01,2024-2025,2015-16,10,00,Education,203.07
2025-04-01,2024-2025,2015-16,10,00,Education,211.42
2025-05-01,2024-2025,2015-16,10,00,Education,212.23
2025-06-01,2024-2025,2015-16,10,00,Education,212.44
2025-07-01,2025-2026,2015-16,10,00,Education,212.7
2025-08-01,2025-2026,2015-16,10,00,Education,216.13
2025-09-01,2025-2026,2015-16,10,00,Education,216.28
2025-10-01,2025-2026,2015-16,10,00,Education,216.38
2025-11-01,2025-2026,2015-16,10,00,Education,216.38
2025-12-01,2025-2026,2015-16,10,00,Education,218.2
2026-01-01,2025-2026,2015-16,10,00,Education,218.2
2026-02-01,2025-2026,2015-16,10,00,Education,218.23
2026-03-01,2025-2026,2015-16,10,00,Education,221.05
2026-04-01,2025-2026,2015-16,10,00,Education,227.74
2026-05-01,2025-2026,2015-16,10,00,Education,229.64
2026-06-01,2025-2026,2015-16,10,00,Education,229.95
2019-07-01,2019-2020,2015-16,10,87,Education,143.47
2019-08-01,2019-2020,2015-16,10,87,Education,143.62
2019-09-01,2019-2020,2015-16,10,87,Education,144.16
2019-10-01,2019-2020,2015-16,10,87,Education,144.43
2019-11-01,2019-2020,2015-16,10,87,Education,144.63
2019-12-01,2019-2020,2015-16,10,87,Education,144.67
2020-01-01,2019-2020,2015-16,10,87,Education,144.71
2020-02-01,2019-2020,2015-16,10,87,Education,144.71
2020-03-01,2019-2020,2015-16,10,87,Education,144.98
2020-04-01,2019-2020,2015-16,10,87,Education,144.98
2020-05-01,2019-2020,2015-16,10,87,Education,144.98
2020-06-01,2019-2020,2015-16,10,87,Education,144.98
2020-07-01,2020-2021,2015-16,10,87,Education,144.98
2020-08-01,2020-2021,2015-16,10,87,Education,145.07
2020-09-01,2020-2021,2015-16,10,87,Education,145.49
2020-10-01,2020-2021,2015-16,10,87,Education,146.16
2020-11-01,2020-2021,2015-16,10,87,Education,146.16
2020-12-01,2020-2021,2015-16,10,87,Education,146.16
2021-01-01,2020-2021,2015-16,10,87,Education,146.25
2021-02-01,2020-2021,2015-16,10,87,Education,146.26
2021-03-01,2020-2021,2015-16,10,87,Education,146.26
2021-04-01,2020-2021,2015-16,10,87,Education,146.71
2021-05-01,2020-2021,2015-16,10,87,Education,146.71
2021-06-01,2020-2021,2015-16,10,87,Education,146.89
2021-07-01,2021-2022,2015-16,10,87,Education,147.13
2021-08-01,2021-2022,2015-16,10,87,Education,148.72
2021-09-01,2021-2022,2015-16,10,87,Education,148.76
2021-10-01,2021-2022,2015-16,10,87,Education,148.99
2021-11-01,2021-2022,2015-16,10,87,Education,149.34
2021-12-01,2021-2022,2015-16,10,87,Education,150.01
2022-01-01,2021-2022,2015-16,10,87,Education,150.69
2022-02-01,2021-2022,2015-16,10,87,Education,150.87
2022-03-01,2021-2022,2015-16,10,87,Education,159.39
2022-04-01,2021-2022,2015-16,10,87,Education,160.26
2022-05-01,2021-2022,2015-16,10,87,Education,161.96
2022-06-01,2021-2022,2015-16,10,87,Education,162.1
2022-07-01,2022-2023,2015-16,10,87,Education,162.6
2022-08-01,2022-2023,2015-16,10,87,Education,163.68
2022-09-01,2022-2023,2015-16,10,87,Education,163.69
2022-10-01,2022-2023,2015-16,10,87,Education,165.49
2022-11-01,2022-2023,2015-16,10,87,Education,165.87
2022-12-01,2022-2023,2015-16,10,87,Education,166.24
2023-01-01,2022-2023,2015-16,10,87,Education,166.36
2023-02-01,2022-2023,2015-16,10,87,Education,166.56
2023-03-01,2022-2023,2015-16,10,87,Education,168.64
2023-04-01,2022-2023,2015-16,10,87,Education,169.92
2023-05-01,2022-2023,2015-16,10,87,Education,171.25
2023-06-01,2022-2023,2015-16,10,87,Education,171.65
2023-07-01,2023-2024,2015-16,10,87,Education,171.66
2023-08-01,2023-2024,2015-16,10,87,Education,177.89
2023-09-01,2023-2024,2015-16,10,87,Education,178.55
2023-10-01,2023-2024,2015-16,10,87,Education,184.31
2023-11-01,2023-2024,2015-16,10,87,Education,186.73
2023-12-01,2023-2024,2015-16,10,87,Education,187.28
2024-01-01,2023-2024,2015-16,10,87,Education,187.42
2024-02-01,2023-2024,2015-16,10,87,Education,187.42
2024-03-01,2023-2024,2015-16,10,87,Education,188.09
2024-04-01,2023-2024,2015-16,10,87,Education,192.49
2024-05-01,2023-2024,2015-16,10,87,Education,194.43
2024-06-01,2023-2024,2015-16,10,87,Education,194.55
2024-07-01,2024-2025,2015-16,10,87,Education,194.55
2024-08-01,2024-2025,2015-16,10,87,Education,195.37
2024-09-01,2024-2025,2015-16,10,87,Education,195.66
2024-10-01,2024-2025,2015-16,10,87,Education,195.98
2024-11-01,2024-2025,2015-16,10,87,Education,199.91
2024-12-01,2024-2025,2015-16,10,87,Education,199.96
2025-01-01,2024-2025,2015-16,10,87,Education,200.02
2025-02-01,2024-2025,2015-16,10,87,Education,200.61
2025-03-01,2024-2025,2015-16,10,87,Education,203.07
2025-04-01,2024-2025,2015-16,10,87,Education,211.42
2025-05-01,2024-2025,2015-16,10,87,Education,212.23
2025-06-01,2024-2025,2015-16,10,87,Education,212.44
2025-07-01,2025-2026,2015-16,10,87,Education,212.7
2025-08-01,2025-2026,2015-16,10,87,Education,216.13
2025-09-01,2025-2026,2015-16,10,87,Education,216.28
2025-10-01,2025-2026,2015-16,10,87,Education,216.38
2025-11-01,2025-2026,2015-16,10,87,Education,216.38
2025-12-01,2025-2026,2015-16,10,87,Education,218.2
2026-01-01,2025-2026,2015-16,10,87,Education,218.2
2026-02-01,2025-2026,2015-16,10,87,Education,218.23
2026-03-01,2025-2026,2015-16,10,87,Education,221.05
2026-04-01,2025-2026,2015-16,10,87,Education,227.74
2026-05-01,2025-2026,2015-16,10,87,Education,229.64
2026-06-01,2025-2026,2015-16,10,87,Education,229.95
2019-07-01,2019-2020,2015-16,11,00,Restaurants and hotels,122.67
2019-08-01,2019-2020,2015-16,11,00,Restaurants and hotels,123.22
2019-09-01,2019-2020,2015-16,11,00,Restaurants and hotels,124.01
2019-10-01,2019-2020,2015-16,11,00,Restaurants and hotels,124.31
2019-11-01,2019-2020,2015-16,11,00,Restaurants and hotels,124.95
2019-12-01,2019-2020,2015-16,11,00,Restaurants and hotels,124.97
2020-01-01,2019-2020,2015-16,11,00,Restaurants and hotels,127.33
2020-02-01,2019-2020,2015-16,11,00,Restaurants and hotels,128.88
2020-03-01,2019-2020,2015-16,11,00,Restaurants and hotels,129.7
2020-04-01,2019-2020,2015-16,11,00,Restaurants and hotels,129.74
2020-05-01,2019-2020,2015-16,11,00,Restaurants and hotels,129.8
2020-06-01,2019-2020,2015-16,11,00,Restaurants and hotels,130.52
2020-07-01,2020-2021,2015-16,11,00,Restaurants and hotels,130.92
2020-08-01,2020-2021,2015-16,11,00,Restaurants and hotels,133.37
2020-09-01,2020-2021,2015-16,11,00,Restaurants and hotels,134.14
2020-10-01,2020-2021,2015-16,11,00,Restaurants and hotels,135.28
2020-11-01,2020-2021,2015-16,11,00,Restaurants and hotels,136.53
2020-12-01,2020-2021,2015-16,11,00,Restaurants and hotels,137.47
2021-01-01,2020-2021,2015-16,11,00,Restaurants and hotels,138.39
2021-02-01,2020-2021,2015-16,11,00,Restaurants and hotels,139
2021-03-01,2020-2021,2015-16,11,00,Restaurants and hotels,140.53
2021-04-01,2020-2021,2015-16,11,00,Restaurants and hotels,140.81
2021-05-01,2020-2021,2015-16,11,00,Restaurants and hotels,141.66
2021-06-01,2020-2021,2015-16,11,00,Restaurants and hotels,142.77
2021-07-01,2021-2022,2015-16,11,00,Restaurants and hotels,143.31
2021-08-01,2021-2022,2015-16,11,00,Restaurants and hotels,143.47
2021-09-01,2021-2022,2015-16,11,00,Restaurants and hotels,145.51
2021-10-01,2021-2022,2015-16,11,00,Restaurants and hotels,146.92
2021-11-01,2021-2022,2015-16,11,00,Restaurants and hotels,152.1
2021-12-01,2021-2022,2015-16,11,00,Restaurants and hotels,155.66
2022-01-01,2021-2022,2015-16,11,00,Restaurants and hotels,156.62
2022-02-01,2021-2022,2015-16,11,00,Restaurants and hotels,159.82
2022-03-01,2021-2022,2015-16,11,00,Restaurants and hotels,160.94
2022-04-01,2021-2022,2015-16,11,00,Restaurants and hotels,161.24
2022-05-01,2021-2022,2015-16,11,00,Restaurants and hotels,162.26
2022-06-01,2021-2022,2015-16,11,00,Restaurants and hotels,173.02
2022-07-01,2022-2023,2015-16,11,00,Restaurants and hotels,178.75
2022-08-01,2022-2023,2015-16,11,00,Restaurants and hotels,182.8
2022-09-01,2022-2023,2015-16,11,00,Restaurants and hotels,187.9
2022-10-01,2022-2023,2015-16,11,00,Restaurants and hotels,193.58
2022-11-01,2022-2023,2015-16,11,00,Restaurants and hotels,196.97
2022-12-01,2022-2023,2015-16,11,00,Restaurants and hotels,200.18
2023-01-01,2022-2023,2015-16,11,00,Restaurants and hotels,207.39
2023-02-01,2022-2023,2015-16,11,00,Restaurants and hotels,216.08
2023-03-01,2022-2023,2015-16,11,00,Restaurants and hotels,225.06
2023-04-01,2022-2023,2015-16,11,00,Restaurants and hotels,226.36
2023-05-01,2022-2023,2015-16,11,00,Restaurants and hotels,237.02
2023-06-01,2022-2023,2015-16,11,00,Restaurants and hotels,240.11
2023-07-01,2023-2024,2015-16,11,00,Restaurants and hotels,242.65
2023-08-01,2023-2024,2015-16,11,00,Restaurants and hotels,247.58
2023-09-01,2023-2024,2015-16,11,00,Restaurants and hotels,252.06
2023-10-01,2023-2024,2015-16,11,00,Restaurants and hotels,256.43
2023-11-01,2023-2024,2015-16,11,00,Restaurants and hotels,258.07
2023-12-01,2023-2024,2015-16,11,00,Restaurants and hotels,260.11
2024-01-01,2023-2024,2015-16,11,00,Restaurants and hotels,262.77
2024-02-01,2023-2024,2015-16,11,00,Restaurants and hotels,263.47
2024-03-01,2023-2024,2015-16,11,00,Restaurants and hotels,265.74
2024-04-01,2023-2024,2015-16,11,00,Restaurants and hotels,268.67
2024-05-01,2023-2024,2015-16,11,00,Restaurants and hotels,265.2
2024-06-01,2023-2024,2015-16,11,00,Restaurants and hotels,263.73
2024-07-01,2024-2025,2015-16,11,00,Restaurants and hotels,265.28
2024-08-01,2024-2025,2015-16,11,00,Restaurants and hotels,266.75
2024-09-01,2024-2025,2015-16,11,00,Restaurants and hotels,271.99
2024-10-01,2024-2025,2015-16,11,00,Restaurants and hotels,272.98
2024-11-01,2024-2025,2015-16,11,00,Restaurants and hotels,276.36
2024-12-01,2024-2025,2015-16,11,00,Restaurants and hotels,277.24
2025-01-01,2024-2025,2015-16,11,00,Restaurants and hotels,279.39
2025-02-01,2024-2025,2015-16,11,00,Restaurants and hotels,280.26
2025-03-01,2024-2025,2015-16,11,00,Restaurants and hotels,280.73
2025-04-01,2024-2025,2015-16,11,00,Restaurants and hotels,282.36
2025-05-01,2024-2025,2015-16,11,00,Restaurants and hotels,282.75
2025-06-01,2024-2025,2015-16,11,00,Restaurants and hotels,283.57
2025-07-01,2025-2026,2015-16,11,00,Restaurants and hotels,283.97
2025-08-01,2025-2026,2015-16,11,00,Restaurants and hotels,284.54
2025-09-01,2025-2026,2015-16,11,00,Restaurants and hotels,286.84
2025-10-01,2025-2026,2015-16,11,00,Restaurants and hotels,288.06
2025-11-01,2025-2026,2015-16,11,00,Restaurants and hotels,288.7
2025-12-01,2025-2026,2015-16,11,00,Restaurants and hotels,290.95
2026-01-01,2025-2026,2015-16,11,00,Restaurants and hotels,291.46
2026-02-01,2025-2026,2015-16,11,00,Restaurants and hotels,292.5
2026-03-01,2025-2026,2015-16,11,00,Restaurants and hotels,294.18
2026-04-01,2025-2026,2015-16,11,00,Restaurants and hotels,296.83
2026-05-01,2025-2026,2015-16,11,00,Restaurants and hotels,299.09
2026-06-01,2025-2026,2015-16,11,00,Restaurants and hotels,298.29
2019-07-01,2019-2020,2015-16,11,88,Readymade food,122.04
2019-08-01,2019-2020,2015-16,11,88,Readymade food,122.67
2019-09-01,2019-2020,2015-16,11,88,Readymade food,123.72
2019-10-01,2019-2020,2015-16,11,88,Readymade food,124.12
2019-11-01,2019-2020,2015-16,11,88,Readymade food,124.89
2019-12-01,2019-2020,2015-16,11,88,Readymade food,124.91
2020-01-01,2019-2020,2015-16,11,88,Readymade food,125.84
2020-02-01,2019-2020,2015-16,11,88,Readymade food,127.9
2020-03-01,2019-2020,2015-16,11,88,Readymade food,128.93
2020-04-01,2019-2020,2015-16,11,88,Readymade food,128.98
2020-05-01,2019-2020,2015-16,11,88,Readymade food,129.07
2020-06-01,2019-2020,2015-16,11,88,Readymade food,130.02
2020-07-01,2020-2021,2015-16,11,88,Readymade food,130.57
2020-08-01,2020-2021,2015-16,11,88,Readymade food,133.47
2020-09-01,2020-2021,2015-16,11,88,Readymade food,134.48
2020-10-01,2020-2021,2015-16,11,88,Readymade food,135.8
2020-11-01,2020-2021,2015-16,11,88,Readymade food,136.99
2020-12-01,2020-2021,2015-16,11,88,Readymade food,138.2
2021-01-01,2020-2021,2015-16,11,88,Readymade food,139.43
2021-02-01,2020-2021,2015-16,11,88,Readymade food,140.08
2021-03-01,2020-2021,2015-16,11,88,Readymade food,142.01
2021-04-01,2020-2021,2015-16,11,88,Readymade food,142.38
2021-05-01,2020-2021,2015-16,11,88,Readymade food,143.5
2021-06-01,2020-2021,2015-16,11,88,Readymade food,144.99
2021-07-01,2021-2022,2015-16,11,88,Readymade food,145.7
2021-08-01,2021-2022,2015-16,11,88,Readymade food,145.92
2021-09-01,2021-2022,2015-16,11,88,Readymade food,148.51
2021-10-01,2021-2022,2015-16,11,88,Readymade food,150.35
2021-11-01,2021-2022,2015-16,11,88,Readymade food,153.74
2021-12-01,2021-2022,2015-16,11,88,Readymade food,156.96
2022-01-01,2021-2022,2015-16,11,88,Readymade food,158.16
2022-02-01,2021-2022,2015-16,11,88,Readymade food,161.98
2022-03-01,2021-2022,2015-16,11,88,Readymade food,163.34
2022-04-01,2021-2022,2015-16,11,88,Readymade food,163.75
2022-05-01,2021-2022,2015-16,11,88,Readymade food,165.1
2022-06-01,2021-2022,2015-16,11,88,Readymade food,175.9
2022-07-01,2022-2023,2015-16,11,88,Readymade food,183.51
2022-08-01,2022-2023,2015-16,11,88,Readymade food,187.83
2022-09-01,2022-2023,2015-16,11,88,Readymade food,194.55
2022-10-01,2022-2023,2015-16,11,88,Readymade food,201.99
2022-11-01,2022-2023,2015-16,11,88,Readymade food,204.81
2022-12-01,2022-2023,2015-16,11,88,Readymade food,208.15
2023-01-01,2022-2023,2015-16,11,88,Readymade food,216.26
2023-02-01,2022-2023,2015-16,11,88,Readymade food,224.6
2023-03-01,2022-2023,2015-16,11,88,Readymade food,233.21
2023-04-01,2022-2023,2015-16,11,88,Readymade food,234.65
2023-05-01,2022-2023,2015-16,11,88,Readymade food,247.97
2023-06-01,2022-2023,2015-16,11,88,Readymade food,251.6
2023-07-01,2023-2024,2015-16,11,88,Readymade food,254.62
2023-08-01,2023-2024,2015-16,11,88,Readymade food,259.88
2023-09-01,2023-2024,2015-16,11,88,Readymade food,263.2
2023-10-01,2023-2024,2015-16,11,88,Readymade food,265.03
2023-11-01,2023-2024,2015-16,11,88,Readymade food,266.44
2023-12-01,2023-2024,2015-16,11,88,Readymade food,267.78
2024-01-01,2023-2024,2015-16,11,88,Readymade food,269.53
2024-02-01,2023-2024,2015-16,11,88,Readymade food,270.36
2024-03-01,2023-2024,2015-16,11,88,Readymade food,273.29
2024-04-01,2023-2024,2015-16,11,88,Readymade food,275.14
2024-05-01,2023-2024,2015-16,11,88,Readymade food,270.4
2024-06-01,2023-2024,2015-16,11,88,Readymade food,268.22
2024-07-01,2024-2025,2015-16,11,88,Readymade food,270.11
2024-08-01,2024-2025,2015-16,11,88,Readymade food,271.68
2024-09-01,2024-2025,2015-16,11,88,Readymade food,278.58
2024-10-01,2024-2025,2015-16,11,88,Readymade food,279.53
2024-11-01,2024-2025,2015-16,11,88,Readymade food,283.99
2024-12-01,2024-2025,2015-16,11,88,Readymade food,285.08
2025-01-01,2024-2025,2015-16,11,88,Readymade food,286.9
2025-02-01,2024-2025,2015-16,11,88,Readymade food,287.84
2025-03-01,2024-2025,2015-16,11,88,Readymade food,288.41
2025-04-01,2024-2025,2015-16,11,88,Readymade food,289.63
2025-05-01,2024-2025,2015-16,11,88,Readymade food,289.97
2025-06-01,2024-2025,2015-16,11,88,Readymade food,290.36
2025-07-01,2025-2026,2015-16,11,88,Readymade food,290.75
2025-08-01,2025-2026,2015-16,11,88,Readymade food,291.51
2025-09-01,2025-2026,2015-16,11,88,Readymade food,294.01
2025-10-01,2025-2026,2015-16,11,88,Readymade food,295.32
2025-11-01,2025-2026,2015-16,11,88,Readymade food,296.13
2025-12-01,2025-2026,2015-16,11,88,Readymade food,297.44
2026-01-01,2025-2026,2015-16,11,88,Readymade food,297.74
2026-02-01,2025-2026,2015-16,11,88,Readymade food,299.06
2026-03-01,2025-2026,2015-16,11,88,Readymade food,300.65
2026-04-01,2025-2026,2015-16,11,88,Readymade food,303.87
2026-05-01,2025-2026,2015-16,11,88,Readymade food,306.49
2026-06-01,2025-2026,2015-16,11,88,Readymade food,309.04
2019-07-01,2019-2020,2015-16,11,89,Marriage Hall Charges,125.45
2019-08-01,2019-2020,2015-16,11,89,Marriage Hall Charges,125.79
2019-09-01,2019-2020,2015-16,11,89,Marriage Hall Charges,125.79
2019-10-01,2019-2020,2015-16,11,89,Marriage Hall Charges,125.79
2019-11-01,2019-2020,2015-16,11,89,Marriage Hall Charges,126.09
2019-12-01,2019-2020,2015-16,11,89,Marriage Hall Charges,126.1
2020-01-01,2019-2020,2015-16,11,89,Marriage Hall Charges,133.14
2020-02-01,2019-2020,2015-16,11,89,Marriage Hall Charges,133.19
2020-03-01,2019-2020,2015-16,11,89,Marriage Hall Charges,133.41
2020-04-01,2019-2020,2015-16,11,89,Marriage Hall Charges,133.41
2020-05-01,2019-2020,2015-16,11,89,Marriage Hall Charges,133.41
2020-06-01,2019-2020,2015-16,11,89,Marriage Hall Charges,133.41
2020-07-01,2020-2021,2015-16,11,89,Marriage Hall Charges,133.41
2020-08-01,2020-2021,2015-16,11,89,Marriage Hall Charges,134.6
2020-09-01,2020-2021,2015-16,11,89,Marriage Hall Charges,134.64
2020-10-01,2020-2021,2015-16,11,89,Marriage Hall Charges,135.29
2020-11-01,2020-2021,2015-16,11,89,Marriage Hall Charges,136.83
2020-12-01,2020-2021,2015-16,11,89,Marriage Hall Charges,136.99
2021-01-01,2020-2021,2015-16,11,89,Marriage Hall Charges,136.99
2021-02-01,2020-2021,2015-16,11,89,Marriage Hall Charges,137.52
2021-03-01,2020-2021,2015-16,11,89,Marriage Hall Charges,137.88
2021-04-01,2020-2021,2015-16,11,89,Marriage Hall Charges,137.94
2021-05-01,2020-2021,2015-16,11,89,Marriage Hall Charges,137.97
2021-06-01,2020-2021,2015-16,11,89,Marriage Hall Charges,137.97
2021-07-01,2021-2022,2015-16,11,89,Marriage Hall Charges,137.97
2021-08-01,2021-2022,2015-16,11,89,Marriage Hall Charges,137.97
2021-09-01,2021-2022,2015-16,11,89,Marriage Hall Charges,138.12
2021-10-01,2021-2022,2015-16,11,89,Marriage Hall Charges,138.27
2021-11-01,2021-2022,2015-16,11,89,Marriage Hall Charges,149.46
2021-12-01,2021-2022,2015-16,11,89,Marriage Hall Charges,154.31
2022-01-01,2021-2022,2015-16,11,89,Marriage Hall Charges,154.59
2022-02-01,2021-2022,2015-16,11,89,Marriage Hall Charges,156.03
2022-03-01,2021-2022,2015-16,11,89,Marriage Hall Charges,156.2
2022-04-01,2021-2022,2015-16,11,89,Marriage Hall Charges,156.21
2022-05-01,2021-2022,2015-16,11,89,Marriage Hall Charges,156.23
2022-06-01,2021-2022,2015-16,11,89,Marriage Hall Charges,167.64
2022-07-01,2022-2023,2015-16,11,89,Marriage Hall Charges,167.88
2022-08-01,2022-2023,2015-16,11,89,Marriage Hall Charges,171.31
2022-09-01,2022-2023,2015-16,11,89,Marriage Hall Charges,171.68
2022-10-01,2022-2023,2015-16,11,89,Marriage Hall Charges,172.17
2022-11-01,2022-2023,2015-16,11,89,Marriage Hall Charges,177.52
2022-12-01,2022-2023,2015-16,11,89,Marriage Hall Charges,180.51
2023-01-01,2022-2023,2015-16,11,89,Marriage Hall Charges,185.4
2023-02-01,2022-2023,2015-16,11,89,Marriage Hall Charges,195.81
2023-03-01,2022-2023,2015-16,11,89,Marriage Hall Charges,206.64
2023-04-01,2022-2023,2015-16,11,89,Marriage Hall Charges,207.58
2023-05-01,2022-2023,2015-16,11,89,Marriage Hall Charges,208.46
2023-06-01,2022-2023,2015-16,11,89,Marriage Hall Charges,210.03
2023-07-01,2023-2024,2015-16,11,89,Marriage Hall Charges,211.26
2023-08-01,2023-2024,2015-16,11,89,Marriage Hall Charges,215.51
2023-09-01,2023-2024,2015-16,11,89,Marriage Hall Charges,223.98
2023-10-01,2023-2024,2015-16,11,89,Marriage Hall Charges,236.14
2023-11-01,2023-2024,2015-16,11,89,Marriage Hall Charges,238.6
2023-12-01,2023-2024,2015-16,11,89,Marriage Hall Charges,243.02
2024-01-01,2023-2024,2015-16,11,89,Marriage Hall Charges,248.73
2024-02-01,2023-2024,2015-16,11,89,Marriage Hall Charges,249.07
2024-03-01,2023-2024,2015-16,11,89,Marriage Hall Charges,249.33
2024-04-01,2023-2024,2015-16,11,89,Marriage Hall Charges,255.77
2024-05-01,2023-2024,2015-16,11,89,Marriage Hall Charges,256
2024-06-01,2023-2024,2015-16,11,89,Marriage Hall Charges,256.66
2024-07-01,2024-2025,2015-16,11,89,Marriage Hall Charges,257.27
2024-08-01,2024-2025,2015-16,11,89,Marriage Hall Charges,258.5
2024-09-01,2024-2025,2015-16,11,89,Marriage Hall Charges,258.89
2024-10-01,2024-2025,2015-16,11,89,Marriage Hall Charges,260.01
2024-11-01,2024-2025,2015-16,11,89,Marriage Hall Charges,260.26
2024-12-01,2024-2025,2015-16,11,89,Marriage Hall Charges,260.5
2025-01-01,2024-2025,2015-16,11,89,Marriage Hall Charges,263.83
2025-02-01,2024-2025,2015-16,11,89,Marriage Hall Charges,263.95
2025-03-01,2024-2025,2015-16,11,89,Marriage Hall Charges,263.95
2025-04-01,2024-2025,2015-16,11,89,Marriage Hall Charges,266.94
2025-05-01,2024-2025,2015-16,11,89,Marriage Hall Charges,267.51
2025-06-01,2024-2025,2015-16,11,89,Marriage Hall Charges,269.74
2025-07-01,2025-2026,2015-16,11,89,Marriage Hall Charges,270.21
2025-08-01,2025-2026,2015-16,11,89,Marriage Hall Charges,270.21
2025-09-01,2025-2026,2015-16,11,89,Marriage Hall Charges,272.07
2025-10-01,2025-2026,2015-16,11,89,Marriage Hall Charges,273.01
2025-11-01,2025-2026,2015-16,11,89,Marriage Hall Charges,273.21
2025-12-01,2025-2026,2015-16,11,89,Marriage Hall Charges,278.57
2026-01-01,2025-2026,2015-16,11,89,Marriage Hall Charges,279.8
2026-02-01,2025-2026,2015-16,11,89,Marriage Hall Charges,280
2026-03-01,2025-2026,2015-16,11,89,Marriage Hall Charges,281.71
2026-04-01,2025-2026,2015-16,11,89,Marriage Hall Charges,282.73
2026-05-01,2025-2026,2015-16,11,89,Marriage Hall Charges,284.01
2026-06-01,2025-2026,2015-16,11,89,Marriage Hall Charges,272.53
2019-07-01,2019-2020,2015-16,11,90,Accommodation Services,112.01
2019-08-01,2019-2020,2015-16,11,90,Accommodation Services,112.07
2019-09-01,2019-2020,2015-16,11,90,Accommodation Services,112.11
2019-10-01,2019-2020,2015-16,11,90,Accommodation Services,112.17
2019-11-01,2019-2020,2015-16,11,90,Accommodation Services,112.4
2019-12-01,2019-2020,2015-16,11,90,Accommodation Services,112.4
2020-01-01,2019-2020,2015-16,11,90,Accommodation Services,112.4
2020-02-01,2019-2020,2015-16,11,90,Accommodation Services,112.4
2020-03-01,2019-2020,2015-16,11,90,Accommodation Services,112.4
2020-04-01,2019-2020,2015-16,11,90,Accommodation Services,112.4
2020-05-01,2019-2020,2015-16,11,90,Accommodation Services,112.4
2020-06-01,2019-2020,2015-16,11,90,Accommodation Services,112.4
2020-07-01,2020-2021,2015-16,11,90,Accommodation Services,112.4
2020-08-01,2020-2021,2015-16,11,90,Accommodation Services,112.72
2020-09-01,2020-2021,2015-16,11,90,Accommodation Services,112.72
2020-10-01,2020-2021,2015-16,11,90,Accommodation Services,113.2
2020-11-01,2020-2021,2015-16,11,90,Accommodation Services,113.2
2020-12-01,2020-2021,2015-16,11,90,Accommodation Services,113.2
2021-01-01,2020-2021,2015-16,11,90,Accommodation Services,113.2
2021-02-01,2020-2021,2015-16,11,90,Accommodation Services,113.2
2021-03-01,2020-2021,2015-16,11,90,Accommodation Services,113.2
2021-04-01,2020-2021,2015-16,11,90,Accommodation Services,113.2
2021-05-01,2020-2021,2015-16,11,90,Accommodation Services,113.2
2021-06-01,2020-2021,2015-16,11,90,Accommodation Services,113.3
2021-07-01,2021-2022,2015-16,11,90,Accommodation Services,113.3
2021-08-01,2021-2022,2015-16,11,90,Accommodation Services,113.3
2021-09-01,2021-2022,2015-16,11,90,Accommodation Services,117.69
2021-10-01,2021-2022,2015-16,11,90,Accommodation Services,117.75
2021-11-01,2021-2022,2015-16,11,90,Accommodation Services,118.21
2021-12-01,2021-2022,2015-16,11,90,Accommodation Services,118.71
2022-01-01,2021-2022,2015-16,11,90,Accommodation Services,118.71
2022-02-01,2021-2022,2015-16,11,90,Accommodation Services,118.79
2022-03-01,2021-2022,2015-16,11,90,Accommodation Services,122.69
2022-04-01,2021-2022,2015-16,11,90,Accommodation Services,122.69
2022-05-01,2021-2022,2015-16,11,90,Accommodation Services,122.77
2022-06-01,2021-2022,2015-16,11,90,Accommodation Services,122.86
2022-07-01,2022-2023,2015-16,11,90,Accommodation Services,122.86
2022-08-01,2022-2023,2015-16,11,90,Accommodation Services,123.61
2022-09-01,2022-2023,2015-16,11,90,Accommodation Services,123.76
2022-10-01,2022-2023,2015-16,11,90,Accommodation Services,124.74
2022-11-01,2022-2023,2015-16,11,90,Accommodation Services,126.05
2022-12-01,2022-2023,2015-16,11,90,Accommodation Services,126.49
2023-01-01,2022-2023,2015-16,11,90,Accommodation Services,126.49
2023-02-01,2022-2023,2015-16,11,90,Accommodation Services,127.23
2023-03-01,2022-2023,2015-16,11,90,Accommodation Services,127.26
2023-04-01,2022-2023,2015-16,11,90,Accommodation Services,127.33
2023-05-01,2022-2023,2015-16,11,90,Accommodation Services,156.41
2023-06-01,2022-2023,2015-16,11,90,Accommodation Services,157.13
2023-07-01,2023-2024,2015-16,11,90,Accommodation Services,157.13
2023-08-01,2023-2024,2015-16,11,90,Accommodation Services,157.21
2023-09-01,2023-2024,2015-16,11,90,Accommodation Services,157.4
2023-10-01,2023-2024,2015-16,11,90,Accommodation Services,164.49
2023-11-01,2023-2024,2015-16,11,90,Accommodation Services,164.52
2023-12-01,2023-2024,2015-16,11,90,Accommodation Services,164.52
2024-01-01,2023-2024,2015-16,11,90,Accommodation Services,164.52
2024-02-01,2023-2024,2015-16,11,90,Accommodation Services,164.77
2024-03-01,2023-2024,2015-16,11,90,Accommodation Services,166.21
2024-04-01,2023-2024,2015-16,11,90,Accommodation Services,167.44
2024-05-01,2023-2024,2015-16,11,90,Accommodation Services,168.29
2024-06-01,2023-2024,2015-16,11,90,Accommodation Services,168.29
2024-07-01,2024-2025,2015-16,11,90,Accommodation Services,168.37
2024-08-01,2024-2025,2015-16,11,90,Accommodation Services,168.39
2024-09-01,2024-2025,2015-16,11,90,Accommodation Services,168.39
2024-10-01,2024-2025,2015-16,11,90,Accommodation Services,169.14
2024-11-01,2024-2025,2015-16,11,90,Accommodation Services,169.14
2024-12-01,2024-2025,2015-16,11,90,Accommodation Services,169.66
2025-01-01,2024-2025,2015-16,11,90,Accommodation Services,169.69
2025-02-01,2024-2025,2015-16,11,90,Accommodation Services,178.3
2025-03-01,2024-2025,2015-16,11,90,Accommodation Services,180.92
2025-04-01,2024-2025,2015-16,11,90,Accommodation Services,181.26
2025-05-01,2024-2025,2015-16,11,90,Accommodation Services,181.32
2025-06-01,2024-2025,2015-16,11,90,Accommodation Services,181.32
2025-07-01,2025-2026,2015-16,11,90,Accommodation Services,181.32
2025-08-01,2025-2026,2015-16,11,90,Accommodation Services,181.32
2025-09-01,2025-2026,2015-16,11,90,Accommodation Services,181.46
2025-10-01,2025-2026,2015-16,11,90,Accommodation Services,182
2025-11-01,2025-2026,2015-16,11,90,Accommodation Services,182
2025-12-01,2025-2026,2015-16,11,90,Accommodation Services,182
2026-01-01,2025-2026,2015-16,11,90,Accommodation Services,182
2026-02-01,2025-2026,2015-16,11,90,Accommodation Services,182.04
2026-03-01,2025-2026,2015-16,11,90,Accommodation Services,187.35
2026-04-01,2025-2026,2015-16,11,90,Accommodation Services,187.71
2026-05-01,2025-2026,2015-16,11,90,Accommodation Services,187.71
2026-06-01,2025-2026,2015-16,11,90,Accommodation Services,189.06
2019-07-01,2019-2020,2015-16,12,00,Misc. goods and services,127.23
2019-08-01,2019-2020,2015-16,12,00,Misc. goods and services,128.97
2019-09-01,2019-2020,2015-16,12,00,Misc. goods and services,130.9
2019-10-01,2019-2020,2015-16,12,00,Misc. goods and services,131.58
2019-11-01,2019-2020,2015-16,12,00,Misc. goods and services,131.88
2019-12-01,2019-2020,2015-16,12,00,Misc. goods and services,132.17
2020-01-01,2019-2020,2015-16,12,00,Misc. goods and services,133.78
2020-02-01,2019-2020,2015-16,12,00,Misc. goods and services,134.2
2020-03-01,2019-2020,2015-16,12,00,Misc. goods and services,135.66
2020-04-01,2019-2020,2015-16,12,00,Misc. goods and services,137.08
2020-05-01,2019-2020,2015-16,12,00,Misc. goods and services,137.02
2020-06-01,2019-2020,2015-16,12,00,Misc. goods and services,138.14
2020-07-01,2020-2021,2015-16,12,00,Misc. goods and services,140.4
2020-08-01,2020-2021,2015-16,12,00,Misc. goods and services,145.22
2020-09-01,2020-2021,2015-16,12,00,Misc. goods and services,144.68
2020-10-01,2020-2021,2015-16,12,00,Misc. goods and services,144.4
2020-11-01,2020-2021,2015-16,12,00,Misc. goods and services,145.64
2020-12-01,2020-2021,2015-16,12,00,Misc. goods and services,146.15
2021-01-01,2020-2021,2015-16,12,00,Misc. goods and services,147.67
2021-02-01,2020-2021,2015-16,12,00,Misc. goods and services,150.08
2021-03-01,2020-2021,2015-16,12,00,Misc. goods and services,149.64
2021-04-01,2020-2021,2015-16,12,00,Misc. goods and services,150.56
2021-05-01,2020-2021,2015-16,12,00,Misc. goods and services,151.81
2021-06-01,2020-2021,2015-16,12,00,Misc. goods and services,153.41
2021-07-01,2021-2022,2015-16,12,00,Misc. goods and services,153.38
2021-08-01,2021-2022,2015-16,12,00,Misc. goods and services,154.1
2021-09-01,2021-2022,2015-16,12,00,Misc. goods and services,156.29
2021-10-01,2021-2022,2015-16,12,00,Misc. goods and services,157.79
2021-11-01,2021-2022,2015-16,12,00,Misc. goods and services,160.41
2021-12-01,2021-2022,2015-16,12,00,Misc. goods and services,161.4
2022-01-01,2021-2022,2015-16,12,00,Misc. goods and services,162.52
2022-02-01,2021-2022,2015-16,12,00,Misc. goods and services,164.52
2022-03-01,2021-2022,2015-16,12,00,Misc. goods and services,167.48
2022-04-01,2021-2022,2015-16,12,00,Misc. goods and services,168.57
2022-05-01,2021-2022,2015-16,12,00,Misc. goods and services,170.38
2022-06-01,2021-2022,2015-16,12,00,Misc. goods and services,176.62
2022-07-01,2022-2023,2015-16,12,00,Misc. goods and services,179.12
2022-08-01,2022-2023,2015-16,12,00,Misc. goods and services,185.12
2022-09-01,2022-2023,2015-16,12,00,Misc. goods and services,192.34
2022-10-01,2022-2023,2015-16,12,00,Misc. goods and services,195.11
2022-11-01,2022-2023,2015-16,12,00,Misc. goods and services,198.51
2022-12-01,2022-2023,2015-16,12,00,Misc. goods and services,203.2
2023-01-01,2022-2023,2015-16,12,00,Misc. goods and services,209.39
2023-02-01,2022-2023,2015-16,12,00,Misc. goods and services,219.3
2023-03-01,2022-2023,2015-16,12,00,Misc. goods and services,224.93
2023-04-01,2022-2023,2015-16,12,00,Misc. goods and services,234.41
2023-05-01,2022-2023,2015-16,12,00,Misc. goods and services,243.64
2023-06-01,2022-2023,2015-16,12,00,Misc. goods and services,246.46
2023-07-01,2023-2024,2015-16,12,00,Misc. goods and services,249.16
2023-08-01,2023-2024,2015-16,12,00,Misc. goods and services,257.91
2023-09-01,2023-2024,2015-16,12,00,Misc. goods and services,259.03
2023-10-01,2023-2024,2015-16,12,00,Misc. goods and services,258.91
2023-11-01,2023-2024,2015-16,12,00,Misc. goods and services,262.84
2023-12-01,2023-2024,2015-16,12,00,Misc. goods and services,265.25
2024-01-01,2023-2024,2015-16,12,00,Misc. goods and services,267.64
2024-02-01,2023-2024,2015-16,12,00,Misc. goods and services,269.89
2024-03-01,2023-2024,2015-16,12,00,Misc. goods and services,271.71
2024-04-01,2023-2024,2015-16,12,00,Misc. goods and services,275.96
2024-05-01,2023-2024,2015-16,12,00,Misc. goods and services,276.03
2024-06-01,2023-2024,2015-16,12,00,Misc. goods and services,277.61
2024-07-01,2024-2025,2015-16,12,00,Misc. goods and services,281.53
2024-08-01,2024-2025,2015-16,12,00,Misc. goods and services,283.85
2024-09-01,2024-2025,2015-16,12,00,Misc. goods and services,286.58
2024-10-01,2024-2025,2015-16,12,00,Misc. goods and services,289.03
2024-11-01,2024-2025,2015-16,12,00,Misc. goods and services,291.88
2024-12-01,2024-2025,2015-16,12,00,Misc. goods and services,292.4
2025-01-01,2024-2025,2015-16,12,00,Misc. goods and services,294.76
2025-02-01,2024-2025,2015-16,12,00,Misc. goods and services,299.81
2025-03-01,2024-2025,2015-16,12,00,Misc. goods and services,304.14
2025-04-01,2024-2025,2015-16,12,00,Misc. goods and services,311.43
2025-05-01,2024-2025,2015-16,12,00,Misc. goods and services,316.36
2025-06-01,2024-2025,2015-16,12,00,Misc. goods and services,317.53
2025-07-01,2025-2026,2015-16,12,00,Misc. goods and services,321
2025-08-01,2025-2026,2015-16,12,00,Misc. goods and services,323.39
2025-09-01,2025-2026,2015-16,12,00,Misc. goods and services,328.68
2025-10-01,2025-2026,2015-16,12,00,Misc. goods and services,341.17
2025-11-01,2025-2026,2015-16,12,00,Misc. goods and services,343.1
2025-12-01,2025-2026,2015-16,12,00,Misc. goods and services,347.83
2026-01-01,2025-2026,2015-16,12,00,Misc. goods and services,356.81
2026-02-01,2025-2026,2015-16,12,00,Misc. goods and services,369.72
2026-03-01,2025-2026,2015-16,12,00,Misc. goods and services,369.43
2026-04-01,2025-2026,2015-16,12,00,Misc. goods and services,367.68
2026-05-01,2025-2026,2015-16,12,00,Misc. goods and services,363.87
2026-06-01,2025-2026,2015-16,12,00,Misc. goods and services,356.59
2019-07-01,2019-2020,2015-16,12,91,Personal Grooming Services,121.77
2019-08-01,2019-2020,2015-16,12,91,Personal Grooming Services,122.08
2019-09-01,2019-2020,2015-16,12,91,Personal Grooming Services,122.93
2019-10-01,2019-2020,2015-16,12,91,Personal Grooming Services,123.3
2019-11-01,2019-2020,2015-16,12,91,Personal Grooming Services,123.3
2019-12-01,2019-2020,2015-16,12,91,Personal Grooming Services,123.67
2020-01-01,2019-2020,2015-16,12,91,Personal Grooming Services,124.01
2020-02-01,2019-2020,2015-16,12,91,Personal Grooming Services,124.19
2020-03-01,2019-2020,2015-16,12,91,Personal Grooming Services,125.75
2020-04-01,2019-2020,2015-16,12,91,Personal Grooming Services,125.75
2020-05-01,2019-2020,2015-16,12,91,Personal Grooming Services,126.43
2020-06-01,2019-2020,2015-16,12,91,Personal Grooming Services,127.59
2020-07-01,2020-2021,2015-16,12,91,Personal Grooming Services,128.38
2020-08-01,2020-2021,2015-16,12,91,Personal Grooming Services,130.63
2020-09-01,2020-2021,2015-16,12,91,Personal Grooming Services,132.07
2020-10-01,2020-2021,2015-16,12,91,Personal Grooming Services,132.1
2020-11-01,2020-2021,2015-16,12,91,Personal Grooming Services,133.95
2020-12-01,2020-2021,2015-16,12,91,Personal Grooming Services,134.51
2021-01-01,2020-2021,2015-16,12,91,Personal Grooming Services,136.72
2021-02-01,2020-2021,2015-16,12,91,Personal Grooming Services,136.73
2021-03-01,2020-2021,2015-16,12,91,Personal Grooming Services,137.64
2021-04-01,2020-2021,2015-16,12,91,Personal Grooming Services,137.97
2021-05-01,2020-2021,2015-16,12,91,Personal Grooming Services,138.14
2021-06-01,2020-2021,2015-16,12,91,Personal Grooming Services,138.39
2021-07-01,2021-2022,2015-16,12,91,Personal Grooming Services,138.39
2021-08-01,2021-2022,2015-16,12,91,Personal Grooming Services,138.99
2021-09-01,2021-2022,2015-16,12,91,Personal Grooming Services,140.52
2021-10-01,2021-2022,2015-16,12,91,Personal Grooming Services,140.72
2021-11-01,2021-2022,2015-16,12,91,Personal Grooming Services,143.51
2021-12-01,2021-2022,2015-16,12,91,Personal Grooming Services,144.86
2022-01-01,2021-2022,2015-16,12,91,Personal Grooming Services,144.92
2022-02-01,2021-2022,2015-16,12,91,Personal Grooming Services,151.34
2022-03-01,2021-2022,2015-16,12,91,Personal Grooming Services,152.27
2022-04-01,2021-2022,2015-16,12,91,Personal Grooming Services,152.74
2022-05-01,2021-2022,2015-16,12,91,Personal Grooming Services,153.18
2022-06-01,2021-2022,2015-16,12,91,Personal Grooming Services,158.05
2022-07-01,2022-2023,2015-16,12,91,Personal Grooming Services,163.58
2022-08-01,2022-2023,2015-16,12,91,Personal Grooming Services,167.61
2022-09-01,2022-2023,2015-16,12,91,Personal Grooming Services,179.15
2022-10-01,2022-2023,2015-16,12,91,Personal Grooming Services,184.03
2022-11-01,2022-2023,2015-16,12,91,Personal Grooming Services,185.8
2022-12-01,2022-2023,2015-16,12,91,Personal Grooming Services,186.99
2023-01-01,2022-2023,2015-16,12,91,Personal Grooming Services,190.79
2023-02-01,2022-2023,2015-16,12,91,Personal Grooming Services,198.41
2023-03-01,2022-2023,2015-16,12,91,Personal Grooming Services,199.48
2023-04-01,2022-2023,2015-16,12,91,Personal Grooming Services,201.45
2023-05-01,2022-2023,2015-16,12,91,Personal Grooming Services,210.57
2023-06-01,2022-2023,2015-16,12,91,Personal Grooming Services,212.97
2023-07-01,2023-2024,2015-16,12,91,Personal Grooming Services,214.08
2023-08-01,2023-2024,2015-16,12,91,Personal Grooming Services,220.1
2023-09-01,2023-2024,2015-16,12,91,Personal Grooming Services,222.32
2023-10-01,2023-2024,2015-16,12,91,Personal Grooming Services,225.79
2023-11-01,2023-2024,2015-16,12,91,Personal Grooming Services,228.6
2023-12-01,2023-2024,2015-16,12,91,Personal Grooming Services,229.18
2024-01-01,2023-2024,2015-16,12,91,Personal Grooming Services,234.38
2024-02-01,2023-2024,2015-16,12,91,Personal Grooming Services,236.25
2024-03-01,2023-2024,2015-16,12,91,Personal Grooming Services,239.46
2024-04-01,2023-2024,2015-16,12,91,Personal Grooming Services,244.49
2024-05-01,2023-2024,2015-16,12,91,Personal Grooming Services,245.95
2024-06-01,2023-2024,2015-16,12,91,Personal Grooming Services,247.38
2024-07-01,2024-2025,2015-16,12,91,Personal Grooming Services,248.76
2024-08-01,2024-2025,2015-16,12,91,Personal Grooming Services,250.28
2024-09-01,2024-2025,2015-16,12,91,Personal Grooming Services,250.88
2024-10-01,2024-2025,2015-16,12,91,Personal Grooming Services,250.97
2024-11-01,2024-2025,2015-16,12,91,Personal Grooming Services,253.09
2024-12-01,2024-2025,2015-16,12,91,Personal Grooming Services,253.7
2025-01-01,2024-2025,2015-16,12,91,Personal Grooming Services,256.74
2025-02-01,2024-2025,2015-16,12,91,Personal Grooming Services,257.13
2025-03-01,2024-2025,2015-16,12,91,Personal Grooming Services,259.17
2025-04-01,2024-2025,2015-16,12,91,Personal Grooming Services,261.24
2025-05-01,2024-2025,2015-16,12,91,Personal Grooming Services,261.85
2025-06-01,2024-2025,2015-16,12,91,Personal Grooming Services,261.86
2025-07-01,2025-2026,2015-16,12,91,Personal Grooming Services,272.28
2025-08-01,2025-2026,2015-16,12,91,Personal Grooming Services,272.28
2025-09-01,2025-2026,2015-16,12,91,Personal Grooming Services,272.47
2025-10-01,2025-2026,2015-16,12,91,Personal Grooming Services,273.18
2025-11-01,2025-2026,2015-16,12,91,Personal Grooming Services,273.44
2025-12-01,2025-2026,2015-16,12,91,Personal Grooming Services,273.6
2026-01-01,2025-2026,2015-16,12,91,Personal Grooming Services,274.41
2026-02-01,2025-2026,2015-16,12,91,Personal Grooming Services,274.58
2026-03-01,2025-2026,2015-16,12,91,Personal Grooming Services,276.33
2026-04-01,2025-2026,2015-16,12,91,Personal Grooming Services,278.53
2026-05-01,2025-2026,2015-16,12,91,Personal Grooming Services,280.62
2026-06-01,2025-2026,2015-16,12,91,Personal Grooming Services,281.23
2019-07-01,2019-2020,2015-16,12,92,Electrical Appliances for Personal,114.97
2019-08-01,2019-2020,2015-16,12,92,Electrical Appliances for Personal,115.37
2019-09-01,2019-2020,2015-16,12,92,Electrical Appliances for Personal,115.76
2019-10-01,2019-2020,2015-16,12,92,Electrical Appliances for Personal,116.52
2019-11-01,2019-2020,2015-16,12,92,Electrical Appliances for Personal,116.55
2019-12-01,2019-2020,2015-16,12,92,Electrical Appliances for Personal,116.54
2020-01-01,2019-2020,2015-16,12,92,Electrical Appliances for Personal,116.78
2020-02-01,2019-2020,2015-16,12,92,Electrical Appliances for Personal,116.78
2020-03-01,2019-2020,2015-16,12,92,Electrical Appliances for Personal,116.78
2020-04-01,2019-2020,2015-16,12,92,Electrical Appliances for Personal,116.78
2020-05-01,2019-2020,2015-16,12,92,Electrical Appliances for Personal,116.78
2020-06-01,2019-2020,2015-16,12,92,Electrical Appliances for Personal,116.88
2020-07-01,2020-2021,2015-16,12,92,Electrical Appliances for Personal,116.91
2020-08-01,2020-2021,2015-16,12,92,Electrical Appliances for Personal,118.32
2020-09-01,2020-2021,2015-16,12,92,Electrical Appliances for Personal,118.32
2020-10-01,2020-2021,2015-16,12,92,Electrical Appliances for Personal,118.37
2020-11-01,2020-2021,2015-16,12,92,Electrical Appliances for Personal,118.42
2020-12-01,2020-2021,2015-16,12,92,Electrical Appliances for Personal,118.43
2021-01-01,2020-2021,2015-16,12,92,Electrical Appliances for Personal,118.43
2021-02-01,2020-2021,2015-16,12,92,Electrical Appliances for Personal,118.43
2021-03-01,2020-2021,2015-16,12,92,Electrical Appliances for Personal,118.43
2021-04-01,2020-2021,2015-16,12,92,Electrical Appliances for Personal,118.48
2021-05-01,2020-2021,2015-16,12,92,Electrical Appliances for Personal,118.48
2021-06-01,2020-2021,2015-16,12,92,Electrical Appliances for Personal,118.5
2021-07-01,2021-2022,2015-16,12,92,Electrical Appliances for Personal,118.5
2021-08-01,2021-2022,2015-16,12,92,Electrical Appliances for Personal,119.66
2021-09-01,2021-2022,2015-16,12,92,Electrical Appliances for Personal,119.8
2021-10-01,2021-2022,2015-16,12,92,Electrical Appliances for Personal,120.1
2021-11-01,2021-2022,2015-16,12,92,Electrical Appliances for Personal,120.76
2021-12-01,2021-2022,2015-16,12,92,Electrical Appliances for Personal,130.12
2022-01-01,2021-2022,2015-16,12,92,Electrical Appliances for Personal,130.92
2022-02-01,2021-2022,2015-16,12,92,Electrical Appliances for Personal,131.65
2022-03-01,2021-2022,2015-16,12,92,Electrical Appliances for Personal,132.18
2022-04-01,2021-2022,2015-16,12,92,Electrical Appliances for Personal,133.85
2022-05-01,2021-2022,2015-16,12,92,Electrical Appliances for Personal,134.54
2022-06-01,2021-2022,2015-16,12,92,Electrical Appliances for Personal,135.58
2022-07-01,2022-2023,2015-16,12,92,Electrical Appliances for Personal,137.58
2022-08-01,2022-2023,2015-16,12,92,Electrical Appliances for Personal,139.54
2022-09-01,2022-2023,2015-16,12,92,Electrical Appliances for Personal,140.61
2022-10-01,2022-2023,2015-16,12,92,Electrical Appliances for Personal,143.08
2022-11-01,2022-2023,2015-16,12,92,Electrical Appliances for Personal,143.67
2022-12-01,2022-2023,2015-16,12,92,Electrical Appliances for Personal,144.36
2023-01-01,2022-2023,2015-16,12,92,Electrical Appliances for Personal,145.52
2023-02-01,2022-2023,2015-16,12,92,Electrical Appliances for Personal,146.58
2023-03-01,2022-2023,2015-16,12,92,Electrical Appliances for Personal,149.12
2023-04-01,2022-2023,2015-16,12,92,Electrical Appliances for Personal,150.64
2023-05-01,2022-2023,2015-16,12,92,Electrical Appliances for Personal,154.09
2023-06-01,2022-2023,2015-16,12,92,Electrical Appliances for Personal,154.5
2023-07-01,2023-2024,2015-16,12,92,Electrical Appliances for Personal,154.58
2023-08-01,2023-2024,2015-16,12,92,Electrical Appliances for Personal,156.81
2023-09-01,2023-2024,2015-16,12,92,Electrical Appliances for Personal,156.98
2023-10-01,2023-2024,2015-16,12,92,Electrical Appliances for Personal,160.07
2023-11-01,2023-2024,2015-16,12,92,Electrical Appliances for Personal,161.34
2023-12-01,2023-2024,2015-16,12,92,Electrical Appliances for Personal,161.44
2024-01-01,2023-2024,2015-16,12,92,Electrical Appliances for Personal,161.58
2024-02-01,2023-2024,2015-16,12,92,Electrical Appliances for Personal,161.72
2024-03-01,2023-2024,2015-16,12,92,Electrical Appliances for Personal,161.72
2024-04-01,2023-2024,2015-16,12,92,Electrical Appliances for Personal,161.75
2024-05-01,2023-2024,2015-16,12,92,Electrical Appliances for Personal,161.79
2024-06-01,2023-2024,2015-16,12,92,Electrical Appliances for Personal,161.93
2024-07-01,2024-2025,2015-16,12,92,Electrical Appliances for Personal,162.07
2024-08-01,2024-2025,2015-16,12,92,Electrical Appliances for Personal,162.29
2024-09-01,2024-2025,2015-16,12,92,Electrical Appliances for Personal,167.19
2024-10-01,2024-2025,2015-16,12,92,Electrical Appliances for Personal,168.24
2024-11-01,2024-2025,2015-16,12,92,Electrical Appliances for Personal,177
2024-12-01,2024-2025,2015-16,12,92,Electrical Appliances for Personal,177.15
2025-01-01,2024-2025,2015-16,12,92,Electrical Appliances for Personal,177.26
2025-02-01,2024-2025,2015-16,12,92,Electrical Appliances for Personal,177.43
2025-03-01,2024-2025,2015-16,12,92,Electrical Appliances for Personal,177.9
2025-04-01,2024-2025,2015-16,12,92,Electrical Appliances for Personal,190.18
2025-05-01,2024-2025,2015-16,12,92,Electrical Appliances for Personal,190.32
2025-06-01,2024-2025,2015-16,12,92,Electrical Appliances for Personal,190.57
2025-07-01,2025-2026,2015-16,12,92,Electrical Appliances for Personal,190.69
2025-08-01,2025-2026,2015-16,12,92,Electrical Appliances for Personal,190.81
2025-09-01,2025-2026,2015-16,12,92,Electrical Appliances for Personal,190.99
2025-10-01,2025-2026,2015-16,12,92,Electrical Appliances for Personal,191.11
2025-11-01,2025-2026,2015-16,12,92,Electrical Appliances for Personal,191.56
2025-12-01,2025-2026,2015-16,12,92,Electrical Appliances for Personal,191.75
2026-01-01,2025-2026,2015-16,12,92,Electrical Appliances for Personal,191.91
2026-02-01,2025-2026,2015-16,12,92,Electrical Appliances for Personal,192.09
2026-03-01,2025-2026,2015-16,12,92,Electrical Appliances for Personal,196.81
2026-04-01,2025-2026,2015-16,12,92,Electrical Appliances for Personal,197.16
2026-05-01,2025-2026,2015-16,12,92,Electrical Appliances for Personal,199.01
2026-06-01,2025-2026,2015-16,12,92,Electrical Appliances for Personal,199.12
2019-07-01,2019-2020,2015-16,12,93,Appliances/Articles/Products for P,120.23
2019-08-01,2019-2020,2015-16,12,93,Appliances/Articles/Products for P,120.74
2019-09-01,2019-2020,2015-16,12,93,Appliances/Articles/Products for P,122.96
2019-10-01,2019-2020,2015-16,12,93,Appliances/Articles/Products for P,124
2019-11-01,2019-2020,2015-16,12,93,Appliances/Articles/Products for P,124.46
2019-12-01,2019-2020,2015-16,12,93,Appliances/Articles/Products for P,125.23
2020-01-01,2019-2020,2015-16,12,93,Appliances/Articles/Products for P,125.91
2020-02-01,2019-2020,2015-16,12,93,Appliances/Articles/Products for P,126.55
2020-03-01,2019-2020,2015-16,12,93,Appliances/Articles/Products for P,127.37
2020-04-01,2019-2020,2015-16,12,93,Appliances/Articles/Products for P,127.62
2020-05-01,2019-2020,2015-16,12,93,Appliances/Articles/Products for P,127.73
2020-06-01,2019-2020,2015-16,12,93,Appliances/Articles/Products for P,128.06
2020-07-01,2020-2021,2015-16,12,93,Appliances/Articles/Products for P,128.69
2020-08-01,2020-2021,2015-16,12,93,Appliances/Articles/Products for P,130.58
2020-09-01,2020-2021,2015-16,12,93,Appliances/Articles/Products for P,131.35
2020-10-01,2020-2021,2015-16,12,93,Appliances/Articles/Products for P,132.08
2020-11-01,2020-2021,2015-16,12,93,Appliances/Articles/Products for P,133.52
2020-12-01,2020-2021,2015-16,12,93,Appliances/Articles/Products for P,134.6
2021-01-01,2020-2021,2015-16,12,93,Appliances/Articles/Products for P,135.37
2021-02-01,2020-2021,2015-16,12,93,Appliances/Articles/Products for P,139.84
2021-03-01,2020-2021,2015-16,12,93,Appliances/Articles/Products for P,140.61
2021-04-01,2020-2021,2015-16,12,93,Appliances/Articles/Products for P,141.97
2021-05-01,2020-2021,2015-16,12,93,Appliances/Articles/Products for P,142.85
2021-06-01,2020-2021,2015-16,12,93,Appliances/Articles/Products for P,143.49
2021-07-01,2021-2022,2015-16,12,93,Appliances/Articles/Products for P,144.24
2021-08-01,2021-2022,2015-16,12,93,Appliances/Articles/Products for P,145.68
2021-09-01,2021-2022,2015-16,12,93,Appliances/Articles/Products for P,147.2
2021-10-01,2021-2022,2015-16,12,93,Appliances/Articles/Products for P,148.63
2021-11-01,2021-2022,2015-16,12,93,Appliances/Articles/Products for P,149.52
2021-12-01,2021-2022,2015-16,12,93,Appliances/Articles/Products for P,150.4
2022-01-01,2021-2022,2015-16,12,93,Appliances/Articles/Products for P,151.09
2022-02-01,2021-2022,2015-16,12,93,Appliances/Articles/Products for P,152.39
2022-03-01,2021-2022,2015-16,12,93,Appliances/Articles/Products for P,154.47
2022-04-01,2021-2022,2015-16,12,93,Appliances/Articles/Products for P,155.48
2022-05-01,2021-2022,2015-16,12,93,Appliances/Articles/Products for P,157.63
2022-06-01,2021-2022,2015-16,12,93,Appliances/Articles/Products for P,164.14
2022-07-01,2022-2023,2015-16,12,93,Appliances/Articles/Products for P,167.02
2022-08-01,2022-2023,2015-16,12,93,Appliances/Articles/Products for P,174.2
2022-09-01,2022-2023,2015-16,12,93,Appliances/Articles/Products for P,179.75
2022-10-01,2022-2023,2015-16,12,93,Appliances/Articles/Products for P,184.04
2022-11-01,2022-2023,2015-16,12,93,Appliances/Articles/Products for P,185.91
2022-12-01,2022-2023,2015-16,12,93,Appliances/Articles/Products for P,189.12
2023-01-01,2022-2023,2015-16,12,93,Appliances/Articles/Products for P,191.37
2023-02-01,2022-2023,2015-16,12,93,Appliances/Articles/Products for P,200.88
2023-03-01,2022-2023,2015-16,12,93,Appliances/Articles/Products for P,207.49
2023-04-01,2022-2023,2015-16,12,93,Appliances/Articles/Products for P,215.6
2023-05-01,2022-2023,2015-16,12,93,Appliances/Articles/Products for P,220.85
2023-06-01,2022-2023,2015-16,12,93,Appliances/Articles/Products for P,227.2
2023-07-01,2023-2024,2015-16,12,93,Appliances/Articles/Products for P,236.27
2023-08-01,2023-2024,2015-16,12,93,Appliances/Articles/Products for P,244.45
2023-09-01,2023-2024,2015-16,12,93,Appliances/Articles/Products for P,246.48
2023-10-01,2023-2024,2015-16,12,93,Appliances/Articles/Products for P,249.28
2023-11-01,2023-2024,2015-16,12,93,Appliances/Articles/Products for P,250.54
2023-12-01,2023-2024,2015-16,12,93,Appliances/Articles/Products for P,253.33
2024-01-01,2023-2024,2015-16,12,93,Appliances/Articles/Products for P,254.55
2024-02-01,2023-2024,2015-16,12,93,Appliances/Articles/Products for P,257.25
2024-03-01,2023-2024,2015-16,12,93,Appliances/Articles/Products for P,257.89
2024-04-01,2023-2024,2015-16,12,93,Appliances/Articles/Products for P,258.07
2024-05-01,2023-2024,2015-16,12,93,Appliances/Articles/Products for P,258.93
2024-06-01,2023-2024,2015-16,12,93,Appliances/Articles/Products for P,259.37
2024-07-01,2024-2025,2015-16,12,93,Appliances/Articles/Products for P,263.26
2024-08-01,2024-2025,2015-16,12,93,Appliances/Articles/Products for P,263.65
2024-09-01,2024-2025,2015-16,12,93,Appliances/Articles/Products for P,264.66
2024-10-01,2024-2025,2015-16,12,93,Appliances/Articles/Products for P,265.24
2024-11-01,2024-2025,2015-16,12,93,Appliances/Articles/Products for P,266.2
2024-12-01,2024-2025,2015-16,12,93,Appliances/Articles/Products for P,266.74
2025-01-01,2024-2025,2015-16,12,93,Appliances/Articles/Products for P,269.2
2025-02-01,2024-2025,2015-16,12,93,Appliances/Articles/Products for P,272.16
2025-03-01,2024-2025,2015-16,12,93,Appliances/Articles/Products for P,275.56
2025-04-01,2024-2025,2015-16,12,93,Appliances/Articles/Products for P,279.42
2025-05-01,2024-2025,2015-16,12,93,Appliances/Articles/Products for P,280.74
2025-06-01,2024-2025,2015-16,12,93,Appliances/Articles/Products for P,281.33
2025-07-01,2025-2026,2015-16,12,93,Appliances/Articles/Products for P,283.19
2025-08-01,2025-2026,2015-16,12,93,Appliances/Articles/Products for P,284.81
2025-09-01,2025-2026,2015-16,12,93,Appliances/Articles/Products for P,286.2
2025-10-01,2025-2026,2015-16,12,93,Appliances/Articles/Products for P,289.78
2025-11-01,2025-2026,2015-16,12,93,Appliances/Articles/Products for P,292.4
2025-12-01,2025-2026,2015-16,12,93,Appliances/Articles/Products for P,293.1
2026-01-01,2025-2026,2015-16,12,93,Appliances/Articles/Products for P,295.18
2026-02-01,2025-2026,2015-16,12,93,Appliances/Articles/Products for P,295.99
2026-03-01,2025-2026,2015-16,12,93,Appliances/Articles/Products for P,296.6
2026-04-01,2025-2026,2015-16,12,93,Appliances/Articles/Products for P,298.15
2026-05-01,2025-2026,2015-16,12,93,Appliances/Articles/Products for P,299.98
2026-06-01,2025-2026,2015-16,12,93,Appliances/Articles/Products for P,300.8
2019-07-01,2019-2020,2015-16,12,94,Personal Effects n.e.c.,154.58
2019-08-01,2019-2020,2015-16,12,94,Personal Effects n.e.c.,161.43
2019-09-01,2019-2020,2015-16,12,94,Personal Effects n.e.c.,163.46
2019-10-01,2019-2020,2015-16,12,94,Personal Effects n.e.c.,163.27
2019-11-01,2019-2020,2015-16,12,94,Personal Effects n.e.c.,163.32
2019-12-01,2019-2020,2015-16,12,94,Personal Effects n.e.c.,162.03
2020-01-01,2019-2020,2015-16,12,94,Personal Effects n.e.c.,167.73
2020-02-01,2019-2020,2015-16,12,94,Personal Effects n.e.c.,167.65
2020-03-01,2019-2020,2015-16,12,94,Personal Effects n.e.c.,171.17
2020-04-01,2019-2020,2015-16,12,94,Personal Effects n.e.c.,177.51
2020-05-01,2019-2020,2015-16,12,94,Personal Effects n.e.c.,176.28
2020-06-01,2019-2020,2015-16,12,94,Personal Effects n.e.c.,179.94
2020-07-01,2020-2021,2015-16,12,94,Personal Effects n.e.c.,188.67
2020-08-01,2020-2021,2015-16,12,94,Personal Effects n.e.c.,205.06
2020-09-01,2020-2021,2015-16,12,94,Personal Effects n.e.c.,198.7
2020-10-01,2020-2021,2015-16,12,94,Personal Effects n.e.c.,194.97
2020-11-01,2020-2021,2015-16,12,94,Personal Effects n.e.c.,195.1
2020-12-01,2020-2021,2015-16,12,94,Personal Effects n.e.c.,193.82
2021-01-01,2020-2021,2015-16,12,94,Personal Effects n.e.c.,197.2
2021-02-01,2020-2021,2015-16,12,94,Personal Effects n.e.c.,195.25
2021-03-01,2020-2021,2015-16,12,94,Personal Effects n.e.c.,189.82
2021-04-01,2020-2021,2015-16,12,94,Personal Effects n.e.c.,189.9
2021-05-01,2020-2021,2015-16,12,94,Personal Effects n.e.c.,193.32
2021-06-01,2020-2021,2015-16,12,94,Personal Effects n.e.c.,199.16
2021-07-01,2021-2022,2015-16,12,94,Personal Effects n.e.c.,196.65
2021-08-01,2021-2022,2015-16,12,94,Personal Effects n.e.c.,195.18
2021-09-01,2021-2022,2015-16,12,94,Personal Effects n.e.c.,200.13
2021-10-01,2021-2022,2015-16,12,94,Personal Effects n.e.c.,203
2021-11-01,2021-2022,2015-16,12,94,Personal Effects n.e.c.,211.02
2021-12-01,2021-2022,2015-16,12,94,Personal Effects n.e.c.,211.64
2022-01-01,2021-2022,2015-16,12,94,Personal Effects n.e.c.,215.02
2022-02-01,2021-2022,2015-16,12,94,Personal Effects n.e.c.,215.56
2022-03-01,2021-2022,2015-16,12,94,Personal Effects n.e.c.,223.16
2022-04-01,2021-2022,2015-16,12,94,Personal Effects n.e.c.,224.96
2022-05-01,2021-2022,2015-16,12,94,Personal Effects n.e.c.,226.92
2022-06-01,2021-2022,2015-16,12,94,Personal Effects n.e.c.,233.75
2022-07-01,2022-2023,2015-16,12,94,Personal Effects n.e.c.,232.52
2022-08-01,2022-2023,2015-16,12,94,Personal Effects n.e.c.,236.64
2022-09-01,2022-2023,2015-16,12,94,Personal Effects n.e.c.,245.79
2022-10-01,2022-2023,2015-16,12,94,Personal Effects n.e.c.,241.97
2022-11-01,2022-2023,2015-16,12,94,Personal Effects n.e.c.,251.72
2022-12-01,2022-2023,2015-16,12,94,Personal Effects n.e.c.,264.28
2023-01-01,2022-2023,2015-16,12,94,Personal Effects n.e.c.,285.15
2023-02-01,2022-2023,2015-16,12,94,Personal Effects n.e.c.,298.7
2023-03-01,2022-2023,2015-16,12,94,Personal Effects n.e.c.,305.23
2023-04-01,2022-2023,2015-16,12,94,Personal Effects n.e.c.,325.77
2023-05-01,2022-2023,2015-16,12,94,Personal Effects n.e.c.,347.98
2023-06-01,2022-2023,2015-16,12,94,Personal Effects n.e.c.,340.13
2023-07-01,2023-2024,2015-16,12,94,Personal Effects n.e.c.,324.23
2023-08-01,2023-2024,2015-16,12,94,Personal Effects n.e.c.,337.36
2023-09-01,2023-2024,2015-16,12,94,Personal Effects n.e.c.,334.76
2023-10-01,2023-2024,2015-16,12,94,Personal Effects n.e.c.,322.19
2023-11-01,2023-2024,2015-16,12,94,Personal Effects n.e.c.,335.63
2023-12-01,2023-2024,2015-16,12,94,Personal Effects n.e.c.,338.49
2024-01-01,2023-2024,2015-16,12,94,Personal Effects n.e.c.,342.32
2024-02-01,2023-2024,2015-16,12,94,Personal Effects n.e.c.,343.56
2024-03-01,2023-2024,2015-16,12,94,Personal Effects n.e.c.,348.03
2024-04-01,2023-2024,2015-16,12,94,Personal Effects n.e.c.,364.69
2024-05-01,2023-2024,2015-16,12,94,Personal Effects n.e.c.,361.1
2024-06-01,2023-2024,2015-16,12,94,Personal Effects n.e.c.,366.45
2024-07-01,2024-2025,2015-16,12,94,Personal Effects n.e.c.,372.8
2024-08-01,2024-2025,2015-16,12,94,Personal Effects n.e.c.,382.01
2024-09-01,2024-2025,2015-16,12,94,Personal Effects n.e.c.,391.85
2024-10-01,2024-2025,2015-16,12,94,Personal Effects n.e.c.,402.27
2024-11-01,2024-2025,2015-16,12,94,Personal Effects n.e.c.,411.42
2024-12-01,2024-2025,2015-16,12,94,Personal Effects n.e.c.,411.8
2025-01-01,2024-2025,2015-16,12,94,Personal Effects n.e.c.,413.4
2025-02-01,2024-2025,2015-16,12,94,Personal Effects n.e.c.,429.18
2025-03-01,2024-2025,2015-16,12,94,Personal Effects n.e.c.,438.64
2025-04-01,2024-2025,2015-16,12,94,Personal Effects n.e.c.,460.92
2025-05-01,2024-2025,2015-16,12,94,Personal Effects n.e.c.,481.13
2025-06-01,2024-2025,2015-16,12,94,Personal Effects n.e.c.,485.11
2025-07-01,2025-2026,2015-16,12,94,Personal Effects n.e.c.,487.99
2025-08-01,2025-2026,2015-16,12,94,Personal Effects n.e.c.,494.93
2025-09-01,2025-2026,2015-16,12,94,Personal Effects n.e.c.,517.1
2025-10-01,2025-2026,2015-16,12,94,Personal Effects n.e.c.,568.27
2025-11-01,2025-2026,2015-16,12,94,Personal Effects n.e.c.,569.56
2025-12-01,2025-2026,2015-16,12,94,Personal Effects n.e.c.,591.05
2026-01-01,2025-2026,2015-16,12,94,Personal Effects n.e.c.,629.14
2026-02-01,2025-2026,2015-16,12,94,Personal Effects n.e.c.,691.68
2026-03-01,2025-2026,2015-16,12,94,Personal Effects n.e.c.,686.55
2026-04-01,2025-2026,2015-16,12,94,Personal Effects n.e.c.,670.96
2026-05-01,2025-2026,2015-16,12,94,Personal Effects n.e.c.,644.07
2026-06-01,2025-2026,2015-16,12,94,Personal Effects n.e.c.,604.19
