date,fiscal_year,base_year,group_code,cmdty_code,description,index_value,group,fy1516_avg,factor,index
2015-07-01,2015-2016,2007-08,00,00,General,201.76,General,203.81916666666666,0.4906309923420679,98.98970901493561
2015-08-01,2015-2016,2007-08,00,00,General,202.25,General,203.81916666666666,0.4906309923420679,99.23011820118323
2015-09-01,2015-2016,2007-08,00,00,General,202.04,General,203.81916666666666,0.4906309923420679,99.1270856927914
2015-10-01,2015-2016,2007-08,00,00,General,203.03,General,203.81916666666666,0.4906309923420679,99.61281037521005
2015-11-01,2015-2016,2007-08,00,00,General,204.22,General,203.81916666666666,0.4906309923420679,100.19666125609712
2015-12-01,2015-2016,2007-08,00,00,General,203.06,General,203.81916666666666,0.4906309923420679,99.62752930498031
2016-01-01,2015-2016,2007-08,00,00,General,203.49,General,203.81916666666666,0.4906309923420679,99.83850063168741
2016-02-01,2015-2016,2007-08,00,00,General,202.98,General,203.81916666666666,0.4906309923420679,99.58827882559294
2016-03-01,2015-2016,2007-08,00,00,General,203.28,General,203.81916666666666,0.4906309923420679,99.73546812329556
2016-04-01,2015-2016,2007-08,00,00,General,206.43,General,203.81916666666666,0.4906309923420679,101.28095574917309
2016-05-01,2015-2016,2007-08,00,00,General,205.99,General,203.81916666666666,0.4906309923420679,101.06507811254258
2016-06-01,2015-2016,2007-08,00,00,General,207.3,General,203.81916666666666,0.4906309923420679,101.70780471251068
2016-07-01,2016-2017,2007-08,00,00,General,210.08,General,203.81916666666666,0.4906309923420679,103.07175887122163
2016-08-01,2016-2017,2007-08,00,00,General,209.46,General,203.81916666666666,0.4906309923420679,102.76756765596954
2016-09-01,2016-2017,2007-08,00,00,General,209.88,General,203.81916666666666,0.4906309923420679,102.97363267275321
2016-10-01,2016-2017,2007-08,00,00,General,211.57,General,203.81916666666666,0.4906309923420679,103.80279904981131
2016-11-01,2016-2017,2007-08,00,00,General,212.01,General,203.81916666666666,0.4906309923420679,104.01867668644182
2016-12-01,2016-2017,2007-08,00,00,General,210.57,General,203.81916666666666,0.4906309923420679,103.31216805746924
2017-01-01,2016-2017,2007-08,00,00,General,210.94,General,203.81916666666666,0.4906309923420679,103.49370152463581
2017-02-01,2016-2017,2007-08,00,00,General,211.54,General,203.81916666666666,0.4906309923420679,103.78808012004104
2017-03-01,2016-2017,2007-08,00,00,General,213.32,General,203.81916666666666,0.4906309923420679,104.66140328640992
2017-04-01,2016-2017,2007-08,00,00,General,216.3,General,203.81916666666666,0.4906309923420679,106.1234836435893
2017-05-01,2016-2017,2007-08,00,00,General,216.33,General,203.81916666666666,0.4906309923420679,106.13820257335956
2017-06-01,2016-2017,2007-08,00,00,General,215.45,General,203.81916666666666,0.4906309923420679,105.70644730009853
2017-07-01,2017-2018,2007-08,00,00,General,216.19,General,203.81916666666666,0.4906309923420679,106.06951423443167
2017-08-01,2017-2018,2007-08,00,00,General,216.61,General,203.81916666666666,0.4906309923420679,106.27557925121533
2017-09-01,2017-2018,2007-08,00,00,General,217.98,General,203.81916666666666,0.4906309923420679,106.94774371072396
2017-10-01,2017-2018,2007-08,00,00,General,219.61,General,203.81916666666666,0.4906309923420679,107.74747222824155
2017-11-01,2017-2018,2007-08,00,00,General,220.42,General,203.81916666666666,0.4906309923420679,108.1448833320386
2017-12-01,2017-2018,2007-08,00,00,General,220.2,General,203.81916666666666,0.4906309923420679,108.03694451372336
2018-01-01,2017-2018,2007-08,00,00,General,220.27,General,203.81916666666666,0.4906309923420679,108.0712886831873
2018-02-01,2017-2018,2007-08,00,00,General,219.58,General,203.81916666666666,0.4906309923420679,107.73275329847128
2018-03-01,2017-2018,2007-08,00,00,General,220.25,General,203.81916666666666,0.4906309923420679,108.06147606334046
2018-04-01,2017-2018,2007-08,00,00,General,224.25,General,203.81916666666666,0.4906309923420679,110.02400003270873
2018-05-01,2017-2018,2007-08,00,00,General,225.4,General,203.81916666666666,0.4906309923420679,110.58822567390212
2018-06-01,2017-2018,2007-08,00,00,General,226.67,General,203.81916666666666,0.4906309923420679,111.21132703417653
2018-07-01,2018-2019,2007-08,00,00,General,228.8,General,203.81916666666666,0.4906309923420679,112.25637104786514
2018-08-01,2018-2019,2007-08,00,00,General,229.27,General,203.81916666666666,0.4906309923420679,112.48696761426592
2018-09-01,2018-2019,2007-08,00,00,General,229.12,General,203.81916666666666,0.4906309923420679,112.41337296541461
2018-10-01,2018-2019,2007-08,00,00,General,234.49,General,203.81916666666666,0.4906309923420679,115.04806139429151
2018-11-01,2018-2019,2007-08,00,00,General,234.76,General,203.81916666666666,0.4906309923420679,115.18053176222386
2018-12-01,2018-2019,2007-08,00,00,General,233.78,General,203.81916666666666,0.4906309923420679,114.69971338972864
2019-01-01,2018-2019,2007-08,00,00,General,236.11,General,203.81916666666666,0.4906309923420679,115.84288360188566
2019-02-01,2018-2019,2007-08,00,00,General,237.61,General,203.81916666666666,0.4906309923420679,116.57883009039877
2019-03-01,2018-2019,2007-08,00,00,General,240.99,General,203.81916666666666,0.4906309923420679,118.23716284451496
2019-04-01,2018-2019,2007-08,00,00,General,244.03,General,203.81916666666666,0.4906309923420679,119.72868106123484
2019-05-01,2018-2019,2007-08,00,00,General,245.94,General,203.81916666666666,0.4906309923420679,120.66578625660819
2019-06-01,2018-2019,2007-08,00,00,General,246.82,General,203.81916666666666,0.4906309923420679,121.0975415298692
2019-07-01,2019-2020,2015-16,00,00,General,124.95,General,203.81916666666666,0.4906309923420679,124.95
2019-08-01,2019-2020,2015-16,00,00,General,126.77,General,203.81916666666666,0.4906309923420679,126.77
2019-09-01,2019-2020,2015-16,00,00,General,127.72,General,203.81916666666666,0.4906309923420679,127.72
2019-10-01,2019-2020,2015-16,00,00,General,129.75,General,203.81916666666666,0.4906309923420679,129.75
2019-11-01,2019-2020,2015-16,00,00,General,131.05,General,203.81916666666666,0.4906309923420679,131.05
2019-12-01,2019-2020,2015-16,00,00,General,130.57,General,203.81916666666666,0.4906309923420679,130.57
2020-01-01,2019-2020,2015-16,00,00,General,132.77,General,203.81916666666666,0.4906309923420679,132.77
2020-02-01,2019-2020,2015-16,00,00,General,131.32,General,203.81916666666666,0.4906309923420679,131.32
2020-03-01,2019-2020,2015-16,00,00,General,131.49,General,203.81916666666666,0.4906309923420679,131.49
2020-04-01,2019-2020,2015-16,00,00,General,130.6,General,203.81916666666666,0.4906309923420679,130.6
2020-05-01,2019-2020,2015-16,00,00,General,130.99,General,203.81916666666666,0.4906309923420679,130.99
2020-06-01,2019-2020,2015-16,00,00,General,131.89,General,203.81916666666666,0.4906309923420679,131.89
2020-07-01,2020-2021,2015-16,00,00,General,134.73,General,203.81916666666666,0.4906309923420679,134.73
2020-08-01,2020-2021,2015-16,00,00,General,135.82,General,203.81916666666666,0.4906309923420679,135.82
2020-09-01,2020-2021,2015-16,00,00,General,137.53,General,203.81916666666666,0.4906309923420679,137.53
2020-10-01,2020-2021,2015-16,00,00,General,139.27,General,203.81916666666666,0.4906309923420679,139.27
2020-11-01,2020-2021,2015-16,00,00,General,140.16,General,203.81916666666666,0.4906309923420679,140.16
2020-12-01,2020-2021,2015-16,00,00,General,139.67,General,203.81916666666666,0.4906309923420679,139.67
2021-01-01,2020-2021,2015-16,00,00,General,139.45,General,203.81916666666666,0.4906309923420679,139.45
2021-02-01,2020-2021,2015-16,00,00,General,142.61,General,203.81916666666666,0.4906309923420679,142.61
2021-03-01,2020-2021,2015-16,00,00,General,142.99,General,203.81916666666666,0.4906309923420679,142.99
2021-04-01,2020-2021,2015-16,00,00,General,144.91,General,203.81916666666666,0.4906309923420679,144.91
2021-05-01,2020-2021,2015-16,00,00,General,145.19,General,203.81916666666666,0.4906309923420679,145.19
2021-06-01,2020-2021,2015-16,00,00,General,144.55,General,203.81916666666666,0.4906309923420679,144.55
2021-07-01,2021-2022,2015-16,00,00,General,146.41,General,203.81916666666666,0.4906309923420679,146.41
2021-08-01,2021-2022,2015-16,00,00,General,147.12,General,203.81916666666666,0.4906309923420679,147.12
2021-09-01,2021-2022,2015-16,00,00,General,150.08,General,203.81916666666666,0.4906309923420679,150.08
2021-10-01,2021-2022,2015-16,00,00,General,152.59,General,203.81916666666666,0.4906309923420679,152.59
2021-11-01,2021-2022,2015-16,00,00,General,156.96,General,203.81916666666666,0.4906309923420679,156.96
2021-12-01,2021-2022,2015-16,00,00,General,157.46,General,203.81916666666666,0.4906309923420679,157.46
2022-01-01,2021-2022,2015-16,00,00,General,157.56,General,203.81916666666666,0.4906309923420679,157.56
2022-02-01,2021-2022,2015-16,00,00,General,159.03,General,203.81916666666666,0.4906309923420679,159.03
2022-03-01,2021-2022,2015-16,00,00,General,160.07,General,203.81916666666666,0.4906309923420679,160.07
2022-04-01,2021-2022,2015-16,00,00,General,162.63,General,203.81916666666666,0.4906309923420679,162.63
2022-05-01,2021-2022,2015-16,00,00,General,163.13,General,203.81916666666666,0.4906309923420679,163.13
2022-06-01,2021-2022,2015-16,00,00,General,173.23,General,203.81916666666666,0.4906309923420679,173.23
2022-07-01,2022-2023,2015-16,00,00,General,180.95,General,203.81916666666666,0.4906309923420679,180.95
2022-08-01,2022-2023,2015-16,00,00,General,185.72,General,203.81916666666666,0.4906309923420679,185.72
2022-09-01,2022-2023,2015-16,00,00,General,181.9,General,203.81916666666666,0.4906309923420679,181.9
2022-10-01,2022-2023,2015-16,00,00,General,190.08,General,203.81916666666666,0.4906309923420679,190.08
2022-11-01,2022-2023,2015-16,00,00,General,190.8,General,203.81916666666666,0.4906309923420679,190.8
2022-12-01,2022-2023,2015-16,00,00,General,191.46,General,203.81916666666666,0.4906309923420679,191.46
2023-01-01,2022-2023,2015-16,00,00,General,195.97,General,203.81916666666666,0.4906309923420679,195.97
2023-02-01,2022-2023,2015-16,00,00,General,204.87,General,203.81916666666666,0.4906309923420679,204.87
2023-03-01,2022-2023,2015-16,00,00,General,212.85,General,203.81916666666666,0.4906309923420679,212.85
2023-04-01,2022-2023,2015-16,00,00,General,217.11,General,203.81916666666666,0.4906309923420679,217.11
2023-05-01,2022-2023,2015-16,00,00,General,220.37,General,203.81916666666666,0.4906309923420679,220.37
2023-06-01,2022-2023,2015-16,00,00,General,220.59,General,203.81916666666666,0.4906309923420679,220.59
2023-07-01,2023-2024,2015-16,00,00,General,228.47,General,203.81916666666666,0.4906309923420679,228.47
2023-08-01,2023-2024,2015-16,00,00,General,232.12,General,203.81916666666666,0.4906309923420679,232.12
2023-09-01,2023-2024,2015-16,00,00,General,235.99,General,203.81916666666666,0.4906309923420679,235.99
2023-10-01,2023-2024,2015-16,00,00,General,238.51,General,203.81916666666666,0.4906309923420679,238.51
2023-11-01,2023-2024,2015-16,00,00,General,248.87,General,203.81916666666666,0.4906309923420679,248.87
2023-12-01,2023-2024,2015-16,00,00,General,250.68,General,203.81916666666666,0.4906309923420679,250.68
2024-01-01,2023-2024,2015-16,00,00,General,255.22,General,203.81916666666666,0.4906309923420679,255.22
2024-02-01,2023-2024,2015-16,00,00,General,255.82,General,203.81916666666666,0.4906309923420679,255.82
2024-03-01,2023-2024,2015-16,00,00,General,259.47,General,203.81916666666666,0.4906309923420679,259.47
2024-04-01,2023-2024,2015-16,00,00,General,259.24,General,203.81916666666666,0.4906309923420679,259.24
2024-05-01,2023-2024,2015-16,00,00,General,251.99,General,203.81916666666666,0.4906309923420679,251.99
2024-06-01,2023-2024,2015-16,00,00,General,253.44,General,203.81916666666666,0.4906309923420679,253.44
2024-07-01,2024-2025,2015-16,00,00,General,258.59,General,203.81916666666666,0.4906309923420679,258.59
2024-08-01,2024-2025,2015-16,00,00,General,259.3,General,203.81916666666666,0.4906309923420679,259.3
2024-09-01,2024-2025,2015-16,00,00,General,257.92,General,203.81916666666666,0.4906309923420679,257.92
2024-10-01,2024-2025,2015-16,00,00,General,260.64,General,203.81916666666666,0.4906309923420679,260.64
2024-11-01,2024-2025,2015-16,00,00,General,261.92,General,203.81916666666666,0.4906309923420679,261.92
2024-12-01,2024-2025,2015-16,00,00,General,261.67,General,203.81916666666666,0.4906309923420679,261.67
2025-01-01,2024-2025,2015-16,00,00,General,262.17,General,203.81916666666666,0.4906309923420679,262.17
2025-02-01,2024-2025,2015-16,00,00,General,260.46,General,203.81916666666666,0.4906309923420679,260.46
2025-03-01,2024-2025,2015-16,00,00,General,262.48,General,203.81916666666666,0.4906309923420679,262.48
2025-04-01,2024-2025,2015-16,00,00,General,260.65,General,203.81916666666666,0.4906309923420679,260.65
2025-05-01,2024-2025,2015-16,00,00,General,260.84,General,203.81916666666666,0.4906309923420679,260.84
2025-06-01,2024-2025,2015-16,00,00,General,261.04,General,203.81916666666666,0.4906309923420679,261.04
2025-07-01,2025-2026,2015-16,00,00,General,270.04,General,203.81916666666666,0.4906309923420679,270.04
2025-08-01,2025-2026,2015-16,00,00,General,268.26,General,203.81916666666666,0.4906309923420679,268.26
2025-09-01,2025-2026,2015-16,00,00,General,272.53,General,203.81916666666666,0.4906309923420679,272.53
2025-10-01,2025-2026,2015-16,00,00,General,276.28,General,203.81916666666666,0.4906309923420679,276.28
2025-11-01,2025-2026,2015-16,00,00,General,277.77,General,203.81916666666666,0.4906309923420679,277.77
2025-12-01,2025-2026,2015-16,00,00,General,276.76,General,203.81916666666666,0.4906309923420679,276.76
2026-01-01,2025-2026,2015-16,00,00,General,277.41,General,203.81916666666666,0.4906309923420679,277.41
2026-02-01,2025-2026,2015-16,00,00,General,278.15,General,203.81916666666666,0.4906309923420679,278.15
2026-03-01,2025-2026,2015-16,00,00,General,281.87,General,203.81916666666666,0.4906309923420679,281.87
2026-04-01,2025-2026,2015-16,00,00,General,289.61,General,203.81916666666666,0.4906309923420679,289.61
2026-05-01,2025-2026,2015-16,00,00,General,291.58,General,203.81916666666666,0.4906309923420679,291.58
2026-06-01,2025-2026,2015-16,00,00,General,290.2,General,203.81916666666666,0.4906309923420679,290.2
2015-07-01,2015-2016,2007-08,01,00,Food and non-alcoholic Beverages,219.76,Food & non-alcoholic bev.,219.41583333333332,0.45575562383449997,100.1568558938697
2015-08-01,2015-2016,2007-08,01,00,Food and non-alcoholic Beverages,220.51,Food & non-alcoholic bev.,219.41583333333332,0.45575562383449997,100.49867261174559
2015-09-01,2015-2016,2007-08,01,00,Food and non-alcoholic Beverages,219.41,Food & non-alcoholic bev.,219.41583333333332,0.45575562383449997,99.99734142552764
2015-10-01,2015-2016,2007-08,01,00,Food and non-alcoholic Beverages,220.4,Food & non-alcoholic bev.,219.41583333333332,0.45575562383449997,100.44853949312379
2015-11-01,2015-2016,2007-08,01,00,Food and non-alcoholic Beverages,223.17,Food & non-alcoholic bev.,219.41583333333332,0.45575562383449997,101.71098257114535
2015-12-01,2015-2016,2007-08,01,00,Food and non-alcoholic Beverages,218.28,Food & non-alcoholic bev.,219.41583333333332,0.45575562383449997,99.48233757059465
2016-01-01,2015-2016,2007-08,01,00,Food and non-alcoholic Beverages,216.71,Food & non-alcoholic bev.,219.41583333333332,0.45575562383449997,98.76680124117449
2016-02-01,2015-2016,2007-08,01,00,Food and non-alcoholic Beverages,214.99,Food & non-alcoholic bev.,219.41583333333332,0.45575562383449997,97.98290156817916
2016-03-01,2015-2016,2007-08,01,00,Food and non-alcoholic Beverages,216.13,Food & non-alcoholic bev.,219.41583333333332,0.45575562383449997,98.50246297935048
2016-04-01,2015-2016,2007-08,01,00,Food and non-alcoholic Beverages,221.59,Food & non-alcoholic bev.,219.41583333333332,0.45575562383449997,100.99088868548685
2016-05-01,2015-2016,2007-08,01,00,Food and non-alcoholic Beverages,219.65,Food & non-alcoholic bev.,219.41583333333332,0.45575562383449997,100.10672277524792
2016-06-01,2015-2016,2007-08,01,00,Food and non-alcoholic Beverages,222.39,Food & non-alcoholic bev.,219.41583333333332,0.45575562383449997,101.35549318455445
2016-07-01,2016-2017,2007-08,01,00,Food and non-alcoholic Beverages,228.36,Food & non-alcoholic bev.,219.41583333333332,0.45575562383449997,104.07635425884642
2016-08-01,2016-2017,2007-08,01,00,Food and non-alcoholic Beverages,225.91,Food & non-alcoholic bev.,219.41583333333332,0.45575562383449997,102.95975298045188
2016-09-01,2016-2017,2007-08,01,00,Food and non-alcoholic Beverages,226.3,Food & non-alcoholic bev.,219.41583333333332,0.45575562383449997,103.13749767374735
2016-10-01,2016-2017,2007-08,01,00,Food and non-alcoholic Beverages,228.3,Food & non-alcoholic bev.,219.41583333333332,0.45575562383449997,104.04900892141634
2016-11-01,2016-2017,2007-08,01,00,Food and non-alcoholic Beverages,228.74,Food & non-alcoholic bev.,219.41583333333332,0.45575562383449997,104.24954139590352
2016-12-01,2016-2017,2007-08,01,00,Food and non-alcoholic Beverages,223.58,Food & non-alcoholic bev.,219.41583333333332,0.45575562383449997,101.89784237691751
2017-01-01,2016-2017,2007-08,01,00,Food and non-alcoholic Beverages,220.96,Food & non-alcoholic bev.,219.41583333333332,0.45575562383449997,100.70376264247112
2017-02-01,2016-2017,2007-08,01,00,Food and non-alcoholic Beverages,221.66,Food & non-alcoholic bev.,219.41583333333332,0.45575562383449997,101.02279157915527
2017-03-01,2016-2017,2007-08,01,00,Food and non-alcoholic Beverages,226.16,Food & non-alcoholic bev.,219.41583333333332,0.45575562383449997,103.07369188641051
2017-04-01,2016-2017,2007-08,01,00,Food and non-alcoholic Beverages,230.25,Food & non-alcoholic bev.,219.41583333333332,0.45575562383449997,104.93773238789362
2017-05-01,2016-2017,2007-08,01,00,Food and non-alcoholic Beverages,229.65,Food & non-alcoholic bev.,219.41583333333332,0.45575562383449997,104.66427901359292
2017-06-01,2016-2017,2007-08,01,00,Food and non-alcoholic Beverages,229.18,Food & non-alcoholic bev.,219.41583333333332,0.45575562383449997,104.45007387039071
2017-07-01,2017-2018,2007-08,01,00,Food and non-alcoholic Beverages,229.99,Food & non-alcoholic bev.,219.41583333333332,0.45575562383449997,104.81923592569665
2017-08-01,2017-2018,2007-08,01,00,Food and non-alcoholic Beverages,230.99,Food & non-alcoholic bev.,219.41583333333332,0.45575562383449997,105.27499154953115
2017-09-01,2017-2018,2007-08,01,00,Food and non-alcoholic Beverages,234.23,Food & non-alcoholic bev.,219.41583333333332,0.45575562383449997,106.75163977075492
2017-10-01,2017-2018,2007-08,01,00,Food and non-alcoholic Beverages,235.69,Food & non-alcoholic bev.,219.41583333333332,0.45575562383449997,107.4170429815533
2017-11-01,2017-2018,2007-08,01,00,Food and non-alcoholic Beverages,236.61,Food & non-alcoholic bev.,219.41583333333332,0.45575562383449997,107.83633815548104
2017-12-01,2017-2018,2007-08,01,00,Food and non-alcoholic Beverages,235.12,Food & non-alcoholic bev.,219.41583333333332,0.45575562383449997,107.15726227596764
2018-01-01,2017-2018,2007-08,01,00,Food and non-alcoholic Beverages,232.25,Food & non-alcoholic bev.,219.41583333333332,0.45575562383449997,105.84924363556262
2018-02-01,2017-2018,2007-08,01,00,Food and non-alcoholic Beverages,229.23,Food & non-alcoholic bev.,219.41583333333332,0.45575562383449997,104.47286165158242
2018-03-01,2017-2018,2007-08,01,00,Food and non-alcoholic Beverages,228.39,Food & non-alcoholic bev.,219.41583333333332,0.45575562383449997,104.09002692756144
2018-04-01,2017-2018,2007-08,01,00,Food and non-alcoholic Beverages,231.9,Food & non-alcoholic bev.,219.41583333333332,0.45575562383449997,105.68972916722055
2018-05-01,2017-2018,2007-08,01,00,Food and non-alcoholic Beverages,234.4,Food & non-alcoholic bev.,219.41583333333332,0.45575562383449997,106.8291182268068
2018-06-01,2017-2018,2007-08,01,00,Food and non-alcoholic Beverages,236.56,Food & non-alcoholic bev.,219.41583333333332,0.45575562383449997,107.8135503742893
2018-07-01,2018-2019,2007-08,01,00,Food and non-alcoholic Beverages,238.08,Food & non-alcoholic bev.,219.41583333333332,0.45575562383449997,108.50629892251776
2018-08-01,2018-2019,2007-08,01,00,Food and non-alcoholic Beverages,238.58,Food & non-alcoholic bev.,219.41583333333332,0.45575562383449997,108.73417673443501
2018-09-01,2018-2019,2007-08,01,00,Food and non-alcoholic Beverages,236.78,Food & non-alcoholic bev.,219.41583333333332,0.45575562383449997,107.91381661153291
2018-10-01,2018-2019,2007-08,01,00,Food and non-alcoholic Beverages,240.5,Food & non-alcoholic bev.,219.41583333333332,0.45575562383449997,109.60922753219724
2018-11-01,2018-2019,2007-08,01,00,Food and non-alcoholic Beverages,239.03,Food & non-alcoholic bev.,219.41583333333332,0.45575562383449997,108.93926676516053
2018-12-01,2018-2019,2007-08,01,00,Food and non-alcoholic Beverages,235.23,Food & non-alcoholic bev.,219.41583333333332,0.45575562383449997,107.20739539458943
2019-01-01,2018-2019,2007-08,01,00,Food and non-alcoholic Beverages,235.91,Food & non-alcoholic bev.,219.41583333333332,0.45575562383449997,107.51730921879688
2019-02-01,2018-2019,2007-08,01,00,Food and non-alcoholic Beverages,239.59,Food & non-alcoholic bev.,219.41583333333332,0.45575562383449997,109.19448991450786
2019-03-01,2018-2019,2007-08,01,00,Food and non-alcoholic Beverages,247.17,Food & non-alcoholic bev.,219.41583333333332,0.45575562383449997,112.64911754317335
2019-04-01,2018-2019,2007-08,01,00,Food and non-alcoholic Beverages,251.63,Food & non-alcoholic bev.,219.41583333333332,0.45575562383449997,114.68178762547522
2019-05-01,2018-2019,2007-08,01,00,Food and non-alcoholic Beverages,254.52,Food & non-alcoholic bev.,219.41583333333332,0.45575562383449997,115.99892137835694
2019-06-01,2018-2019,2007-08,01,00,Food and non-alcoholic Beverages,254.36,Food & non-alcoholic bev.,219.41583333333332,0.45575562383449997,115.92600047854341
2019-07-01,2019-2020,2015-16,01,00,Food and non-alcoholic Beverages,118.77,Food & non-alcoholic bev.,219.41583333333332,0.45575562383449997,118.77
2019-08-01,2019-2020,2015-16,01,00,Food and non-alcoholic Beverages,123.19,Food & non-alcoholic bev.,219.41583333333332,0.45575562383449997,123.19
2019-09-01,2019-2020,2015-16,01,00,Food and non-alcoholic Beverages,125.97,Food & non-alcoholic bev.,219.41583333333332,0.45575562383449997,125.97
2019-10-01,2019-2020,2015-16,01,00,Food and non-alcoholic Beverages,128.09,Food & non-alcoholic bev.,219.41583333333332,0.45575562383449997,128.09
2019-11-01,2019-2020,2015-16,01,00,Food and non-alcoholic Beverages,131.67,Food & non-alcoholic bev.,219.41583333333332,0.45575562383449997,131.67
2019-12-01,2019-2020,2015-16,01,00,Food and non-alcoholic Beverages,128.95,Food & non-alcoholic bev.,219.41583333333332,0.45575562383449997,128.95
2020-01-01,2019-2020,2015-16,01,00,Food and non-alcoholic Beverages,132.91,Food & non-alcoholic bev.,219.41583333333332,0.45575562383449997,132.91
2020-02-01,2019-2020,2015-16,01,00,Food and non-alcoholic Beverages,130.25,Food & non-alcoholic bev.,219.41583333333332,0.45575562383449997,130.25
2020-03-01,2019-2020,2015-16,01,00,Food and non-alcoholic Beverages,130.93,Food & non-alcoholic bev.,219.41583333333332,0.45575562383449997,130.93
2020-04-01,2019-2020,2015-16,01,00,Food and non-alcoholic Beverages,129.25,Food & non-alcoholic bev.,219.41583333333332,0.45575562383449997,129.25
2020-05-01,2019-2020,2015-16,01,00,Food and non-alcoholic Beverages,131.55,Food & non-alcoholic bev.,219.41583333333332,0.45575562383449997,131.55
2020-06-01,2019-2020,2015-16,01,00,Food and non-alcoholic Beverages,134.23,Food & non-alcoholic bev.,219.41583333333332,0.45575562383449997,134.23
2020-07-01,2020-2021,2015-16,01,00,Food and non-alcoholic Beverages,138.88,Food & non-alcoholic bev.,219.41583333333332,0.45575562383449997,138.88
2020-08-01,2020-2021,2015-16,01,00,Food and non-alcoholic Beverages,137.9,Food & non-alcoholic bev.,219.41583333333332,0.45575562383449997,137.9
2020-09-01,2020-2021,2015-16,01,00,Food and non-alcoholic Beverages,142.73,Food & non-alcoholic bev.,219.41583333333332,0.45575562383449997,142.73
2020-10-01,2020-2021,2015-16,01,00,Food and non-alcoholic Beverages,147.23,Food & non-alcoholic bev.,219.41583333333332,0.45575562383449997,147.23
2020-11-01,2020-2021,2015-16,01,00,Food and non-alcoholic Beverages,149.77,Food & non-alcoholic bev.,219.41583333333332,0.45575562383449997,149.77
2020-12-01,2020-2021,2015-16,01,00,Food and non-alcoholic Beverages,145.86,Food & non-alcoholic bev.,219.41583333333332,0.45575562383449997,145.86
2021-01-01,2020-2021,2015-16,01,00,Food and non-alcoholic Beverages,141.87,Food & non-alcoholic bev.,219.41583333333332,0.45575562383449997,141.87
2021-02-01,2020-2021,2015-16,01,00,Food and non-alcoholic Beverages,143.95,Food & non-alcoholic bev.,219.41583333333332,0.45575562383449997,143.95
2021-03-01,2020-2021,2015-16,01,00,Food and non-alcoholic Beverages,146.51,Food & non-alcoholic bev.,219.41583333333332,0.45575562383449997,146.51
2021-04-01,2020-2021,2015-16,01,00,Food and non-alcoholic Beverages,151.24,Food & non-alcoholic bev.,219.41583333333332,0.45575562383449997,151.24
2021-05-01,2020-2021,2015-16,01,00,Food and non-alcoholic Beverages,152.94,Food & non-alcoholic bev.,219.41583333333332,0.45575562383449997,152.94
2021-06-01,2020-2021,2015-16,01,00,Food and non-alcoholic Beverages,149.13,Food & non-alcoholic bev.,219.41583333333332,0.45575562383449997,149.13
2021-07-01,2021-2022,2015-16,01,00,Food and non-alcoholic Beverages,151.66,Food & non-alcoholic bev.,219.41583333333332,0.45575562383449997,151.66
2021-08-01,2021-2022,2015-16,01,00,Food and non-alcoholic Beverages,152.49,Food & non-alcoholic bev.,219.41583333333332,0.45575562383449997,152.49
2021-09-01,2021-2022,2015-16,01,00,Food and non-alcoholic Beverages,158.53,Food & non-alcoholic bev.,219.41583333333332,0.45575562383449997,158.53
2021-10-01,2021-2022,2015-16,01,00,Food and non-alcoholic Beverages,161.09,Food & non-alcoholic bev.,219.41583333333332,0.45575562383449997,161.09
2021-11-01,2021-2022,2015-16,01,00,Food and non-alcoholic Beverages,167.96,Food & non-alcoholic bev.,219.41583333333332,0.45575562383449997,167.96
2021-12-01,2021-2022,2015-16,01,00,Food and non-alcoholic Beverages,162.85,Food & non-alcoholic bev.,219.41583333333332,0.45575562383449997,162.85
2022-01-01,2021-2022,2015-16,01,00,Food and non-alcoholic Beverages,161.12,Food & non-alcoholic bev.,219.41583333333332,0.45575562383449997,161.12
2022-02-01,2021-2022,2015-16,01,00,Food and non-alcoholic Beverages,164.76,Food & non-alcoholic bev.,219.41583333333332,0.45575562383449997,164.76
2022-03-01,2021-2022,2015-16,01,00,Food and non-alcoholic Beverages,168.17,Food & non-alcoholic bev.,219.41583333333332,0.45575562383449997,168.17
2022-04-01,2021-2022,2015-16,01,00,Food and non-alcoholic Beverages,175.41,Food & non-alcoholic bev.,219.41583333333332,0.45575562383449997,175.41
2022-05-01,2021-2022,2015-16,01,00,Food and non-alcoholic Beverages,177.05,Food & non-alcoholic bev.,219.41583333333332,0.45575562383449997,177.05
2022-06-01,2021-2022,2015-16,01,00,Food and non-alcoholic Beverages,185.86,Food & non-alcoholic bev.,219.41583333333332,0.45575562383449997,185.86
2022-07-01,2022-2023,2015-16,01,00,Food and non-alcoholic Beverages,193.75,Food & non-alcoholic bev.,219.41583333333332,0.45575562383449997,193.75
2022-08-01,2022-2023,2015-16,01,00,Food and non-alcoholic Beverages,196.59,Food & non-alcoholic bev.,219.41583333333332,0.45575562383449997,196.59
2022-09-01,2022-2023,2015-16,01,00,Food and non-alcoholic Beverages,207.23,Food & non-alcoholic bev.,219.41583333333332,0.45575562383449997,207.23
2022-10-01,2022-2023,2015-16,01,00,Food and non-alcoholic Beverages,217.09,Food & non-alcoholic bev.,219.41583333333332,0.45575562383449997,217.09
2022-11-01,2022-2023,2015-16,01,00,Food and non-alcoholic Beverages,216.54,Food & non-alcoholic bev.,219.41583333333332,0.45575562383449997,216.54
2022-12-01,2022-2023,2015-16,01,00,Food and non-alcoholic Beverages,215.98,Food & non-alcoholic bev.,219.41583333333332,0.45575562383449997,215.98
2023-01-01,2022-2023,2015-16,01,00,Food and non-alcoholic Beverages,224.73,Food & non-alcoholic bev.,219.41583333333332,0.45575562383449997,224.73
2023-02-01,2022-2023,2015-16,01,00,Food and non-alcoholic Beverages,234.18,Food & non-alcoholic bev.,219.41583333333332,0.45575562383449997,234.18
2023-03-01,2022-2023,2015-16,01,00,Food and non-alcoholic Beverages,244.66,Food & non-alcoholic bev.,219.41583333333332,0.45575562383449997,244.66
2023-04-01,2022-2023,2015-16,01,00,Food and non-alcoholic Beverages,254.53,Food & non-alcoholic bev.,219.41583333333332,0.45575562383449997,254.53
2023-05-01,2022-2023,2015-16,01,00,Food and non-alcoholic Beverages,258.05,Food & non-alcoholic bev.,219.41583333333332,0.45575562383449997,258.05
2023-06-01,2022-2023,2015-16,01,00,Food and non-alcoholic Beverages,257.65,Food & non-alcoholic bev.,219.41583333333332,0.45575562383449997,257.65
2023-07-01,2023-2024,2015-16,01,00,Food and non-alcoholic Beverages,268.74,Food & non-alcoholic bev.,219.41583333333332,0.45575562383449997,268.74
2023-08-01,2023-2024,2015-16,01,00,Food and non-alcoholic Beverages,269.77,Food & non-alcoholic bev.,219.41583333333332,0.45575562383449997,269.77
2023-09-01,2023-2024,2015-16,01,00,Food and non-alcoholic Beverages,273.95,Food & non-alcoholic bev.,219.41583333333332,0.45575562383449997,273.95
2023-10-01,2023-2024,2015-16,01,00,Food and non-alcoholic Beverages,275.74,Food & non-alcoholic bev.,219.41583333333332,0.45575562383449997,275.74
2023-11-01,2023-2024,2015-16,01,00,Food and non-alcoholic Beverages,278.07,Food & non-alcoholic bev.,219.41583333333332,0.45575562383449997,278.07
2023-12-01,2023-2024,2015-16,01,00,Food and non-alcoholic Beverages,275.22,Food & non-alcoholic bev.,219.41583333333332,0.45575562383449997,275.22
2024-01-01,2023-2024,2015-16,01,00,Food and non-alcoholic Beverages,284.23,Food & non-alcoholic bev.,219.41583333333332,0.45575562383449997,284.23
2024-02-01,2023-2024,2015-16,01,00,Food and non-alcoholic Beverages,278.76,Food & non-alcoholic bev.,219.41583333333332,0.45575562383449997,278.76
2024-03-01,2023-2024,2015-16,01,00,Food and non-alcoholic Beverages,286.46,Food & non-alcoholic bev.,219.41583333333332,0.45575562383449997,286.46
2024-04-01,2023-2024,2015-16,01,00,Food and non-alcoholic Beverages,281.53,Food & non-alcoholic bev.,219.41583333333332,0.45575562383449997,281.53
2024-05-01,2023-2024,2015-16,01,00,Food and non-alcoholic Beverages,260.78,Food & non-alcoholic bev.,219.41583333333332,0.45575562383449997,260.78
2024-06-01,2023-2024,2015-16,01,00,Food and non-alcoholic Beverages,262.18,Food & non-alcoholic bev.,219.41583333333332,0.45575562383449997,262.18
2024-07-01,2024-2025,2015-16,01,00,Food and non-alcoholic Beverages,276.1,Food & non-alcoholic bev.,219.41583333333332,0.45575562383449997,276.1
2024-08-01,2024-2025,2015-16,01,00,Food and non-alcoholic Beverages,280.27,Food & non-alcoholic bev.,219.41583333333332,0.45575562383449997,280.27
2024-09-01,2024-2025,2015-16,01,00,Food and non-alcoholic Beverages,276.17,Food & non-alcoholic bev.,219.41583333333332,0.45575562383449997,276.17
2024-10-01,2024-2025,2015-16,01,00,Food and non-alcoholic Beverages,281.39,Food & non-alcoholic bev.,219.41583333333332,0.45575562383449997,281.39
2024-11-01,2024-2025,2015-16,01,00,Food and non-alcoholic Beverages,279.93,Food & non-alcoholic bev.,219.41583333333332,0.45575562383449997,279.93
2024-12-01,2024-2025,2015-16,01,00,Food and non-alcoholic Beverages,279.9,Food & non-alcoholic bev.,219.41583333333332,0.45575562383449997,279.9
2025-01-01,2024-2025,2015-16,01,00,Food and non-alcoholic Beverages,278.37,Food & non-alcoholic bev.,219.41583333333332,0.45575562383449997,278.37
2025-02-01,2024-2025,2015-16,01,00,Food and non-alcoholic Beverages,271.84,Food & non-alcoholic bev.,219.41583333333332,0.45575562383449997,271.84
2025-03-01,2024-2025,2015-16,01,00,Food and non-alcoholic Beverages,277.04,Food & non-alcoholic bev.,219.41583333333332,0.45575562383449997,277.04
2025-04-01,2024-2025,2015-16,01,00,Food and non-alcoholic Beverages,271.43,Food & non-alcoholic bev.,219.41583333333332,0.45575562383449997,271.43
2025-05-01,2024-2025,2015-16,01,00,Food and non-alcoholic Beverages,273.34,Food & non-alcoholic bev.,219.41583333333332,0.45575562383449997,273.34
2025-06-01,2024-2025,2015-16,01,00,Food and non-alcoholic Beverages,271.3,Food & non-alcoholic bev.,219.41583333333332,0.45575562383449997,271.3
2025-07-01,2025-2026,2015-16,01,00,Food and non-alcoholic Beverages,279.27,Food & non-alcoholic bev.,219.41583333333332,0.45575562383449997,279.27
2025-08-01,2025-2026,2015-16,01,00,Food and non-alcoholic Beverages,274.74,Food & non-alcoholic bev.,219.41583333333332,0.45575562383449997,274.74
2025-09-01,2025-2026,2015-16,01,00,Food and non-alcoholic Beverages,287.74,Food & non-alcoholic bev.,219.41583333333332,0.45575562383449997,287.74
2025-10-01,2025-2026,2015-16,01,00,Food and non-alcoholic Beverages,293.61,Food & non-alcoholic bev.,219.41583333333332,0.45575562383449997,293.61
2025-11-01,2025-2026,2015-16,01,00,Food and non-alcoholic Beverages,294.42,Food & non-alcoholic bev.,219.41583333333332,0.45575562383449997,294.42
2025-12-01,2025-2026,2015-16,01,00,Food and non-alcoholic Beverages,288.12,Food & non-alcoholic bev.,219.41583333333332,0.45575562383449997,288.12
2026-01-01,2025-2026,2015-16,01,00,Food and non-alcoholic Beverages,287.32,Food & non-alcoholic bev.,219.41583333333332,0.45575562383449997,287.32
2026-02-01,2025-2026,2015-16,01,00,Food and non-alcoholic Beverages,284.29,Food & non-alcoholic bev.,219.41583333333332,0.45575562383449997,284.29
2026-03-01,2025-2026,2015-16,01,00,Food and non-alcoholic Beverages,284.32,Food & non-alcoholic bev.,219.41583333333332,0.45575562383449997,284.32
2026-04-01,2025-2026,2015-16,01,00,Food and non-alcoholic Beverages,291.71,Food & non-alcoholic bev.,219.41583333333332,0.45575562383449997,291.71
2026-05-01,2025-2026,2015-16,01,00,Food and non-alcoholic Beverages,291.88,Food & non-alcoholic bev.,219.41583333333332,0.45575562383449997,291.88
2026-06-01,2025-2026,2015-16,01,00,Food and non-alcoholic Beverages,294.92,Food & non-alcoholic bev.,219.41583333333332,0.45575562383449997,294.92
2015-07-01,2015-2016,2007-08,02,00,"Alcoholic Beverages, Tobacco",309.83,Alcohol & tobacco,329.24916666666667,0.30372134578928317,94.1019845658936
2015-08-01,2015-2016,2007-08,02,00,"Alcoholic Beverages, Tobacco",309.9,Alcohol & tobacco,329.24916666666667,0.30372134578928317,94.12324506009885
2015-09-01,2015-2016,2007-08,02,00,"Alcoholic Beverages, Tobacco",309.97,Alcohol & tobacco,329.24916666666667,0.30372134578928317,94.14450555430412
2015-10-01,2015-2016,2007-08,02,00,"Alcoholic Beverages, Tobacco",309.96,Alcohol & tobacco,329.24916666666667,0.30372134578928317,94.1414683408462
2015-11-01,2015-2016,2007-08,02,00,"Alcoholic Beverages, Tobacco",312.26,Alcohol & tobacco,329.24916666666667,0.30372134578928317,94.84002743616156
2015-12-01,2015-2016,2007-08,02,00,"Alcoholic Beverages, Tobacco",334.66,Alcohol & tobacco,329.24916666666667,0.30372134578928317,101.64338558184151
2016-01-01,2015-2016,2007-08,02,00,"Alcoholic Beverages, Tobacco",337.14,Alcohol & tobacco,329.24916666666667,0.30372134578928317,102.39661451939892
2016-02-01,2015-2016,2007-08,02,00,"Alcoholic Beverages, Tobacco",337.57,Alcohol & tobacco,329.24916666666667,0.30372134578928317,102.52721469808832
2016-03-01,2015-2016,2007-08,02,00,"Alcoholic Beverages, Tobacco",338.77,Alcohol & tobacco,329.24916666666667,0.30372134578928317,102.89168031303545
2016-04-01,2015-2016,2007-08,02,00,"Alcoholic Beverages, Tobacco",344.1,Alcohol & tobacco,329.24916666666667,0.30372134578928317,104.51051508609234
2016-05-01,2015-2016,2007-08,02,00,"Alcoholic Beverages, Tobacco",346.08,Alcohol & tobacco,329.24916666666667,0.30372134578928317,105.11188335075512
2016-06-01,2015-2016,2007-08,02,00,"Alcoholic Beverages, Tobacco",360.75,Alcohol & tobacco,329.24916666666667,0.30372134578928317,109.5674754934839
2016-07-01,2016-2017,2007-08,02,00,"Alcoholic Beverages, Tobacco",364.79,Alcohol & tobacco,329.24916666666667,0.30372134578928317,110.79450973047261
2016-08-01,2016-2017,2007-08,02,00,"Alcoholic Beverages, Tobacco",365.41,Alcohol & tobacco,329.24916666666667,0.30372134578928317,110.98281696486197
2016-09-01,2016-2017,2007-08,02,00,"Alcoholic Beverages, Tobacco",364.13,Alcohol & tobacco,329.24916666666667,0.30372134578928317,110.59405364225168
2016-10-01,2016-2017,2007-08,02,00,"Alcoholic Beverages, Tobacco",364.39,Alcohol & tobacco,329.24916666666667,0.30372134578928317,110.6730211921569
2016-11-01,2016-2017,2007-08,02,00,"Alcoholic Beverages, Tobacco",365.33,Alcohol & tobacco,329.24916666666667,0.30372134578928317,110.95851925719882
2016-12-01,2016-2017,2007-08,02,00,"Alcoholic Beverages, Tobacco",373.34,Alcohol & tobacco,329.24916666666667,0.30372134578928317,113.39132723697097
2017-01-01,2016-2017,2007-08,02,00,"Alcoholic Beverages, Tobacco",377.97,Alcohol & tobacco,329.24916666666667,0.30372134578928317,114.79755706797536
2017-02-01,2016-2017,2007-08,02,00,"Alcoholic Beverages, Tobacco",379.55,Alcohol & tobacco,329.24916666666667,0.30372134578928317,115.27743679432243
2017-03-01,2016-2017,2007-08,02,00,"Alcoholic Beverages, Tobacco",380.92,Alcohol & tobacco,329.24916666666667,0.30372134578928317,115.69353503805375
2017-04-01,2016-2017,2007-08,02,00,"Alcoholic Beverages, Tobacco",382.78,Alcohol & tobacco,329.24916666666667,0.30372134578928317,116.2584567412218
2017-05-01,2016-2017,2007-08,02,00,"Alcoholic Beverages, Tobacco",383.32,Alcohol & tobacco,329.24916666666667,0.30372134578928317,116.42246626794802
2017-06-01,2016-2017,2007-08,02,00,"Alcoholic Beverages, Tobacco",324.6,Alcohol & tobacco,329.24916666666667,0.30372134578928317,98.58794884320132
2017-07-01,2017-2018,2007-08,02,00,"Alcoholic Beverages, Tobacco",306.67,Alcohol & tobacco,329.24916666666667,0.30372134578928317,93.14222511319947
2017-08-01,2017-2018,2007-08,02,00,"Alcoholic Beverages, Tobacco",306.25,Alcohol & tobacco,329.24916666666667,0.30372134578928317,93.01466214796797
2017-09-01,2017-2018,2007-08,02,00,"Alcoholic Beverages, Tobacco",304.8,Alcohol & tobacco,329.24916666666667,0.30372134578928317,92.57426619657352
2017-10-01,2017-2018,2007-08,02,00,"Alcoholic Beverages, Tobacco",305.31,Alcohol & tobacco,329.24916666666667,0.30372134578928317,92.72916408292605
2017-11-01,2017-2018,2007-08,02,00,"Alcoholic Beverages, Tobacco",305.51,Alcohol & tobacco,329.24916666666667,0.30372134578928317,92.7899083520839
2017-12-01,2017-2018,2007-08,02,00,"Alcoholic Beverages, Tobacco",305.76,Alcohol & tobacco,329.24916666666667,0.30372134578928317,92.86583868853121
2018-01-01,2017-2018,2007-08,02,00,"Alcoholic Beverages, Tobacco",309.16,Alcohol & tobacco,329.24916666666667,0.30372134578928317,93.8984912642148
2018-02-01,2017-2018,2007-08,02,00,"Alcoholic Beverages, Tobacco",313.39,Alcohol & tobacco,329.24916666666667,0.30372134578928317,95.18323255690345
2018-03-01,2017-2018,2007-08,02,00,"Alcoholic Beverages, Tobacco",316.6,Alcohol & tobacco,329.24916666666667,0.30372134578928317,96.15817807688705
2018-04-01,2017-2018,2007-08,02,00,"Alcoholic Beverages, Tobacco",317.7,Alcohol & tobacco,329.24916666666667,0.30372134578928317,96.49227155725526
2018-05-01,2017-2018,2007-08,02,00,"Alcoholic Beverages, Tobacco",315.26,Alcohol & tobacco,329.24916666666667,0.30372134578928317,95.7511914735294
2018-06-01,2017-2018,2007-08,02,00,"Alcoholic Beverages, Tobacco",314.62,Alcohol & tobacco,329.24916666666667,0.30372134578928317,95.55680981222427
2018-07-01,2018-2019,2007-08,02,00,"Alcoholic Beverages, Tobacco",313.65,Alcohol & tobacco,329.24916666666667,0.30372134578928317,95.26220010680866
2018-08-01,2018-2019,2007-08,02,00,"Alcoholic Beverages, Tobacco",313.47,Alcohol & tobacco,329.24916666666667,0.30372134578928317,95.2075302645666
2018-09-01,2018-2019,2007-08,02,00,"Alcoholic Beverages, Tobacco",314.42,Alcohol & tobacco,329.24916666666667,0.30372134578928317,95.49606554306642
2018-10-01,2018-2019,2007-08,02,00,"Alcoholic Beverages, Tobacco",344.03,Alcohol & tobacco,329.24916666666667,0.30372134578928317,104.48925459188708
2018-11-01,2018-2019,2007-08,02,00,"Alcoholic Beverages, Tobacco",348,Alcohol & tobacco,329.24916666666667,0.30372134578928317,105.69502833467054
2018-12-01,2018-2019,2007-08,02,00,"Alcoholic Beverages, Tobacco",349.35,Alcohol & tobacco,329.24916666666667,0.30372134578928317,106.10505215148608
2019-01-01,2018-2019,2007-08,02,00,"Alcoholic Beverages, Tobacco",353.17,Alcohol & tobacco,329.24916666666667,0.30372134578928317,107.26526769240114
2019-02-01,2018-2019,2007-08,02,00,"Alcoholic Beverages, Tobacco",354.79,Alcohol & tobacco,329.24916666666667,0.30372134578928317,107.75729627257978
2019-03-01,2018-2019,2007-08,02,00,"Alcoholic Beverages, Tobacco",355.5,Alcohol & tobacco,329.24916666666667,0.30372134578928317,107.97293842809017
2019-04-01,2018-2019,2007-08,02,00,"Alcoholic Beverages, Tobacco",356.08,Alcohol & tobacco,329.24916666666667,0.30372134578928317,108.14909680864794
2019-05-01,2018-2019,2007-08,02,00,"Alcoholic Beverages, Tobacco",357.39,Alcohol & tobacco,329.24916666666667,0.30372134578928317,108.5469717716319
2019-06-01,2018-2019,2007-08,02,00,"Alcoholic Beverages, Tobacco",384.13,Alcohol & tobacco,329.24916666666667,0.30372134578928317,116.66848055803734
2019-07-01,2019-2020,2015-16,02,00,"Alcoholic Beverages, Tobacco",141.67,Alcohol & tobacco,329.24916666666667,0.30372134578928317,141.67
2019-08-01,2019-2020,2015-16,02,00,"Alcoholic Beverages, Tobacco",141.93,Alcohol & tobacco,329.24916666666667,0.30372134578928317,141.93
2019-09-01,2019-2020,2015-16,02,00,"Alcoholic Beverages, Tobacco",142.24,Alcohol & tobacco,329.24916666666667,0.30372134578928317,142.24
2019-10-01,2019-2020,2015-16,02,00,"Alcoholic Beverages, Tobacco",142.53,Alcohol & tobacco,329.24916666666667,0.30372134578928317,142.53
2019-11-01,2019-2020,2015-16,02,00,"Alcoholic Beverages, Tobacco",142.63,Alcohol & tobacco,329.24916666666667,0.30372134578928317,142.63
2019-12-01,2019-2020,2015-16,02,00,"Alcoholic Beverages, Tobacco",142.7,Alcohol & tobacco,329.24916666666667,0.30372134578928317,142.7
2020-01-01,2019-2020,2015-16,02,00,"Alcoholic Beverages, Tobacco",143.25,Alcohol & tobacco,329.24916666666667,0.30372134578928317,143.25
2020-02-01,2019-2020,2015-16,02,00,"Alcoholic Beverages, Tobacco",143.51,Alcohol & tobacco,329.24916666666667,0.30372134578928317,143.51
2020-03-01,2019-2020,2015-16,02,00,"Alcoholic Beverages, Tobacco",143.54,Alcohol & tobacco,329.24916666666667,0.30372134578928317,143.54
2020-04-01,2019-2020,2015-16,02,00,"Alcoholic Beverages, Tobacco",144.82,Alcohol & tobacco,329.24916666666667,0.30372134578928317,144.82
2020-05-01,2019-2020,2015-16,02,00,"Alcoholic Beverages, Tobacco",145.03,Alcohol & tobacco,329.24916666666667,0.30372134578928317,145.03
2020-06-01,2019-2020,2015-16,02,00,"Alcoholic Beverages, Tobacco",145.1,Alcohol & tobacco,329.24916666666667,0.30372134578928317,145.1
2020-07-01,2020-2021,2015-16,02,00,"Alcoholic Beverages, Tobacco",148.36,Alcohol & tobacco,329.24916666666667,0.30372134578928317,148.36
2020-08-01,2020-2021,2015-16,02,00,"Alcoholic Beverages, Tobacco",149.8,Alcohol & tobacco,329.24916666666667,0.30372134578928317,149.8
2020-09-01,2020-2021,2015-16,02,00,"Alcoholic Beverages, Tobacco",150.34,Alcohol & tobacco,329.24916666666667,0.30372134578928317,150.34
2020-10-01,2020-2021,2015-16,02,00,"Alcoholic Beverages, Tobacco",151.34,Alcohol & tobacco,329.24916666666667,0.30372134578928317,151.34
2020-11-01,2020-2021,2015-16,02,00,"Alcoholic Beverages, Tobacco",152.13,Alcohol & tobacco,329.24916666666667,0.30372134578928317,152.13
2020-12-01,2020-2021,2015-16,02,00,"Alcoholic Beverages, Tobacco",152.1,Alcohol & tobacco,329.24916666666667,0.30372134578928317,152.1
2021-01-01,2020-2021,2015-16,02,00,"Alcoholic Beverages, Tobacco",152.14,Alcohol & tobacco,329.24916666666667,0.30372134578928317,152.14
2021-02-01,2020-2021,2015-16,02,00,"Alcoholic Beverages, Tobacco",152.48,Alcohol & tobacco,329.24916666666667,0.30372134578928317,152.48
2021-03-01,2020-2021,2015-16,02,00,"Alcoholic Beverages, Tobacco",153.44,Alcohol & tobacco,329.24916666666667,0.30372134578928317,153.44
2021-04-01,2020-2021,2015-16,02,00,"Alcoholic Beverages, Tobacco",153.57,Alcohol & tobacco,329.24916666666667,0.30372134578928317,153.57
2021-05-01,2020-2021,2015-16,02,00,"Alcoholic Beverages, Tobacco",153.81,Alcohol & tobacco,329.24916666666667,0.30372134578928317,153.81
2021-06-01,2020-2021,2015-16,02,00,"Alcoholic Beverages, Tobacco",153.94,Alcohol & tobacco,329.24916666666667,0.30372134578928317,153.94
2021-07-01,2021-2022,2015-16,02,00,"Alcoholic Beverages, Tobacco",153.94,Alcohol & tobacco,329.24916666666667,0.30372134578928317,153.94
2021-08-01,2021-2022,2015-16,02,00,"Alcoholic Beverages, Tobacco",153.94,Alcohol & tobacco,329.24916666666667,0.30372134578928317,153.94
2021-09-01,2021-2022,2015-16,02,00,"Alcoholic Beverages, Tobacco",154.23,Alcohol & tobacco,329.24916666666667,0.30372134578928317,154.23
2021-10-01,2021-2022,2015-16,02,00,"Alcoholic Beverages, Tobacco",154.56,Alcohol & tobacco,329.24916666666667,0.30372134578928317,154.56
2021-11-01,2021-2022,2015-16,02,00,"Alcoholic Beverages, Tobacco",155.04,Alcohol & tobacco,329.24916666666667,0.30372134578928317,155.04
2021-12-01,2021-2022,2015-16,02,00,"Alcoholic Beverages, Tobacco",155.24,Alcohol & tobacco,329.24916666666667,0.30372134578928317,155.24
2022-01-01,2021-2022,2015-16,02,00,"Alcoholic Beverages, Tobacco",155.25,Alcohol & tobacco,329.24916666666667,0.30372134578928317,155.25
2022-02-01,2021-2022,2015-16,02,00,"Alcoholic Beverages, Tobacco",155.56,Alcohol & tobacco,329.24916666666667,0.30372134578928317,155.56
2022-03-01,2021-2022,2015-16,02,00,"Alcoholic Beverages, Tobacco",155.67,Alcohol & tobacco,329.24916666666667,0.30372134578928317,155.67
2022-04-01,2021-2022,2015-16,02,00,"Alcoholic Beverages, Tobacco",160.86,Alcohol & tobacco,329.24916666666667,0.30372134578928317,160.86
2022-05-01,2021-2022,2015-16,02,00,"Alcoholic Beverages, Tobacco",168.24,Alcohol & tobacco,329.24916666666667,0.30372134578928317,168.24
2022-06-01,2021-2022,2015-16,02,00,"Alcoholic Beverages, Tobacco",182.04,Alcohol & tobacco,329.24916666666667,0.30372134578928317,182.04
2022-07-01,2022-2023,2015-16,02,00,"Alcoholic Beverages, Tobacco",187.28,Alcohol & tobacco,329.24916666666667,0.30372134578928317,187.28
2022-08-01,2022-2023,2015-16,02,00,"Alcoholic Beverages, Tobacco",193.6,Alcohol & tobacco,329.24916666666667,0.30372134578928317,193.6
2022-09-01,2022-2023,2015-16,02,00,"Alcoholic Beverages, Tobacco",206.74,Alcohol & tobacco,329.24916666666667,0.30372134578928317,206.74
2022-10-01,2022-2023,2015-16,02,00,"Alcoholic Beverages, Tobacco",209.33,Alcohol & tobacco,329.24916666666667,0.30372134578928317,209.33
2022-11-01,2022-2023,2015-16,02,00,"Alcoholic Beverages, Tobacco",212.67,Alcohol & tobacco,329.24916666666667,0.30372134578928317,212.67
2022-12-01,2022-2023,2015-16,02,00,"Alcoholic Beverages, Tobacco",213.06,Alcohol & tobacco,329.24916666666667,0.30372134578928317,213.06
2023-01-01,2022-2023,2015-16,02,00,"Alcoholic Beverages, Tobacco",213.22,Alcohol & tobacco,329.24916666666667,0.30372134578928317,213.22
2023-02-01,2022-2023,2015-16,02,00,"Alcoholic Beverages, Tobacco",240.99,Alcohol & tobacco,329.24916666666667,0.30372134578928317,240.99
2023-03-01,2022-2023,2015-16,02,00,"Alcoholic Beverages, Tobacco",374.9,Alcohol & tobacco,329.24916666666667,0.30372134578928317,374.9
2023-04-01,2022-2023,2015-16,02,00,"Alcoholic Beverages, Tobacco",375.93,Alcohol & tobacco,329.24916666666667,0.30372134578928317,375.93
2023-05-01,2022-2023,2015-16,02,00,"Alcoholic Beverages, Tobacco",377.76,Alcohol & tobacco,329.24916666666667,0.30372134578928317,377.76
2023-06-01,2022-2023,2015-16,02,00,"Alcoholic Beverages, Tobacco",377.89,Alcohol & tobacco,329.24916666666667,0.30372134578928317,377.89
2023-07-01,2023-2024,2015-16,02,00,"Alcoholic Beverages, Tobacco",379.48,Alcohol & tobacco,329.24916666666667,0.30372134578928317,379.48
2023-08-01,2023-2024,2015-16,02,00,"Alcoholic Beverages, Tobacco",380.5,Alcohol & tobacco,329.24916666666667,0.30372134578928317,380.5
2023-09-01,2023-2024,2015-16,02,00,"Alcoholic Beverages, Tobacco",382.08,Alcohol & tobacco,329.24916666666667,0.30372134578928317,382.08
2023-10-01,2023-2024,2015-16,02,00,"Alcoholic Beverages, Tobacco",382.4,Alcohol & tobacco,329.24916666666667,0.30372134578928317,382.4
2023-11-01,2023-2024,2015-16,02,00,"Alcoholic Beverages, Tobacco",382.32,Alcohol & tobacco,329.24916666666667,0.30372134578928317,382.32
2023-12-01,2023-2024,2015-16,02,00,"Alcoholic Beverages, Tobacco",385.43,Alcohol & tobacco,329.24916666666667,0.30372134578928317,385.43
2024-01-01,2023-2024,2015-16,02,00,"Alcoholic Beverages, Tobacco",385.76,Alcohol & tobacco,329.24916666666667,0.30372134578928317,385.76
2024-02-01,2023-2024,2015-16,02,00,"Alcoholic Beverages, Tobacco",386.05,Alcohol & tobacco,329.24916666666667,0.30372134578928317,386.05
2024-03-01,2023-2024,2015-16,02,00,"Alcoholic Beverages, Tobacco",386.2,Alcohol & tobacco,329.24916666666667,0.30372134578928317,386.2
2024-04-01,2023-2024,2015-16,02,00,"Alcoholic Beverages, Tobacco",386.36,Alcohol & tobacco,329.24916666666667,0.30372134578928317,386.36
2024-05-01,2023-2024,2015-16,02,00,"Alcoholic Beverages, Tobacco",387.13,Alcohol & tobacco,329.24916666666667,0.30372134578928317,387.13
2024-06-01,2023-2024,2015-16,02,00,"Alcoholic Beverages, Tobacco",401.92,Alcohol & tobacco,329.24916666666667,0.30372134578928317,401.92
2024-07-01,2024-2025,2015-16,02,00,"Alcoholic Beverages, Tobacco",407.5,Alcohol & tobacco,329.24916666666667,0.30372134578928317,407.5
2024-08-01,2024-2025,2015-16,02,00,"Alcoholic Beverages, Tobacco",407.24,Alcohol & tobacco,329.24916666666667,0.30372134578928317,407.24
2024-09-01,2024-2025,2015-16,02,00,"Alcoholic Beverages, Tobacco",407.83,Alcohol & tobacco,329.24916666666667,0.30372134578928317,407.83
2024-10-01,2024-2025,2015-16,02,00,"Alcoholic Beverages, Tobacco",408.28,Alcohol & tobacco,329.24916666666667,0.30372134578928317,408.28
2024-11-01,2024-2025,2015-16,02,00,"Alcoholic Beverages, Tobacco",403.16,Alcohol & tobacco,329.24916666666667,0.30372134578928317,403.16
2024-12-01,2024-2025,2015-16,02,00,"Alcoholic Beverages, Tobacco",405.62,Alcohol & tobacco,329.24916666666667,0.30372134578928317,405.62
2025-01-01,2024-2025,2015-16,02,00,"Alcoholic Beverages, Tobacco",406.23,Alcohol & tobacco,329.24916666666667,0.30372134578928317,406.23
2025-02-01,2024-2025,2015-16,02,00,"Alcoholic Beverages, Tobacco",410.59,Alcohol & tobacco,329.24916666666667,0.30372134578928317,410.59
2025-03-01,2024-2025,2015-16,02,00,"Alcoholic Beverages, Tobacco",414.86,Alcohol & tobacco,329.24916666666667,0.30372134578928317,414.86
2025-04-01,2024-2025,2015-16,02,00,"Alcoholic Beverages, Tobacco",417.98,Alcohol & tobacco,329.24916666666667,0.30372134578928317,417.98
2025-05-01,2024-2025,2015-16,02,00,"Alcoholic Beverages, Tobacco",418.05,Alcohol & tobacco,329.24916666666667,0.30372134578928317,418.05
2025-06-01,2024-2025,2015-16,02,00,"Alcoholic Beverages, Tobacco",418.82,Alcohol & tobacco,329.24916666666667,0.30372134578928317,418.82
2025-07-01,2025-2026,2015-16,02,00,"Alcoholic Beverages, Tobacco",419.92,Alcohol & tobacco,329.24916666666667,0.30372134578928317,419.92
2025-08-01,2025-2026,2015-16,02,00,"Alcoholic Beverages, Tobacco",420.23,Alcohol & tobacco,329.24916666666667,0.30372134578928317,420.23
2025-09-01,2025-2026,2015-16,02,00,"Alcoholic Beverages, Tobacco",420.57,Alcohol & tobacco,329.24916666666667,0.30372134578928317,420.57
2025-10-01,2025-2026,2015-16,02,00,"Alcoholic Beverages, Tobacco",420.73,Alcohol & tobacco,329.24916666666667,0.30372134578928317,420.73
2025-11-01,2025-2026,2015-16,02,00,"Alcoholic Beverages, Tobacco",422.93,Alcohol & tobacco,329.24916666666667,0.30372134578928317,422.93
2025-12-01,2025-2026,2015-16,02,00,"Alcoholic Beverages, Tobacco",423.08,Alcohol & tobacco,329.24916666666667,0.30372134578928317,423.08
2026-01-01,2025-2026,2015-16,02,00,"Alcoholic Beverages, Tobacco",423.06,Alcohol & tobacco,329.24916666666667,0.30372134578928317,423.06
2026-02-01,2025-2026,2015-16,02,00,"Alcoholic Beverages, Tobacco",425.08,Alcohol & tobacco,329.24916666666667,0.30372134578928317,425.08
2026-03-01,2025-2026,2015-16,02,00,"Alcoholic Beverages, Tobacco",426.28,Alcohol & tobacco,329.24916666666667,0.30372134578928317,426.28
2026-04-01,2025-2026,2015-16,02,00,"Alcoholic Beverages, Tobacco",426.88,Alcohol & tobacco,329.24916666666667,0.30372134578928317,426.88
2026-05-01,2025-2026,2015-16,02,00,"Alcoholic Beverages, Tobacco",427.73,Alcohol & tobacco,329.24916666666667,0.30372134578928317,427.73
2026-06-01,2025-2026,2015-16,02,00,"Alcoholic Beverages, Tobacco",434.78,Alcohol & tobacco,329.24916666666667,0.30372134578928317,434.78
2015-07-01,2015-2016,2007-08,03,00,Clothing and footwear,219.65,Clothing & footwear,224.17833333333334,0.4460734385571011,97.98003077906725
2015-08-01,2015-2016,2007-08,03,00,Clothing and footwear,220.27,Clothing & footwear,224.17833333333334,0.4460734385571011,98.25659631097265
2015-09-01,2015-2016,2007-08,03,00,Clothing and footwear,220.68,Clothing & footwear,224.17833333333334,0.4460734385571011,98.43948642078107
2015-10-01,2015-2016,2007-08,03,00,Clothing and footwear,221.89,Clothing & footwear,224.17833333333334,0.4460734385571011,98.97923528143515
2015-11-01,2015-2016,2007-08,03,00,Clothing and footwear,222.75,Clothing & footwear,224.17833333333334,0.4460734385571011,99.36285843859426
2015-12-01,2015-2016,2007-08,03,00,Clothing and footwear,223.65,Clothing & footwear,224.17833333333334,0.4460734385571011,99.76432453329566
2016-01-01,2015-2016,2007-08,03,00,Clothing and footwear,224.36,Clothing & footwear,224.17833333333334,0.4460734385571011,100.08103667467121
2016-02-01,2015-2016,2007-08,03,00,Clothing and footwear,224.97,Clothing & footwear,224.17833333333334,0.4460734385571011,100.35314147219103
2016-03-01,2015-2016,2007-08,03,00,Clothing and footwear,226.4,Clothing & footwear,224.17833333333334,0.4460734385571011,100.99102648932768
2016-04-01,2015-2016,2007-08,03,00,Clothing and footwear,227.87,Clothing & footwear,224.17833333333334,0.4460734385571011,101.64675444400662
2016-05-01,2015-2016,2007-08,03,00,Clothing and footwear,228.31,Clothing & footwear,224.17833333333334,0.4460734385571011,101.84302675697175
2016-06-01,2015-2016,2007-08,03,00,Clothing and footwear,229.34,Clothing & footwear,224.17833333333334,0.4460734385571011,102.30248239868557
2016-07-01,2016-2017,2007-08,03,00,Clothing and footwear,229.72,Clothing & footwear,224.17833333333334,0.4460734385571011,102.47199030533726
2016-08-01,2016-2017,2007-08,03,00,Clothing and footwear,230.14,Clothing & footwear,224.17833333333334,0.4460734385571011,102.65934114953123
2016-09-01,2016-2017,2007-08,03,00,Clothing and footwear,230.47,Clothing & footwear,224.17833333333334,0.4460734385571011,102.80654538425509
2016-10-01,2016-2017,2007-08,03,00,Clothing and footwear,231.18,Clothing & footwear,224.17833333333334,0.4460734385571011,103.12325752563063
2016-11-01,2016-2017,2007-08,03,00,Clothing and footwear,232.18,Clothing & footwear,224.17833333333334,0.4460734385571011,103.56933096418773
2016-12-01,2016-2017,2007-08,03,00,Clothing and footwear,233.48,Clothing & footwear,224.17833333333334,0.4460734385571011,104.14922643431196
2017-01-01,2016-2017,2007-08,03,00,Clothing and footwear,234.02,Clothing & footwear,224.17833333333334,0.4460734385571011,104.3901060911328
2017-02-01,2016-2017,2007-08,03,00,Clothing and footwear,234.34,Clothing & footwear,224.17833333333334,0.4460734385571011,104.53284959147106
2017-03-01,2016-2017,2007-08,03,00,Clothing and footwear,234.46,Clothing & footwear,224.17833333333334,0.4460734385571011,104.58637840409793
2017-04-01,2016-2017,2007-08,03,00,Clothing and footwear,235.61,Clothing & footwear,224.17833333333334,0.4460734385571011,105.0993628584386
2017-05-01,2016-2017,2007-08,03,00,Clothing and footwear,236.71,Clothing & footwear,224.17833333333334,0.4460734385571011,105.5900436408514
2017-06-01,2016-2017,2007-08,03,00,Clothing and footwear,237.99,Clothing & footwear,224.17833333333334,0.4460734385571011,106.16101764220448
2017-07-01,2017-2018,2007-08,03,00,Clothing and footwear,238.66,Clothing & footwear,224.17833333333334,0.4460734385571011,106.45988684603775
2017-08-01,2017-2018,2007-08,03,00,Clothing and footwear,239.19,Clothing & footwear,224.17833333333334,0.4460734385571011,106.69630576847301
2017-09-01,2017-2018,2007-08,03,00,Clothing and footwear,239.52,Clothing & footwear,224.17833333333334,0.4460734385571011,106.84351000319685
2017-10-01,2017-2018,2007-08,03,00,Clothing and footwear,239.94,Clothing & footwear,224.17833333333334,0.4460734385571011,107.03086084739083
2017-11-01,2017-2018,2007-08,03,00,Clothing and footwear,241.01,Clothing & footwear,224.17833333333334,0.4460734385571011,107.50815942664693
2017-12-01,2017-2018,2007-08,03,00,Clothing and footwear,241.98,Clothing & footwear,224.17833333333334,0.4460734385571011,107.94085066204731
2018-01-01,2017-2018,2007-08,03,00,Clothing and footwear,244.09,Clothing & footwear,224.17833333333334,0.4460734385571011,108.8820656174028
2018-02-01,2017-2018,2007-08,03,00,Clothing and footwear,245.03,Clothing & footwear,224.17833333333334,0.4460734385571011,109.30137464964648
2018-03-01,2017-2018,2007-08,03,00,Clothing and footwear,245.8,Clothing & footwear,224.17833333333334,0.4460734385571011,109.64485119733546
2018-04-01,2017-2018,2007-08,03,00,Clothing and footwear,252.06,Clothing & footwear,224.17833333333334,0.4460734385571011,112.4372709227029
2018-05-01,2017-2018,2007-08,03,00,Clothing and footwear,252.58,Clothing & footwear,224.17833333333334,0.4460734385571011,112.6692291107526
2018-06-01,2017-2018,2007-08,03,00,Clothing and footwear,253.51,Clothing & footwear,224.17833333333334,0.4460734385571011,113.0840774086107
2018-07-01,2018-2019,2007-08,03,00,Clothing and footwear,254.13,Clothing & footwear,224.17833333333334,0.4460734385571011,113.3606429405161
2018-08-01,2018-2019,2007-08,03,00,Clothing and footwear,254.67,Clothing & footwear,224.17833333333334,0.4460734385571011,113.60152259733692
2018-09-01,2018-2019,2007-08,03,00,Clothing and footwear,255.36,Clothing & footwear,224.17833333333334,0.4460734385571011,113.90931326994134
2018-10-01,2018-2019,2007-08,03,00,Clothing and footwear,256.1,Clothing & footwear,224.17833333333334,0.4460734385571011,114.23940761447359
2018-11-01,2018-2019,2007-08,03,00,Clothing and footwear,259.07,Clothing & footwear,224.17833333333334,0.4460734385571011,115.56424572698818
2018-12-01,2018-2019,2007-08,03,00,Clothing and footwear,260.69,Clothing & footwear,224.17833333333334,0.4460734385571011,116.28688469745067
2019-01-01,2018-2019,2007-08,03,00,Clothing and footwear,261.58,Clothing & footwear,224.17833333333334,0.4460734385571011,116.68389005776649
2019-02-01,2018-2019,2007-08,03,00,Clothing and footwear,261.82,Clothing & footwear,224.17833333333334,0.4460734385571011,116.7909476830202
2019-03-01,2018-2019,2007-08,03,00,Clothing and footwear,263.54,Clothing & footwear,224.17833333333334,0.4460734385571011,117.55819399733842
2019-04-01,2018-2019,2007-08,03,00,Clothing and footwear,265.36,Clothing & footwear,224.17833333333334,0.4460734385571011,118.37004765551235
2019-05-01,2018-2019,2007-08,03,00,Clothing and footwear,268.98,Clothing & footwear,224.17833333333334,0.4460734385571011,119.98483350308905
2019-06-01,2018-2019,2007-08,03,00,Clothing and footwear,269.25,Clothing & footwear,224.17833333333334,0.4460734385571011,120.10527333149946
2019-07-01,2019-2020,2015-16,03,00,Clothing and footwear,121.6,Clothing & footwear,224.17833333333334,0.4460734385571011,121.6
2019-08-01,2019-2020,2015-16,03,00,Clothing and footwear,123.36,Clothing & footwear,224.17833333333334,0.4460734385571011,123.36
2019-09-01,2019-2020,2015-16,03,00,Clothing and footwear,123.86,Clothing & footwear,224.17833333333334,0.4460734385571011,123.86
2019-10-01,2019-2020,2015-16,03,00,Clothing and footwear,124.17,Clothing & footwear,224.17833333333334,0.4460734385571011,124.17
2019-11-01,2019-2020,2015-16,03,00,Clothing and footwear,125.23,Clothing & footwear,224.17833333333334,0.4460734385571011,125.23
2019-12-01,2019-2020,2015-16,03,00,Clothing and footwear,126.1,Clothing & footwear,224.17833333333334,0.4460734385571011,126.1
2020-01-01,2019-2020,2015-16,03,00,Clothing and footwear,127.13,Clothing & footwear,224.17833333333334,0.4460734385571011,127.13
2020-02-01,2019-2020,2015-16,03,00,Clothing and footwear,127.81,Clothing & footwear,224.17833333333334,0.4460734385571011,127.81
2020-03-01,2019-2020,2015-16,03,00,Clothing and footwear,129.69,Clothing & footwear,224.17833333333334,0.4460734385571011,129.69
2020-04-01,2019-2020,2015-16,03,00,Clothing and footwear,129.69,Clothing & footwear,224.17833333333334,0.4460734385571011,129.69
2020-05-01,2019-2020,2015-16,03,00,Clothing and footwear,131.67,Clothing & footwear,224.17833333333334,0.4460734385571011,131.67
2020-06-01,2019-2020,2015-16,03,00,Clothing and footwear,132.5,Clothing & footwear,224.17833333333334,0.4460734385571011,132.5
2020-07-01,2020-2021,2015-16,03,00,Clothing and footwear,132.97,Clothing & footwear,224.17833333333334,0.4460734385571011,132.97
2020-08-01,2020-2021,2015-16,03,00,Clothing and footwear,133.2,Clothing & footwear,224.17833333333334,0.4460734385571011,133.2
2020-09-01,2020-2021,2015-16,03,00,Clothing and footwear,133.75,Clothing & footwear,224.17833333333334,0.4460734385571011,133.75
2020-10-01,2020-2021,2015-16,03,00,Clothing and footwear,134.1,Clothing & footwear,224.17833333333334,0.4460734385571011,134.1
2020-11-01,2020-2021,2015-16,03,00,Clothing and footwear,136.62,Clothing & footwear,224.17833333333334,0.4460734385571011,136.62
2020-12-01,2020-2021,2015-16,03,00,Clothing and footwear,137.25,Clothing & footwear,224.17833333333334,0.4460734385571011,137.25
2021-01-01,2020-2021,2015-16,03,00,Clothing and footwear,137.97,Clothing & footwear,224.17833333333334,0.4460734385571011,137.97
2021-02-01,2020-2021,2015-16,03,00,Clothing and footwear,143.58,Clothing & footwear,224.17833333333334,0.4460734385571011,143.58
2021-03-01,2020-2021,2015-16,03,00,Clothing and footwear,144.65,Clothing & footwear,224.17833333333334,0.4460734385571011,144.65
2021-04-01,2020-2021,2015-16,03,00,Clothing and footwear,146.21,Clothing & footwear,224.17833333333334,0.4460734385571011,146.21
2021-05-01,2020-2021,2015-16,03,00,Clothing and footwear,146.36,Clothing & footwear,224.17833333333334,0.4460734385571011,146.36
2021-06-01,2020-2021,2015-16,03,00,Clothing and footwear,146.45,Clothing & footwear,224.17833333333334,0.4460734385571011,146.45
2021-07-01,2021-2022,2015-16,03,00,Clothing and footwear,146.78,Clothing & footwear,224.17833333333334,0.4460734385571011,146.78
2021-08-01,2021-2022,2015-16,03,00,Clothing and footwear,146.97,Clothing & footwear,224.17833333333334,0.4460734385571011,146.97
2021-09-01,2021-2022,2015-16,03,00,Clothing and footwear,147.12,Clothing & footwear,224.17833333333334,0.4460734385571011,147.12
2021-10-01,2021-2022,2015-16,03,00,Clothing and footwear,147.74,Clothing & footwear,224.17833333333334,0.4460734385571011,147.74
2021-11-01,2021-2022,2015-16,03,00,Clothing and footwear,149.65,Clothing & footwear,224.17833333333334,0.4460734385571011,149.65
2021-12-01,2021-2022,2015-16,03,00,Clothing and footwear,153.96,Clothing & footwear,224.17833333333334,0.4460734385571011,153.96
2022-01-01,2021-2022,2015-16,03,00,Clothing and footwear,155.09,Clothing & footwear,224.17833333333334,0.4460734385571011,155.09
2022-02-01,2021-2022,2015-16,03,00,Clothing and footwear,157.08,Clothing & footwear,224.17833333333334,0.4460734385571011,157.08
2022-03-01,2021-2022,2015-16,03,00,Clothing and footwear,158.48,Clothing & footwear,224.17833333333334,0.4460734385571011,158.48
2022-04-01,2021-2022,2015-16,03,00,Clothing and footwear,161.57,Clothing & footwear,224.17833333333334,0.4460734385571011,161.57
2022-05-01,2021-2022,2015-16,03,00,Clothing and footwear,162.38,Clothing & footwear,224.17833333333334,0.4460734385571011,162.38
2022-06-01,2021-2022,2015-16,03,00,Clothing and footwear,167.25,Clothing & footwear,224.17833333333334,0.4460734385571011,167.25
2022-07-01,2022-2023,2015-16,03,00,Clothing and footwear,168.85,Clothing & footwear,224.17833333333334,0.4460734385571011,168.85
2022-08-01,2022-2023,2015-16,03,00,Clothing and footwear,174.62,Clothing & footwear,224.17833333333334,0.4460734385571011,174.62
2022-09-01,2022-2023,2015-16,03,00,Clothing and footwear,174.86,Clothing & footwear,224.17833333333334,0.4460734385571011,174.86
2022-10-01,2022-2023,2015-16,03,00,Clothing and footwear,176.6,Clothing & footwear,224.17833333333334,0.4460734385571011,176.6
2022-11-01,2022-2023,2015-16,03,00,Clothing and footwear,178.94,Clothing & footwear,224.17833333333334,0.4460734385571011,178.94
2022-12-01,2022-2023,2015-16,03,00,Clothing and footwear,180.13,Clothing & footwear,224.17833333333334,0.4460734385571011,180.13
2023-01-01,2022-2023,2015-16,03,00,Clothing and footwear,181.13,Clothing & footwear,224.17833333333334,0.4460734385571011,181.13
2023-02-01,2022-2023,2015-16,03,00,Clothing and footwear,183.44,Clothing & footwear,224.17833333333334,0.4460734385571011,183.44
2023-03-01,2022-2023,2015-16,03,00,Clothing and footwear,194.04,Clothing & footwear,224.17833333333334,0.4460734385571011,194.04
2023-04-01,2022-2023,2015-16,03,00,Clothing and footwear,196.25,Clothing & footwear,224.17833333333334,0.4460734385571011,196.25
2023-05-01,2022-2023,2015-16,03,00,Clothing and footwear,197,Clothing & footwear,224.17833333333334,0.4460734385571011,197
2023-06-01,2022-2023,2015-16,03,00,Clothing and footwear,199.16,Clothing & footwear,224.17833333333334,0.4460734385571011,199.16
2023-07-01,2023-2024,2015-16,03,00,Clothing and footwear,200.25,Clothing & footwear,224.17833333333334,0.4460734385571011,200.25
2023-08-01,2023-2024,2015-16,03,00,Clothing and footwear,202.6,Clothing & footwear,224.17833333333334,0.4460734385571011,202.6
2023-09-01,2023-2024,2015-16,03,00,Clothing and footwear,205.7,Clothing & footwear,224.17833333333334,0.4460734385571011,205.7
2023-10-01,2023-2024,2015-16,03,00,Clothing and footwear,207.5,Clothing & footwear,224.17833333333334,0.4460734385571011,207.5
2023-11-01,2023-2024,2015-16,03,00,Clothing and footwear,211.64,Clothing & footwear,224.17833333333334,0.4460734385571011,211.64
2023-12-01,2023-2024,2015-16,03,00,Clothing and footwear,212.48,Clothing & footwear,224.17833333333334,0.4460734385571011,212.48
2024-01-01,2023-2024,2015-16,03,00,Clothing and footwear,213.55,Clothing & footwear,224.17833333333334,0.4460734385571011,213.55
2024-02-01,2023-2024,2015-16,03,00,Clothing and footwear,214.12,Clothing & footwear,224.17833333333334,0.4460734385571011,214.12
2024-03-01,2023-2024,2015-16,03,00,Clothing and footwear,216.67,Clothing & footwear,224.17833333333334,0.4460734385571011,216.67
2024-04-01,2023-2024,2015-16,03,00,Clothing and footwear,230.79,Clothing & footwear,224.17833333333334,0.4460734385571011,230.79
2024-05-01,2023-2024,2015-16,03,00,Clothing and footwear,231.28,Clothing & footwear,224.17833333333334,0.4460734385571011,231.28
2024-06-01,2023-2024,2015-16,03,00,Clothing and footwear,233.53,Clothing & footwear,224.17833333333334,0.4460734385571011,233.53
2024-07-01,2024-2025,2015-16,03,00,Clothing and footwear,235.24,Clothing & footwear,224.17833333333334,0.4460734385571011,235.24
2024-08-01,2024-2025,2015-16,03,00,Clothing and footwear,236.21,Clothing & footwear,224.17833333333334,0.4460734385571011,236.21
2024-09-01,2024-2025,2015-16,03,00,Clothing and footwear,237.02,Clothing & footwear,224.17833333333334,0.4460734385571011,237.02
2024-10-01,2024-2025,2015-16,03,00,Clothing and footwear,237.24,Clothing & footwear,224.17833333333334,0.4460734385571011,237.24
2024-11-01,2024-2025,2015-16,03,00,Clothing and footwear,244.54,Clothing & footwear,224.17833333333334,0.4460734385571011,244.54
2024-12-01,2024-2025,2015-16,03,00,Clothing and footwear,245.42,Clothing & footwear,224.17833333333334,0.4460734385571011,245.42
2025-01-01,2024-2025,2015-16,03,00,Clothing and footwear,246.32,Clothing & footwear,224.17833333333334,0.4460734385571011,246.32
2025-02-01,2024-2025,2015-16,03,00,Clothing and footwear,246.69,Clothing & footwear,224.17833333333334,0.4460734385571011,246.69
2025-03-01,2024-2025,2015-16,03,00,Clothing and footwear,249.74,Clothing & footwear,224.17833333333334,0.4460734385571011,249.74
2025-04-01,2024-2025,2015-16,03,00,Clothing and footwear,251.04,Clothing & footwear,224.17833333333334,0.4460734385571011,251.04
2025-05-01,2024-2025,2015-16,03,00,Clothing and footwear,254.43,Clothing & footwear,224.17833333333334,0.4460734385571011,254.43
2025-06-01,2024-2025,2015-16,03,00,Clothing and footwear,254.64,Clothing & footwear,224.17833333333334,0.4460734385571011,254.64
2025-07-01,2025-2026,2015-16,03,00,Clothing and footwear,254.87,Clothing & footwear,224.17833333333334,0.4460734385571011,254.87
2025-08-01,2025-2026,2015-16,03,00,Clothing and footwear,255.32,Clothing & footwear,224.17833333333334,0.4460734385571011,255.32
2025-09-01,2025-2026,2015-16,03,00,Clothing and footwear,255.85,Clothing & footwear,224.17833333333334,0.4460734385571011,255.85
2025-10-01,2025-2026,2015-16,03,00,Clothing and footwear,256.5,Clothing & footwear,224.17833333333334,0.4460734385571011,256.5
2025-11-01,2025-2026,2015-16,03,00,Clothing and footwear,258.42,Clothing & footwear,224.17833333333334,0.4460734385571011,258.42
2025-12-01,2025-2026,2015-16,03,00,Clothing and footwear,259.13,Clothing & footwear,224.17833333333334,0.4460734385571011,259.13
2026-01-01,2025-2026,2015-16,03,00,Clothing and footwear,259.76,Clothing & footwear,224.17833333333334,0.4460734385571011,259.76
2026-02-01,2025-2026,2015-16,03,00,Clothing and footwear,260.8,Clothing & footwear,224.17833333333334,0.4460734385571011,260.8
2026-03-01,2025-2026,2015-16,03,00,Clothing and footwear,262.74,Clothing & footwear,224.17833333333334,0.4460734385571011,262.74
2026-04-01,2025-2026,2015-16,03,00,Clothing and footwear,264.87,Clothing & footwear,224.17833333333334,0.4460734385571011,264.87
2026-05-01,2025-2026,2015-16,03,00,Clothing and footwear,280.55,Clothing & footwear,224.17833333333334,0.4460734385571011,280.55
2026-06-01,2025-2026,2015-16,03,00,Clothing and footwear,283.12,Clothing & footwear,224.17833333333334,0.4460734385571011,283.12
2015-07-01,2015-2016,2007-08,04,00,"Housing, water, Elec., Gas and other fuels",179.77,"Housing, water, elec., gas",183.90416666666667,0.5437614699685072,97.75199945623854
2015-08-01,2015-2016,2007-08,04,00,"Housing, water, Elec., Gas and other fuels",180.31,"Housing, water, elec., gas",183.90416666666667,0.5437614699685072,98.04563065002152
2015-09-01,2015-2016,2007-08,04,00,"Housing, water, Elec., Gas and other fuels",181.1,"Housing, water, elec., gas",183.90416666666667,0.5437614699685072,98.47520221129665
2015-10-01,2015-2016,2007-08,04,00,"Housing, water, Elec., Gas and other fuels",182.62,"Housing, water, elec., gas",183.90416666666667,0.5437614699685072,99.30171964564877
2015-11-01,2015-2016,2007-08,04,00,"Housing, water, Elec., Gas and other fuels",182.66,"Housing, water, elec., gas",183.90416666666667,0.5437614699685072,99.32347010444752
2015-12-01,2015-2016,2007-08,04,00,"Housing, water, Elec., Gas and other fuels",182.69,"Housing, water, elec., gas",183.90416666666667,0.5437614699685072,99.33978294854657
2016-01-01,2015-2016,2007-08,04,00,"Housing, water, Elec., Gas and other fuels",185.36,"Housing, water, elec., gas",183.90416666666667,0.5437614699685072,100.7916260733625
2016-02-01,2015-2016,2007-08,04,00,"Housing, water, Elec., Gas and other fuels",185.49,"Housing, water, elec., gas",183.90416666666667,0.5437614699685072,100.8623150644584
2016-03-01,2015-2016,2007-08,04,00,"Housing, water, Elec., Gas and other fuels",185.48,"Housing, water, elec., gas",183.90416666666667,0.5437614699685072,100.8568774497587
2016-04-01,2015-2016,2007-08,04,00,"Housing, water, Elec., Gas and other fuels",187.08,"Housing, water, elec., gas",183.90416666666667,0.5437614699685072,101.72689580170832
2016-05-01,2015-2016,2007-08,04,00,"Housing, water, Elec., Gas and other fuels",187.12,"Housing, water, elec., gas",183.90416666666667,0.5437614699685072,101.74864626050706
2016-06-01,2015-2016,2007-08,04,00,"Housing, water, Elec., Gas and other fuels",187.17,"Housing, water, elec., gas",183.90416666666667,0.5437614699685072,101.77583433400548
2016-07-01,2016-2017,2007-08,04,00,"Housing, water, Elec., Gas and other fuels",188.88,"Housing, water, elec., gas",183.90416666666667,0.5437614699685072,102.70566644765162
2016-08-01,2016-2017,2007-08,04,00,"Housing, water, Elec., Gas and other fuels",188.91,"Housing, water, elec., gas",183.90416666666667,0.5437614699685072,102.72197929175069
2016-09-01,2016-2017,2007-08,04,00,"Housing, water, Elec., Gas and other fuels",188.9,"Housing, water, elec., gas",183.90416666666667,0.5437614699685072,102.71654167705101
2016-10-01,2016-2017,2007-08,04,00,"Housing, water, Elec., Gas and other fuels",191.56,"Housing, water, elec., gas",183.90416666666667,0.5437614699685072,104.16294718716723
2016-11-01,2016-2017,2007-08,04,00,"Housing, water, Elec., Gas and other fuels",191.64,"Housing, water, elec., gas",183.90416666666667,0.5437614699685072,104.2064481047647
2016-12-01,2016-2017,2007-08,04,00,"Housing, water, Elec., Gas and other fuels",191.7,"Housing, water, elec., gas",183.90416666666667,0.5437614699685072,104.23907379296281
2017-01-01,2016-2017,2007-08,04,00,"Housing, water, Elec., Gas and other fuels",194.42,"Housing, water, elec., gas",183.90416666666667,0.5437614699685072,105.71810499127716
2017-02-01,2016-2017,2007-08,04,00,"Housing, water, Elec., Gas and other fuels",194.45,"Housing, water, elec., gas",183.90416666666667,0.5437614699685072,105.7344178353762
2017-03-01,2016-2017,2007-08,04,00,"Housing, water, Elec., Gas and other fuels",194.44,"Housing, water, elec., gas",183.90416666666667,0.5437614699685072,105.72898022067653
2017-04-01,2016-2017,2007-08,04,00,"Housing, water, Elec., Gas and other fuels",196.62,"Housing, water, elec., gas",183.90416666666667,0.5437614699685072,106.91438022520788
2017-05-01,2016-2017,2007-08,04,00,"Housing, water, Elec., Gas and other fuels",196.7,"Housing, water, elec., gas",183.90416666666667,0.5437614699685072,106.95788114280535
2017-06-01,2016-2017,2007-08,04,00,"Housing, water, Elec., Gas and other fuels",196.71,"Housing, water, elec., gas",183.90416666666667,0.5437614699685072,106.96331875750505
2017-07-01,2017-2018,2007-08,04,00,"Housing, water, Elec., Gas and other fuels",198.88,"Housing, water, elec., gas",183.90416666666667,0.5437614699685072,108.14328114733671
2017-08-01,2017-2018,2007-08,04,00,"Housing, water, Elec., Gas and other fuels",198.93,"Housing, water, elec., gas",183.90416666666667,0.5437614699685072,108.17046922083513
2017-09-01,2017-2018,2007-08,04,00,"Housing, water, Elec., Gas and other fuels",198.95,"Housing, water, elec., gas",183.90416666666667,0.5437614699685072,108.18134445023449
2017-10-01,2017-2018,2007-08,04,00,"Housing, water, Elec., Gas and other fuels",200.9,"Housing, water, elec., gas",183.90416666666667,0.5437614699685072,109.24167931667309
2017-11-01,2017-2018,2007-08,04,00,"Housing, water, Elec., Gas and other fuels",200.94,"Housing, water, elec., gas",183.90416666666667,0.5437614699685072,109.26342977547183
2017-12-01,2017-2018,2007-08,04,00,"Housing, water, Elec., Gas and other fuels",201.02,"Housing, water, elec., gas",183.90416666666667,0.5437614699685072,109.30693069306932
2018-01-01,2017-2018,2007-08,04,00,"Housing, water, Elec., Gas and other fuels",202.53,"Housing, water, elec., gas",183.90416666666667,0.5437614699685072,110.12801051272176
2018-02-01,2017-2018,2007-08,04,00,"Housing, water, Elec., Gas and other fuels",202.62,"Housing, water, elec., gas",183.90416666666667,0.5437614699685072,110.17694904501893
2018-03-01,2017-2018,2007-08,04,00,"Housing, water, Elec., Gas and other fuels",202.71,"Housing, water, elec., gas",183.90416666666667,0.5437614699685072,110.22588757731609
2018-04-01,2017-2018,2007-08,04,00,"Housing, water, Elec., Gas and other fuels",207.35,"Housing, water, elec., gas",183.90416666666667,0.5437614699685072,112.74894079796995
2018-05-01,2017-2018,2007-08,04,00,"Housing, water, Elec., Gas and other fuels",207.58,"Housing, water, elec., gas",183.90416666666667,0.5437614699685072,112.87400593606273
2018-06-01,2017-2018,2007-08,04,00,"Housing, water, Elec., Gas and other fuels",207.63,"Housing, water, elec., gas",183.90416666666667,0.5437614699685072,112.90119400956114
2018-07-01,2018-2019,2007-08,04,00,"Housing, water, Elec., Gas and other fuels",210.71,"Housing, water, elec., gas",183.90416666666667,0.5437614699685072,114.57597933706415
2018-08-01,2018-2019,2007-08,04,00,"Housing, water, Elec., Gas and other fuels",210.8,"Housing, water, elec., gas",183.90416666666667,0.5437614699685072,114.62491786936131
2018-09-01,2018-2019,2007-08,04,00,"Housing, water, Elec., Gas and other fuels",210.82,"Housing, water, elec., gas",183.90416666666667,0.5437614699685072,114.63579309876067
2018-10-01,2018-2019,2007-08,04,00,"Housing, water, Elec., Gas and other fuels",219.07,"Housing, water, elec., gas",183.90416666666667,0.5437614699685072,119.12182522600087
2018-11-01,2018-2019,2007-08,04,00,"Housing, water, Elec., Gas and other fuels",219.24,"Housing, water, elec., gas",183.90416666666667,0.5437614699685072,119.21426467589552
2018-12-01,2018-2019,2007-08,04,00,"Housing, water, Elec., Gas and other fuels",219.28,"Housing, water, elec., gas",183.90416666666667,0.5437614699685072,119.23601513469426
2019-01-01,2018-2019,2007-08,04,00,"Housing, water, Elec., Gas and other fuels",226,"Housing, water, elec., gas",183.90416666666667,0.5437614699685072,122.89009221288262
2019-02-01,2018-2019,2007-08,04,00,"Housing, water, Elec., Gas and other fuels",226.02,"Housing, water, elec., gas",183.90416666666667,0.5437614699685072,122.900967442282
2019-03-01,2018-2019,2007-08,04,00,"Housing, water, Elec., Gas and other fuels",226.12,"Housing, water, elec., gas",183.90416666666667,0.5437614699685072,122.95534358927884
2019-04-01,2018-2019,2007-08,04,00,"Housing, water, Elec., Gas and other fuels",228.21,"Housing, water, elec., gas",183.90416666666667,0.5437614699685072,124.09180506151303
2019-05-01,2018-2019,2007-08,04,00,"Housing, water, Elec., Gas and other fuels",228.25,"Housing, water, elec., gas",183.90416666666667,0.5437614699685072,124.11355552031176
2019-06-01,2018-2019,2007-08,04,00,"Housing, water, Elec., Gas and other fuels",228.37,"Housing, water, elec., gas",183.90416666666667,0.5437614699685072,124.17880689670798
2019-07-01,2019-2020,2015-16,04,00,"Housing, water, Elec., Gas and other fuels",127.2,"Housing, water, elec., gas",183.90416666666667,0.5437614699685072,127.2
2019-08-01,2019-2020,2015-16,04,00,"Housing, water, Elec., Gas and other fuels",127.15,"Housing, water, elec., gas",183.90416666666667,0.5437614699685072,127.15
2019-09-01,2019-2020,2015-16,04,00,"Housing, water, Elec., Gas and other fuels",126.98,"Housing, water, elec., gas",183.90416666666667,0.5437614699685072,126.98
2019-10-01,2019-2020,2015-16,04,00,"Housing, water, Elec., Gas and other fuels",131.37,"Housing, water, elec., gas",183.90416666666667,0.5437614699685072,131.37
2019-11-01,2019-2020,2015-16,04,00,"Housing, water, Elec., Gas and other fuels",131.21,"Housing, water, elec., gas",183.90416666666667,0.5437614699685072,131.21
2019-12-01,2019-2020,2015-16,04,00,"Housing, water, Elec., Gas and other fuels",131.62,"Housing, water, elec., gas",183.90416666666667,0.5437614699685072,131.62
2020-01-01,2019-2020,2015-16,04,00,"Housing, water, Elec., Gas and other fuels",133.62,"Housing, water, elec., gas",183.90416666666667,0.5437614699685072,133.62
2020-02-01,2019-2020,2015-16,04,00,"Housing, water, Elec., Gas and other fuels",130.34,"Housing, water, elec., gas",183.90416666666667,0.5437614699685072,130.34
2020-03-01,2019-2020,2015-16,04,00,"Housing, water, Elec., Gas and other fuels",130.4,"Housing, water, elec., gas",183.90416666666667,0.5437614699685072,130.4
2020-04-01,2019-2020,2015-16,04,00,"Housing, water, Elec., Gas and other fuels",130.08,"Housing, water, elec., gas",183.90416666666667,0.5437614699685072,130.08
2020-05-01,2019-2020,2015-16,04,00,"Housing, water, Elec., Gas and other fuels",130.22,"Housing, water, elec., gas",183.90416666666667,0.5437614699685072,130.22
2020-06-01,2019-2020,2015-16,04,00,"Housing, water, Elec., Gas and other fuels",130.09,"Housing, water, elec., gas",183.90416666666667,0.5437614699685072,130.09
2020-07-01,2020-2021,2015-16,04,00,"Housing, water, Elec., Gas and other fuels",131.76,"Housing, water, elec., gas",183.90416666666667,0.5437614699685072,131.76
2020-08-01,2020-2021,2015-16,04,00,"Housing, water, Elec., Gas and other fuels",134.06,"Housing, water, elec., gas",183.90416666666667,0.5437614699685072,134.06
2020-09-01,2020-2021,2015-16,04,00,"Housing, water, Elec., Gas and other fuels",134.02,"Housing, water, elec., gas",183.90416666666667,0.5437614699685072,134.02
2020-10-01,2020-2021,2015-16,04,00,"Housing, water, Elec., Gas and other fuels",134.44,"Housing, water, elec., gas",183.90416666666667,0.5437614699685072,134.44
2020-11-01,2020-2021,2015-16,04,00,"Housing, water, Elec., Gas and other fuels",134.09,"Housing, water, elec., gas",183.90416666666667,0.5437614699685072,134.09
2020-12-01,2020-2021,2015-16,04,00,"Housing, water, Elec., Gas and other fuels",135.34,"Housing, water, elec., gas",183.90416666666667,0.5437614699685072,135.34
2021-01-01,2020-2021,2015-16,04,00,"Housing, water, Elec., Gas and other fuels",137.52,"Housing, water, elec., gas",183.90416666666667,0.5437614699685072,137.52
2021-02-01,2020-2021,2015-16,04,00,"Housing, water, Elec., Gas and other fuels",143.34,"Housing, water, elec., gas",183.90416666666667,0.5437614699685072,143.34
2021-03-01,2020-2021,2015-16,04,00,"Housing, water, Elec., Gas and other fuels",141.07,"Housing, water, elec., gas",183.90416666666667,0.5437614699685072,141.07
2021-04-01,2020-2021,2015-16,04,00,"Housing, water, Elec., Gas and other fuels",142.12,"Housing, water, elec., gas",183.90416666666667,0.5437614699685072,142.12
2021-05-01,2020-2021,2015-16,04,00,"Housing, water, Elec., Gas and other fuels",140.52,"Housing, water, elec., gas",183.90416666666667,0.5437614699685072,140.52
2021-06-01,2020-2021,2015-16,04,00,"Housing, water, Elec., Gas and other fuels",141.05,"Housing, water, elec., gas",183.90416666666667,0.5437614699685072,141.05
2021-07-01,2021-2022,2015-16,04,00,"Housing, water, Elec., Gas and other fuels",143,"Housing, water, elec., gas",183.90416666666667,0.5437614699685072,143
2021-08-01,2021-2022,2015-16,04,00,"Housing, water, Elec., Gas and other fuels",143.73,"Housing, water, elec., gas",183.90416666666667,0.5437614699685072,143.73
2021-09-01,2021-2022,2015-16,04,00,"Housing, water, Elec., Gas and other fuels",145.99,"Housing, water, elec., gas",183.90416666666667,0.5437614699685072,145.99
2021-10-01,2021-2022,2015-16,04,00,"Housing, water, Elec., Gas and other fuels",149.31,"Housing, water, elec., gas",183.90416666666667,0.5437614699685072,149.31
2021-11-01,2021-2022,2015-16,04,00,"Housing, water, Elec., Gas and other fuels",152.28,"Housing, water, elec., gas",183.90416666666667,0.5437614699685072,152.28
2021-12-01,2021-2022,2015-16,04,00,"Housing, water, Elec., Gas and other fuels",156.18,"Housing, water, elec., gas",183.90416666666667,0.5437614699685072,156.18
2022-01-01,2021-2022,2015-16,04,00,"Housing, water, Elec., Gas and other fuels",157.06,"Housing, water, elec., gas",183.90416666666667,0.5437614699685072,157.06
2022-02-01,2021-2022,2015-16,04,00,"Housing, water, Elec., Gas and other fuels",154.52,"Housing, water, elec., gas",183.90416666666667,0.5437614699685072,154.52
2022-03-01,2021-2022,2015-16,04,00,"Housing, water, Elec., Gas and other fuels",151.06,"Housing, water, elec., gas",183.90416666666667,0.5437614699685072,151.06
2022-04-01,2021-2022,2015-16,04,00,"Housing, water, Elec., Gas and other fuels",150.11,"Housing, water, elec., gas",183.90416666666667,0.5437614699685072,150.11
2022-05-01,2021-2022,2015-16,04,00,"Housing, water, Elec., Gas and other fuels",146.71,"Housing, water, elec., gas",183.90416666666667,0.5437614699685072,146.71
2022-06-01,2021-2022,2015-16,04,00,"Housing, water, Elec., Gas and other fuels",157.02,"Housing, water, elec., gas",183.90416666666667,0.5437614699685072,157.02
2022-07-01,2022-2023,2015-16,04,00,"Housing, water, Elec., Gas and other fuels",170.45,"Housing, water, elec., gas",183.90416666666667,0.5437614699685072,170.45
2022-08-01,2022-2023,2015-16,04,00,"Housing, water, Elec., Gas and other fuels",179.33,"Housing, water, elec., gas",183.90416666666667,0.5437614699685072,179.33
2022-09-01,2022-2023,2015-16,04,00,"Housing, water, Elec., Gas and other fuels",147.5,"Housing, water, elec., gas",183.90416666666667,0.5437614699685072,147.5
2022-10-01,2022-2023,2015-16,04,00,"Housing, water, Elec., Gas and other fuels",163.5,"Housing, water, elec., gas",183.90416666666667,0.5437614699685072,163.5
2022-11-01,2022-2023,2015-16,04,00,"Housing, water, Elec., Gas and other fuels",163.42,"Housing, water, elec., gas",183.90416666666667,0.5437614699685072,163.42
2022-12-01,2022-2023,2015-16,04,00,"Housing, water, Elec., Gas and other fuels",162.56,"Housing, water, elec., gas",183.90416666666667,0.5437614699685072,162.56
2023-01-01,2022-2023,2015-16,04,00,"Housing, water, Elec., Gas and other fuels",164.86,"Housing, water, elec., gas",183.90416666666667,0.5437614699685072,164.86
2023-02-01,2022-2023,2015-16,04,00,"Housing, water, Elec., Gas and other fuels",171.88,"Housing, water, elec., gas",183.90416666666667,0.5437614699685072,171.88
2023-03-01,2022-2023,2015-16,04,00,"Housing, water, Elec., Gas and other fuels",173.72,"Housing, water, elec., gas",183.90416666666667,0.5437614699685072,173.72
2023-04-01,2022-2023,2015-16,04,00,"Housing, water, Elec., Gas and other fuels",171.9,"Housing, water, elec., gas",183.90416666666667,0.5437614699685072,171.9
2023-05-01,2022-2023,2015-16,04,00,"Housing, water, Elec., Gas and other fuels",173.07,"Housing, water, elec., gas",183.90416666666667,0.5437614699685072,173.07
2023-06-01,2022-2023,2015-16,04,00,"Housing, water, Elec., Gas and other fuels",172.95,"Housing, water, elec., gas",183.90416666666667,0.5437614699685072,172.95
2023-07-01,2023-2024,2015-16,04,00,"Housing, water, Elec., Gas and other fuels",186.79,"Housing, water, elec., gas",183.90416666666667,0.5437614699685072,186.79
2023-08-01,2023-2024,2015-16,04,00,"Housing, water, Elec., Gas and other fuels",188.75,"Housing, water, elec., gas",183.90416666666667,0.5437614699685072,188.75
2023-09-01,2023-2024,2015-16,04,00,"Housing, water, Elec., Gas and other fuels",189.18,"Housing, water, elec., gas",183.90416666666667,0.5437614699685072,189.18
2023-10-01,2023-2024,2015-16,04,00,"Housing, water, Elec., Gas and other fuels",194.82,"Housing, water, elec., gas",183.90416666666667,0.5437614699685072,194.82
2023-11-01,2023-2024,2015-16,04,00,"Housing, water, Elec., Gas and other fuels",229.11,"Housing, water, elec., gas",183.90416666666667,0.5437614699685072,229.11
2023-12-01,2023-2024,2015-16,04,00,"Housing, water, Elec., Gas and other fuels",236.27,"Housing, water, elec., gas",183.90416666666667,0.5437614699685072,236.27
2024-01-01,2023-2024,2015-16,04,00,"Housing, water, Elec., Gas and other fuels",241.33,"Housing, water, elec., gas",183.90416666666667,0.5437614699685072,241.33
2024-02-01,2023-2024,2015-16,04,00,"Housing, water, Elec., Gas and other fuels",247.13,"Housing, water, elec., gas",183.90416666666667,0.5437614699685072,247.13
2024-03-01,2023-2024,2015-16,04,00,"Housing, water, Elec., Gas and other fuels",250.13,"Housing, water, elec., gas",183.90416666666667,0.5437614699685072,250.13
2024-04-01,2023-2024,2015-16,04,00,"Housing, water, Elec., Gas and other fuels",246.31,"Housing, water, elec., gas",183.90416666666667,0.5437614699685072,246.31
2024-05-01,2023-2024,2015-16,04,00,"Housing, water, Elec., Gas and other fuels",243.36,"Housing, water, elec., gas",183.90416666666667,0.5437614699685072,243.36
2024-06-01,2023-2024,2015-16,04,00,"Housing, water, Elec., Gas and other fuels",246.77,"Housing, water, elec., gas",183.90416666666667,0.5437614699685072,246.77
2024-07-01,2024-2025,2015-16,04,00,"Housing, water, Elec., Gas and other fuels",246.75,"Housing, water, elec., gas",183.90416666666667,0.5437614699685072,246.75
2024-08-01,2024-2025,2015-16,04,00,"Housing, water, Elec., Gas and other fuels",243.39,"Housing, water, elec., gas",183.90416666666667,0.5437614699685072,243.39
2024-09-01,2024-2025,2015-16,04,00,"Housing, water, Elec., Gas and other fuels",241.96,"Housing, water, elec., gas",183.90416666666667,0.5437614699685072,241.96
2024-10-01,2024-2025,2015-16,04,00,"Housing, water, Elec., Gas and other fuels",245.75,"Housing, water, elec., gas",183.90416666666667,0.5437614699685072,245.75
2024-11-01,2024-2025,2015-16,04,00,"Housing, water, Elec., Gas and other fuels",246.49,"Housing, water, elec., gas",183.90416666666667,0.5437614699685072,246.49
2024-12-01,2024-2025,2015-16,04,00,"Housing, water, Elec., Gas and other fuels",244.15,"Housing, water, elec., gas",183.90416666666667,0.5437614699685072,244.15
2025-01-01,2024-2025,2015-16,04,00,"Housing, water, Elec., Gas and other fuels",245.5,"Housing, water, elec., gas",183.90416666666667,0.5437614699685072,245.5
2025-02-01,2024-2025,2015-16,04,00,"Housing, water, Elec., Gas and other fuels",244.76,"Housing, water, elec., gas",183.90416666666667,0.5437614699685072,244.76
2025-03-01,2024-2025,2015-16,04,00,"Housing, water, Elec., Gas and other fuels",244.31,"Housing, water, elec., gas",183.90416666666667,0.5437614699685072,244.31
2025-04-01,2024-2025,2015-16,04,00,"Housing, water, Elec., Gas and other fuels",239.51,"Housing, water, elec., gas",183.90416666666667,0.5437614699685072,239.51
2025-05-01,2024-2025,2015-16,04,00,"Housing, water, Elec., Gas and other fuels",236.58,"Housing, water, elec., gas",183.90416666666667,0.5437614699685072,236.58
2025-06-01,2024-2025,2015-16,04,00,"Housing, water, Elec., Gas and other fuels",238.2,"Housing, water, elec., gas",183.90416666666667,0.5437614699685072,238.2
2025-07-01,2025-2026,2015-16,04,00,"Housing, water, Elec., Gas and other fuels",258.93,"Housing, water, elec., gas",183.90416666666667,0.5437614699685072,258.93
2025-08-01,2025-2026,2015-16,04,00,"Housing, water, Elec., Gas and other fuels",256.33,"Housing, water, elec., gas",183.90416666666667,0.5437614699685072,256.33
2025-09-01,2025-2026,2015-16,04,00,"Housing, water, Elec., Gas and other fuels",255.72,"Housing, water, elec., gas",183.90416666666667,0.5437614699685072,255.72
2025-10-01,2025-2026,2015-16,04,00,"Housing, water, Elec., Gas and other fuels",259.29,"Housing, water, elec., gas",183.90416666666667,0.5437614699685072,259.29
2025-11-01,2025-2026,2015-16,04,00,"Housing, water, Elec., Gas and other fuels",262.3,"Housing, water, elec., gas",183.90416666666667,0.5437614699685072,262.3
2025-12-01,2025-2026,2015-16,04,00,"Housing, water, Elec., Gas and other fuels",263.6,"Housing, water, elec., gas",183.90416666666667,0.5437614699685072,263.6
2026-01-01,2025-2026,2015-16,04,00,"Housing, water, Elec., Gas and other fuels",265.9,"Housing, water, elec., gas",183.90416666666667,0.5437614699685072,265.9
2026-02-01,2025-2026,2015-16,04,00,"Housing, water, Elec., Gas and other fuels",270.49,"Housing, water, elec., gas",183.90416666666667,0.5437614699685072,270.49
2026-03-01,2025-2026,2015-16,04,00,"Housing, water, Elec., Gas and other fuels",273.89,"Housing, water, elec., gas",183.90416666666667,0.5437614699685072,273.89
2026-04-01,2025-2026,2015-16,04,00,"Housing, water, Elec., Gas and other fuels",278.36,"Housing, water, elec., gas",183.90416666666667,0.5437614699685072,278.36
2026-05-01,2025-2026,2015-16,04,00,"Housing, water, Elec., Gas and other fuels",274.66,"Housing, water, elec., gas",183.90416666666667,0.5437614699685072,274.66
2026-06-01,2025-2026,2015-16,04,00,"Housing, water, Elec., Gas and other fuels",272.81,"Housing, water, elec., gas",183.90416666666667,0.5437614699685072,272.81
2015-07-01,2015-2016,2007-08,05,00,Furnishing and household equipment maintenance,213.53,Furnishing & household eq.,217.37666666666667,0.46003097541901156,98.23041418122153
2015-08-01,2015-2016,2007-08,05,00,Furnishing and household equipment maintenance,214.22,Furnishing & household eq.,217.37666666666667,0.46003097541901156,98.54783555426066
2015-09-01,2015-2016,2007-08,05,00,Furnishing and household equipment maintenance,214.88,Furnishing & household eq.,217.37666666666667,0.46003097541901156,98.8514559980372
2015-10-01,2015-2016,2007-08,05,00,Furnishing and household equipment maintenance,215.49,Furnishing & household eq.,217.37666666666667,0.46003097541901156,99.1320748930428
2015-11-01,2015-2016,2007-08,05,00,Furnishing and household equipment maintenance,215.78,Furnishing & household eq.,217.37666666666667,0.46003097541901156,99.26548387591431
2015-12-01,2015-2016,2007-08,05,00,Furnishing and household equipment maintenance,216.78,Furnishing & household eq.,217.37666666666667,0.46003097541901156,99.72551485133333
2016-01-01,2015-2016,2007-08,05,00,Furnishing and household equipment maintenance,217.23,Furnishing & household eq.,217.37666666666667,0.46003097541901156,99.93252879027187
2016-02-01,2015-2016,2007-08,05,00,Furnishing and household equipment maintenance,218.83,Furnishing & household eq.,217.37666666666667,0.46003097541901156,100.6685783509423
2016-03-01,2015-2016,2007-08,05,00,Furnishing and household equipment maintenance,219.5,Furnishing & household eq.,217.37666666666667,0.46003097541901156,100.97679910447303
2016-04-01,2015-2016,2007-08,05,00,Furnishing and household equipment maintenance,220.09,Furnishing & household eq.,217.37666666666667,0.46003097541901156,101.24821737997026
2016-05-01,2015-2016,2007-08,05,00,Furnishing and household equipment maintenance,220.71,Furnishing & household eq.,217.37666666666667,0.46003097541901156,101.53343658473004
2016-06-01,2015-2016,2007-08,05,00,Furnishing and household equipment maintenance,221.48,Furnishing & household eq.,217.37666666666667,0.46003097541901156,101.88766043580267
2016-07-01,2016-2017,2007-08,05,00,Furnishing and household equipment maintenance,221.7,Furnishing & household eq.,217.37666666666667,0.46003097541901156,101.98886725039486
2016-08-01,2016-2017,2007-08,05,00,Furnishing and household equipment maintenance,222.31,Furnishing & household eq.,217.37666666666667,0.46003097541901156,102.26948614540046
2016-09-01,2016-2017,2007-08,05,00,Furnishing and household equipment maintenance,222.27,Furnishing & household eq.,217.37666666666667,0.46003097541901156,102.25108490638371
2016-10-01,2016-2017,2007-08,05,00,Furnishing and household equipment maintenance,222.66,Furnishing & household eq.,217.37666666666667,0.46003097541901156,102.43049698679711
2016-11-01,2016-2017,2007-08,05,00,Furnishing and household equipment maintenance,223.21,Furnishing & household eq.,217.37666666666667,0.46003097541901156,102.68351402327757
2016-12-01,2016-2017,2007-08,05,00,Furnishing and household equipment maintenance,223.65,Furnishing & household eq.,217.37666666666667,0.46003097541901156,102.88592765246193
2017-01-01,2016-2017,2007-08,05,00,Furnishing and household equipment maintenance,223.92,Furnishing & household eq.,217.37666666666667,0.46003097541901156,103.01013601582507
2017-02-01,2016-2017,2007-08,05,00,Furnishing and household equipment maintenance,224.32,Furnishing & household eq.,217.37666666666667,0.46003097541901156,103.19414840599266
2017-03-01,2016-2017,2007-08,05,00,Furnishing and household equipment maintenance,224.59,Furnishing & household eq.,217.37666666666667,0.46003097541901156,103.3183567693558
2017-04-01,2016-2017,2007-08,05,00,Furnishing and household equipment maintenance,224.95,Furnishing & household eq.,217.37666666666667,0.46003097541901156,103.48396792050664
2017-05-01,2016-2017,2007-08,05,00,Furnishing and household equipment maintenance,226.42,Furnishing & household eq.,217.37666666666667,0.46003097541901156,104.1602134543726
2017-06-01,2016-2017,2007-08,05,00,Furnishing and household equipment maintenance,226.8,Furnishing & household eq.,217.37666666666667,0.46003097541901156,104.33502522503183
2017-07-01,2017-2018,2007-08,05,00,Furnishing and household equipment maintenance,227.74,Furnishing & household eq.,217.37666666666667,0.46003097541901156,104.7674543419257
2017-08-01,2017-2018,2007-08,05,00,Furnishing and household equipment maintenance,228.05,Furnishing & household eq.,217.37666666666667,0.46003097541901156,104.91006394430559
2017-09-01,2017-2018,2007-08,05,00,Furnishing and household equipment maintenance,229.1,Furnishing & household eq.,217.37666666666667,0.46003097541901156,105.39309646849554
2017-10-01,2017-2018,2007-08,05,00,Furnishing and household equipment maintenance,229.47,Furnishing & household eq.,217.37666666666667,0.46003097541901156,105.56330792940058
2017-11-01,2017-2018,2007-08,05,00,Furnishing and household equipment maintenance,230.52,Furnishing & household eq.,217.37666666666667,0.46003097541901156,106.04634045359055
2017-12-01,2017-2018,2007-08,05,00,Furnishing and household equipment maintenance,230.93,Furnishing & household eq.,217.37666666666667,0.46003097541901156,106.23495315351234
2018-01-01,2017-2018,2007-08,05,00,Furnishing and household equipment maintenance,232.97,Furnishing & household eq.,217.37666666666667,0.46003097541901156,107.17341634336712
2018-02-01,2017-2018,2007-08,05,00,Furnishing and household equipment maintenance,233.5,Furnishing & household eq.,217.37666666666667,0.46003097541901156,107.4172327603392
2018-03-01,2017-2018,2007-08,05,00,Furnishing and household equipment maintenance,234.67,Furnishing & household eq.,217.37666666666667,0.46003097541901156,107.95546900157943
2018-04-01,2017-2018,2007-08,05,00,Furnishing and household equipment maintenance,239.29,Furnishing & household eq.,217.37666666666667,0.46003097541901156,110.08081210801527
2018-05-01,2017-2018,2007-08,05,00,Furnishing and household equipment maintenance,239.94,Furnishing & household eq.,217.37666666666667,0.46003097541901156,110.37983224203764
2018-06-01,2017-2018,2007-08,05,00,Furnishing and household equipment maintenance,240.51,Furnishing & household eq.,217.37666666666667,0.46003097541901156,110.64204989802647
2018-07-01,2018-2019,2007-08,05,00,Furnishing and household equipment maintenance,241.18,Furnishing & household eq.,217.37666666666667,0.46003097541901156,110.9502706515572
2018-08-01,2018-2019,2007-08,05,00,Furnishing and household equipment maintenance,242.2,Furnishing & household eq.,217.37666666666667,0.46003097541901156,111.4195022464846
2018-09-01,2018-2019,2007-08,05,00,Furnishing and household equipment maintenance,243.36,Furnishing & household eq.,217.37666666666667,0.46003097541901156,111.95313817797066
2018-10-01,2018-2019,2007-08,05,00,Furnishing and household equipment maintenance,245.5,Furnishing & household eq.,217.37666666666667,0.46003097541901156,112.93760446536734
2018-11-01,2018-2019,2007-08,05,00,Furnishing and household equipment maintenance,247.76,Furnishing & household eq.,217.37666666666667,0.46003097541901156,113.9772744698143
2018-12-01,2018-2019,2007-08,05,00,Furnishing and household equipment maintenance,250.22,Furnishing & household eq.,217.37666666666667,0.46003097541901156,115.10895066934508
2019-01-01,2018-2019,2007-08,05,00,Furnishing and household equipment maintenance,252.03,Furnishing & household eq.,217.37666666666667,0.46003097541901156,115.94160673485348
2019-02-01,2018-2019,2007-08,05,00,Furnishing and household equipment maintenance,255.07,Furnishing & household eq.,217.37666666666667,0.46003097541901156,117.34010090012727
2019-03-01,2018-2019,2007-08,05,00,Furnishing and household equipment maintenance,257,Furnishing & household eq.,217.37666666666667,0.46003097541901156,118.22796068268597
2019-04-01,2018-2019,2007-08,05,00,Furnishing and household equipment maintenance,259.19,Furnishing & household eq.,217.37666666666667,0.46003097541901156,119.23542851885361
2019-05-01,2018-2019,2007-08,05,00,Furnishing and household equipment maintenance,260.95,Furnishing & household eq.,217.37666666666667,0.46003097541901156,120.04508303559106
2019-06-01,2018-2019,2007-08,05,00,Furnishing and household equipment maintenance,262.78,Furnishing & household eq.,217.37666666666667,0.46003097541901156,120.88693972060784
2019-07-01,2019-2020,2015-16,05,00,Furnishing and household equipment maintenance,122.28,Furnishing & household eq.,217.37666666666667,0.46003097541901156,122.28
2019-08-01,2019-2020,2015-16,05,00,Furnishing and household equipment maintenance,123.05,Furnishing & household eq.,217.37666666666667,0.46003097541901156,123.05
2019-09-01,2019-2020,2015-16,05,00,Furnishing and household equipment maintenance,123.78,Furnishing & household eq.,217.37666666666667,0.46003097541901156,123.78
2019-10-01,2019-2020,2015-16,05,00,Furnishing and household equipment maintenance,124.64,Furnishing & household eq.,217.37666666666667,0.46003097541901156,124.64
2019-11-01,2019-2020,2015-16,05,00,Furnishing and household equipment maintenance,125.7,Furnishing & household eq.,217.37666666666667,0.46003097541901156,125.7
2019-12-01,2019-2020,2015-16,05,00,Furnishing and household equipment maintenance,126.59,Furnishing & household eq.,217.37666666666667,0.46003097541901156,126.59
2020-01-01,2019-2020,2015-16,05,00,Furnishing and household equipment maintenance,126.84,Furnishing & household eq.,217.37666666666667,0.46003097541901156,126.84
2020-02-01,2019-2020,2015-16,05,00,Furnishing and household equipment maintenance,127.57,Furnishing & household eq.,217.37666666666667,0.46003097541901156,127.57
2020-03-01,2019-2020,2015-16,05,00,Furnishing and household equipment maintenance,128.21,Furnishing & household eq.,217.37666666666667,0.46003097541901156,128.21
2020-04-01,2019-2020,2015-16,05,00,Furnishing and household equipment maintenance,128.45,Furnishing & household eq.,217.37666666666667,0.46003097541901156,128.45
2020-05-01,2019-2020,2015-16,05,00,Furnishing and household equipment maintenance,128.8,Furnishing & household eq.,217.37666666666667,0.46003097541901156,128.8
2020-06-01,2019-2020,2015-16,05,00,Furnishing and household equipment maintenance,129.35,Furnishing & household eq.,217.37666666666667,0.46003097541901156,129.35
2020-07-01,2020-2021,2015-16,05,00,Furnishing and household equipment maintenance,130.01,Furnishing & household eq.,217.37666666666667,0.46003097541901156,130.01
2020-08-01,2020-2021,2015-16,05,00,Furnishing and household equipment maintenance,130.64,Furnishing & household eq.,217.37666666666667,0.46003097541901156,130.64
2020-09-01,2020-2021,2015-16,05,00,Furnishing and household equipment maintenance,131.57,Furnishing & household eq.,217.37666666666667,0.46003097541901156,131.57
2020-10-01,2020-2021,2015-16,05,00,Furnishing and household equipment maintenance,132.88,Furnishing & household eq.,217.37666666666667,0.46003097541901156,132.88
2020-11-01,2020-2021,2015-16,05,00,Furnishing and household equipment maintenance,133.72,Furnishing & household eq.,217.37666666666667,0.46003097541901156,133.72
2020-12-01,2020-2021,2015-16,05,00,Furnishing and household equipment maintenance,134.34,Furnishing & household eq.,217.37666666666667,0.46003097541901156,134.34
2021-01-01,2020-2021,2015-16,05,00,Furnishing and household equipment maintenance,134.95,Furnishing & household eq.,217.37666666666667,0.46003097541901156,134.95
2021-02-01,2020-2021,2015-16,05,00,Furnishing and household equipment maintenance,137.06,Furnishing & household eq.,217.37666666666667,0.46003097541901156,137.06
2021-03-01,2020-2021,2015-16,05,00,Furnishing and household equipment maintenance,138.33,Furnishing & household eq.,217.37666666666667,0.46003097541901156,138.33
2021-04-01,2020-2021,2015-16,05,00,Furnishing and household equipment maintenance,139.46,Furnishing & household eq.,217.37666666666667,0.46003097541901156,139.46
2021-05-01,2020-2021,2015-16,05,00,Furnishing and household equipment maintenance,140.17,Furnishing & household eq.,217.37666666666667,0.46003097541901156,140.17
2021-06-01,2020-2021,2015-16,05,00,Furnishing and household equipment maintenance,140.9,Furnishing & household eq.,217.37666666666667,0.46003097541901156,140.9
2021-07-01,2021-2022,2015-16,05,00,Furnishing and household equipment maintenance,142.29,Furnishing & household eq.,217.37666666666667,0.46003097541901156,142.29
2021-08-01,2021-2022,2015-16,05,00,Furnishing and household equipment maintenance,142.88,Furnishing & household eq.,217.37666666666667,0.46003097541901156,142.88
2021-09-01,2021-2022,2015-16,05,00,Furnishing and household equipment maintenance,144.03,Furnishing & household eq.,217.37666666666667,0.46003097541901156,144.03
2021-10-01,2021-2022,2015-16,05,00,Furnishing and household equipment maintenance,144.99,Furnishing & household eq.,217.37666666666667,0.46003097541901156,144.99
2021-11-01,2021-2022,2015-16,05,00,Furnishing and household equipment maintenance,147.02,Furnishing & household eq.,217.37666666666667,0.46003097541901156,147.02
2021-12-01,2021-2022,2015-16,05,00,Furnishing and household equipment maintenance,149.61,Furnishing & household eq.,217.37666666666667,0.46003097541901156,149.61
2022-01-01,2021-2022,2015-16,05,00,Furnishing and household equipment maintenance,150.95,Furnishing & household eq.,217.37666666666667,0.46003097541901156,150.95
2022-02-01,2021-2022,2015-16,05,00,Furnishing and household equipment maintenance,154.01,Furnishing & household eq.,217.37666666666667,0.46003097541901156,154.01
2022-03-01,2021-2022,2015-16,05,00,Furnishing and household equipment maintenance,155.73,Furnishing & household eq.,217.37666666666667,0.46003097541901156,155.73
2022-04-01,2021-2022,2015-16,05,00,Furnishing and household equipment maintenance,158.29,Furnishing & household eq.,217.37666666666667,0.46003097541901156,158.29
2022-05-01,2021-2022,2015-16,05,00,Furnishing and household equipment maintenance,161.43,Furnishing & household eq.,217.37666666666667,0.46003097541901156,161.43
2022-06-01,2021-2022,2015-16,05,00,Furnishing and household equipment maintenance,165.68,Furnishing & household eq.,217.37666666666667,0.46003097541901156,165.68
2022-07-01,2022-2023,2015-16,05,00,Furnishing and household equipment maintenance,168.11,Furnishing & household eq.,217.37666666666667,0.46003097541901156,168.11
2022-08-01,2022-2023,2015-16,05,00,Furnishing and household equipment maintenance,171.9,Furnishing & household eq.,217.37666666666667,0.46003097541901156,171.9
2022-09-01,2022-2023,2015-16,05,00,Furnishing and household equipment maintenance,179.01,Furnishing & household eq.,217.37666666666667,0.46003097541901156,179.01
2022-10-01,2022-2023,2015-16,05,00,Furnishing and household equipment maintenance,184.97,Furnishing & household eq.,217.37666666666667,0.46003097541901156,184.97
2022-11-01,2022-2023,2015-16,05,00,Furnishing and household equipment maintenance,189.7,Furnishing & household eq.,217.37666666666667,0.46003097541901156,189.7
2022-12-01,2022-2023,2015-16,05,00,Furnishing and household equipment maintenance,194.05,Furnishing & household eq.,217.37666666666667,0.46003097541901156,194.05
2023-01-01,2022-2023,2015-16,05,00,Furnishing and household equipment maintenance,196.16,Furnishing & household eq.,217.37666666666667,0.46003097541901156,196.16
2023-02-01,2022-2023,2015-16,05,00,Furnishing and household equipment maintenance,206.59,Furnishing & household eq.,217.37666666666667,0.46003097541901156,206.59
2023-03-01,2022-2023,2015-16,05,00,Furnishing and household equipment maintenance,217.4,Furnishing & household eq.,217.37666666666667,0.46003097541901156,217.4
2023-04-01,2022-2023,2015-16,05,00,Furnishing and household equipment maintenance,222.82,Furnishing & household eq.,217.37666666666667,0.46003097541901156,222.82
2023-05-01,2022-2023,2015-16,05,00,Furnishing and household equipment maintenance,229.36,Furnishing & household eq.,217.37666666666667,0.46003097541901156,229.36
2023-06-01,2022-2023,2015-16,05,00,Furnishing and household equipment maintenance,233.01,Furnishing & household eq.,217.37666666666667,0.46003097541901156,233.01
2023-07-01,2023-2024,2015-16,05,00,Furnishing and household equipment maintenance,237.21,Furnishing & household eq.,217.37666666666667,0.46003097541901156,237.21
2023-08-01,2023-2024,2015-16,05,00,Furnishing and household equipment maintenance,243,Furnishing & household eq.,217.37666666666667,0.46003097541901156,243
2023-09-01,2023-2024,2015-16,05,00,Furnishing and household equipment maintenance,246.47,Furnishing & household eq.,217.37666666666667,0.46003097541901156,246.47
2023-10-01,2023-2024,2015-16,05,00,Furnishing and household equipment maintenance,248.56,Furnishing & household eq.,217.37666666666667,0.46003097541901156,248.56
2023-11-01,2023-2024,2015-16,05,00,Furnishing and household equipment maintenance,250.25,Furnishing & household eq.,217.37666666666667,0.46003097541901156,250.25
2023-12-01,2023-2024,2015-16,05,00,Furnishing and household equipment maintenance,252.29,Furnishing & household eq.,217.37666666666667,0.46003097541901156,252.29
2024-01-01,2023-2024,2015-16,05,00,Furnishing and household equipment maintenance,253.34,Furnishing & household eq.,217.37666666666667,0.46003097541901156,253.34
2024-02-01,2023-2024,2015-16,05,00,Furnishing and household equipment maintenance,255.2,Furnishing & household eq.,217.37666666666667,0.46003097541901156,255.2
2024-03-01,2023-2024,2015-16,05,00,Furnishing and household equipment maintenance,256.37,Furnishing & household eq.,217.37666666666667,0.46003097541901156,256.37
2024-04-01,2023-2024,2015-16,05,00,Furnishing and household equipment maintenance,257.23,Furnishing & household eq.,217.37666666666667,0.46003097541901156,257.23
2024-05-01,2023-2024,2015-16,05,00,Furnishing and household equipment maintenance,257.55,Furnishing & household eq.,217.37666666666667,0.46003097541901156,257.55
2024-06-01,2023-2024,2015-16,05,00,Furnishing and household equipment maintenance,258.39,Furnishing & household eq.,217.37666666666667,0.46003097541901156,258.39
2024-07-01,2024-2025,2015-16,05,00,Furnishing and household equipment maintenance,259.61,Furnishing & household eq.,217.37666666666667,0.46003097541901156,259.61
2024-08-01,2024-2025,2015-16,05,00,Furnishing and household equipment maintenance,259.86,Furnishing & household eq.,217.37666666666667,0.46003097541901156,259.86
2024-09-01,2024-2025,2015-16,05,00,Furnishing and household equipment maintenance,258.43,Furnishing & household eq.,217.37666666666667,0.46003097541901156,258.43
2024-10-01,2024-2025,2015-16,05,00,Furnishing and household equipment maintenance,261.24,Furnishing & household eq.,217.37666666666667,0.46003097541901156,261.24
2024-11-01,2024-2025,2015-16,05,00,Furnishing and household equipment maintenance,264.13,Furnishing & household eq.,217.37666666666667,0.46003097541901156,264.13
2024-12-01,2024-2025,2015-16,05,00,Furnishing and household equipment maintenance,263.2,Furnishing & household eq.,217.37666666666667,0.46003097541901156,263.2
2025-01-01,2024-2025,2015-16,05,00,Furnishing and household equipment maintenance,264.44,Furnishing & household eq.,217.37666666666667,0.46003097541901156,264.44
2025-02-01,2024-2025,2015-16,05,00,Furnishing and household equipment maintenance,264.72,Furnishing & household eq.,217.37666666666667,0.46003097541901156,264.72
2025-03-01,2024-2025,2015-16,05,00,Furnishing and household equipment maintenance,264.94,Furnishing & household eq.,217.37666666666667,0.46003097541901156,264.94
2025-04-01,2024-2025,2015-16,05,00,Furnishing and household equipment maintenance,267.22,Furnishing & household eq.,217.37666666666667,0.46003097541901156,267.22
2025-05-01,2024-2025,2015-16,05,00,Furnishing and household equipment maintenance,267.57,Furnishing & household eq.,217.37666666666667,0.46003097541901156,267.57
2025-06-01,2024-2025,2015-16,05,00,Furnishing and household equipment maintenance,267.58,Furnishing & household eq.,217.37666666666667,0.46003097541901156,267.58
2015-07-01,2015-2016,2007-08,06,00,Health,178.91,Health,182.68583333333333,0.5473878197086984,97.93315482408323
2015-08-01,2015-2016,2007-08,06,00,Health,179.01,Health,182.68583333333333,0.5473878197086984,97.9878936060541
2015-09-01,2015-2016,2007-08,06,00,Health,179.51,Health,182.68583333333333,0.5473878197086984,98.26158751590845
2015-10-01,2015-2016,2007-08,06,00,Health,179.67,Health,182.68583333333333,0.5473878197086984,98.34916956706184
2015-11-01,2015-2016,2007-08,06,00,Health,180.59,Health,182.68583333333333,0.5473878197086984,98.85276636119386
2015-12-01,2015-2016,2007-08,06,00,Health,180.83,Health,182.68583333333333,0.5473878197086984,98.98413943792394
2016-01-01,2015-2016,2007-08,06,00,Health,181.45,Health,182.68583333333333,0.5473878197086984,99.32351988614333
2016-02-01,2015-2016,2007-08,06,00,Health,184.18,Health,182.68583333333333,0.5473878197086984,100.81788863394809
2016-03-01,2015-2016,2007-08,06,00,Health,185.68,Health,182.68583333333333,0.5473878197086984,101.63897036351113
2016-04-01,2015-2016,2007-08,06,00,Health,187.29,Health,182.68583333333333,0.5473878197086984,102.52026475324213
2016-05-01,2015-2016,2007-08,06,00,Health,187.43,Health,182.68583333333333,0.5473878197086984,102.59689904800135
2016-06-01,2015-2016,2007-08,06,00,Health,187.68,Health,182.68583333333333,0.5473878197086984,102.73374600292853
2016-07-01,2016-2017,2007-08,06,00,Health,187.84,Health,182.68583333333333,0.5473878197086984,102.82132805408192
2016-08-01,2016-2017,2007-08,06,00,Health,189.42,Health,182.68583333333333,0.5473878197086984,103.68620080922165
2016-09-01,2016-2017,2007-08,06,00,Health,192,Health,182.68583333333333,0.5473878197086984,105.0984613840701
2016-10-01,2016-2017,2007-08,06,00,Health,193.78,Health,182.68583333333333,0.5473878197086984,106.07281170315159
2016-11-01,2016-2017,2007-08,06,00,Health,195.28,Health,182.68583333333333,0.5473878197086984,106.89389343271463
2016-12-01,2016-2017,2007-08,06,00,Health,195.93,Health,182.68583333333333,0.5473878197086984,107.24969551552529
2017-01-01,2016-2017,2007-08,06,00,Health,208.45,Health,182.68583333333333,0.5473878197086984,114.10299101827817
2017-02-01,2016-2017,2007-08,06,00,Health,210.17,Health,182.68583333333333,0.5473878197086984,115.04449806817715
2017-03-01,2016-2017,2007-08,06,00,Health,211.21,Health,182.68583333333333,0.5473878197086984,115.6137814006742
2017-04-01,2016-2017,2007-08,06,00,Health,212.43,Health,182.68583333333333,0.5473878197086984,116.28159454071881
2017-05-01,2016-2017,2007-08,06,00,Health,212.65,Health,182.68583333333333,0.5473878197086984,116.40201986105473
2017-06-01,2016-2017,2007-08,06,00,Health,212.66,Health,182.68583333333333,0.5473878197086984,116.4074937392518
2017-07-01,2017-2018,2007-08,06,00,Health,212.91,Health,182.68583333333333,0.5473878197086984,116.54434069417898
2017-08-01,2017-2018,2007-08,06,00,Health,213.05,Health,182.68583333333333,0.5473878197086984,116.6209749889382
2017-09-01,2017-2018,2007-08,06,00,Health,213.9,Health,182.68583333333333,0.5473878197086984,117.0862546356906
2017-10-01,2017-2018,2007-08,06,00,Health,214.27,Health,182.68583333333333,0.5473878197086984,117.28878812898282
2017-11-01,2017-2018,2007-08,06,00,Health,214.79,Health,182.68583333333333,0.5473878197086984,117.57342979523133
2017-12-01,2017-2018,2007-08,06,00,Health,217.33,Health,182.68583333333333,0.5473878197086984,118.96379485729143
2018-01-01,2017-2018,2007-08,06,00,Health,218.26,Health,182.68583333333333,0.5473878197086984,119.47286552962052
2018-02-01,2017-2018,2007-08,06,00,Health,220.58,Health,182.68583333333333,0.5473878197086984,120.74280527134471
2018-03-01,2017-2018,2007-08,06,00,Health,221.26,Health,182.68583333333333,0.5473878197086984,121.11502898874662
2018-04-01,2017-2018,2007-08,06,00,Health,223.08,Health,182.68583333333333,0.5473878197086984,122.11127482061646
2018-05-01,2017-2018,2007-08,06,00,Health,223.74,Health,182.68583333333333,0.5473878197086984,122.4725507816242
2018-06-01,2017-2018,2007-08,06,00,Health,224.36,Health,182.68583333333333,0.5473878197086984,122.8119312298436
2018-07-01,2018-2019,2007-08,06,00,Health,224.67,Health,182.68583333333333,0.5473878197086984,122.98162145395327
2018-08-01,2018-2019,2007-08,06,00,Health,225.2,Health,182.68583333333333,0.5473878197086984,123.27173699839888
2018-09-01,2018-2019,2007-08,06,00,Health,226.78,Health,182.68583333333333,0.5473878197086984,124.13660975353864
2018-10-01,2018-2019,2007-08,06,00,Health,234.03,Health,182.68583333333333,0.5473878197086984,128.10517144642668
2018-11-01,2018-2019,2007-08,06,00,Health,235.09,Health,182.68583333333333,0.5473878197086984,128.6854025353179
2018-12-01,2018-2019,2007-08,06,00,Health,235.75,Health,182.68583333333333,0.5473878197086984,129.04667849632565
2019-01-01,2018-2019,2007-08,06,00,Health,236.58,Health,182.68583333333333,0.5473878197086984,129.50101038668387
2019-02-01,2018-2019,2007-08,06,00,Health,237.67,Health,182.68583333333333,0.5473878197086984,130.09766311016634
2019-03-01,2018-2019,2007-08,06,00,Health,239.12,Health,182.68583333333333,0.5473878197086984,130.89137544874396
2019-04-01,2018-2019,2007-08,06,00,Health,241.75,Health,182.68583333333333,0.5473878197086984,132.33100541457785
2019-05-01,2018-2019,2007-08,06,00,Health,243.18,Health,182.68583333333333,0.5473878197086984,133.11376999676128
2019-06-01,2018-2019,2007-08,06,00,Health,243.63,Health,182.68583333333333,0.5473878197086984,133.3600945156302
2019-07-01,2019-2020,2015-16,06,00,Health,133.63,Health,182.68583333333333,0.5473878197086984,133.63
2019-08-01,2019-2020,2015-16,06,00,Health,133.97,Health,182.68583333333333,0.5473878197086984,133.97
2019-09-01,2019-2020,2015-16,06,00,Health,134.58,Health,182.68583333333333,0.5473878197086984,134.58
2019-10-01,2019-2020,2015-16,06,00,Health,135.68,Health,182.68583333333333,0.5473878197086984,135.68
2019-11-01,2019-2020,2015-16,06,00,Health,136.36,Health,182.68583333333333,0.5473878197086984,136.36
2019-12-01,2019-2020,2015-16,06,00,Health,137.1,Health,182.68583333333333,0.5473878197086984,137.1
2020-01-01,2019-2020,2015-16,06,00,Health,137.89,Health,182.68583333333333,0.5473878197086984,137.89
2020-02-01,2019-2020,2015-16,06,00,Health,138.29,Health,182.68583333333333,0.5473878197086984,138.29
2020-03-01,2019-2020,2015-16,06,00,Health,139.56,Health,182.68583333333333,0.5473878197086984,139.56
2020-04-01,2019-2020,2015-16,06,00,Health,139.6,Health,182.68583333333333,0.5473878197086984,139.6
2020-05-01,2019-2020,2015-16,06,00,Health,139.92,Health,182.68583333333333,0.5473878197086984,139.92
2020-06-01,2019-2020,2015-16,06,00,Health,140.28,Health,182.68583333333333,0.5473878197086984,140.28
2020-07-01,2020-2021,2015-16,06,00,Health,141.55,Health,182.68583333333333,0.5473878197086984,141.55
2020-08-01,2020-2021,2015-16,06,00,Health,142.89,Health,182.68583333333333,0.5473878197086984,142.89
2020-09-01,2020-2021,2015-16,06,00,Health,144.31,Health,182.68583333333333,0.5473878197086984,144.31
2020-10-01,2020-2021,2015-16,06,00,Health,145.63,Health,182.68583333333333,0.5473878197086984,145.63
2020-11-01,2020-2021,2015-16,06,00,Health,145.98,Health,182.68583333333333,0.5473878197086984,145.98
2020-12-01,2020-2021,2015-16,06,00,Health,147.24,Health,182.68583333333333,0.5473878197086984,147.24
2021-01-01,2020-2021,2015-16,06,00,Health,148.06,Health,182.68583333333333,0.5473878197086984,148.06
2021-02-01,2020-2021,2015-16,06,00,Health,150.26,Health,182.68583333333333,0.5473878197086984,150.26
2021-03-01,2020-2021,2015-16,06,00,Health,151.94,Health,182.68583333333333,0.5473878197086984,151.94
2021-04-01,2020-2021,2015-16,06,00,Health,152.72,Health,182.68583333333333,0.5473878197086984,152.72
2021-05-01,2020-2021,2015-16,06,00,Health,153.41,Health,182.68583333333333,0.5473878197086984,153.41
2021-06-01,2020-2021,2015-16,06,00,Health,154.68,Health,182.68583333333333,0.5473878197086984,154.68
2021-07-01,2021-2022,2015-16,06,00,Health,155,Health,182.68583333333333,0.5473878197086984,155
2021-08-01,2021-2022,2015-16,06,00,Health,155.91,Health,182.68583333333333,0.5473878197086984,155.91
2021-09-01,2021-2022,2015-16,06,00,Health,156.84,Health,182.68583333333333,0.5473878197086984,156.84
2021-10-01,2021-2022,2015-16,06,00,Health,157.83,Health,182.68583333333333,0.5473878197086984,157.83
2021-11-01,2021-2022,2015-16,06,00,Health,159.57,Health,182.68583333333333,0.5473878197086984,159.57
2021-12-01,2021-2022,2015-16,06,00,Health,162.05,Health,182.68583333333333,0.5473878197086984,162.05
2022-01-01,2021-2022,2015-16,06,00,Health,162.93,Health,182.68583333333333,0.5473878197086984,162.93
2022-02-01,2021-2022,2015-16,06,00,Health,165.61,Health,182.68583333333333,0.5473878197086984,165.61
2022-03-01,2021-2022,2015-16,06,00,Health,167.16,Health,182.68583333333333,0.5473878197086984,167.16
2022-04-01,2021-2022,2015-16,06,00,Health,168.5,Health,182.68583333333333,0.5473878197086984,168.5
2022-05-01,2021-2022,2015-16,06,00,Health,169.14,Health,182.68583333333333,0.5473878197086984,169.14
2022-06-01,2021-2022,2015-16,06,00,Health,171.46,Health,182.68583333333333,0.5473878197086984,171.46
2022-07-01,2022-2023,2015-16,06,00,Health,171.68,Health,182.68583333333333,0.5473878197086984,171.68
2022-08-01,2022-2023,2015-16,06,00,Health,174.36,Health,182.68583333333333,0.5473878197086984,174.36
2022-09-01,2022-2023,2015-16,06,00,Health,176.15,Health,182.68583333333333,0.5473878197086984,176.15
2022-10-01,2022-2023,2015-16,06,00,Health,179.22,Health,182.68583333333333,0.5473878197086984,179.22
2022-11-01,2022-2023,2015-16,06,00,Health,182,Health,182.68583333333333,0.5473878197086984,182
2022-12-01,2022-2023,2015-16,06,00,Health,183.92,Health,182.68583333333333,0.5473878197086984,183.92
2023-01-01,2022-2023,2015-16,06,00,Health,190.17,Health,182.68583333333333,0.5473878197086984,190.17
2023-02-01,2022-2023,2015-16,06,00,Health,196.23,Health,182.68583333333333,0.5473878197086984,196.23
2023-03-01,2022-2023,2015-16,06,00,Health,197.03,Health,182.68583333333333,0.5473878197086984,197.03
2023-04-01,2022-2023,2015-16,06,00,Health,200.69,Health,182.68583333333333,0.5473878197086984,200.69
2023-05-01,2022-2023,2015-16,06,00,Health,201.87,Health,182.68583333333333,0.5473878197086984,201.87
2023-06-01,2022-2023,2015-16,06,00,Health,203.22,Health,182.68583333333333,0.5473878197086984,203.22
2023-07-01,2023-2024,2015-16,06,00,Health,209.2,Health,182.68583333333333,0.5473878197086984,209.2
2023-08-01,2023-2024,2015-16,06,00,Health,213.56,Health,182.68583333333333,0.5473878197086984,213.56
2023-09-01,2023-2024,2015-16,06,00,Health,223.51,Health,182.68583333333333,0.5473878197086984,223.51
2023-10-01,2023-2024,2015-16,06,00,Health,229.53,Health,182.68583333333333,0.5473878197086984,229.53
2023-11-01,2023-2024,2015-16,06,00,Health,232.12,Health,182.68583333333333,0.5473878197086984,232.12
2023-12-01,2023-2024,2015-16,06,00,Health,234.2,Health,182.68583333333333,0.5473878197086984,234.2
2024-01-01,2023-2024,2015-16,06,00,Health,234.72,Health,182.68583333333333,0.5473878197086984,234.72
2024-02-01,2023-2024,2015-16,06,00,Health,235.03,Health,182.68583333333333,0.5473878197086984,235.03
2024-03-01,2023-2024,2015-16,06,00,Health,236.76,Health,182.68583333333333,0.5473878197086984,236.76
2024-04-01,2023-2024,2015-16,06,00,Health,237.26,Health,182.68583333333333,0.5473878197086984,237.26
2024-05-01,2023-2024,2015-16,06,00,Health,243.2,Health,182.68583333333333,0.5473878197086984,243.2
2024-06-01,2023-2024,2015-16,06,00,Health,247.37,Health,182.68583333333333,0.5473878197086984,247.37
2024-07-01,2024-2025,2015-16,06,00,Health,251.47,Health,182.68583333333333,0.5473878197086984,251.47
2024-08-01,2024-2025,2015-16,06,00,Health,253.98,Health,182.68583333333333,0.5473878197086984,253.98
2024-09-01,2024-2025,2015-16,06,00,Health,257.52,Health,182.68583333333333,0.5473878197086984,257.52
2024-10-01,2024-2025,2015-16,06,00,Health,260.72,Health,182.68583333333333,0.5473878197086984,260.72
2024-11-01,2024-2025,2015-16,06,00,Health,267.04,Health,182.68583333333333,0.5473878197086984,267.04
2024-12-01,2024-2025,2015-16,06,00,Health,268.54,Health,182.68583333333333,0.5473878197086984,268.54
2025-01-01,2024-2025,2015-16,06,00,Health,270.5,Health,182.68583333333333,0.5473878197086984,270.5
2025-02-01,2024-2025,2015-16,06,00,Health,271.35,Health,182.68583333333333,0.5473878197086984,271.35
2025-03-01,2024-2025,2015-16,06,00,Health,271.71,Health,182.68583333333333,0.5473878197086984,271.71
2025-04-01,2024-2025,2015-16,06,00,Health,273.81,Health,182.68583333333333,0.5473878197086984,273.81
2025-05-01,2024-2025,2015-16,06,00,Health,274.2,Health,182.68583333333333,0.5473878197086984,274.2
2025-06-01,2024-2025,2015-16,06,00,Health,276.26,Health,182.68583333333333,0.5473878197086984,276.26
2025-07-01,2025-2026,2015-16,06,00,Health,276.72,Health,182.68583333333333,0.5473878197086984,276.72
2025-08-01,2025-2026,2015-16,06,00,Health,278.71,Health,182.68583333333333,0.5473878197086984,278.71
2025-09-01,2025-2026,2015-16,06,00,Health,280.61,Health,182.68583333333333,0.5473878197086984,280.61
2025-10-01,2025-2026,2015-16,06,00,Health,282.04,Health,182.68583333333333,0.5473878197086984,282.04
2025-11-01,2025-2026,2015-16,06,00,Health,285.7,Health,182.68583333333333,0.5473878197086984,285.7
2025-12-01,2025-2026,2015-16,06,00,Health,286.29,Health,182.68583333333333,0.5473878197086984,286.29
2026-01-01,2025-2026,2015-16,06,00,Health,287.22,Health,182.68583333333333,0.5473878197086984,287.22
2026-02-01,2025-2026,2015-16,06,00,Health,288.28,Health,182.68583333333333,0.5473878197086984,288.28
2026-03-01,2025-2026,2015-16,06,00,Health,289.27,Health,182.68583333333333,0.5473878197086984,289.27
2026-04-01,2025-2026,2015-16,06,00,Health,290.64,Health,182.68583333333333,0.5473878197086984,290.64
2026-05-01,2025-2026,2015-16,06,00,Health,292.4,Health,182.68583333333333,0.5473878197086984,292.4
2026-06-01,2025-2026,2015-16,06,00,Health,294.3,Health,182.68583333333333,0.5473878197086984,294.3
2015-07-01,2015-2016,2007-08,07,00,Transport,178.62,Transport,174.255,0.573871624917506,102.50494964276493
2015-08-01,2015-2016,2007-08,07,00,Transport,178.02,Transport,174.255,0.573871624917506,102.16062666781443
2015-09-01,2015-2016,2007-08,07,00,Transport,175.6,Transport,174.255,0.573871624917506,100.77185733551404
2015-10-01,2015-2016,2007-08,07,00,Transport,175.8,Transport,174.255,0.573871624917506,100.88663166049756
2015-11-01,2015-2016,2007-08,07,00,Transport,177.09,Transport,174.255,0.573871624917506,101.62692605664114
2015-12-01,2015-2016,2007-08,07,00,Transport,177.69,Transport,174.255,0.573871624917506,101.97124903159164
2016-01-01,2015-2016,2007-08,07,00,Transport,177.96,Transport,174.255,0.573871624917506,102.12619437031937
2016-02-01,2015-2016,2007-08,07,00,Transport,174.05,Transport,174.255,0.573871624917506,99.88235631689193
2016-03-01,2015-2016,2007-08,07,00,Transport,168.25,Transport,174.255,0.573871624917506,96.55390089237038
2016-04-01,2015-2016,2007-08,07,00,Transport,169.33,Transport,174.255,0.573871624917506,97.17368224728129
2016-05-01,2015-2016,2007-08,07,00,Transport,169.31,Transport,174.255,0.573871624917506,97.16220481478294
2016-06-01,2015-2016,2007-08,07,00,Transport,169.34,Transport,174.255,0.573871624917506,97.17942096353046
2016-07-01,2016-2017,2007-08,07,00,Transport,169.78,Transport,174.255,0.573871624917506,97.43192447849417
2016-08-01,2016-2017,2007-08,07,00,Transport,170.1,Transport,174.255,0.573871624917506,97.61556339846777
2016-09-01,2016-2017,2007-08,07,00,Transport,170.31,Transport,174.255,0.573871624917506,97.73607643970044
2016-10-01,2016-2017,2007-08,07,00,Transport,170.4,Transport,174.255,0.573871624917506,97.78772488594302
2016-11-01,2016-2017,2007-08,07,00,Transport,170.65,Transport,174.255,0.573871624917506,97.9311927921724
2016-12-01,2016-2017,2007-08,07,00,Transport,172.01,Transport,174.255,0.573871624917506,98.71165820206019
2017-01-01,2016-2017,2007-08,07,00,Transport,172.81,Transport,174.255,0.573871624917506,99.17075550199421
2017-02-01,2016-2017,2007-08,07,00,Transport,174.75,Transport,174.255,0.573871624917506,100.28406645433417
2017-03-01,2016-2017,2007-08,07,00,Transport,175.69,Transport,174.255,0.573871624917506,100.82350578175662
2017-04-01,2016-2017,2007-08,07,00,Transport,176.33,Transport,174.255,0.573871624917506,101.19078362170384
2017-05-01,2016-2017,2007-08,07,00,Transport,176.43,Transport,174.255,0.573871624917506,101.24817078419558
2017-06-01,2016-2017,2007-08,07,00,Transport,175.87,Transport,174.255,0.573871624917506,100.92680267424178
2017-07-01,2017-2018,2007-08,07,00,Transport,175.18,Transport,174.255,0.573871624917506,100.5308312530487
2017-08-01,2017-2018,2007-08,07,00,Transport,174.61,Transport,174.255,0.573871624917506,100.20372442684572
2017-09-01,2017-2018,2007-08,07,00,Transport,175.74,Transport,174.255,0.573871624917506,100.85219936300251
2017-10-01,2017-2018,2007-08,07,00,Transport,177.05,Transport,174.255,0.573871624917506,101.60397119164445
2017-11-01,2017-2018,2007-08,07,00,Transport,178.51,Transport,174.255,0.573871624917506,102.441823764024
2017-12-01,2017-2018,2007-08,07,00,Transport,179.67,Transport,174.255,0.573871624917506,103.10751484892829
2018-01-01,2017-2018,2007-08,07,00,Transport,182.63,Transport,174.255,0.573871624917506,104.80617485868412
2018-02-01,2017-2018,2007-08,07,00,Transport,184.47,Transport,174.255,0.573871624917506,105.86209864853232
2018-03-01,2017-2018,2007-08,07,00,Transport,186.98,Transport,174.255,0.573871624917506,107.30251642707526
2018-04-01,2017-2018,2007-08,07,00,Transport,187.48,Transport,174.255,0.573871624917506,107.58945223953401
2018-05-01,2017-2018,2007-08,07,00,Transport,189.16,Transport,174.255,0.573871624917506,108.55355656939543
2018-06-01,2017-2018,2007-08,07,00,Transport,194.64,Transport,174.255,0.573871624917506,111.69837307394336
2018-07-01,2018-2019,2007-08,07,00,Transport,202.71,Transport,174.255,0.573871624917506,116.32951708702764
2018-08-01,2018-2019,2007-08,07,00,Transport,204.74,Transport,174.255,0.573871624917506,117.49447648561018
2018-09-01,2018-2019,2007-08,07,00,Transport,204.94,Transport,174.255,0.573871624917506,117.60925081059368
2018-10-01,2018-2019,2007-08,07,00,Transport,210,Transport,174.255,0.573871624917506,120.51304123267626
2018-11-01,2018-2019,2007-08,07,00,Transport,213.89,Transport,174.255,0.573871624917506,122.74540185360534
2018-12-01,2018-2019,2007-08,07,00,Transport,212.38,Transport,174.255,0.573871624917506,121.87885569997992
2019-01-01,2018-2019,2007-08,07,00,Transport,209.96,Transport,174.255,0.573871624917506,120.49008636767957
2019-02-01,2018-2019,2007-08,07,00,Transport,209.05,Transport,174.255,0.573871624917506,119.96786318900463
2019-03-01,2018-2019,2007-08,07,00,Transport,211.31,Transport,174.255,0.573871624917506,121.2648130613182
2019-04-01,2018-2019,2007-08,07,00,Transport,214.61,Transport,174.255,0.573871624917506,123.15858942354596
2019-05-01,2018-2019,2007-08,07,00,Transport,220.7,Transport,174.255,0.573871624917506,126.65346761929356
2019-06-01,2018-2019,2007-08,07,00,Transport,223.75,Transport,174.255,0.573871624917506,128.40377607529197
2019-07-01,2019-2020,2015-16,07,00,Transport,141.72,Transport,174.255,0.573871624917506,141.72
2019-08-01,2019-2020,2015-16,07,00,Transport,144.36,Transport,174.255,0.573871624917506,144.36
2019-09-01,2019-2020,2015-16,07,00,Transport,142.32,Transport,174.255,0.573871624917506,142.32
2019-10-01,2019-2020,2015-16,07,00,Transport,142.96,Transport,174.255,0.573871624917506,142.96
2019-11-01,2019-2020,2015-16,07,00,Transport,143.6,Transport,174.255,0.573871624917506,143.6
2019-12-01,2019-2020,2015-16,07,00,Transport,145.01,Transport,174.255,0.573871624917506,145.01
2020-01-01,2019-2020,2015-16,07,00,Transport,146.34,Transport,174.255,0.573871624917506,146.34
2020-02-01,2019-2020,2015-16,07,00,Transport,146.55,Transport,174.255,0.573871624917506,146.55
2020-03-01,2019-2020,2015-16,07,00,Transport,139.85,Transport,174.255,0.573871624917506,139.85
2020-04-01,2019-2020,2015-16,07,00,Transport,133.49,Transport,174.255,0.573871624917506,133.49
2020-05-01,2019-2020,2015-16,07,00,Transport,124.89,Transport,174.255,0.573871624917506,124.89
2020-06-01,2019-2020,2015-16,07,00,Transport,123.36,Transport,174.255,0.573871624917506,123.36
2020-07-01,2020-2021,2015-16,07,00,Transport,134.88,Transport,174.255,0.573871624917506,134.88
2020-08-01,2020-2021,2015-16,07,00,Transport,139.08,Transport,174.255,0.573871624917506,139.08
2020-09-01,2020-2021,2015-16,07,00,Transport,140.06,Transport,174.255,0.573871624917506,140.06
2020-10-01,2020-2021,2015-16,07,00,Transport,140.58,Transport,174.255,0.573871624917506,140.58
2020-11-01,2020-2021,2015-16,07,00,Transport,137.2,Transport,174.255,0.573871624917506,137.2
2020-12-01,2020-2021,2015-16,07,00,Transport,139.79,Transport,174.255,0.573871624917506,139.79
2021-01-01,2020-2021,2015-16,07,00,Transport,142.26,Transport,174.255,0.573871624917506,142.26
2021-02-01,2020-2021,2015-16,07,00,Transport,145.36,Transport,174.255,0.573871624917506,145.36
2021-03-01,2020-2021,2015-16,07,00,Transport,144.34,Transport,174.255,0.573871624917506,144.34
2021-04-01,2020-2021,2015-16,07,00,Transport,142.56,Transport,174.255,0.573871624917506,142.56
2021-05-01,2020-2021,2015-16,07,00,Transport,142.67,Transport,174.255,0.573871624917506,142.67
2021-06-01,2020-2021,2015-16,07,00,Transport,144.31,Transport,174.255,0.573871624917506,144.31
2021-07-01,2021-2022,2015-16,07,00,Transport,150.24,Transport,174.255,0.573871624917506,150.24
2021-08-01,2021-2022,2015-16,07,00,Transport,151.29,Transport,174.255,0.573871624917506,151.29
2021-09-01,2021-2022,2015-16,07,00,Transport,153.57,Transport,174.255,0.573871624917506,153.57
2021-10-01,2021-2022,2015-16,07,00,Transport,161.7,Transport,174.255,0.573871624917506,161.7
2021-11-01,2021-2022,2015-16,07,00,Transport,172.43,Transport,174.255,0.573871624917506,172.43
2021-12-01,2021-2022,2015-16,07,00,Transport,174.72,Transport,174.255,0.573871624917506,174.72
2022-01-01,2021-2022,2015-16,07,00,Transport,175.48,Transport,174.255,0.573871624917506,175.48
2022-02-01,2021-2022,2015-16,07,00,Transport,181.41,Transport,174.255,0.573871624917506,181.41
2022-03-01,2021-2022,2015-16,07,00,Transport,182.29,Transport,174.255,0.573871624917506,182.29
2022-04-01,2021-2022,2015-16,07,00,Transport,183.31,Transport,174.255,0.573871624917506,183.31
2022-05-01,2021-2022,2015-16,07,00,Transport,188.65,Transport,174.255,0.573871624917506,188.65
2022-06-01,2021-2022,2015-16,07,00,Transport,233.01,Transport,174.255,0.573871624917506,233.01
2022-07-01,2022-2023,2015-16,07,00,Transport,246.08,Transport,174.255,0.573871624917506,246.08
2022-08-01,2022-2023,2015-16,07,00,Transport,245.69,Transport,174.255,0.573871624917506,245.69
2022-09-01,2022-2023,2015-16,07,00,Transport,250.71,Transport,174.255,0.573871624917506,250.71
2022-10-01,2022-2023,2015-16,07,00,Transport,245.33,Transport,174.255,0.573871624917506,245.33
2022-11-01,2022-2023,2015-16,07,00,Transport,245.03,Transport,174.255,0.573871624917506,245.03
2022-12-01,2022-2023,2015-16,07,00,Transport,243.22,Transport,174.255,0.573871624917506,243.22
2023-01-01,2022-2023,2015-16,07,00,Transport,242.19,Transport,174.255,0.573871624917506,242.19
2023-02-01,2022-2023,2015-16,07,00,Transport,271.89,Transport,174.255,0.573871624917506,271.89
2023-03-01,2022-2023,2015-16,07,00,Transport,281.79,Transport,174.255,0.573871624917506,281.79
2023-04-01,2022-2023,2015-16,07,00,Transport,285.69,Transport,174.255,0.573871624917506,285.69
2023-05-01,2022-2023,2015-16,07,00,Transport,285.67,Transport,174.255,0.573871624917506,285.67
2023-06-01,2022-2023,2015-16,07,00,Transport,279.52,Transport,174.255,0.573871624917506,279.52
2023-07-01,2023-2024,2015-16,07,00,Transport,279.49,Transport,174.255,0.573871624917506,279.49
2023-08-01,2023-2024,2015-16,07,00,Transport,296.49,Transport,174.255,0.573871624917506,296.49
2023-09-01,2023-2024,2015-16,07,00,Transport,319.47,Transport,174.255,0.573871624917506,319.47
2023-10-01,2023-2024,2015-16,07,00,Transport,310.68,Transport,174.255,0.573871624917506,310.68
2023-11-01,2023-2024,2015-16,07,00,Transport,302.48,Transport,174.255,0.573871624917506,302.48
2023-12-01,2023-2024,2015-16,07,00,Transport,305.96,Transport,174.255,0.573871624917506,305.96
2024-01-01,2023-2024,2015-16,07,00,Transport,300.26,Transport,174.255,0.573871624917506,300.26
2024-02-01,2023-2024,2015-16,07,00,Transport,306.81,Transport,174.255,0.573871624917506,306.81
2024-03-01,2023-2024,2015-16,07,00,Transport,305.33,Transport,174.255,0.573871624917506,305.33
2024-04-01,2023-2024,2015-16,07,00,Transport,312.92,Transport,174.255,0.573871624917506,312.92
2024-05-01,2023-2024,2015-16,07,00,Transport,309.36,Transport,174.255,0.573871624917506,309.36
2024-06-01,2023-2024,2015-16,07,00,Transport,303.14,Transport,174.255,0.573871624917506,303.14
2024-07-01,2024-2025,2015-16,07,00,Transport,307.43,Transport,174.255,0.573871624917506,307.43
2024-08-01,2024-2025,2015-16,07,00,Transport,305.69,Transport,174.255,0.573871624917506,305.69
2024-09-01,2024-2025,2015-16,07,00,Transport,299.64,Transport,174.255,0.573871624917506,299.64
2024-10-01,2024-2025,2015-16,07,00,Transport,294.62,Transport,174.255,0.573871624917506,294.62
2024-11-01,2024-2025,2015-16,07,00,Transport,296.81,Transport,174.255,0.573871624917506,296.81
2024-12-01,2024-2025,2015-16,07,00,Transport,300.02,Transport,174.255,0.573871624917506,300.02
2025-01-01,2024-2025,2015-16,07,00,Transport,302.43,Transport,174.255,0.573871624917506,302.43
2025-02-01,2024-2025,2015-16,07,00,Transport,303.09,Transport,174.255,0.573871624917506,303.09
2025-03-01,2024-2025,2015-16,07,00,Transport,302.14,Transport,174.255,0.573871624917506,302.14
2025-04-01,2024-2025,2015-16,07,00,Transport,301.84,Transport,174.255,0.573871624917506,301.84
2025-05-01,2024-2025,2015-16,07,00,Transport,301.57,Transport,174.255,0.573871624917506,301.57
2025-06-01,2024-2025,2015-16,07,00,Transport,304.52,Transport,174.255,0.573871624917506,304.52
2025-07-01,2025-2026,2015-16,07,00,Transport,315.95,Transport,174.255,0.573871624917506,315.95
2025-08-01,2025-2026,2015-16,07,00,Transport,312.8,Transport,174.255,0.573871624917506,312.8
2025-09-01,2025-2026,2015-16,07,00,Transport,311.84,Transport,174.255,0.573871624917506,311.84
2025-10-01,2025-2026,2015-16,07,00,Transport,314.95,Transport,174.255,0.573871624917506,314.95
2025-11-01,2025-2026,2015-16,07,00,Transport,315.13,Transport,174.255,0.573871624917506,315.13
2025-12-01,2025-2026,2015-16,07,00,Transport,315.14,Transport,174.255,0.573871624917506,315.14
2026-01-01,2025-2026,2015-16,07,00,Transport,310.77,Transport,174.255,0.573871624917506,310.77
2026-02-01,2025-2026,2015-16,07,00,Transport,303.91,Transport,174.255,0.573871624917506,303.91
2026-03-01,2025-2026,2015-16,07,00,Transport,340.79,Transport,174.255,0.573871624917506,340.79
2026-04-01,2025-2026,2015-16,07,00,Transport,398.87,Transport,174.255,0.573871624917506,398.87
2026-05-01,2025-2026,2015-16,07,00,Transport,420.75,Transport,174.255,0.573871624917506,420.75
2026-06-01,2025-2026,2015-16,07,00,Transport,390.16,Transport,174.255,0.573871624917506,390.16
2015-07-01,2015-2016,2007-08,08,00,Communication,130.35,Communication,130.5575,0.7659460391015452,99.84106619688642
2015-08-01,2015-2016,2007-08,08,00,Communication,130.36,Communication,130.5575,0.7659460391015452,99.84872565727744
2015-09-01,2015-2016,2007-08,08,00,Communication,130.36,Communication,130.5575,0.7659460391015452,99.84872565727744
2015-10-01,2015-2016,2007-08,08,00,Communication,130.36,Communication,130.5575,0.7659460391015452,99.84872565727744
2015-11-01,2015-2016,2007-08,08,00,Communication,130.39,Communication,130.5575,0.7659460391015452,99.87170403845047
2015-12-01,2015-2016,2007-08,08,00,Communication,130.56,Communication,130.5575,0.7659460391015452,100.00191486509775
2016-01-01,2015-2016,2007-08,08,00,Communication,130.61,Communication,130.5575,0.7659460391015452,100.04021216705283
2016-02-01,2015-2016,2007-08,08,00,Communication,130.57,Communication,130.5575,0.7659460391015452,100.00957432548876
2016-03-01,2015-2016,2007-08,08,00,Communication,130.74,Communication,130.5575,0.7659460391015452,100.13978515213603
2016-04-01,2015-2016,2007-08,08,00,Communication,130.77,Communication,130.5575,0.7659460391015452,100.16276353330908
2016-05-01,2015-2016,2007-08,08,00,Communication,130.77,Communication,130.5575,0.7659460391015452,100.16276353330908
2016-06-01,2015-2016,2007-08,08,00,Communication,130.85,Communication,130.5575,0.7659460391015452,100.22403921643719
2016-07-01,2016-2017,2007-08,08,00,Communication,130.89,Communication,130.5575,0.7659460391015452,100.25467705800125
2016-08-01,2016-2017,2007-08,08,00,Communication,130.9,Communication,130.5575,0.7659460391015452,100.26233651839227
2016-09-01,2016-2017,2007-08,08,00,Communication,130.88,Communication,130.5575,0.7659460391015452,100.24701759761024
2016-10-01,2016-2017,2007-08,08,00,Communication,131.26,Communication,130.5575,0.7659460391015452,100.53807709246882
2016-11-01,2016-2017,2007-08,08,00,Communication,131.52,Communication,130.5575,0.7659460391015452,100.73722306263524
2016-12-01,2016-2017,2007-08,08,00,Communication,131.53,Communication,130.5575,0.7659460391015452,100.74488252302625
2017-01-01,2016-2017,2007-08,08,00,Communication,131.54,Communication,130.5575,0.7659460391015452,100.75254198341726
2017-02-01,2016-2017,2007-08,08,00,Communication,131.58,Communication,130.5575,0.7659460391015452,100.78317982498133
2017-03-01,2016-2017,2007-08,08,00,Communication,132.69,Communication,130.5575,0.7659460391015452,101.63337992838403
2017-04-01,2016-2017,2007-08,08,00,Communication,132.87,Communication,130.5575,0.7659460391015452,101.77125021542231
2017-05-01,2016-2017,2007-08,08,00,Communication,132.87,Communication,130.5575,0.7659460391015452,101.77125021542231
2017-06-01,2016-2017,2007-08,08,00,Communication,132.91,Communication,130.5575,0.7659460391015452,101.80188805698637
2017-07-01,2017-2018,2007-08,08,00,Communication,132.88,Communication,130.5575,0.7659460391015452,101.77890967581332
2017-08-01,2017-2018,2007-08,08,00,Communication,133.03,Communication,130.5575,0.7659460391015452,101.89380158167856
2017-09-01,2017-2018,2007-08,08,00,Communication,133.04,Communication,130.5575,0.7659460391015452,101.90146104206957
2017-10-01,2017-2018,2007-08,08,00,Communication,133.1,Communication,130.5575,0.7659460391015452,101.94741780441566
2017-11-01,2017-2018,2007-08,08,00,Communication,133.14,Communication,130.5575,0.7659460391015452,101.97805564597972
2017-12-01,2017-2018,2007-08,08,00,Communication,133.15,Communication,130.5575,0.7659460391015452,101.98571510637075
2018-01-01,2017-2018,2007-08,08,00,Communication,133.2,Communication,130.5575,0.7659460391015452,102.02401240832582
2018-02-01,2017-2018,2007-08,08,00,Communication,133.28,Communication,130.5575,0.7659460391015452,102.08528809145395
2018-03-01,2017-2018,2007-08,08,00,Communication,133.37,Communication,130.5575,0.7659460391015452,102.15422323497309
2018-04-01,2017-2018,2007-08,08,00,Communication,133.67,Communication,130.5575,0.7659460391015452,102.38400704670354
2018-05-01,2017-2018,2007-08,08,00,Communication,133.67,Communication,130.5575,0.7659460391015452,102.38400704670354
2018-06-01,2017-2018,2007-08,08,00,Communication,133.61,Communication,130.5575,0.7659460391015452,102.33805028435746
2018-07-01,2018-2019,2007-08,08,00,Communication,133.63,Communication,130.5575,0.7659460391015452,102.35336920513949
2018-08-01,2018-2019,2007-08,08,00,Communication,133.78,Communication,130.5575,0.7659460391015452,102.46826111100472
2018-09-01,2018-2019,2007-08,08,00,Communication,133.78,Communication,130.5575,0.7659460391015452,102.46826111100472
2018-10-01,2018-2019,2007-08,08,00,Communication,143.45,Communication,130.5575,0.7659460391015452,109.87495930911666
2018-11-01,2018-2019,2007-08,08,00,Communication,143.57,Communication,130.5575,0.7659460391015452,109.96687283380885
2018-12-01,2018-2019,2007-08,08,00,Communication,143.57,Communication,130.5575,0.7659460391015452,109.96687283380885
2019-01-01,2018-2019,2007-08,08,00,Communication,143.57,Communication,130.5575,0.7659460391015452,109.96687283380885
2019-02-01,2018-2019,2007-08,08,00,Communication,143.63,Communication,130.5575,0.7659460391015452,110.01282959615494
2019-03-01,2018-2019,2007-08,08,00,Communication,143.65,Communication,130.5575,0.7659460391015452,110.02814851693698
2019-04-01,2018-2019,2007-08,08,00,Communication,143.65,Communication,130.5575,0.7659460391015452,110.02814851693698
2019-05-01,2018-2019,2007-08,08,00,Communication,143.78,Communication,130.5575,0.7659460391015452,110.12772150202018
2019-06-01,2018-2019,2007-08,08,00,Communication,145.39,Communication,130.5575,0.7659460391015452,111.36089462497365
2019-07-01,2019-2020,2015-16,08,00,Communication,107.8,Communication,130.5575,0.7659460391015452,107.8
2019-08-01,2019-2020,2015-16,08,00,Communication,107.84,Communication,130.5575,0.7659460391015452,107.84
2019-09-01,2019-2020,2015-16,08,00,Communication,107.88,Communication,130.5575,0.7659460391015452,107.88
2019-10-01,2019-2020,2015-16,08,00,Communication,107.96,Communication,130.5575,0.7659460391015452,107.96
2019-11-01,2019-2020,2015-16,08,00,Communication,107.98,Communication,130.5575,0.7659460391015452,107.98
2019-12-01,2019-2020,2015-16,08,00,Communication,108.18,Communication,130.5575,0.7659460391015452,108.18
2020-01-01,2019-2020,2015-16,08,00,Communication,108.19,Communication,130.5575,0.7659460391015452,108.19
2020-02-01,2019-2020,2015-16,08,00,Communication,108.22,Communication,130.5575,0.7659460391015452,108.22
2020-03-01,2019-2020,2015-16,08,00,Communication,108.22,Communication,130.5575,0.7659460391015452,108.22
2020-04-01,2019-2020,2015-16,08,00,Communication,108.22,Communication,130.5575,0.7659460391015452,108.22
2020-05-01,2019-2020,2015-16,08,00,Communication,108.22,Communication,130.5575,0.7659460391015452,108.22
2020-06-01,2019-2020,2015-16,08,00,Communication,108.22,Communication,130.5575,0.7659460391015452,108.22
2020-07-01,2020-2021,2015-16,08,00,Communication,108.22,Communication,130.5575,0.7659460391015452,108.22
2020-08-01,2020-2021,2015-16,08,00,Communication,108.22,Communication,130.5575,0.7659460391015452,108.22
2020-09-01,2020-2021,2015-16,08,00,Communication,108.23,Communication,130.5575,0.7659460391015452,108.23
2020-10-01,2020-2021,2015-16,08,00,Communication,108.26,Communication,130.5575,0.7659460391015452,108.26
2020-11-01,2020-2021,2015-16,08,00,Communication,108.74,Communication,130.5575,0.7659460391015452,108.74
2020-12-01,2020-2021,2015-16,08,00,Communication,108.8,Communication,130.5575,0.7659460391015452,108.8
2021-01-01,2020-2021,2015-16,08,00,Communication,108.87,Communication,130.5575,0.7659460391015452,108.87
2021-02-01,2020-2021,2015-16,08,00,Communication,108.95,Communication,130.5575,0.7659460391015452,108.95
2021-03-01,2020-2021,2015-16,08,00,Communication,108.95,Communication,130.5575,0.7659460391015452,108.95
2021-04-01,2020-2021,2015-16,08,00,Communication,110.33,Communication,130.5575,0.7659460391015452,110.33
2021-05-01,2020-2021,2015-16,08,00,Communication,110.33,Communication,130.5575,0.7659460391015452,110.33
2021-06-01,2020-2021,2015-16,08,00,Communication,110.36,Communication,130.5575,0.7659460391015452,110.36
2021-07-01,2021-2022,2015-16,08,00,Communication,112.29,Communication,130.5575,0.7659460391015452,112.29
2021-08-01,2021-2022,2015-16,08,00,Communication,112.3,Communication,130.5575,0.7659460391015452,112.3
2021-09-01,2021-2022,2015-16,08,00,Communication,112.32,Communication,130.5575,0.7659460391015452,112.32
2021-10-01,2021-2022,2015-16,08,00,Communication,112.42,Communication,130.5575,0.7659460391015452,112.42
2021-11-01,2021-2022,2015-16,08,00,Communication,112.42,Communication,130.5575,0.7659460391015452,112.42
2021-12-01,2021-2022,2015-16,08,00,Communication,112.43,Communication,130.5575,0.7659460391015452,112.43
2022-01-01,2021-2022,2015-16,08,00,Communication,112.55,Communication,130.5575,0.7659460391015452,112.55
2022-02-01,2021-2022,2015-16,08,00,Communication,112.56,Communication,130.5575,0.7659460391015452,112.56
2022-03-01,2021-2022,2015-16,08,00,Communication,112.57,Communication,130.5575,0.7659460391015452,112.57
2022-04-01,2021-2022,2015-16,08,00,Communication,112.58,Communication,130.5575,0.7659460391015452,112.58
2022-05-01,2021-2022,2015-16,08,00,Communication,112.82,Communication,130.5575,0.7659460391015452,112.82
2022-06-01,2021-2022,2015-16,08,00,Communication,113.09,Communication,130.5575,0.7659460391015452,113.09
2022-07-01,2022-2023,2015-16,08,00,Communication,113.57,Communication,130.5575,0.7659460391015452,113.57
2022-08-01,2022-2023,2015-16,08,00,Communication,113.61,Communication,130.5575,0.7659460391015452,113.61
2022-09-01,2022-2023,2015-16,08,00,Communication,113.68,Communication,130.5575,0.7659460391015452,113.68
2022-10-01,2022-2023,2015-16,08,00,Communication,114.37,Communication,130.5575,0.7659460391015452,114.37
2022-11-01,2022-2023,2015-16,08,00,Communication,114.4,Communication,130.5575,0.7659460391015452,114.4
2022-12-01,2022-2023,2015-16,08,00,Communication,114.49,Communication,130.5575,0.7659460391015452,114.49
2023-01-01,2022-2023,2015-16,08,00,Communication,114.53,Communication,130.5575,0.7659460391015452,114.53
2023-02-01,2022-2023,2015-16,08,00,Communication,117.76,Communication,130.5575,0.7659460391015452,117.76
2023-03-01,2022-2023,2015-16,08,00,Communication,122.1,Communication,130.5575,0.7659460391015452,122.1
2023-04-01,2022-2023,2015-16,08,00,Communication,122.29,Communication,130.5575,0.7659460391015452,122.29
2023-05-01,2022-2023,2015-16,08,00,Communication,123,Communication,130.5575,0.7659460391015452,123
2023-06-01,2022-2023,2015-16,08,00,Communication,123.07,Communication,130.5575,0.7659460391015452,123.07
2023-07-01,2023-2024,2015-16,08,00,Communication,123.76,Communication,130.5575,0.7659460391015452,123.76
2023-08-01,2023-2024,2015-16,08,00,Communication,123.77,Communication,130.5575,0.7659460391015452,123.77
2023-09-01,2023-2024,2015-16,08,00,Communication,124.41,Communication,130.5575,0.7659460391015452,124.41
2023-10-01,2023-2024,2015-16,08,00,Communication,124.83,Communication,130.5575,0.7659460391015452,124.83
2023-11-01,2023-2024,2015-16,08,00,Communication,125,Communication,130.5575,0.7659460391015452,125
2023-12-01,2023-2024,2015-16,08,00,Communication,125.01,Communication,130.5575,0.7659460391015452,125.01
2024-01-01,2023-2024,2015-16,08,00,Communication,138.73,Communication,130.5575,0.7659460391015452,138.73
2024-02-01,2023-2024,2015-16,08,00,Communication,138.73,Communication,130.5575,0.7659460391015452,138.73
2024-03-01,2023-2024,2015-16,08,00,Communication,138.77,Communication,130.5575,0.7659460391015452,138.77
2024-04-01,2023-2024,2015-16,08,00,Communication,138.77,Communication,130.5575,0.7659460391015452,138.77
2024-05-01,2023-2024,2015-16,08,00,Communication,137.91,Communication,130.5575,0.7659460391015452,137.91
2024-06-01,2023-2024,2015-16,08,00,Communication,138.28,Communication,130.5575,0.7659460391015452,138.28
2024-07-01,2024-2025,2015-16,08,00,Communication,138.28,Communication,130.5575,0.7659460391015452,138.28
2024-08-01,2024-2025,2015-16,08,00,Communication,138.3,Communication,130.5575,0.7659460391015452,138.3
2024-09-01,2024-2025,2015-16,08,00,Communication,138.34,Communication,130.5575,0.7659460391015452,138.34
2024-10-01,2024-2025,2015-16,08,00,Communication,138.37,Communication,130.5575,0.7659460391015452,138.37
2024-11-01,2024-2025,2015-16,08,00,Communication,138.39,Communication,130.5575,0.7659460391015452,138.39
2024-12-01,2024-2025,2015-16,08,00,Communication,138.4,Communication,130.5575,0.7659460391015452,138.4
2025-01-01,2024-2025,2015-16,08,00,Communication,138.38,Communication,130.5575,0.7659460391015452,138.38
2025-02-01,2024-2025,2015-16,08,00,Communication,138.38,Communication,130.5575,0.7659460391015452,138.38
2025-03-01,2024-2025,2015-16,08,00,Communication,138.38,Communication,130.5575,0.7659460391015452,138.38
2025-04-01,2024-2025,2015-16,08,00,Communication,138.39,Communication,130.5575,0.7659460391015452,138.39
2025-05-01,2024-2025,2015-16,08,00,Communication,138.43,Communication,130.5575,0.7659460391015452,138.43
2025-06-01,2024-2025,2015-16,08,00,Communication,138.6,Communication,130.5575,0.7659460391015452,138.6
2025-07-01,2025-2026,2015-16,08,00,Communication,138.62,Communication,130.5575,0.7659460391015452,138.62
2025-08-01,2025-2026,2015-16,08,00,Communication,138.68,Communication,130.5575,0.7659460391015452,138.68
2025-09-01,2025-2026,2015-16,08,00,Communication,138.78,Communication,130.5575,0.7659460391015452,138.78
2025-10-01,2025-2026,2015-16,08,00,Communication,138.97,Communication,130.5575,0.7659460391015452,138.97
2025-11-01,2025-2026,2015-16,08,00,Communication,139.02,Communication,130.5575,0.7659460391015452,139.02
2025-12-01,2025-2026,2015-16,08,00,Communication,139.07,Communication,130.5575,0.7659460391015452,139.07
2026-01-01,2025-2026,2015-16,08,00,Communication,139.1,Communication,130.5575,0.7659460391015452,139.1
2026-02-01,2025-2026,2015-16,08,00,Communication,139.11,Communication,130.5575,0.7659460391015452,139.11
2026-03-01,2025-2026,2015-16,08,00,Communication,139.25,Communication,130.5575,0.7659460391015452,139.25
2026-04-01,2025-2026,2015-16,08,00,Communication,139.47,Communication,130.5575,0.7659460391015452,139.47
2026-05-01,2025-2026,2015-16,08,00,Communication,139.76,Communication,130.5575,0.7659460391015452,139.76
2026-06-01,2025-2026,2015-16,08,00,Communication,139.81,Communication,130.5575,0.7659460391015452,139.81
2015-07-01,2015-2016,2007-08,09,00,Recreation and culture,193.01,Recreation & culture,194.19833333333332,0.5149374780078786,99.38808263030064
2015-08-01,2015-2016,2007-08,09,00,Recreation and culture,193.03,Recreation & culture,194.19833333333332,0.5149374780078786,99.39838137986081
2015-09-01,2015-2016,2007-08,09,00,Recreation and culture,193.41,Recreation & culture,194.19833333333332,0.5149374780078786,99.5940576215038
2015-10-01,2015-2016,2007-08,09,00,Recreation and culture,193.55,Recreation & culture,194.19833333333332,0.5149374780078786,99.66614886842491
2015-11-01,2015-2016,2007-08,09,00,Recreation and culture,193.66,Recreation & culture,194.19833333333332,0.5149374780078786,99.72279199100576
2015-12-01,2015-2016,2007-08,09,00,Recreation and culture,193.66,Recreation & culture,194.19833333333332,0.5149374780078786,99.72279199100576
2016-01-01,2015-2016,2007-08,09,00,Recreation and culture,193.8,Recreation & culture,194.19833333333332,0.5149374780078786,99.79488323792688
2016-02-01,2015-2016,2007-08,09,00,Recreation and culture,194.38,Recreation & culture,194.19833333333332,0.5149374780078786,100.09354697517144
2016-03-01,2015-2016,2007-08,09,00,Recreation and culture,194.71,Recreation & culture,194.19833333333332,0.5149374780078786,100.26347634291405
2016-04-01,2015-2016,2007-08,09,00,Recreation and culture,195.68,Recreation & culture,194.19833333333332,0.5149374780078786,100.76296569658169
2016-05-01,2015-2016,2007-08,09,00,Recreation and culture,195.79,Recreation & culture,194.19833333333332,0.5149374780078786,100.81960881916254
2016-06-01,2015-2016,2007-08,09,00,Recreation and culture,195.7,Recreation & culture,194.19833333333332,0.5149374780078786,100.77326444614184
2016-07-01,2016-2017,2007-08,09,00,Recreation and culture,195.67,Recreation & culture,194.19833333333332,0.5149374780078786,100.7578163218016
2016-08-01,2016-2017,2007-08,09,00,Recreation and culture,195.77,Recreation & culture,194.19833333333332,0.5149374780078786,100.8093100696024
2016-09-01,2016-2017,2007-08,09,00,Recreation and culture,196.15,Recreation & culture,194.19833333333332,0.5149374780078786,101.00498631124539
2016-10-01,2016-2017,2007-08,09,00,Recreation and culture,196.21,Recreation & culture,194.19833333333332,0.5149374780078786,101.03588255992587
2016-11-01,2016-2017,2007-08,09,00,Recreation and culture,196.4,Recreation & culture,194.19833333333332,0.5149374780078786,101.13372068074736
2016-12-01,2016-2017,2007-08,09,00,Recreation and culture,196.5,Recreation & culture,194.19833333333332,0.5149374780078786,101.18521442854815
2017-01-01,2016-2017,2007-08,09,00,Recreation and culture,196.73,Recreation & culture,194.19833333333332,0.5149374780078786,101.30365004848996
2017-02-01,2016-2017,2007-08,09,00,Recreation and culture,196.88,Recreation & culture,194.19833333333332,0.5149374780078786,101.38089067019114
2017-03-01,2016-2017,2007-08,09,00,Recreation and culture,197.14,Recreation & culture,194.19833333333332,0.5149374780078786,101.51477441447318
2017-04-01,2016-2017,2007-08,09,00,Recreation and culture,196.02,Recreation & culture,194.19833333333332,0.5149374780078786,100.93804443910436
2017-05-01,2016-2017,2007-08,09,00,Recreation and culture,196.12,Recreation & culture,194.19833333333332,0.5149374780078786,100.98953818690515
2017-06-01,2016-2017,2007-08,09,00,Recreation and culture,196.15,Recreation & culture,194.19833333333332,0.5149374780078786,101.00498631124539
2017-07-01,2017-2018,2007-08,09,00,Recreation and culture,196.09,Recreation & culture,194.19833333333332,0.5149374780078786,100.97409006256491
2017-08-01,2017-2018,2007-08,09,00,Recreation and culture,196.33,Recreation & culture,194.19833333333332,0.5149374780078786,101.0976750572868
2017-09-01,2017-2018,2007-08,09,00,Recreation and culture,196.78,Recreation & culture,194.19833333333332,0.5149374780078786,101.32939692239034
2017-10-01,2017-2018,2007-08,09,00,Recreation and culture,196.83,Recreation & culture,194.19833333333332,0.5149374780078786,101.35514379629075
2017-11-01,2017-2018,2007-08,09,00,Recreation and culture,197.14,Recreation & culture,194.19833333333332,0.5149374780078786,101.51477441447318
2017-12-01,2017-2018,2007-08,09,00,Recreation and culture,197.65,Recreation & culture,194.19833333333332,0.5149374780078786,101.77739252825721
2018-01-01,2017-2018,2007-08,09,00,Recreation and culture,198.46,Recreation & culture,194.19833333333332,0.5149374780078786,102.19449188544358
2018-02-01,2017-2018,2007-08,09,00,Recreation and culture,198.62,Recreation & culture,194.19833333333332,0.5149374780078786,102.27688188192485
2018-03-01,2017-2018,2007-08,09,00,Recreation and culture,200.38,Recreation & culture,194.19833333333332,0.5149374780078786,103.18317184321872
2018-04-01,2017-2018,2007-08,09,00,Recreation and culture,207.96,Recreation & culture,194.19833333333332,0.5149374780078786,107.08639792651843
2018-05-01,2017-2018,2007-08,09,00,Recreation and culture,208.32,Recreation & culture,194.19833333333332,0.5149374780078786,107.27177541860127
2018-06-01,2017-2018,2007-08,09,00,Recreation and culture,208.37,Recreation & culture,194.19833333333332,0.5149374780078786,107.29752229250167
2018-07-01,2018-2019,2007-08,09,00,Recreation and culture,208.71,Recreation & culture,194.19833333333332,0.5149374780078786,107.47260103502434
2018-08-01,2018-2019,2007-08,09,00,Recreation and culture,209.89,Recreation & culture,194.19833333333332,0.5149374780078786,108.08022725907362
2018-09-01,2018-2019,2007-08,09,00,Recreation and culture,210.12,Recreation & culture,194.19833333333332,0.5149374780078786,108.19866287901546
2018-10-01,2018-2019,2007-08,09,00,Recreation and culture,213.73,Recreation & culture,194.19833333333332,0.5149374780078786,110.05758717462389
2018-11-01,2018-2019,2007-08,09,00,Recreation and culture,214.34,Recreation & culture,194.19833333333332,0.5149374780078786,110.3716990362087
2018-12-01,2018-2019,2007-08,09,00,Recreation and culture,214.51,Recreation & culture,194.19833333333332,0.5149374780078786,110.45923840747002
2019-01-01,2018-2019,2007-08,09,00,Recreation and culture,215.3,Recreation & culture,194.19833333333332,0.5149374780078786,110.86603901509626
2019-02-01,2018-2019,2007-08,09,00,Recreation and culture,215.79,Recreation & culture,194.19833333333332,0.5149374780078786,111.11835837932011
2019-03-01,2018-2019,2007-08,09,00,Recreation and culture,219.77,Recreation & culture,194.19833333333332,0.5149374780078786,113.16780954179148
2019-04-01,2018-2019,2007-08,09,00,Recreation and culture,222.37,Recreation & culture,194.19833333333332,0.5149374780078786,114.50664698461196
2019-05-01,2018-2019,2007-08,09,00,Recreation and culture,223.08,Recreation & culture,194.19833333333332,0.5149374780078786,114.87225259399756
2019-06-01,2018-2019,2007-08,09,00,Recreation and culture,223.19,Recreation & culture,194.19833333333332,0.5149374780078786,114.92889571657842
2019-07-01,2019-2020,2015-16,09,00,Recreation and culture,115.31,Recreation & culture,194.19833333333332,0.5149374780078786,115.31
2019-08-01,2019-2020,2015-16,09,00,Recreation and culture,116.23,Recreation & culture,194.19833333333332,0.5149374780078786,116.23
2019-09-01,2019-2020,2015-16,09,00,Recreation and culture,116.63,Recreation & culture,194.19833333333332,0.5149374780078786,116.63
2019-10-01,2019-2020,2015-16,09,00,Recreation and culture,116.89,Recreation & culture,194.19833333333332,0.5149374780078786,116.89
2019-11-01,2019-2020,2015-16,09,00,Recreation and culture,117.14,Recreation & culture,194.19833333333332,0.5149374780078786,117.14
2019-12-01,2019-2020,2015-16,09,00,Recreation and culture,117.22,Recreation & culture,194.19833333333332,0.5149374780078786,117.22
2020-01-01,2019-2020,2015-16,09,00,Recreation and culture,117.24,Recreation & culture,194.19833333333332,0.5149374780078786,117.24
2020-02-01,2019-2020,2015-16,09,00,Recreation and culture,117.38,Recreation & culture,194.19833333333332,0.5149374780078786,117.38
2020-03-01,2019-2020,2015-16,09,00,Recreation and culture,118.01,Recreation & culture,194.19833333333332,0.5149374780078786,118.01
2020-04-01,2019-2020,2015-16,09,00,Recreation and culture,118.08,Recreation & culture,194.19833333333332,0.5149374780078786,118.08
2020-05-01,2019-2020,2015-16,09,00,Recreation and culture,118.12,Recreation & culture,194.19833333333332,0.5149374780078786,118.12
2020-06-01,2019-2020,2015-16,09,00,Recreation and culture,118.29,Recreation & culture,194.19833333333332,0.5149374780078786,118.29
2020-07-01,2020-2021,2015-16,09,00,Recreation and culture,118.86,Recreation & culture,194.19833333333332,0.5149374780078786,118.86
2020-08-01,2020-2021,2015-16,09,00,Recreation and culture,119.36,Recreation & culture,194.19833333333332,0.5149374780078786,119.36
2020-09-01,2020-2021,2015-16,09,00,Recreation and culture,120.03,Recreation & culture,194.19833333333332,0.5149374780078786,120.03
2020-10-01,2020-2021,2015-16,09,00,Recreation and culture,120.33,Recreation & culture,194.19833333333332,0.5149374780078786,120.33
2020-11-01,2020-2021,2015-16,09,00,Recreation and culture,120.84,Recreation & culture,194.19833333333332,0.5149374780078786,120.84
2020-12-01,2020-2021,2015-16,09,00,Recreation and culture,121.05,Recreation & culture,194.19833333333332,0.5149374780078786,121.05
2021-01-01,2020-2021,2015-16,09,00,Recreation and culture,121.14,Recreation & culture,194.19833333333332,0.5149374780078786,121.14
2021-02-01,2020-2021,2015-16,09,00,Recreation and culture,121.56,Recreation & culture,194.19833333333332,0.5149374780078786,121.56
2021-03-01,2020-2021,2015-16,09,00,Recreation and culture,121.89,Recreation & culture,194.19833333333332,0.5149374780078786,121.89
2021-04-01,2020-2021,2015-16,09,00,Recreation and culture,121.91,Recreation & culture,194.19833333333332,0.5149374780078786,121.91
2021-05-01,2020-2021,2015-16,09,00,Recreation and culture,122.15,Recreation & culture,194.19833333333332,0.5149374780078786,122.15
2021-06-01,2020-2021,2015-16,09,00,Recreation and culture,124.35,Recreation & culture,194.19833333333332,0.5149374780078786,124.35
2021-07-01,2021-2022,2015-16,09,00,Recreation and culture,125.24,Recreation & culture,194.19833333333332,0.5149374780078786,125.24
2021-08-01,2021-2022,2015-16,09,00,Recreation and culture,125.93,Recreation & culture,194.19833333333332,0.5149374780078786,125.93
2021-09-01,2021-2022,2015-16,09,00,Recreation and culture,127.58,Recreation & culture,194.19833333333332,0.5149374780078786,127.58
2021-10-01,2021-2022,2015-16,09,00,Recreation and culture,129.48,Recreation & culture,194.19833333333332,0.5149374780078786,129.48
2021-11-01,2021-2022,2015-16,09,00,Recreation and culture,129.92,Recreation & culture,194.19833333333332,0.5149374780078786,129.92
2021-12-01,2021-2022,2015-16,09,00,Recreation and culture,130.62,Recreation & culture,194.19833333333332,0.5149374780078786,130.62
2022-01-01,2021-2022,2015-16,09,00,Recreation and culture,130.97,Recreation & culture,194.19833333333332,0.5149374780078786,130.97
2022-02-01,2021-2022,2015-16,09,00,Recreation and culture,131.23,Recreation & culture,194.19833333333332,0.5149374780078786,131.23
2022-03-01,2021-2022,2015-16,09,00,Recreation and culture,132.47,Recreation & culture,194.19833333333332,0.5149374780078786,132.47
2022-04-01,2021-2022,2015-16,09,00,Recreation and culture,132.71,Recreation & culture,194.19833333333332,0.5149374780078786,132.71
2022-05-01,2021-2022,2015-16,09,00,Recreation and culture,136.64,Recreation & culture,194.19833333333332,0.5149374780078786,136.64
2022-06-01,2021-2022,2015-16,09,00,Recreation and culture,140.84,Recreation & culture,194.19833333333332,0.5149374780078786,140.84
2022-07-01,2022-2023,2015-16,09,00,Recreation and culture,142.58,Recreation & culture,194.19833333333332,0.5149374780078786,142.58
2022-08-01,2022-2023,2015-16,09,00,Recreation and culture,151.58,Recreation & culture,194.19833333333332,0.5149374780078786,151.58
2022-09-01,2022-2023,2015-16,09,00,Recreation and culture,154.54,Recreation & culture,194.19833333333332,0.5149374780078786,154.54
2022-10-01,2022-2023,2015-16,09,00,Recreation and culture,157.14,Recreation & culture,194.19833333333332,0.5149374780078786,157.14
2022-11-01,2022-2023,2015-16,09,00,Recreation and culture,158.91,Recreation & culture,194.19833333333332,0.5149374780078786,158.91
2022-12-01,2022-2023,2015-16,09,00,Recreation and culture,180.24,Recreation & culture,194.19833333333332,0.5149374780078786,180.24
2023-01-01,2022-2023,2015-16,09,00,Recreation and culture,188.05,Recreation & culture,194.19833333333332,0.5149374780078786,188.05
2023-02-01,2022-2023,2015-16,09,00,Recreation and culture,194.76,Recreation & culture,194.19833333333332,0.5149374780078786,194.76
2023-03-01,2022-2023,2015-16,09,00,Recreation and culture,200.57,Recreation & culture,194.19833333333332,0.5149374780078786,200.57
2023-04-01,2022-2023,2015-16,09,00,Recreation and culture,223.56,Recreation & culture,194.19833333333332,0.5149374780078786,223.56
2023-05-01,2022-2023,2015-16,09,00,Recreation and culture,234.43,Recreation & culture,194.19833333333332,0.5149374780078786,234.43
2023-06-01,2022-2023,2015-16,09,00,Recreation and culture,235.57,Recreation & culture,194.19833333333332,0.5149374780078786,235.57
2023-07-01,2023-2024,2015-16,09,00,Recreation and culture,236.46,Recreation & culture,194.19833333333332,0.5149374780078786,236.46
2023-08-01,2023-2024,2015-16,09,00,Recreation and culture,245.05,Recreation & culture,194.19833333333332,0.5149374780078786,245.05
2023-09-01,2023-2024,2015-16,09,00,Recreation and culture,245.62,Recreation & culture,194.19833333333332,0.5149374780078786,245.62
2023-10-01,2023-2024,2015-16,09,00,Recreation and culture,245.87,Recreation & culture,194.19833333333332,0.5149374780078786,245.87
2023-11-01,2023-2024,2015-16,09,00,Recreation and culture,245.81,Recreation & culture,194.19833333333332,0.5149374780078786,245.81
2023-12-01,2023-2024,2015-16,09,00,Recreation and culture,245.92,Recreation & culture,194.19833333333332,0.5149374780078786,245.92
2024-01-01,2023-2024,2015-16,09,00,Recreation and culture,246.06,Recreation & culture,194.19833333333332,0.5149374780078786,246.06
2024-02-01,2023-2024,2015-16,09,00,Recreation and culture,246,Recreation & culture,194.19833333333332,0.5149374780078786,246
2024-03-01,2023-2024,2015-16,09,00,Recreation and culture,246.16,Recreation & culture,194.19833333333332,0.5149374780078786,246.16
2024-04-01,2023-2024,2015-16,09,00,Recreation and culture,247.36,Recreation & culture,194.19833333333332,0.5149374780078786,247.36
2024-05-01,2023-2024,2015-16,09,00,Recreation and culture,251.25,Recreation & culture,194.19833333333332,0.5149374780078786,251.25
2024-06-01,2023-2024,2015-16,09,00,Recreation and culture,255.02,Recreation & culture,194.19833333333332,0.5149374780078786,255.02
2024-07-01,2024-2025,2015-16,09,00,Recreation and culture,256.42,Recreation & culture,194.19833333333332,0.5149374780078786,256.42
2024-08-01,2024-2025,2015-16,09,00,Recreation and culture,259.63,Recreation & culture,194.19833333333332,0.5149374780078786,259.63
2024-09-01,2024-2025,2015-16,09,00,Recreation and culture,259.42,Recreation & culture,194.19833333333332,0.5149374780078786,259.42
2024-10-01,2024-2025,2015-16,09,00,Recreation and culture,259.72,Recreation & culture,194.19833333333332,0.5149374780078786,259.72
2024-11-01,2024-2025,2015-16,09,00,Recreation and culture,260.05,Recreation & culture,194.19833333333332,0.5149374780078786,260.05
2024-12-01,2024-2025,2015-16,09,00,Recreation and culture,260.51,Recreation & culture,194.19833333333332,0.5149374780078786,260.51
2025-01-01,2024-2025,2015-16,09,00,Recreation and culture,260.67,Recreation & culture,194.19833333333332,0.5149374780078786,260.67
2025-02-01,2024-2025,2015-16,09,00,Recreation and culture,260.96,Recreation & culture,194.19833333333332,0.5149374780078786,260.96
2025-03-01,2024-2025,2015-16,09,00,Recreation and culture,258.99,Recreation & culture,194.19833333333332,0.5149374780078786,258.99
2025-04-01,2024-2025,2015-16,09,00,Recreation and culture,261.43,Recreation & culture,194.19833333333332,0.5149374780078786,261.43
2025-05-01,2024-2025,2015-16,09,00,Recreation and culture,250.5,Recreation & culture,194.19833333333332,0.5149374780078786,250.5
2025-06-01,2024-2025,2015-16,09,00,Recreation and culture,250.36,Recreation & culture,194.19833333333332,0.5149374780078786,250.36
2025-07-01,2025-2026,2015-16,09,00,Recreation and culture,250.53,Recreation & culture,194.19833333333332,0.5149374780078786,250.53
2025-08-01,2025-2026,2015-16,09,00,Recreation and culture,251.61,Recreation & culture,194.19833333333332,0.5149374780078786,251.61
2025-09-01,2025-2026,2015-16,09,00,Recreation and culture,250.7,Recreation & culture,194.19833333333332,0.5149374780078786,250.7
2025-10-01,2025-2026,2015-16,09,00,Recreation and culture,248.77,Recreation & culture,194.19833333333332,0.5149374780078786,248.77
2025-11-01,2025-2026,2015-16,09,00,Recreation and culture,248.81,Recreation & culture,194.19833333333332,0.5149374780078786,248.81
2025-12-01,2025-2026,2015-16,09,00,Recreation and culture,249.17,Recreation & culture,194.19833333333332,0.5149374780078786,249.17
2026-01-01,2025-2026,2015-16,09,00,Recreation and culture,249.18,Recreation & culture,194.19833333333332,0.5149374780078786,249.18
2026-02-01,2025-2026,2015-16,09,00,Recreation and culture,249.21,Recreation & culture,194.19833333333332,0.5149374780078786,249.21
2026-03-01,2025-2026,2015-16,09,00,Recreation and culture,249.7,Recreation & culture,194.19833333333332,0.5149374780078786,249.7
2026-04-01,2025-2026,2015-16,09,00,Recreation and culture,249.8,Recreation & culture,194.19833333333332,0.5149374780078786,249.8
2026-05-01,2025-2026,2015-16,09,00,Recreation and culture,250.24,Recreation & culture,194.19833333333332,0.5149374780078786,250.24
2026-06-01,2025-2026,2015-16,09,00,Recreation and culture,252.1,Recreation & culture,194.19833333333332,0.5149374780078786,252.1
2015-07-01,2015-2016,2007-08,10,00,Education,209.17,Education,213.01666666666665,0.4694468351459198,98.19419450747203
2015-08-01,2015-2016,2007-08,10,00,Education,209.23,Education,213.01666666666665,0.4694468351459198,98.22236131758079
2015-09-01,2015-2016,2007-08,10,00,Education,209.22,Education,213.01666666666665,0.4694468351459198,98.21766684922933
2015-10-01,2015-2016,2007-08,10,00,Education,209.25,Education,213.01666666666665,0.4694468351459198,98.23175025428371
2015-11-01,2015-2016,2007-08,10,00,Education,209.25,Education,213.01666666666665,0.4694468351459198,98.23175025428371
2015-12-01,2015-2016,2007-08,10,00,Education,209.31,Education,213.01666666666665,0.4694468351459198,98.25991706439247
2016-01-01,2015-2016,2007-08,10,00,Education,209.36,Education,213.01666666666665,0.4694468351459198,98.28338940614977
2016-02-01,2015-2016,2007-08,10,00,Education,210.15,Education,213.01666666666665,0.4694468351459198,98.65425240591505
2016-03-01,2015-2016,2007-08,10,00,Education,210.99,Education,213.01666666666665,0.4694468351459198,99.04858774743762
2016-04-01,2015-2016,2007-08,10,00,Education,221.48,Education,213.01666666666665,0.4694468351459198,103.9730850481183
2016-05-01,2015-2016,2007-08,10,00,Education,224.19,Education,213.01666666666665,0.4694468351459198,105.24528597136376
2016-06-01,2015-2016,2007-08,10,00,Education,224.6,Education,213.01666666666665,0.4694468351459198,105.43775917377359
2016-07-01,2016-2017,2007-08,10,00,Education,224.09,Education,213.01666666666665,0.4694468351459198,105.19834128784916
2016-08-01,2016-2017,2007-08,10,00,Education,225.17,Education,213.01666666666665,0.4694468351459198,105.70534386980675
2016-09-01,2016-2017,2007-08,10,00,Education,230.54,Education,213.01666666666665,0.4694468351459198,108.22627337454034
2016-10-01,2016-2017,2007-08,10,00,Education,232.15,Education,213.01666666666665,0.4694468351459198,108.98208277912528
2016-11-01,2016-2017,2007-08,10,00,Education,233.4,Education,213.01666666666665,0.4694468351459198,109.56889132305768
2016-12-01,2016-2017,2007-08,10,00,Education,233.4,Education,213.01666666666665,0.4694468351459198,109.56889132305768
2017-01-01,2016-2017,2007-08,10,00,Education,233.41,Education,213.01666666666665,0.4694468351459198,109.57358579140913
2017-02-01,2016-2017,2007-08,10,00,Education,233.96,Education,213.01666666666665,0.4694468351459198,109.8317815507394
2017-03-01,2016-2017,2007-08,10,00,Education,233.98,Education,213.01666666666665,0.4694468351459198,109.84117048744231
2017-04-01,2016-2017,2007-08,10,00,Education,249.2,Education,213.01666666666665,0.4694468351459198,116.9861513183632
2017-05-01,2016-2017,2007-08,10,00,Education,249.23,Education,213.01666666666665,0.4694468351459198,117.00023472341758
2017-06-01,2016-2017,2007-08,10,00,Education,249.26,Education,213.01666666666665,0.4694468351459198,117.01431812847196
2017-07-01,2017-2018,2007-08,10,00,Education,249.54,Education,213.01666666666665,0.4694468351459198,117.14576324231282
2017-08-01,2017-2018,2007-08,10,00,Education,249.61,Education,213.01666666666665,0.4694468351459198,117.17862452077304
2017-09-01,2017-2018,2007-08,10,00,Education,249.61,Education,213.01666666666665,0.4694468351459198,117.17862452077304
2017-10-01,2017-2018,2007-08,10,00,Education,258.75,Education,213.01666666666665,0.4694468351459198,121.46936859400674
2017-11-01,2017-2018,2007-08,10,00,Education,262.35,Education,213.01666666666665,0.4694468351459198,123.15937720053206
2017-12-01,2017-2018,2007-08,10,00,Education,262.35,Education,213.01666666666665,0.4694468351459198,123.15937720053206
2018-01-01,2017-2018,2007-08,10,00,Education,262.35,Education,213.01666666666665,0.4694468351459198,123.15937720053206
2018-02-01,2017-2018,2007-08,10,00,Education,262.35,Education,213.01666666666665,0.4694468351459198,123.15937720053206
2018-03-01,2017-2018,2007-08,10,00,Education,275.17,Education,213.01666666666665,0.4694468351459198,129.17768562710276
2018-04-01,2017-2018,2007-08,10,00,Education,281.57,Education,213.01666666666665,0.4694468351459198,132.18214537203664
2018-05-01,2017-2018,2007-08,10,00,Education,281.88,Education,213.01666666666665,0.4694468351459198,132.32767389093186
2018-06-01,2017-2018,2007-08,10,00,Education,281.89,Education,213.01666666666665,0.4694468351459198,132.33236835928332
2018-07-01,2018-2019,2007-08,10,00,Education,281.89,Education,213.01666666666665,0.4694468351459198,132.33236835928332
2018-08-01,2018-2019,2007-08,10,00,Education,281.89,Education,213.01666666666665,0.4694468351459198,132.33236835928332
2018-09-01,2018-2019,2007-08,10,00,Education,287.41,Education,213.01666666666665,0.4694468351459198,134.92371488928882
2018-10-01,2018-2019,2007-08,10,00,Education,288.62,Education,213.01666666666665,0.4694468351459198,135.49174555981537
2018-11-01,2018-2019,2007-08,10,00,Education,288.62,Education,213.01666666666665,0.4694468351459198,135.49174555981537
2018-12-01,2018-2019,2007-08,10,00,Education,289.54,Education,213.01666666666665,0.4694468351459198,135.92363664814962
2019-01-01,2018-2019,2007-08,10,00,Education,288.68,Education,213.01666666666665,0.4694468351459198,135.51991236992413
2019-02-01,2018-2019,2007-08,10,00,Education,289.13,Education,213.01666666666665,0.4694468351459198,135.73116344573978
2019-03-01,2018-2019,2007-08,10,00,Education,292.02,Education,213.01666666666665,0.4694468351459198,137.0878647993115
2019-04-01,2018-2019,2007-08,10,00,Education,297.27,Education,213.01666666666665,0.4694468351459198,139.55246068382758
2019-05-01,2018-2019,2007-08,10,00,Education,297.27,Education,213.01666666666665,0.4694468351459198,139.55246068382758
2019-06-01,2018-2019,2007-08,10,00,Education,297.27,Education,213.01666666666665,0.4694468351459198,139.55246068382758
2019-07-01,2019-2020,2015-16,10,00,Education,143.47,Education,213.01666666666665,0.4694468351459198,143.47
2019-08-01,2019-2020,2015-16,10,00,Education,143.62,Education,213.01666666666665,0.4694468351459198,143.62
2019-09-01,2019-2020,2015-16,10,00,Education,144.16,Education,213.01666666666665,0.4694468351459198,144.16
2019-10-01,2019-2020,2015-16,10,00,Education,144.43,Education,213.01666666666665,0.4694468351459198,144.43
2019-11-01,2019-2020,2015-16,10,00,Education,144.63,Education,213.01666666666665,0.4694468351459198,144.63
2019-12-01,2019-2020,2015-16,10,00,Education,144.67,Education,213.01666666666665,0.4694468351459198,144.67
2020-01-01,2019-2020,2015-16,10,00,Education,144.71,Education,213.01666666666665,0.4694468351459198,144.71
2020-02-01,2019-2020,2015-16,10,00,Education,144.71,Education,213.01666666666665,0.4694468351459198,144.71
2020-03-01,2019-2020,2015-16,10,00,Education,144.98,Education,213.01666666666665,0.4694468351459198,144.98
2020-04-01,2019-2020,2015-16,10,00,Education,144.98,Education,213.01666666666665,0.4694468351459198,144.98
2020-05-01,2019-2020,2015-16,10,00,Education,144.98,Education,213.01666666666665,0.4694468351459198,144.98
2020-06-01,2019-2020,2015-16,10,00,Education,144.98,Education,213.01666666666665,0.4694468351459198,144.98
2020-07-01,2020-2021,2015-16,10,00,Education,144.98,Education,213.01666666666665,0.4694468351459198,144.98
2020-08-01,2020-2021,2015-16,10,00,Education,145.07,Education,213.01666666666665,0.4694468351459198,145.07
2020-09-01,2020-2021,2015-16,10,00,Education,145.49,Education,213.01666666666665,0.4694468351459198,145.49
2020-10-01,2020-2021,2015-16,10,00,Education,146.16,Education,213.01666666666665,0.4694468351459198,146.16
2020-11-01,2020-2021,2015-16,10,00,Education,146.16,Education,213.01666666666665,0.4694468351459198,146.16
2020-12-01,2020-2021,2015-16,10,00,Education,146.16,Education,213.01666666666665,0.4694468351459198,146.16
2021-01-01,2020-2021,2015-16,10,00,Education,146.25,Education,213.01666666666665,0.4694468351459198,146.25
2021-02-01,2020-2021,2015-16,10,00,Education,146.26,Education,213.01666666666665,0.4694468351459198,146.26
2021-03-01,2020-2021,2015-16,10,00,Education,146.26,Education,213.01666666666665,0.4694468351459198,146.26
2021-04-01,2020-2021,2015-16,10,00,Education,146.71,Education,213.01666666666665,0.4694468351459198,146.71
2021-05-01,2020-2021,2015-16,10,00,Education,146.71,Education,213.01666666666665,0.4694468351459198,146.71
2021-06-01,2020-2021,2015-16,10,00,Education,146.89,Education,213.01666666666665,0.4694468351459198,146.89
2021-07-01,2021-2022,2015-16,10,00,Education,147.13,Education,213.01666666666665,0.4694468351459198,147.13
2021-08-01,2021-2022,2015-16,10,00,Education,148.72,Education,213.01666666666665,0.4694468351459198,148.72
2021-09-01,2021-2022,2015-16,10,00,Education,148.76,Education,213.01666666666665,0.4694468351459198,148.76
2021-10-01,2021-2022,2015-16,10,00,Education,148.99,Education,213.01666666666665,0.4694468351459198,148.99
2021-11-01,2021-2022,2015-16,10,00,Education,149.34,Education,213.01666666666665,0.4694468351459198,149.34
2021-12-01,2021-2022,2015-16,10,00,Education,150.01,Education,213.01666666666665,0.4694468351459198,150.01
2022-01-01,2021-2022,2015-16,10,00,Education,150.69,Education,213.01666666666665,0.4694468351459198,150.69
2022-02-01,2021-2022,2015-16,10,00,Education,150.87,Education,213.01666666666665,0.4694468351459198,150.87
2022-03-01,2021-2022,2015-16,10,00,Education,159.39,Education,213.01666666666665,0.4694468351459198,159.39
2022-04-01,2021-2022,2015-16,10,00,Education,160.26,Education,213.01666666666665,0.4694468351459198,160.26
2022-05-01,2021-2022,2015-16,10,00,Education,161.96,Education,213.01666666666665,0.4694468351459198,161.96
2022-06-01,2021-2022,2015-16,10,00,Education,162.1,Education,213.01666666666665,0.4694468351459198,162.1
2022-07-01,2022-2023,2015-16,10,00,Education,162.6,Education,213.01666666666665,0.4694468351459198,162.6
2022-08-01,2022-2023,2015-16,10,00,Education,163.68,Education,213.01666666666665,0.4694468351459198,163.68
2022-09-01,2022-2023,2015-16,10,00,Education,163.69,Education,213.01666666666665,0.4694468351459198,163.69
2022-10-01,2022-2023,2015-16,10,00,Education,165.49,Education,213.01666666666665,0.4694468351459198,165.49
2022-11-01,2022-2023,2015-16,10,00,Education,165.87,Education,213.01666666666665,0.4694468351459198,165.87
2022-12-01,2022-2023,2015-16,10,00,Education,166.24,Education,213.01666666666665,0.4694468351459198,166.24
2023-01-01,2022-2023,2015-16,10,00,Education,166.36,Education,213.01666666666665,0.4694468351459198,166.36
2023-02-01,2022-2023,2015-16,10,00,Education,166.56,Education,213.01666666666665,0.4694468351459198,166.56
2023-03-01,2022-2023,2015-16,10,00,Education,168.64,Education,213.01666666666665,0.4694468351459198,168.64
2023-04-01,2022-2023,2015-16,10,00,Education,169.92,Education,213.01666666666665,0.4694468351459198,169.92
2023-05-01,2022-2023,2015-16,10,00,Education,171.25,Education,213.01666666666665,0.4694468351459198,171.25
2023-06-01,2022-2023,2015-16,10,00,Education,171.65,Education,213.01666666666665,0.4694468351459198,171.65
2023-07-01,2023-2024,2015-16,10,00,Education,171.66,Education,213.01666666666665,0.4694468351459198,171.66
2023-08-01,2023-2024,2015-16,10,00,Education,177.89,Education,213.01666666666665,0.4694468351459198,177.89
2023-09-01,2023-2024,2015-16,10,00,Education,178.55,Education,213.01666666666665,0.4694468351459198,178.55
2023-10-01,2023-2024,2015-16,10,00,Education,184.31,Education,213.01666666666665,0.4694468351459198,184.31
2023-11-01,2023-2024,2015-16,10,00,Education,186.73,Education,213.01666666666665,0.4694468351459198,186.73
2023-12-01,2023-2024,2015-16,10,00,Education,187.28,Education,213.01666666666665,0.4694468351459198,187.28
2024-01-01,2023-2024,2015-16,10,00,Education,187.42,Education,213.01666666666665,0.4694468351459198,187.42
2024-02-01,2023-2024,2015-16,10,00,Education,187.42,Education,213.01666666666665,0.4694468351459198,187.42
2024-03-01,2023-2024,2015-16,10,00,Education,188.09,Education,213.01666666666665,0.4694468351459198,188.09
2024-04-01,2023-2024,2015-16,10,00,Education,192.49,Education,213.01666666666665,0.4694468351459198,192.49
2024-05-01,2023-2024,2015-16,10,00,Education,194.43,Education,213.01666666666665,0.4694468351459198,194.43
2024-06-01,2023-2024,2015-16,10,00,Education,194.55,Education,213.01666666666665,0.4694468351459198,194.55
2024-07-01,2024-2025,2015-16,10,00,Education,194.55,Education,213.01666666666665,0.4694468351459198,194.55
2024-08-01,2024-2025,2015-16,10,00,Education,195.37,Education,213.01666666666665,0.4694468351459198,195.37
2024-09-01,2024-2025,2015-16,10,00,Education,195.66,Education,213.01666666666665,0.4694468351459198,195.66
2024-10-01,2024-2025,2015-16,10,00,Education,195.98,Education,213.01666666666665,0.4694468351459198,195.98
2024-11-01,2024-2025,2015-16,10,00,Education,199.91,Education,213.01666666666665,0.4694468351459198,199.91
2024-12-01,2024-2025,2015-16,10,00,Education,199.96,Education,213.01666666666665,0.4694468351459198,199.96
2025-01-01,2024-2025,2015-16,10,00,Education,200.02,Education,213.01666666666665,0.4694468351459198,200.02
2025-02-01,2024-2025,2015-16,10,00,Education,200.61,Education,213.01666666666665,0.4694468351459198,200.61
2025-03-01,2024-2025,2015-16,10,00,Education,203.07,Education,213.01666666666665,0.4694468351459198,203.07
2025-04-01,2024-2025,2015-16,10,00,Education,211.42,Education,213.01666666666665,0.4694468351459198,211.42
2025-05-01,2024-2025,2015-16,10,00,Education,212.23,Education,213.01666666666665,0.4694468351459198,212.23
2025-06-01,2024-2025,2015-16,10,00,Education,212.44,Education,213.01666666666665,0.4694468351459198,212.44
2025-07-01,2025-2026,2015-16,10,00,Education,212.7,Education,213.01666666666665,0.4694468351459198,212.7
2025-08-01,2025-2026,2015-16,10,00,Education,216.13,Education,213.01666666666665,0.4694468351459198,216.13
2025-09-01,2025-2026,2015-16,10,00,Education,216.28,Education,213.01666666666665,0.4694468351459198,216.28
2025-10-01,2025-2026,2015-16,10,00,Education,216.38,Education,213.01666666666665,0.4694468351459198,216.38
2025-11-01,2025-2026,2015-16,10,00,Education,216.38,Education,213.01666666666665,0.4694468351459198,216.38
2025-12-01,2025-2026,2015-16,10,00,Education,218.2,Education,213.01666666666665,0.4694468351459198,218.2
2026-01-01,2025-2026,2015-16,10,00,Education,218.2,Education,213.01666666666665,0.4694468351459198,218.2
2026-02-01,2025-2026,2015-16,10,00,Education,218.23,Education,213.01666666666665,0.4694468351459198,218.23
2026-03-01,2025-2026,2015-16,10,00,Education,221.05,Education,213.01666666666665,0.4694468351459198,221.05
2026-04-01,2025-2026,2015-16,10,00,Education,227.74,Education,213.01666666666665,0.4694468351459198,227.74
2026-05-01,2025-2026,2015-16,10,00,Education,229.64,Education,213.01666666666665,0.4694468351459198,229.64
2026-06-01,2025-2026,2015-16,10,00,Education,229.95,Education,213.01666666666665,0.4694468351459198,229.95
2015-07-01,2015-2016,2007-08,11,00,Restaurants and hotels,249.7,Restaurants & hotels,256.7866666666667,0.3894283192273742,97.24025131107533
2015-08-01,2015-2016,2007-08,11,00,Restaurants and hotels,250.26,Restaurants & hotels,256.7866666666667,0.3894283192273742,97.45833116984267
2015-09-01,2015-2016,2007-08,11,00,Restaurants and hotels,251.29,Restaurants & hotels,256.7866666666667,0.3894283192273742,97.85944233864686
2015-10-01,2015-2016,2007-08,11,00,Restaurants and hotels,253.3,Restaurants & hotels,256.7866666666667,0.3894283192273742,98.6421932602939
2015-11-01,2015-2016,2007-08,11,00,Restaurants and hotels,254.36,Restaurants & hotels,256.7866666666667,0.3894283192273742,99.0549872786749
2015-12-01,2015-2016,2007-08,11,00,Restaurants and hotels,255.77,Restaurants & hotels,256.7866666666667,0.3894283192273742,99.6040812087855
2016-01-01,2015-2016,2007-08,11,00,Restaurants and hotels,257.11,Restaurants & hotels,256.7866666666667,0.3894283192273742,100.12591515655019
2016-02-01,2015-2016,2007-08,11,00,Restaurants and hotels,259.39,Restaurants & hotels,256.7866666666667,0.3894283192273742,101.01381172438859
2016-03-01,2015-2016,2007-08,11,00,Restaurants and hotels,261.8,Restaurants & hotels,256.7866666666667,0.3894283192273742,101.95233397372657
2016-04-01,2015-2016,2007-08,11,00,Restaurants and hotels,261.89,Restaurants & hotels,256.7866666666667,0.3894283192273742,101.98738252245703
2016-05-01,2015-2016,2007-08,11,00,Restaurants and hotels,263.16,Restaurants & hotels,256.7866666666667,0.3894283192273742,102.4819564878758
2016-06-01,2015-2016,2007-08,11,00,Restaurants and hotels,263.41,Restaurants & hotels,256.7866666666667,0.3894283192273742,102.57931356768265
2016-07-01,2016-2017,2007-08,11,00,Restaurants and hotels,264.37,Restaurants & hotels,256.7866666666667,0.3894283192273742,102.95316475414091
2016-08-01,2016-2017,2007-08,11,00,Restaurants and hotels,265.77,Restaurants & hotels,256.7866666666667,0.3894283192273742,103.49836440105923
2016-09-01,2016-2017,2007-08,11,00,Restaurants and hotels,266.11,Restaurants & hotels,256.7866666666667,0.3894283192273742,103.63077002959655
2016-10-01,2016-2017,2007-08,11,00,Restaurants and hotels,266.35,Restaurants & hotels,256.7866666666667,0.3894283192273742,103.72423282621112
2016-11-01,2016-2017,2007-08,11,00,Restaurants and hotels,267.68,Restaurants & hotels,256.7866666666667,0.3894283192273742,104.24217249078353
2016-12-01,2016-2017,2007-08,11,00,Restaurants and hotels,268.22,Restaurants & hotels,256.7866666666667,0.3894283192273742,104.45246378316632
2017-01-01,2016-2017,2007-08,11,00,Restaurants and hotels,268.9,Restaurants & hotels,256.7866666666667,0.3894283192273742,104.7172750402409
2017-02-01,2016-2017,2007-08,11,00,Restaurants and hotels,269.63,Restaurants & hotels,256.7866666666667,0.3894283192273742,105.00155771327691
2017-03-01,2016-2017,2007-08,11,00,Restaurants and hotels,271.02,Restaurants & hotels,256.7866666666667,0.3894283192273742,105.54286307700295
2017-04-01,2016-2017,2007-08,11,00,Restaurants and hotels,275.88,Restaurants & hotels,256.7866666666667,0.3894283192273742,107.43548470844799
2017-05-01,2016-2017,2007-08,11,00,Restaurants and hotels,277.29,Restaurants & hotels,256.7866666666667,0.3894283192273742,107.9845786385586
2017-06-01,2016-2017,2007-08,11,00,Restaurants and hotels,277.76,Restaurants & hotels,256.7866666666667,0.3894283192273742,108.16760994859546
2017-07-01,2017-2018,2007-08,11,00,Restaurants and hotels,278.44,Restaurants & hotels,256.7866666666667,0.3894283192273742,108.43242120567007
2017-08-01,2017-2018,2007-08,11,00,Restaurants and hotels,278.44,Restaurants & hotels,256.7866666666667,0.3894283192273742,108.43242120567007
2017-09-01,2017-2018,2007-08,11,00,Restaurants and hotels,281.08,Restaurants & hotels,256.7866666666667,0.3894283192273742,109.46051196843034
2017-10-01,2017-2018,2007-08,11,00,Restaurants and hotels,283.85,Restaurants & hotels,256.7866666666667,0.3894283192273742,110.53922841269018
2017-11-01,2017-2018,2007-08,11,00,Restaurants and hotels,284.76,Restaurants & hotels,256.7866666666667,0.3894283192273742,110.89360818318707
2017-12-01,2017-2018,2007-08,11,00,Restaurants and hotels,285.32,Restaurants & hotels,256.7866666666667,0.3894283192273742,111.11168804195441
2018-01-01,2017-2018,2007-08,11,00,Restaurants and hotels,286.89,Restaurants & hotels,256.7866666666667,0.3894283192273742,111.72309050314138
2018-02-01,2017-2018,2007-08,11,00,Restaurants and hotels,287.21,Restaurants & hotels,256.7866666666667,0.3894283192273742,111.84770756529413
2018-03-01,2017-2018,2007-08,11,00,Restaurants and hotels,287.84,Restaurants & hotels,256.7866666666667,0.3894283192273742,112.09304740640738
2018-04-01,2017-2018,2007-08,11,00,Restaurants and hotels,291.05,Restaurants & hotels,256.7866666666667,0.3894283192273742,113.34311231112727
2018-05-01,2017-2018,2007-08,11,00,Restaurants and hotels,292.77,Restaurants & hotels,256.7866666666667,0.3894283192273742,114.01292902019834
2018-06-01,2017-2018,2007-08,11,00,Restaurants and hotels,292.9,Restaurants & hotels,256.7866666666667,0.3894283192273742,114.0635547016979
2018-07-01,2018-2019,2007-08,11,00,Restaurants and hotels,293.25,Restaurants & hotels,256.7866666666667,0.3894283192273742,114.19985461342749
2018-08-01,2018-2019,2007-08,11,00,Restaurants and hotels,295.01,Restaurants & hotels,256.7866666666667,0.3894283192273742,114.88524845526766
2018-09-01,2018-2019,2007-08,11,00,Restaurants and hotels,295.86,Restaurants & hotels,256.7866666666667,0.3894283192273742,115.21626252661093
2018-10-01,2018-2019,2007-08,11,00,Restaurants and hotels,297.39,Restaurants & hotels,256.7866666666667,0.3894283192273742,115.8120878550288
2018-11-01,2018-2019,2007-08,11,00,Restaurants and hotels,298.18,Restaurants & hotels,256.7866666666667,0.3894283192273742,116.11973622721844
2018-12-01,2018-2019,2007-08,11,00,Restaurants and hotels,301.38,Restaurants & hotels,256.7866666666667,0.3894283192273742,117.36590684874604
2019-01-01,2018-2019,2007-08,11,00,Restaurants and hotels,302.94,Restaurants & hotels,256.7866666666667,0.3894283192273742,117.97341502674074
2019-02-01,2018-2019,2007-08,11,00,Restaurants and hotels,303.57,Restaurants & hotels,256.7866666666667,0.3894283192273742,118.21875486785399
2019-03-01,2018-2019,2007-08,11,00,Restaurants and hotels,306.48,Restaurants & hotels,256.7866666666667,0.3894283192273742,119.35199127680565
2019-04-01,2018-2019,2007-08,11,00,Restaurants and hotels,308.62,Restaurants & hotels,256.7866666666667,0.3894283192273742,120.18536787995222
2019-05-01,2018-2019,2007-08,11,00,Restaurants and hotels,309.79,Restaurants & hotels,256.7866666666667,0.3894283192273742,120.64099901344827
2019-06-01,2018-2019,2007-08,11,00,Restaurants and hotels,311.97,Restaurants & hotels,256.7866666666667,0.3894283192273742,121.48995274936394
2019-07-01,2019-2020,2015-16,11,00,Restaurants and hotels,122.67,Restaurants & hotels,256.7866666666667,0.3894283192273742,122.67
2019-08-01,2019-2020,2015-16,11,00,Restaurants and hotels,123.22,Restaurants & hotels,256.7866666666667,0.3894283192273742,123.22
2019-09-01,2019-2020,2015-16,11,00,Restaurants and hotels,124.01,Restaurants & hotels,256.7866666666667,0.3894283192273742,124.01
2019-10-01,2019-2020,2015-16,11,00,Restaurants and hotels,124.31,Restaurants & hotels,256.7866666666667,0.3894283192273742,124.31
2019-11-01,2019-2020,2015-16,11,00,Restaurants and hotels,124.95,Restaurants & hotels,256.7866666666667,0.3894283192273742,124.95
2019-12-01,2019-2020,2015-16,11,00,Restaurants and hotels,124.97,Restaurants & hotels,256.7866666666667,0.3894283192273742,124.97
2020-01-01,2019-2020,2015-16,11,00,Restaurants and hotels,127.33,Restaurants & hotels,256.7866666666667,0.3894283192273742,127.33
2020-02-01,2019-2020,2015-16,11,00,Restaurants and hotels,128.88,Restaurants & hotels,256.7866666666667,0.3894283192273742,128.88
2020-03-01,2019-2020,2015-16,11,00,Restaurants and hotels,129.7,Restaurants & hotels,256.7866666666667,0.3894283192273742,129.7
2020-04-01,2019-2020,2015-16,11,00,Restaurants and hotels,129.74,Restaurants & hotels,256.7866666666667,0.3894283192273742,129.74
2020-05-01,2019-2020,2015-16,11,00,Restaurants and hotels,129.8,Restaurants & hotels,256.7866666666667,0.3894283192273742,129.8
2020-06-01,2019-2020,2015-16,11,00,Restaurants and hotels,130.52,Restaurants & hotels,256.7866666666667,0.3894283192273742,130.52
2020-07-01,2020-2021,2015-16,11,00,Restaurants and hotels,130.92,Restaurants & hotels,256.7866666666667,0.3894283192273742,130.92
2020-08-01,2020-2021,2015-16,11,00,Restaurants and hotels,133.37,Restaurants & hotels,256.7866666666667,0.3894283192273742,133.37
2020-09-01,2020-2021,2015-16,11,00,Restaurants and hotels,134.14,Restaurants & hotels,256.7866666666667,0.3894283192273742,134.14
2020-10-01,2020-2021,2015-16,11,00,Restaurants and hotels,135.28,Restaurants & hotels,256.7866666666667,0.3894283192273742,135.28
2020-11-01,2020-2021,2015-16,11,00,Restaurants and hotels,136.53,Restaurants & hotels,256.7866666666667,0.3894283192273742,136.53
2020-12-01,2020-2021,2015-16,11,00,Restaurants and hotels,137.47,Restaurants & hotels,256.7866666666667,0.3894283192273742,137.47
2021-01-01,2020-2021,2015-16,11,00,Restaurants and hotels,138.39,Restaurants & hotels,256.7866666666667,0.3894283192273742,138.39
2021-02-01,2020-2021,2015-16,11,00,Restaurants and hotels,139,Restaurants & hotels,256.7866666666667,0.3894283192273742,139
2021-03-01,2020-2021,2015-16,11,00,Restaurants and hotels,140.53,Restaurants & hotels,256.7866666666667,0.3894283192273742,140.53
2021-04-01,2020-2021,2015-16,11,00,Restaurants and hotels,140.81,Restaurants & hotels,256.7866666666667,0.3894283192273742,140.81
2021-05-01,2020-2021,2015-16,11,00,Restaurants and hotels,141.66,Restaurants & hotels,256.7866666666667,0.3894283192273742,141.66
2021-06-01,2020-2021,2015-16,11,00,Restaurants and hotels,142.77,Restaurants & hotels,256.7866666666667,0.3894283192273742,142.77
2021-07-01,2021-2022,2015-16,11,00,Restaurants and hotels,143.31,Restaurants & hotels,256.7866666666667,0.3894283192273742,143.31
2021-08-01,2021-2022,2015-16,11,00,Restaurants and hotels,143.47,Restaurants & hotels,256.7866666666667,0.3894283192273742,143.47
2021-09-01,2021-2022,2015-16,11,00,Restaurants and hotels,145.51,Restaurants & hotels,256.7866666666667,0.3894283192273742,145.51
2021-10-01,2021-2022,2015-16,11,00,Restaurants and hotels,146.92,Restaurants & hotels,256.7866666666667,0.3894283192273742,146.92
2021-11-01,2021-2022,2015-16,11,00,Restaurants and hotels,152.1,Restaurants & hotels,256.7866666666667,0.3894283192273742,152.1
2021-12-01,2021-2022,2015-16,11,00,Restaurants and hotels,155.66,Restaurants & hotels,256.7866666666667,0.3894283192273742,155.66
2022-01-01,2021-2022,2015-16,11,00,Restaurants and hotels,156.62,Restaurants & hotels,256.7866666666667,0.3894283192273742,156.62
2022-02-01,2021-2022,2015-16,11,00,Restaurants and hotels,159.82,Restaurants & hotels,256.7866666666667,0.3894283192273742,159.82
2022-03-01,2021-2022,2015-16,11,00,Restaurants and hotels,160.94,Restaurants & hotels,256.7866666666667,0.3894283192273742,160.94
2022-04-01,2021-2022,2015-16,11,00,Restaurants and hotels,161.24,Restaurants & hotels,256.7866666666667,0.3894283192273742,161.24
2022-05-01,2021-2022,2015-16,11,00,Restaurants and hotels,162.26,Restaurants & hotels,256.7866666666667,0.3894283192273742,162.26
2022-06-01,2021-2022,2015-16,11,00,Restaurants and hotels,173.02,Restaurants & hotels,256.7866666666667,0.3894283192273742,173.02
2022-07-01,2022-2023,2015-16,11,00,Restaurants and hotels,178.75,Restaurants & hotels,256.7866666666667,0.3894283192273742,178.75
2022-08-01,2022-2023,2015-16,11,00,Restaurants and hotels,182.8,Restaurants & hotels,256.7866666666667,0.3894283192273742,182.8
2022-09-01,2022-2023,2015-16,11,00,Restaurants and hotels,187.9,Restaurants & hotels,256.7866666666667,0.3894283192273742,187.9
2022-10-01,2022-2023,2015-16,11,00,Restaurants and hotels,193.58,Restaurants & hotels,256.7866666666667,0.3894283192273742,193.58
2022-11-01,2022-2023,2015-16,11,00,Restaurants and hotels,196.97,Restaurants & hotels,256.7866666666667,0.3894283192273742,196.97
2022-12-01,2022-2023,2015-16,11,00,Restaurants and hotels,200.18,Restaurants & hotels,256.7866666666667,0.3894283192273742,200.18
2023-01-01,2022-2023,2015-16,11,00,Restaurants and hotels,207.39,Restaurants & hotels,256.7866666666667,0.3894283192273742,207.39
2023-02-01,2022-2023,2015-16,11,00,Restaurants and hotels,216.08,Restaurants & hotels,256.7866666666667,0.3894283192273742,216.08
2023-03-01,2022-2023,2015-16,11,00,Restaurants and hotels,225.06,Restaurants & hotels,256.7866666666667,0.3894283192273742,225.06
2023-04-01,2022-2023,2015-16,11,00,Restaurants and hotels,226.36,Restaurants & hotels,256.7866666666667,0.3894283192273742,226.36
2023-05-01,2022-2023,2015-16,11,00,Restaurants and hotels,237.02,Restaurants & hotels,256.7866666666667,0.3894283192273742,237.02
2023-06-01,2022-2023,2015-16,11,00,Restaurants and hotels,240.11,Restaurants & hotels,256.7866666666667,0.3894283192273742,240.11
2023-07-01,2023-2024,2015-16,11,00,Restaurants and hotels,242.65,Restaurants & hotels,256.7866666666667,0.3894283192273742,242.65
2023-08-01,2023-2024,2015-16,11,00,Restaurants and hotels,247.58,Restaurants & hotels,256.7866666666667,0.3894283192273742,247.58
2023-09-01,2023-2024,2015-16,11,00,Restaurants and hotels,252.06,Restaurants & hotels,256.7866666666667,0.3894283192273742,252.06
2023-10-01,2023-2024,2015-16,11,00,Restaurants and hotels,256.43,Restaurants & hotels,256.7866666666667,0.3894283192273742,256.43
2023-11-01,2023-2024,2015-16,11,00,Restaurants and hotels,258.07,Restaurants & hotels,256.7866666666667,0.3894283192273742,258.07
2023-12-01,2023-2024,2015-16,11,00,Restaurants and hotels,260.11,Restaurants & hotels,256.7866666666667,0.3894283192273742,260.11
2024-01-01,2023-2024,2015-16,11,00,Restaurants and hotels,262.77,Restaurants & hotels,256.7866666666667,0.3894283192273742,262.77
2024-02-01,2023-2024,2015-16,11,00,Restaurants and hotels,263.47,Restaurants & hotels,256.7866666666667,0.3894283192273742,263.47
2024-03-01,2023-2024,2015-16,11,00,Restaurants and hotels,265.74,Restaurants & hotels,256.7866666666667,0.3894283192273742,265.74
2024-04-01,2023-2024,2015-16,11,00,Restaurants and hotels,268.67,Restaurants & hotels,256.7866666666667,0.3894283192273742,268.67
2024-05-01,2023-2024,2015-16,11,00,Restaurants and hotels,265.2,Restaurants & hotels,256.7866666666667,0.3894283192273742,265.2
2024-06-01,2023-2024,2015-16,11,00,Restaurants and hotels,263.73,Restaurants & hotels,256.7866666666667,0.3894283192273742,263.73
2024-07-01,2024-2025,2015-16,11,00,Restaurants and hotels,265.28,Restaurants & hotels,256.7866666666667,0.3894283192273742,265.28
2024-08-01,2024-2025,2015-16,11,00,Restaurants and hotels,266.75,Restaurants & hotels,256.7866666666667,0.3894283192273742,266.75
2024-09-01,2024-2025,2015-16,11,00,Restaurants and hotels,271.99,Restaurants & hotels,256.7866666666667,0.3894283192273742,271.99
2024-10-01,2024-2025,2015-16,11,00,Restaurants and hotels,272.98,Restaurants & hotels,256.7866666666667,0.3894283192273742,272.98
2024-11-01,2024-2025,2015-16,11,00,Restaurants and hotels,276.36,Restaurants & hotels,256.7866666666667,0.3894283192273742,276.36
2024-12-01,2024-2025,2015-16,11,00,Restaurants and hotels,277.24,Restaurants & hotels,256.7866666666667,0.3894283192273742,277.24
2025-01-01,2024-2025,2015-16,11,00,Restaurants and hotels,279.39,Restaurants & hotels,256.7866666666667,0.3894283192273742,279.39
2025-02-01,2024-2025,2015-16,11,00,Restaurants and hotels,280.26,Restaurants & hotels,256.7866666666667,0.3894283192273742,280.26
2025-03-01,2024-2025,2015-16,11,00,Restaurants and hotels,280.73,Restaurants & hotels,256.7866666666667,0.3894283192273742,280.73
2025-04-01,2024-2025,2015-16,11,00,Restaurants and hotels,282.36,Restaurants & hotels,256.7866666666667,0.3894283192273742,282.36
2025-05-01,2024-2025,2015-16,11,00,Restaurants and hotels,282.75,Restaurants & hotels,256.7866666666667,0.3894283192273742,282.75
2025-06-01,2024-2025,2015-16,11,00,Restaurants and hotels,283.57,Restaurants & hotels,256.7866666666667,0.3894283192273742,283.57
2025-07-01,2025-2026,2015-16,11,00,Restaurants and hotels,283.97,Restaurants & hotels,256.7866666666667,0.3894283192273742,283.97
2025-08-01,2025-2026,2015-16,11,00,Restaurants and hotels,284.54,Restaurants & hotels,256.7866666666667,0.3894283192273742,284.54
2025-09-01,2025-2026,2015-16,11,00,Restaurants and hotels,286.84,Restaurants & hotels,256.7866666666667,0.3894283192273742,286.84
2025-10-01,2025-2026,2015-16,11,00,Restaurants and hotels,288.06,Restaurants & hotels,256.7866666666667,0.3894283192273742,288.06
2025-11-01,2025-2026,2015-16,11,00,Restaurants and hotels,288.7,Restaurants & hotels,256.7866666666667,0.3894283192273742,288.7
2025-12-01,2025-2026,2015-16,11,00,Restaurants and hotels,290.95,Restaurants & hotels,256.7866666666667,0.3894283192273742,290.95
2026-01-01,2025-2026,2015-16,11,00,Restaurants and hotels,291.46,Restaurants & hotels,256.7866666666667,0.3894283192273742,291.46
2026-02-01,2025-2026,2015-16,11,00,Restaurants and hotels,292.5,Restaurants & hotels,256.7866666666667,0.3894283192273742,292.5
2026-03-01,2025-2026,2015-16,11,00,Restaurants and hotels,294.18,Restaurants & hotels,256.7866666666667,0.3894283192273742,294.18
2026-04-01,2025-2026,2015-16,11,00,Restaurants and hotels,296.83,Restaurants & hotels,256.7866666666667,0.3894283192273742,296.83
2026-05-01,2025-2026,2015-16,11,00,Restaurants and hotels,299.09,Restaurants & hotels,256.7866666666667,0.3894283192273742,299.09
2026-06-01,2025-2026,2015-16,11,00,Restaurants and hotels,298.29,Restaurants & hotels,256.7866666666667,0.3894283192273742,298.29
2015-07-01,2015-2016,2007-08,12,00,Misc. goods and services,223.13,Misc. goods & services,228.22333333333333,0.43816729227218953,97.76826792469365
2015-08-01,2015-2016,2007-08,12,00,Misc. goods and services,223.88,Misc. goods & services,228.22333333333333,0.43816729227218953,98.09689339389779
2015-09-01,2015-2016,2007-08,12,00,Misc. goods and services,224.64,Misc. goods & services,228.22333333333333,0.43816729227218953,98.42990053602465
2015-10-01,2015-2016,2007-08,12,00,Misc. goods and services,225.79,Misc. goods & services,228.22333333333333,0.43816729227218953,98.93379292213767
2015-11-01,2015-2016,2007-08,12,00,Misc. goods and services,225.02,Misc. goods & services,228.22333333333333,0.43816729227218953,98.59640410708809
2015-12-01,2015-2016,2007-08,12,00,Misc. goods and services,226.28,Misc. goods & services,228.22333333333333,0.43816729227218953,99.14849489535105
2016-01-01,2015-2016,2007-08,12,00,Misc. goods and services,227.33,Misc. goods & services,228.22333333333333,0.43816729227218953,99.60857055223686
2016-02-01,2015-2016,2007-08,12,00,Misc. goods and services,230.15,Misc. goods & services,228.22333333333333,0.43816729227218953,100.84420231644442
2016-03-01,2015-2016,2007-08,12,00,Misc. goods and services,232.55,Misc. goods & services,228.22333333333333,0.43816729227218953,101.89580381789769
2016-04-01,2015-2016,2007-08,12,00,Misc. goods and services,232.97,Misc. goods & services,228.22333333333333,0.43816729227218953,102.07983408065199
2016-05-01,2015-2016,2007-08,12,00,Misc. goods and services,233.52,Misc. goods & services,228.22333333333333,0.43816729227218953,102.3208260914017
2016-06-01,2015-2016,2007-08,12,00,Misc. goods and services,233.42,Misc. goods & services,228.22333333333333,0.43816729227218953,102.27700936217448
2016-07-01,2016-2017,2007-08,12,00,Misc. goods and services,235.82,Misc. goods & services,228.22333333333333,0.43816729227218953,103.32861086362773
2016-08-01,2016-2017,2007-08,12,00,Misc. goods and services,237.38,Misc. goods & services,228.22333333333333,0.43816729227218953,104.01215183957235
2016-09-01,2016-2017,2007-08,12,00,Misc. goods and services,236.99,Misc. goods & services,228.22333333333333,0.43816729227218953,103.8412665955862
2016-10-01,2016-2017,2007-08,12,00,Misc. goods and services,237.26,Misc. goods & services,228.22333333333333,0.43816729227218953,103.95957176449969
2016-11-01,2016-2017,2007-08,12,00,Misc. goods and services,238.33,Misc. goods & services,228.22333333333333,0.43816729227218953,104.42841076723094
2016-12-01,2016-2017,2007-08,12,00,Misc. goods and services,237.77,Misc. goods & services,228.22333333333333,0.43816729227218953,104.18303708355852
2017-01-01,2016-2017,2007-08,12,00,Misc. goods and services,238.58,Misc. goods & services,228.22333333333333,0.43816729227218953,104.53795259029899
2017-02-01,2016-2017,2007-08,12,00,Misc. goods and services,241.06,Misc. goods & services,228.22333333333333,0.43816729227218953,105.62460747513401
2017-03-01,2016-2017,2007-08,12,00,Misc. goods and services,242.19,Misc. goods & services,228.22333333333333,0.43816729227218953,106.11973651540158
2017-04-01,2016-2017,2007-08,12,00,Misc. goods and services,244.71,Misc. goods & services,228.22333333333333,0.43816729227218953,107.2239180919275
2017-05-01,2016-2017,2007-08,12,00,Misc. goods and services,245.99,Misc. goods & services,228.22333333333333,0.43816729227218953,107.78477222603591
2017-06-01,2016-2017,2007-08,12,00,Misc. goods and services,246.71,Misc. goods & services,228.22333333333333,0.43816729227218953,108.10025267647188
2017-07-01,2017-2018,2007-08,12,00,Misc. goods and services,247.19,Misc. goods & services,228.22333333333333,0.43816729227218953,108.31057297676253
2017-08-01,2017-2018,2007-08,12,00,Misc. goods and services,248.46,Misc. goods & services,228.22333333333333,0.43816729227218953,108.86704543794822
2017-09-01,2017-2018,2007-08,12,00,Misc. goods and services,250.11,Misc. goods & services,228.22333333333333,0.43816729227218953,109.59002147019733
2017-10-01,2017-2018,2007-08,12,00,Misc. goods and services,249.67,Misc. goods & services,228.22333333333333,0.43816729227218953,109.39722786159756
2017-11-01,2017-2018,2007-08,12,00,Misc. goods and services,252.27,Misc. goods & services,228.22333333333333,0.43816729227218953,110.53646282150525
2017-12-01,2017-2018,2007-08,12,00,Misc. goods and services,253.23,Misc. goods & services,228.22333333333333,0.43816729227218953,110.95710342208655
2018-01-01,2017-2018,2007-08,12,00,Misc. goods and services,255.69,Misc. goods & services,228.22333333333333,0.43816729227218953,112.03499496107614
2018-02-01,2017-2018,2007-08,12,00,Misc. goods and services,255.21,Misc. goods & services,228.22333333333333,0.43816729227218953,111.82467466078549
2018-03-01,2017-2018,2007-08,12,00,Misc. goods and services,256.35,Misc. goods & services,228.22333333333333,0.43816729227218953,112.3241853739758
2018-04-01,2017-2018,2007-08,12,00,Misc. goods and services,263.59,Misc. goods & services,228.22333333333333,0.43816729227218953,115.49651657002643
2018-05-01,2017-2018,2007-08,12,00,Misc. goods and services,263.91,Misc. goods & services,228.22333333333333,0.43816729227218953,115.63673010355355
2018-06-01,2017-2018,2007-08,12,00,Misc. goods and services,264.25,Misc. goods & services,228.22333333333333,0.43816729227218953,115.78570698292609
2018-07-01,2018-2019,2007-08,12,00,Misc. goods and services,265.48,Misc. goods & services,228.22333333333333,0.43816729227218953,116.32465275242089
2018-08-01,2018-2019,2007-08,12,00,Misc. goods and services,264.45,Misc. goods & services,228.22333333333333,0.43816729227218953,115.87334044138052
2018-09-01,2018-2019,2007-08,12,00,Misc. goods and services,267.3,Misc. goods & services,228.22333333333333,0.43816729227218953,117.12211722435627
2018-10-01,2018-2019,2007-08,12,00,Misc. goods and services,271.44,Misc. goods & services,228.22333333333333,0.43816729227218953,118.93612981436313
2018-11-01,2018-2019,2007-08,12,00,Misc. goods and services,272.19,Misc. goods & services,228.22333333333333,0.43816729227218953,119.26475528356727
2018-12-01,2018-2019,2007-08,12,00,Misc. goods and services,275.96,Misc. goods & services,228.22333333333333,0.43816729227218953,120.91664597543341
2019-01-01,2018-2019,2007-08,12,00,Misc. goods and services,278.6,Misc. goods & services,228.22333333333333,0.43816729227218953,122.07340762703201
2019-02-01,2018-2019,2007-08,12,00,Misc. goods and services,280.4,Misc. goods & services,228.22333333333333,0.43816729227218953,122.86210875312193
2019-03-01,2018-2019,2007-08,12,00,Misc. goods and services,282.45,Misc. goods & services,228.22333333333333,0.43816729227218953,123.76035170227993
2019-04-01,2018-2019,2007-08,12,00,Misc. goods and services,284.46,Misc. goods & services,228.22333333333333,0.43816729227218953,124.64106795974702
2019-05-01,2018-2019,2007-08,12,00,Misc. goods and services,285.37,Misc. goods & services,228.22333333333333,0.43816729227218953,125.03980019571473
2019-06-01,2018-2019,2007-08,12,00,Misc. goods and services,289.65,Misc. goods & services,228.22333333333333,0.43816729227218953,126.9151562066397
2019-07-01,2019-2020,2015-16,12,00,Misc. goods and services,127.23,Misc. goods & services,228.22333333333333,0.43816729227218953,127.23
2019-08-01,2019-2020,2015-16,12,00,Misc. goods and services,128.97,Misc. goods & services,228.22333333333333,0.43816729227218953,128.97
2019-09-01,2019-2020,2015-16,12,00,Misc. goods and services,130.9,Misc. goods & services,228.22333333333333,0.43816729227218953,130.9
2019-10-01,2019-2020,2015-16,12,00,Misc. goods and services,131.58,Misc. goods & services,228.22333333333333,0.43816729227218953,131.58
2019-11-01,2019-2020,2015-16,12,00,Misc. goods and services,131.88,Misc. goods & services,228.22333333333333,0.43816729227218953,131.88
2019-12-01,2019-2020,2015-16,12,00,Misc. goods and services,132.17,Misc. goods & services,228.22333333333333,0.43816729227218953,132.17
2020-01-01,2019-2020,2015-16,12,00,Misc. goods and services,133.78,Misc. goods & services,228.22333333333333,0.43816729227218953,133.78
2020-02-01,2019-2020,2015-16,12,00,Misc. goods and services,134.2,Misc. goods & services,228.22333333333333,0.43816729227218953,134.2
2020-03-01,2019-2020,2015-16,12,00,Misc. goods and services,135.66,Misc. goods & services,228.22333333333333,0.43816729227218953,135.66
2020-04-01,2019-2020,2015-16,12,00,Misc. goods and services,137.08,Misc. goods & services,228.22333333333333,0.43816729227218953,137.08
2020-05-01,2019-2020,2015-16,12,00,Misc. goods and services,137.02,Misc. goods & services,228.22333333333333,0.43816729227218953,137.02
2020-06-01,2019-2020,2015-16,12,00,Misc. goods and services,138.14,Misc. goods & services,228.22333333333333,0.43816729227218953,138.14
2020-07-01,2020-2021,2015-16,12,00,Misc. goods and services,140.4,Misc. goods & services,228.22333333333333,0.43816729227218953,140.4
2020-08-01,2020-2021,2015-16,12,00,Misc. goods and services,145.22,Misc. goods & services,228.22333333333333,0.43816729227218953,145.22
2020-09-01,2020-2021,2015-16,12,00,Misc. goods and services,144.68,Misc. goods & services,228.22333333333333,0.43816729227218953,144.68
2020-10-01,2020-2021,2015-16,12,00,Misc. goods and services,144.4,Misc. goods & services,228.22333333333333,0.43816729227218953,144.4
2020-11-01,2020-2021,2015-16,12,00,Misc. goods and services,145.64,Misc. goods & services,228.22333333333333,0.43816729227218953,145.64
2020-12-01,2020-2021,2015-16,12,00,Misc. goods and services,146.15,Misc. goods & services,228.22333333333333,0.43816729227218953,146.15
2021-01-01,2020-2021,2015-16,12,00,Misc. goods and services,147.67,Misc. goods & services,228.22333333333333,0.43816729227218953,147.67
2021-02-01,2020-2021,2015-16,12,00,Misc. goods and services,150.08,Misc. goods & services,228.22333333333333,0.43816729227218953,150.08
2021-03-01,2020-2021,2015-16,12,00,Misc. goods and services,149.64,Misc. goods & services,228.22333333333333,0.43816729227218953,149.64
2021-04-01,2020-2021,2015-16,12,00,Misc. goods and services,150.56,Misc. goods & services,228.22333333333333,0.43816729227218953,150.56
2021-05-01,2020-2021,2015-16,12,00,Misc. goods and services,151.81,Misc. goods & services,228.22333333333333,0.43816729227218953,151.81
2021-06-01,2020-2021,2015-16,12,00,Misc. goods and services,153.41,Misc. goods & services,228.22333333333333,0.43816729227218953,153.41
2021-07-01,2021-2022,2015-16,12,00,Misc. goods and services,153.38,Misc. goods & services,228.22333333333333,0.43816729227218953,153.38
2021-08-01,2021-2022,2015-16,12,00,Misc. goods and services,154.1,Misc. goods & services,228.22333333333333,0.43816729227218953,154.1
2021-09-01,2021-2022,2015-16,12,00,Misc. goods and services,156.29,Misc. goods & services,228.22333333333333,0.43816729227218953,156.29
2021-10-01,2021-2022,2015-16,12,00,Misc. goods and services,157.79,Misc. goods & services,228.22333333333333,0.43816729227218953,157.79
2021-11-01,2021-2022,2015-16,12,00,Misc. goods and services,160.41,Misc. goods & services,228.22333333333333,0.43816729227218953,160.41
2021-12-01,2021-2022,2015-16,12,00,Misc. goods and services,161.4,Misc. goods & services,228.22333333333333,0.43816729227218953,161.4
2022-01-01,2021-2022,2015-16,12,00,Misc. goods and services,162.52,Misc. goods & services,228.22333333333333,0.43816729227218953,162.52
2022-02-01,2021-2022,2015-16,12,00,Misc. goods and services,164.52,Misc. goods & services,228.22333333333333,0.43816729227218953,164.52
2022-03-01,2021-2022,2015-16,12,00,Misc. goods and services,167.48,Misc. goods & services,228.22333333333333,0.43816729227218953,167.48
2022-04-01,2021-2022,2015-16,12,00,Misc. goods and services,168.57,Misc. goods & services,228.22333333333333,0.43816729227218953,168.57
2022-05-01,2021-2022,2015-16,12,00,Misc. goods and services,170.38,Misc. goods & services,228.22333333333333,0.43816729227218953,170.38
2022-06-01,2021-2022,2015-16,12,00,Misc. goods and services,176.62,Misc. goods & services,228.22333333333333,0.43816729227218953,176.62
2022-07-01,2022-2023,2015-16,12,00,Misc. goods and services,179.12,Misc. goods & services,228.22333333333333,0.43816729227218953,179.12
2022-08-01,2022-2023,2015-16,12,00,Misc. goods and services,185.12,Misc. goods & services,228.22333333333333,0.43816729227218953,185.12
2022-09-01,2022-2023,2015-16,12,00,Misc. goods and services,192.34,Misc. goods & services,228.22333333333333,0.43816729227218953,192.34
2022-10-01,2022-2023,2015-16,12,00,Misc. goods and services,195.11,Misc. goods & services,228.22333333333333,0.43816729227218953,195.11
2022-11-01,2022-2023,2015-16,12,00,Misc. goods and services,198.51,Misc. goods & services,228.22333333333333,0.43816729227218953,198.51
2022-12-01,2022-2023,2015-16,12,00,Misc. goods and services,203.2,Misc. goods & services,228.22333333333333,0.43816729227218953,203.2
2023-01-01,2022-2023,2015-16,12,00,Misc. goods and services,209.39,Misc. goods & services,228.22333333333333,0.43816729227218953,209.39
2023-02-01,2022-2023,2015-16,12,00,Misc. goods and services,219.3,Misc. goods & services,228.22333333333333,0.43816729227218953,219.3
2023-03-01,2022-2023,2015-16,12,00,Misc. goods and services,224.93,Misc. goods & services,228.22333333333333,0.43816729227218953,224.93
2023-04-01,2022-2023,2015-16,12,00,Misc. goods and services,234.41,Misc. goods & services,228.22333333333333,0.43816729227218953,234.41
2023-05-01,2022-2023,2015-16,12,00,Misc. goods and services,243.64,Misc. goods & services,228.22333333333333,0.43816729227218953,243.64
2023-06-01,2022-2023,2015-16,12,00,Misc. goods and services,246.46,Misc. goods & services,228.22333333333333,0.43816729227218953,246.46
2023-07-01,2023-2024,2015-16,12,00,Misc. goods and services,249.16,Misc. goods & services,228.22333333333333,0.43816729227218953,249.16
2023-08-01,2023-2024,2015-16,12,00,Misc. goods and services,257.91,Misc. goods & services,228.22333333333333,0.43816729227218953,257.91
2023-09-01,2023-2024,2015-16,12,00,Misc. goods and services,259.03,Misc. goods & services,228.22333333333333,0.43816729227218953,259.03
2023-10-01,2023-2024,2015-16,12,00,Misc. goods and services,258.91,Misc. goods & services,228.22333333333333,0.43816729227218953,258.91
2023-11-01,2023-2024,2015-16,12,00,Misc. goods and services,262.84,Misc. goods & services,228.22333333333333,0.43816729227218953,262.84
2023-12-01,2023-2024,2015-16,12,00,Misc. goods and services,265.25,Misc. goods & services,228.22333333333333,0.43816729227218953,265.25
2024-01-01,2023-2024,2015-16,12,00,Misc. goods and services,267.64,Misc. goods & services,228.22333333333333,0.43816729227218953,267.64
2024-02-01,2023-2024,2015-16,12,00,Misc. goods and services,269.89,Misc. goods & services,228.22333333333333,0.43816729227218953,269.89
2024-03-01,2023-2024,2015-16,12,00,Misc. goods and services,271.71,Misc. goods & services,228.22333333333333,0.43816729227218953,271.71
2024-04-01,2023-2024,2015-16,12,00,Misc. goods and services,275.96,Misc. goods & services,228.22333333333333,0.43816729227218953,275.96
2024-05-01,2023-2024,2015-16,12,00,Misc. goods and services,276.03,Misc. goods & services,228.22333333333333,0.43816729227218953,276.03
2024-06-01,2023-2024,2015-16,12,00,Misc. goods and services,277.61,Misc. goods & services,228.22333333333333,0.43816729227218953,277.61
2024-07-01,2024-2025,2015-16,12,00,Misc. goods and services,281.53,Misc. goods & services,228.22333333333333,0.43816729227218953,281.53
2024-08-01,2024-2025,2015-16,12,00,Misc. goods and services,283.85,Misc. goods & services,228.22333333333333,0.43816729227218953,283.85
2024-09-01,2024-2025,2015-16,12,00,Misc. goods and services,286.58,Misc. goods & services,228.22333333333333,0.43816729227218953,286.58
2024-10-01,2024-2025,2015-16,12,00,Misc. goods and services,289.03,Misc. goods & services,228.22333333333333,0.43816729227218953,289.03
2024-11-01,2024-2025,2015-16,12,00,Misc. goods and services,291.88,Misc. goods & services,228.22333333333333,0.43816729227218953,291.88
2024-12-01,2024-2025,2015-16,12,00,Misc. goods and services,292.4,Misc. goods & services,228.22333333333333,0.43816729227218953,292.4
2025-01-01,2024-2025,2015-16,12,00,Misc. goods and services,294.76,Misc. goods & services,228.22333333333333,0.43816729227218953,294.76
2025-02-01,2024-2025,2015-16,12,00,Misc. goods and services,299.81,Misc. goods & services,228.22333333333333,0.43816729227218953,299.81
2025-03-01,2024-2025,2015-16,12,00,Misc. goods and services,304.14,Misc. goods & services,228.22333333333333,0.43816729227218953,304.14
2025-04-01,2024-2025,2015-16,12,00,Misc. goods and services,311.43,Misc. goods & services,228.22333333333333,0.43816729227218953,311.43
2025-05-01,2024-2025,2015-16,12,00,Misc. goods and services,316.36,Misc. goods & services,228.22333333333333,0.43816729227218953,316.36
2025-06-01,2024-2025,2015-16,12,00,Misc. goods and services,317.53,Misc. goods & services,228.22333333333333,0.43816729227218953,317.53
2025-07-01,2025-2026,2015-16,12,00,Misc. goods and services,321,Misc. goods & services,228.22333333333333,0.43816729227218953,321
2025-08-01,2025-2026,2015-16,12,00,Misc. goods and services,323.39,Misc. goods & services,228.22333333333333,0.43816729227218953,323.39
2025-09-01,2025-2026,2015-16,12,00,Misc. goods and services,328.68,Misc. goods & services,228.22333333333333,0.43816729227218953,328.68
2025-10-01,2025-2026,2015-16,12,00,Misc. goods and services,341.17,Misc. goods & services,228.22333333333333,0.43816729227218953,341.17
2025-11-01,2025-2026,2015-16,12,00,Misc. goods and services,343.1,Misc. goods & services,228.22333333333333,0.43816729227218953,343.1
2025-12-01,2025-2026,2015-16,12,00,Misc. goods and services,347.83,Misc. goods & services,228.22333333333333,0.43816729227218953,347.83
2026-01-01,2025-2026,2015-16,12,00,Misc. goods and services,356.81,Misc. goods & services,228.22333333333333,0.43816729227218953,356.81
2026-02-01,2025-2026,2015-16,12,00,Misc. goods and services,369.72,Misc. goods & services,228.22333333333333,0.43816729227218953,369.72
2026-03-01,2025-2026,2015-16,12,00,Misc. goods and services,369.43,Misc. goods & services,228.22333333333333,0.43816729227218953,369.43
2026-04-01,2025-2026,2015-16,12,00,Misc. goods and services,367.68,Misc. goods & services,228.22333333333333,0.43816729227218953,367.68
2026-05-01,2025-2026,2015-16,12,00,Misc. goods and services,363.87,Misc. goods & services,228.22333333333333,0.43816729227218953,363.87
2026-06-01,2025-2026,2015-16,12,00,Misc. goods and services,356.59,Misc. goods & services,228.22333333333333,0.43816729227218953,356.59
