date,fiscal_year,base_year,group_code,cmdty_code,description,index_value,item,fy1516_avg,factor,index_spliced
2019-07-01,2019-2020,2015-16,04,52,Construcion input items,135.46,Construction input items,242.16916666666668,0.41293448450291287,135.46
2019-08-01,2019-2020,2015-16,04,52,Construcion input items,136.74,Construction input items,242.16916666666668,0.41293448450291287,136.74
2019-09-01,2019-2020,2015-16,04,52,Construcion input items,137.95,Construction input items,242.16916666666668,0.41293448450291287,137.95
2019-10-01,2019-2020,2015-16,04,52,Construcion input items,138.84,Construction input items,242.16916666666668,0.41293448450291287,138.84
2019-11-01,2019-2020,2015-16,04,52,Construcion input items,140.21,Construction input items,242.16916666666668,0.41293448450291287,140.21
2019-12-01,2019-2020,2015-16,04,52,Construcion input items,143.1,Construction input items,242.16916666666668,0.41293448450291287,143.1
2020-01-01,2019-2020,2015-16,04,52,Construcion input items,142.98,Construction input items,242.16916666666668,0.41293448450291287,142.98
2020-02-01,2019-2020,2015-16,04,52,Construcion input items,142.64,Construction input items,242.16916666666668,0.41293448450291287,142.64
2020-03-01,2019-2020,2015-16,04,52,Construcion input items,142.8,Construction input items,242.16916666666668,0.41293448450291287,142.8
2020-04-01,2019-2020,2015-16,04,52,Construcion input items,143.04,Construction input items,242.16916666666668,0.41293448450291287,143.04
2020-05-01,2019-2020,2015-16,04,52,Construcion input items,143.58,Construction input items,242.16916666666668,0.41293448450291287,143.58
2020-06-01,2019-2020,2015-16,04,52,Construcion input items,143.08,Construction input items,242.16916666666668,0.41293448450291287,143.08
2020-07-01,2020-2021,2015-16,04,52,Construcion input items,143.2,Construction input items,242.16916666666668,0.41293448450291287,143.2
2020-08-01,2020-2021,2015-16,04,52,Construcion input items,143.57,Construction input items,242.16916666666668,0.41293448450291287,143.57
2020-09-01,2020-2021,2015-16,04,52,Construcion input items,146.96,Construction input items,242.16916666666668,0.41293448450291287,146.96
2020-10-01,2020-2021,2015-16,04,52,Construcion input items,147.35,Construction input items,242.16916666666668,0.41293448450291287,147.35
2020-11-01,2020-2021,2015-16,04,52,Construcion input items,148.04,Construction input items,242.16916666666668,0.41293448450291287,148.04
2020-12-01,2020-2021,2015-16,04,52,Construcion input items,148.41,Construction input items,242.16916666666668,0.41293448450291287,148.41
2021-01-01,2020-2021,2015-16,04,52,Construcion input items,149.44,Construction input items,242.16916666666668,0.41293448450291287,149.44
2021-02-01,2020-2021,2015-16,04,52,Construcion input items,149.66,Construction input items,242.16916666666668,0.41293448450291287,149.66
2021-03-01,2020-2021,2015-16,04,52,Construcion input items,150.9,Construction input items,242.16916666666668,0.41293448450291287,150.9
2021-04-01,2020-2021,2015-16,04,52,Construcion input items,153.04,Construction input items,242.16916666666668,0.41293448450291287,153.04
2021-05-01,2020-2021,2015-16,04,52,Construcion input items,153.18,Construction input items,242.16916666666668,0.41293448450291287,153.18
2021-06-01,2020-2021,2015-16,04,52,Construcion input items,154.3,Construction input items,242.16916666666668,0.41293448450291287,154.3
2021-07-01,2021-2022,2015-16,04,52,Construcion input items,157.03,Construction input items,242.16916666666668,0.41293448450291287,157.03
2021-08-01,2021-2022,2015-16,04,52,Construcion input items,158.57,Construction input items,242.16916666666668,0.41293448450291287,158.57
2021-09-01,2021-2022,2015-16,04,52,Construcion input items,159.3,Construction input items,242.16916666666668,0.41293448450291287,159.3
2021-10-01,2021-2022,2015-16,04,52,Construcion input items,160.32,Construction input items,242.16916666666668,0.41293448450291287,160.32
2021-11-01,2021-2022,2015-16,04,52,Construcion input items,163.51,Construction input items,242.16916666666668,0.41293448450291287,163.51
2021-12-01,2021-2022,2015-16,04,52,Construcion input items,165.26,Construction input items,242.16916666666668,0.41293448450291287,165.26
2022-01-01,2021-2022,2015-16,04,52,Construcion input items,165.13,Construction input items,242.16916666666668,0.41293448450291287,165.13
2022-02-01,2021-2022,2015-16,04,52,Construcion input items,165.69,Construction input items,242.16916666666668,0.41293448450291287,165.69
2022-03-01,2021-2022,2015-16,04,52,Construcion input items,169,Construction input items,242.16916666666668,0.41293448450291287,169
2022-04-01,2021-2022,2015-16,04,52,Construcion input items,172.11,Construction input items,242.16916666666668,0.41293448450291287,172.11
2022-05-01,2021-2022,2015-16,04,52,Construcion input items,173.48,Construction input items,242.16916666666668,0.41293448450291287,173.48
2022-06-01,2021-2022,2015-16,04,52,Construcion input items,182.61,Construction input items,242.16916666666668,0.41293448450291287,182.61
2022-07-01,2022-2023,2015-16,04,52,Construcion input items,188.42,Construction input items,242.16916666666668,0.41293448450291287,188.42
2022-08-01,2022-2023,2015-16,04,52,Construcion input items,202.61,Construction input items,242.16916666666668,0.41293448450291287,202.61
2022-09-01,2022-2023,2015-16,04,52,Construcion input items,206.07,Construction input items,242.16916666666668,0.41293448450291287,206.07
2022-10-01,2022-2023,2015-16,04,52,Construcion input items,211.67,Construction input items,242.16916666666668,0.41293448450291287,211.67
2022-11-01,2022-2023,2015-16,04,52,Construcion input items,212.59,Construction input items,242.16916666666668,0.41293448450291287,212.59
2022-12-01,2022-2023,2015-16,04,52,Construcion input items,215.81,Construction input items,242.16916666666668,0.41293448450291287,215.81
2023-01-01,2022-2023,2015-16,04,52,Construcion input items,217.5,Construction input items,242.16916666666668,0.41293448450291287,217.5
2023-02-01,2022-2023,2015-16,04,52,Construcion input items,229.49,Construction input items,242.16916666666668,0.41293448450291287,229.49
2023-03-01,2022-2023,2015-16,04,52,Construcion input items,232.51,Construction input items,242.16916666666668,0.41293448450291287,232.51
2023-04-01,2022-2023,2015-16,04,52,Construcion input items,236.18,Construction input items,242.16916666666668,0.41293448450291287,236.18
2023-05-01,2022-2023,2015-16,04,52,Construcion input items,239.53,Construction input items,242.16916666666668,0.41293448450291287,239.53
2023-06-01,2022-2023,2015-16,04,52,Construcion input items,247.65,Construction input items,242.16916666666668,0.41293448450291287,247.65
2023-07-01,2023-2024,2015-16,04,52,Construcion input items,254.65,Construction input items,242.16916666666668,0.41293448450291287,254.65
2023-08-01,2023-2024,2015-16,04,52,Construcion input items,256.4,Construction input items,242.16916666666668,0.41293448450291287,256.4
2023-09-01,2023-2024,2015-16,04,52,Construcion input items,259.92,Construction input items,242.16916666666668,0.41293448450291287,259.92
2023-10-01,2023-2024,2015-16,04,52,Construcion input items,257.41,Construction input items,242.16916666666668,0.41293448450291287,257.41
2023-11-01,2023-2024,2015-16,04,52,Construcion input items,257.8,Construction input items,242.16916666666668,0.41293448450291287,257.8
2023-12-01,2023-2024,2015-16,04,52,Construcion input items,259.53,Construction input items,242.16916666666668,0.41293448450291287,259.53
2024-01-01,2023-2024,2015-16,04,52,Construcion input items,258.59,Construction input items,242.16916666666668,0.41293448450291287,258.59
2024-02-01,2023-2024,2015-16,04,52,Construcion input items,259.04,Construction input items,242.16916666666668,0.41293448450291287,259.04
2024-03-01,2023-2024,2015-16,04,52,Construcion input items,259.24,Construction input items,242.16916666666668,0.41293448450291287,259.24
2024-04-01,2023-2024,2015-16,04,52,Construcion input items,258.92,Construction input items,242.16916666666668,0.41293448450291287,258.92
2024-05-01,2023-2024,2015-16,04,52,Construcion input items,257.56,Construction input items,242.16916666666668,0.41293448450291287,257.56
2024-06-01,2023-2024,2015-16,04,52,Construcion input items,259.33,Construction input items,242.16916666666668,0.41293448450291287,259.33
2024-07-01,2024-2025,2015-16,04,52,Construcion input items,265.27,Construction input items,242.16916666666668,0.41293448450291287,265.27
2024-08-01,2024-2025,2015-16,04,52,Construcion input items,266.39,Construction input items,242.16916666666668,0.41293448450291287,266.39
2024-09-01,2024-2025,2015-16,04,52,Construcion input items,267.19,Construction input items,242.16916666666668,0.41293448450291287,267.19
2024-10-01,2024-2025,2015-16,04,52,Construcion input items,266.17,Construction input items,242.16916666666668,0.41293448450291287,266.17
2024-11-01,2024-2025,2015-16,04,52,Construcion input items,266.1,Construction input items,242.16916666666668,0.41293448450291287,266.1
2024-12-01,2024-2025,2015-16,04,52,Construcion input items,265.94,Construction input items,242.16916666666668,0.41293448450291287,265.94
2025-01-01,2024-2025,2015-16,04,52,Construcion input items,265.06,Construction input items,242.16916666666668,0.41293448450291287,265.06
2025-02-01,2024-2025,2015-16,04,52,Construcion input items,263.77,Construction input items,242.16916666666668,0.41293448450291287,263.77
2025-03-01,2024-2025,2015-16,04,52,Construcion input items,263.38,Construction input items,242.16916666666668,0.41293448450291287,263.38
2025-04-01,2024-2025,2015-16,04,52,Construcion input items,265.59,Construction input items,242.16916666666668,0.41293448450291287,265.59
2025-05-01,2024-2025,2015-16,04,52,Construcion input items,266.21,Construction input items,242.16916666666668,0.41293448450291287,266.21
2025-06-01,2024-2025,2015-16,04,52,Construcion input items,266.09,Construction input items,242.16916666666668,0.41293448450291287,266.09
2025-07-01,2025-2026,2015-16,04,52,Construcion input items,268.15,Construction input items,242.16916666666668,0.41293448450291287,268.15
2025-08-01,2025-2026,2015-16,04,52,Construcion input items,268.48,Construction input items,242.16916666666668,0.41293448450291287,268.48
2025-09-01,2025-2026,2015-16,04,52,Construcion input items,269.9,Construction input items,242.16916666666668,0.41293448450291287,269.9
2025-10-01,2025-2026,2015-16,04,52,Construcion input items,269.81,Construction input items,242.16916666666668,0.41293448450291287,269.81
2025-11-01,2025-2026,2015-16,04,52,Construcion input items,269.51,Construction input items,242.16916666666668,0.41293448450291287,269.51
2025-12-01,2025-2026,2015-16,04,52,Construcion input items,270.45,Construction input items,242.16916666666668,0.41293448450291287,270.45
2026-01-01,2025-2026,2015-16,04,52,Construcion input items,270.47,Construction input items,242.16916666666668,0.41293448450291287,270.47
2026-02-01,2025-2026,2015-16,04,52,Construcion input items,270.88,Construction input items,242.16916666666668,0.41293448450291287,270.88
2026-03-01,2025-2026,2015-16,04,52,Construcion input items,273.08,Construction input items,242.16916666666668,0.41293448450291287,273.08
2026-04-01,2025-2026,2015-16,04,52,Construcion input items,278.63,Construction input items,242.16916666666668,0.41293448450291287,278.63
2026-05-01,2025-2026,2015-16,04,52,Construcion input items,280.79,Construction input items,242.16916666666668,0.41293448450291287,280.79
2026-06-01,2025-2026,2015-16,04,52,Construcion input items,283.4,Construction input items,242.16916666666668,0.41293448450291287,283.4
2015-07-01,2015-2016,2007-08,04,52,Construction Input Items,239.75,Construction input items,242.16916666666668,0.41293448450291287,99.00104265957336
2015-08-01,2015-2016,2007-08,04,52,Construction Input Items,240.99,Construction input items,242.16916666666668,0.41293448450291287,99.51308142035698
2015-09-01,2015-2016,2007-08,04,52,Construction Input Items,241.38,Construction input items,242.16916666666668,0.41293448450291287,99.6741258693131
2015-10-01,2015-2016,2007-08,04,52,Construction Input Items,241.36,Construction input items,242.16916666666668,0.41293448450291287,99.66586717962305
2015-11-01,2015-2016,2007-08,04,52,Construction Input Items,241.85,Construction input items,242.16916666666668,0.41293448450291287,99.86820507702947
2015-12-01,2015-2016,2007-08,04,52,Construction Input Items,242.37,Construction input items,242.16916666666668,0.41293448450291287,100.08293100897099
2016-01-01,2015-2016,2007-08,04,52,Construction Input Items,242.65,Construction input items,242.16916666666668,0.41293448450291287,100.1985526646318
2016-02-01,2015-2016,2007-08,04,52,Construction Input Items,242.77,Construction input items,242.16916666666668,0.41293448450291287,100.24810480277216
2016-03-01,2015-2016,2007-08,04,52,Construction Input Items,241.67,Construction input items,242.16916666666668,0.41293448450291287,99.79387686981894
2016-04-01,2015-2016,2007-08,04,52,Construction Input Items,242.85,Construction input items,242.16916666666668,0.41293448450291287,100.28113956153238
2016-05-01,2015-2016,2007-08,04,52,Construction Input Items,243.86,Construction input items,242.16916666666668,0.41293448450291287,100.69820339088034
2016-06-01,2015-2016,2007-08,04,52,Construction Input Items,244.53,Construction input items,242.16916666666668,0.41293448450291287,100.97486949549729
2016-07-01,2016-2017,2007-08,04,52,Construction Input Items,247.05,Construction input items,242.16916666666668,0.41293448450291287,102.01546439644463
2016-08-01,2016-2017,2007-08,04,52,Construction Input Items,248.07,Construction input items,242.16916666666668,0.41293448450291287,102.43665757063759
2016-09-01,2016-2017,2007-08,04,52,Construction Input Items,247.89,Construction input items,242.16916666666668,0.41293448450291287,102.36232936342707
2016-10-01,2016-2017,2007-08,04,52,Construction Input Items,247.86,Construction input items,242.16916666666668,0.41293448450291287,102.34994132889199
2016-11-01,2016-2017,2007-08,04,52,Construction Input Items,248.6,Construction input items,242.16916666666668,0.41293448450291287,102.65551284742413
2016-12-01,2016-2017,2007-08,04,52,Construction Input Items,249.23,Construction input items,242.16916666666668,0.41293448450291287,102.91566157266097
2017-01-01,2016-2017,2007-08,04,52,Construction Input Items,249.6,Construction input items,242.16916666666668,0.41293448450291287,103.06844733192705
2017-02-01,2016-2017,2007-08,04,52,Construction Input Items,249.82,Construction input items,242.16916666666668,0.41293448450291287,103.15929291851769
2017-03-01,2016-2017,2007-08,04,52,Construction Input Items,250.25,Construction input items,242.16916666666668,0.41293448450291287,103.33685474685394
2017-04-01,2016-2017,2007-08,04,52,Construction Input Items,250.55,Construction input items,242.16916666666668,0.41293448450291287,103.46073509220483
2017-05-01,2016-2017,2007-08,04,52,Construction Input Items,250.49,Construction input items,242.16916666666668,0.41293448450291287,103.43595902313464
2017-06-01,2016-2017,2007-08,04,52,Construction Input Items,251.12,Construction input items,242.16916666666668,0.41293448450291287,103.69610774837147
2017-07-01,2017-2018,2007-08,04,52,Construction Input Items,254.05,Construction input items,242.16916666666668,0.41293448450291287,104.90600578796501
2017-08-01,2017-2018,2007-08,04,52,Construction Input Items,254.56,Construction input items,242.16916666666668,0.41293448450291287,105.1166023750615
2017-09-01,2017-2018,2007-08,04,52,Construction Input Items,255.47,Construction input items,242.16916666666668,0.41293448450291287,105.49237275595915
2017-10-01,2017-2018,2007-08,04,52,Construction Input Items,257.07,Construction input items,242.16916666666668,0.41293448450291287,106.1530679311638
2017-11-01,2017-2018,2007-08,04,52,Construction Input Items,257.16,Construction input items,242.16916666666668,0.41293448450291287,106.19023203476908
2017-12-01,2017-2018,2007-08,04,52,Construction Input Items,259.48,Construction input items,242.16916666666668,0.41293448450291287,107.14824003881584
2018-01-01,2017-2018,2007-08,04,52,Construction Input Items,259.82,Construction input items,242.16916666666668,0.41293448450291287,107.28863776354682
2018-02-01,2017-2018,2007-08,04,52,Construction Input Items,261.97,Construction input items,242.16916666666668,0.41293448450291287,108.17644690522809
2018-03-01,2017-2018,2007-08,04,52,Construction Input Items,264.4,Construction input items,242.16916666666668,0.41293448450291287,109.17987770257015
2018-04-01,2017-2018,2007-08,04,52,Construction Input Items,269.11,Construction input items,242.16916666666668,0.41293448450291287,111.12479912457889
2018-05-01,2017-2018,2007-08,04,52,Construction Input Items,270.82,Construction input items,242.16916666666668,0.41293448450291287,111.83091709307887
2018-06-01,2017-2018,2007-08,04,52,Construction Input Items,272.48,Construction input items,242.16916666666668,0.41293448450291287,112.5163883373537
2018-07-01,2018-2019,2007-08,04,52,Construction Input Items,276.97,Construction input items,242.16916666666668,0.41293448450291287,114.37046417277179
2018-08-01,2018-2019,2007-08,04,52,Construction Input Items,280.01,Construction input items,242.16916666666668,0.41293448450291287,115.62578500566063
2018-09-01,2018-2019,2007-08,04,52,Construction Input Items,280.39,Construction input items,242.16916666666668,0.41293448450291287,115.78270010977174
2018-10-01,2018-2019,2007-08,04,52,Construction Input Items,285.53,Construction input items,242.16916666666668,0.41293448450291287,117.9051833601167
2018-11-01,2018-2019,2007-08,04,52,Construction Input Items,289.23,Construction input items,242.16916666666668,0.41293448450291287,119.4330409527775
2018-12-01,2018-2019,2007-08,04,52,Construction Input Items,290.47,Construction input items,242.16916666666668,0.41293448450291287,119.94507971356111
2019-01-01,2018-2019,2007-08,04,52,Construction Input Items,292.42,Construction input items,242.16916666666668,0.41293448450291287,120.7503019583418
2019-02-01,2018-2019,2007-08,04,52,Construction Input Items,293.08,Construction input items,242.16916666666668,0.41293448450291287,121.0228387181137
2019-03-01,2018-2019,2007-08,04,52,Construction Input Items,295.39,Construction input items,242.16916666666668,0.41293448450291287,121.97671737731542
2019-04-01,2018-2019,2007-08,04,52,Construction Input Items,296.83,Construction input items,242.16916666666668,0.41293448450291287,122.57134303499961
2019-05-01,2018-2019,2007-08,04,52,Construction Input Items,298.32,Construction input items,242.16916666666668,0.41293448450291287,123.18661541690896
2019-06-01,2018-2019,2007-08,04,52,Construction Input Items,303,Construction input items,242.16916666666668,0.41293448450291287,125.1191488043826
2015-07-01,2015-2016,2007-08,04,53,Construction Wage Rates,215.28,Construction wage rates,222.79,0.4488531801247812,96.6291126172629
2015-08-01,2015-2016,2007-08,04,53,Construction Wage Rates,216.01,Construction wage rates,222.79,0.4488531801247812,96.95677543875398
2015-09-01,2015-2016,2007-08,04,53,Construction Wage Rates,218.33,Construction wage rates,222.79,0.4488531801247812,97.99811481664348
2015-10-01,2015-2016,2007-08,04,53,Construction Wage Rates,220.31,Construction wage rates,222.79,0.4488531801247812,98.88684411329055
2015-11-01,2015-2016,2007-08,04,53,Construction Wage Rates,223.39,Construction wage rates,222.79,0.4488531801247812,100.26931190807487
2015-12-01,2015-2016,2007-08,04,53,Construction Wage Rates,223.74,Construction wage rates,222.79,0.4488531801247812,100.42641052111856
2016-01-01,2015-2016,2007-08,04,53,Construction Wage Rates,224.27,Construction wage rates,222.79,0.4488531801247812,100.66430270658468
2016-02-01,2015-2016,2007-08,04,53,Construction Wage Rates,225.13,Construction wage rates,222.79,0.4488531801247812,101.05031644149199
2016-03-01,2015-2016,2007-08,04,53,Construction Wage Rates,225.24,Construction wage rates,222.79,0.4488531801247812,101.09969029130572
2016-04-01,2015-2016,2007-08,04,53,Construction Wage Rates,226.24,Construction wage rates,222.79,0.4488531801247812,101.5485434714305
2016-05-01,2015-2016,2007-08,04,53,Construction Wage Rates,226.72,Construction wage rates,222.79,0.4488531801247812,101.7639929978904
2016-06-01,2015-2016,2007-08,04,53,Construction Wage Rates,228.82,Construction wage rates,222.79,0.4488531801247812,102.70658467615243
2016-07-01,2016-2017,2007-08,04,53,Construction Wage Rates,230.1,Construction wage rates,222.79,0.4488531801247812,103.28111674671216
2016-08-01,2016-2017,2007-08,04,53,Construction Wage Rates,230.47,Construction wage rates,222.79,0.4488531801247812,103.44719242335832
2016-09-01,2016-2017,2007-08,04,53,Construction Wage Rates,230.4,Construction wage rates,222.79,0.4488531801247812,103.41577270074959
2016-10-01,2016-2017,2007-08,04,53,Construction Wage Rates,230.48,Construction wage rates,222.79,0.4488531801247812,103.45168095515957
2016-11-01,2016-2017,2007-08,04,53,Construction Wage Rates,232.6,Construction wage rates,222.79,0.4488531801247812,104.40324969702411
2016-12-01,2016-2017,2007-08,04,53,Construction Wage Rates,234.08,Construction wage rates,222.79,0.4488531801247812,105.06755240360879
2017-01-01,2016-2017,2007-08,04,53,Construction Wage Rates,234.42,Construction wage rates,222.79,0.4488531801247812,105.2201624848512
2017-02-01,2016-2017,2007-08,04,53,Construction Wage Rates,235.67,Construction wage rates,222.79,0.4488531801247812,105.78122896000718
2017-03-01,2016-2017,2007-08,04,53,Construction Wage Rates,235.79,Construction wage rates,222.79,0.4488531801247812,105.83509134162216
2017-04-01,2016-2017,2007-08,04,53,Construction Wage Rates,237.79,Construction wage rates,222.79,0.4488531801247812,106.73279770187172
2017-05-01,2016-2017,2007-08,04,53,Construction Wage Rates,240.32,Construction wage rates,222.79,0.4488531801247812,107.86839624758741
2017-06-01,2016-2017,2007-08,04,53,Construction Wage Rates,240.47,Construction wage rates,222.79,0.4488531801247812,107.93572422460613
2017-07-01,2017-2018,2007-08,04,53,Construction Wage Rates,242.75,Construction wage rates,222.79,0.4488531801247812,108.95910947529063
2017-08-01,2017-2018,2007-08,04,53,Construction Wage Rates,245.58,Construction wage rates,222.79,0.4488531801247812,110.22936397504377
2017-09-01,2017-2018,2007-08,04,53,Construction Wage Rates,245.96,Construction wage rates,222.79,0.4488531801247812,110.39992818349118
2017-10-01,2017-2018,2007-08,04,53,Construction Wage Rates,246.85,Construction wage rates,222.79,0.4488531801247812,110.79940751380224
2017-11-01,2017-2018,2007-08,04,53,Construction Wage Rates,248.82,Construction wage rates,222.79,0.4488531801247812,111.68364827864805
2017-12-01,2017-2018,2007-08,04,53,Construction Wage Rates,251.2,Construction wage rates,222.79,0.4488531801247812,112.75191884734504
2018-01-01,2017-2018,2007-08,04,53,Construction Wage Rates,253.9,Construction wage rates,222.79,0.4488531801247812,113.96382243368195
2018-02-01,2017-2018,2007-08,04,53,Construction Wage Rates,255.15,Construction wage rates,222.79,0.4488531801247812,114.52488890883792
2018-03-01,2017-2018,2007-08,04,53,Construction Wage Rates,257.14,Construction wage rates,222.79,0.4488531801247812,115.41810673728624
2018-04-01,2017-2018,2007-08,04,53,Construction Wage Rates,262.93,Construction wage rates,222.79,0.4488531801247812,118.01696665020873
2018-05-01,2017-2018,2007-08,04,53,Construction Wage Rates,264.7,Construction wage rates,222.79,0.4488531801247812,118.81143677902958
2018-06-01,2017-2018,2007-08,04,53,Construction Wage Rates,265.67,Construction wage rates,222.79,0.4488531801247812,119.24682436375063
2018-07-01,2018-2019,2007-08,04,53,Construction Wage Rates,265.71,Construction wage rates,222.79,0.4488531801247812,119.2647784909556
2018-08-01,2018-2019,2007-08,04,53,Construction Wage Rates,267.25,Construction wage rates,222.79,0.4488531801247812,119.95601238834777
2018-09-01,2018-2019,2007-08,04,53,Construction Wage Rates,268.44,Construction wage rates,222.79,0.4488531801247812,120.49014767269627
2018-10-01,2018-2019,2007-08,04,53,Construction Wage Rates,271.55,Construction wage rates,222.79,0.4488531801247812,121.88608106288434
2018-11-01,2018-2019,2007-08,04,53,Construction Wage Rates,276.45,Construction wage rates,222.79,0.4488531801247812,124.08546164549576
2018-12-01,2018-2019,2007-08,04,53,Construction Wage Rates,277.35,Construction wage rates,222.79,0.4488531801247812,124.48942950760808
2019-01-01,2018-2019,2007-08,04,53,Construction Wage Rates,277.46,Construction wage rates,222.79,0.4488531801247812,124.53880335742178
2019-02-01,2018-2019,2007-08,04,53,Construction Wage Rates,278.16,Construction wage rates,222.79,0.4488531801247812,124.85300058350916
2019-03-01,2018-2019,2007-08,04,53,Construction Wage Rates,281.4,Construction wage rates,222.79,0.4488531801247812,126.30728488711343
2019-04-01,2018-2019,2007-08,04,53,Construction Wage Rates,282.22,Construction wage rates,222.79,0.4488531801247812,126.67534449481576
2019-05-01,2018-2019,2007-08,04,53,Construction Wage Rates,282.74,Construction wage rates,222.79,0.4488531801247812,126.90874814848064
2019-06-01,2018-2019,2007-08,04,53,Construction Wage Rates,284.21,Construction wage rates,222.79,0.4488531801247812,127.56856232326406
2019-07-01,2019-2020,2015-16,04,53,Construction wage rates,141.48,Construction wage rates,222.79,0.4488531801247812,141.48
2019-08-01,2019-2020,2015-16,04,53,Construction wage rates,142.04,Construction wage rates,222.79,0.4488531801247812,142.04
2019-09-01,2019-2020,2015-16,04,53,Construction wage rates,142.68,Construction wage rates,222.79,0.4488531801247812,142.68
2019-10-01,2019-2020,2015-16,04,53,Construction wage rates,144.18,Construction wage rates,222.79,0.4488531801247812,144.18
2019-11-01,2019-2020,2015-16,04,53,Construction wage rates,145.73,Construction wage rates,222.79,0.4488531801247812,145.73
2019-12-01,2019-2020,2015-16,04,53,Construction wage rates,146.32,Construction wage rates,222.79,0.4488531801247812,146.32
2020-01-01,2019-2020,2015-16,04,53,Construction wage rates,146.43,Construction wage rates,222.79,0.4488531801247812,146.43
2020-02-01,2019-2020,2015-16,04,53,Construction wage rates,147.66,Construction wage rates,222.79,0.4488531801247812,147.66
2020-03-01,2019-2020,2015-16,04,53,Construction wage rates,148.1,Construction wage rates,222.79,0.4488531801247812,148.1
2020-04-01,2019-2020,2015-16,04,53,Construction wage rates,148.38,Construction wage rates,222.79,0.4488531801247812,148.38
2020-05-01,2019-2020,2015-16,04,53,Construction wage rates,148.8,Construction wage rates,222.79,0.4488531801247812,148.8
2020-06-01,2019-2020,2015-16,04,53,Construction wage rates,149.2,Construction wage rates,222.79,0.4488531801247812,149.2
2020-07-01,2020-2021,2015-16,04,53,Construction wage rates,149.55,Construction wage rates,222.79,0.4488531801247812,149.55
2020-08-01,2020-2021,2015-16,04,53,Construction wage rates,151.71,Construction wage rates,222.79,0.4488531801247812,151.71
2020-09-01,2020-2021,2015-16,04,53,Construction wage rates,152.47,Construction wage rates,222.79,0.4488531801247812,152.47
2020-10-01,2020-2021,2015-16,04,53,Construction wage rates,152.51,Construction wage rates,222.79,0.4488531801247812,152.51
2020-11-01,2020-2021,2015-16,04,53,Construction wage rates,152.57,Construction wage rates,222.79,0.4488531801247812,152.57
2020-12-01,2020-2021,2015-16,04,53,Construction wage rates,153.37,Construction wage rates,222.79,0.4488531801247812,153.37
2021-01-01,2020-2021,2015-16,04,53,Construction wage rates,153.39,Construction wage rates,222.79,0.4488531801247812,153.39
2021-02-01,2020-2021,2015-16,04,53,Construction wage rates,154.26,Construction wage rates,222.79,0.4488531801247812,154.26
2021-03-01,2020-2021,2015-16,04,53,Construction wage rates,154.6,Construction wage rates,222.79,0.4488531801247812,154.6
2021-04-01,2020-2021,2015-16,04,53,Construction wage rates,154.99,Construction wage rates,222.79,0.4488531801247812,154.99
2021-05-01,2020-2021,2015-16,04,53,Construction wage rates,155.01,Construction wage rates,222.79,0.4488531801247812,155.01
2021-06-01,2020-2021,2015-16,04,53,Construction wage rates,156.06,Construction wage rates,222.79,0.4488531801247812,156.06
2021-07-01,2021-2022,2015-16,04,53,Construction wage rates,157.85,Construction wage rates,222.79,0.4488531801247812,157.85
2021-08-01,2021-2022,2015-16,04,53,Construction wage rates,157.88,Construction wage rates,222.79,0.4488531801247812,157.88
2021-09-01,2021-2022,2015-16,04,53,Construction wage rates,158.01,Construction wage rates,222.79,0.4488531801247812,158.01
2021-10-01,2021-2022,2015-16,04,53,Construction wage rates,163.87,Construction wage rates,222.79,0.4488531801247812,163.87
2021-11-01,2021-2022,2015-16,04,53,Construction wage rates,164.77,Construction wage rates,222.79,0.4488531801247812,164.77
2021-12-01,2021-2022,2015-16,04,53,Construction wage rates,165.44,Construction wage rates,222.79,0.4488531801247812,165.44
2022-01-01,2021-2022,2015-16,04,53,Construction wage rates,165.66,Construction wage rates,222.79,0.4488531801247812,165.66
2022-02-01,2021-2022,2015-16,04,53,Construction wage rates,166.27,Construction wage rates,222.79,0.4488531801247812,166.27
2022-03-01,2021-2022,2015-16,04,53,Construction wage rates,166.59,Construction wage rates,222.79,0.4488531801247812,166.59
2022-04-01,2021-2022,2015-16,04,53,Construction wage rates,169.46,Construction wage rates,222.79,0.4488531801247812,169.46
2022-05-01,2021-2022,2015-16,04,53,Construction wage rates,170.65,Construction wage rates,222.79,0.4488531801247812,170.65
2022-06-01,2021-2022,2015-16,04,53,Construction wage rates,174.25,Construction wage rates,222.79,0.4488531801247812,174.25
2022-07-01,2022-2023,2015-16,04,53,Construction wage rates,177.08,Construction wage rates,222.79,0.4488531801247812,177.08
2022-08-01,2022-2023,2015-16,04,53,Construction wage rates,183.05,Construction wage rates,222.79,0.4488531801247812,183.05
2022-09-01,2022-2023,2015-16,04,53,Construction wage rates,184.17,Construction wage rates,222.79,0.4488531801247812,184.17
2022-10-01,2022-2023,2015-16,04,53,Construction wage rates,184.71,Construction wage rates,222.79,0.4488531801247812,184.71
2022-11-01,2022-2023,2015-16,04,53,Construction wage rates,185.82,Construction wage rates,222.79,0.4488531801247812,185.82
2022-12-01,2022-2023,2015-16,04,53,Construction wage rates,188.1,Construction wage rates,222.79,0.4488531801247812,188.1
2023-01-01,2022-2023,2015-16,04,53,Construction wage rates,189.25,Construction wage rates,222.79,0.4488531801247812,189.25
2023-02-01,2022-2023,2015-16,04,53,Construction wage rates,190.86,Construction wage rates,222.79,0.4488531801247812,190.86
2023-03-01,2022-2023,2015-16,04,53,Construction wage rates,198.02,Construction wage rates,222.79,0.4488531801247812,198.02
2023-04-01,2022-2023,2015-16,04,53,Construction wage rates,200.38,Construction wage rates,222.79,0.4488531801247812,200.38
2023-05-01,2022-2023,2015-16,04,53,Construction wage rates,200.95,Construction wage rates,222.79,0.4488531801247812,200.95
2023-06-01,2022-2023,2015-16,04,53,Construction wage rates,203.67,Construction wage rates,222.79,0.4488531801247812,203.67
2023-07-01,2023-2024,2015-16,04,53,Construction wage rates,204.06,Construction wage rates,222.79,0.4488531801247812,204.06
2023-08-01,2023-2024,2015-16,04,53,Construction wage rates,208.16,Construction wage rates,222.79,0.4488531801247812,208.16
2023-09-01,2023-2024,2015-16,04,53,Construction wage rates,208.9,Construction wage rates,222.79,0.4488531801247812,208.9
2023-10-01,2023-2024,2015-16,04,53,Construction wage rates,210.83,Construction wage rates,222.79,0.4488531801247812,210.83
2023-11-01,2023-2024,2015-16,04,53,Construction wage rates,210.88,Construction wage rates,222.79,0.4488531801247812,210.88
2023-12-01,2023-2024,2015-16,04,53,Construction wage rates,212.02,Construction wage rates,222.79,0.4488531801247812,212.02
2024-01-01,2023-2024,2015-16,04,53,Construction wage rates,212.13,Construction wage rates,222.79,0.4488531801247812,212.13
2024-02-01,2023-2024,2015-16,04,53,Construction wage rates,212.27,Construction wage rates,222.79,0.4488531801247812,212.27
2024-03-01,2023-2024,2015-16,04,53,Construction wage rates,213.53,Construction wage rates,222.79,0.4488531801247812,213.53
2024-04-01,2023-2024,2015-16,04,53,Construction wage rates,213.75,Construction wage rates,222.79,0.4488531801247812,213.75
2024-05-01,2023-2024,2015-16,04,53,Construction wage rates,213.78,Construction wage rates,222.79,0.4488531801247812,213.78
2024-06-01,2023-2024,2015-16,04,53,Construction wage rates,214.4,Construction wage rates,222.79,0.4488531801247812,214.4
2024-07-01,2024-2025,2015-16,04,53,Construction wage rates,215.78,Construction wage rates,222.79,0.4488531801247812,215.78
2024-08-01,2024-2025,2015-16,04,53,Construction wage rates,215.95,Construction wage rates,222.79,0.4488531801247812,215.95
2024-09-01,2024-2025,2015-16,04,53,Construction wage rates,217.12,Construction wage rates,222.79,0.4488531801247812,217.12
2024-10-01,2024-2025,2015-16,04,53,Construction wage rates,217.43,Construction wage rates,222.79,0.4488531801247812,217.43
2024-11-01,2024-2025,2015-16,04,53,Construction wage rates,221.34,Construction wage rates,222.79,0.4488531801247812,221.34
2024-12-01,2024-2025,2015-16,04,53,Construction wage rates,221.36,Construction wage rates,222.79,0.4488531801247812,221.36
2025-01-01,2024-2025,2015-16,04,53,Construction wage rates,221.55,Construction wage rates,222.79,0.4488531801247812,221.55
2025-02-01,2024-2025,2015-16,04,53,Construction wage rates,223.2,Construction wage rates,222.79,0.4488531801247812,223.2
2025-03-01,2024-2025,2015-16,04,53,Construction wage rates,224.08,Construction wage rates,222.79,0.4488531801247812,224.08
2025-04-01,2024-2025,2015-16,04,53,Construction wage rates,224.87,Construction wage rates,222.79,0.4488531801247812,224.87
2025-05-01,2024-2025,2015-16,04,53,Construction wage rates,225.22,Construction wage rates,222.79,0.4488531801247812,225.22
2025-06-01,2024-2025,2015-16,04,53,Construction wage rates,227.48,Construction wage rates,222.79,0.4488531801247812,227.48
2025-07-01,2025-2026,2015-16,04,53,Construction wage rates,227.57,Construction wage rates,222.79,0.4488531801247812,227.57
2025-08-01,2025-2026,2015-16,04,53,Construction wage rates,227.64,Construction wage rates,222.79,0.4488531801247812,227.64
2025-09-01,2025-2026,2015-16,04,53,Construction wage rates,228.36,Construction wage rates,222.79,0.4488531801247812,228.36
2025-10-01,2025-2026,2015-16,04,53,Construction wage rates,228.68,Construction wage rates,222.79,0.4488531801247812,228.68
2025-11-01,2025-2026,2015-16,04,53,Construction wage rates,231.8,Construction wage rates,222.79,0.4488531801247812,231.8
2025-12-01,2025-2026,2015-16,04,53,Construction wage rates,231.89,Construction wage rates,222.79,0.4488531801247812,231.89
2026-01-01,2025-2026,2015-16,04,53,Construction wage rates,235.38,Construction wage rates,222.79,0.4488531801247812,235.38
2026-02-01,2025-2026,2015-16,04,53,Construction wage rates,236.62,Construction wage rates,222.79,0.4488531801247812,236.62
2026-03-01,2025-2026,2015-16,04,53,Construction wage rates,236.79,Construction wage rates,222.79,0.4488531801247812,236.79
2026-04-01,2025-2026,2015-16,04,53,Construction wage rates,236.86,Construction wage rates,222.79,0.4488531801247812,236.86
2026-05-01,2025-2026,2015-16,04,53,Construction wage rates,245.48,Construction wage rates,222.79,0.4488531801247812,245.48
2026-06-01,2025-2026,2015-16,04,53,Construction wage rates,247.79,Construction wage rates,222.79,0.4488531801247812,247.79
2015-07-01,2015-2016,2007-08,04,55,Electricity,234.69,Electricity,237.81583333333333,0.4204934490624748,98.68560756047222
2015-08-01,2015-2016,2007-08,04,55,Electricity,238.1,Electricity,237.81583333333333,0.4204934490624748,100.11949022177525
2015-09-01,2015-2016,2007-08,04,55,Electricity,238.1,Electricity,237.81583333333333,0.4204934490624748,100.11949022177525
2015-10-01,2015-2016,2007-08,04,55,Electricity,238.1,Electricity,237.81583333333333,0.4204934490624748,100.11949022177525
2015-11-01,2015-2016,2007-08,04,55,Electricity,238.1,Electricity,237.81583333333333,0.4204934490624748,100.11949022177525
2015-12-01,2015-2016,2007-08,04,55,Electricity,238.1,Electricity,237.81583333333333,0.4204934490624748,100.11949022177525
2016-01-01,2015-2016,2007-08,04,55,Electricity,238.1,Electricity,237.81583333333333,0.4204934490624748,100.11949022177525
2016-02-01,2015-2016,2007-08,04,55,Electricity,238.1,Electricity,237.81583333333333,0.4204934490624748,100.11949022177525
2016-03-01,2015-2016,2007-08,04,55,Electricity,238.1,Electricity,237.81583333333333,0.4204934490624748,100.11949022177525
2016-04-01,2015-2016,2007-08,04,55,Electricity,238.1,Electricity,237.81583333333333,0.4204934490624748,100.11949022177525
2016-05-01,2015-2016,2007-08,04,55,Electricity,238.1,Electricity,237.81583333333333,0.4204934490624748,100.11949022177525
2016-06-01,2015-2016,2007-08,04,55,Electricity,238.1,Electricity,237.81583333333333,0.4204934490624748,100.11949022177525
2016-07-01,2016-2017,2007-08,04,55,Electricity,238.1,Electricity,237.81583333333333,0.4204934490624748,100.11949022177525
2016-08-01,2016-2017,2007-08,04,55,Electricity,238.1,Electricity,237.81583333333333,0.4204934490624748,100.11949022177525
2016-09-01,2016-2017,2007-08,04,55,Electricity,238.1,Electricity,237.81583333333333,0.4204934490624748,100.11949022177525
2016-10-01,2016-2017,2007-08,04,55,Electricity,238.1,Electricity,237.81583333333333,0.4204934490624748,100.11949022177525
2016-11-01,2016-2017,2007-08,04,55,Electricity,238.1,Electricity,237.81583333333333,0.4204934490624748,100.11949022177525
2016-12-01,2016-2017,2007-08,04,55,Electricity,238.1,Electricity,237.81583333333333,0.4204934490624748,100.11949022177525
2017-01-01,2016-2017,2007-08,04,55,Electricity,238.1,Electricity,237.81583333333333,0.4204934490624748,100.11949022177525
2017-02-01,2016-2017,2007-08,04,55,Electricity,238.1,Electricity,237.81583333333333,0.4204934490624748,100.11949022177525
2017-03-01,2016-2017,2007-08,04,55,Electricity,238.1,Electricity,237.81583333333333,0.4204934490624748,100.11949022177525
2017-04-01,2016-2017,2007-08,04,55,Electricity,238.1,Electricity,237.81583333333333,0.4204934490624748,100.11949022177525
2017-05-01,2016-2017,2007-08,04,55,Electricity,238.1,Electricity,237.81583333333333,0.4204934490624748,100.11949022177525
2017-06-01,2016-2017,2007-08,04,55,Electricity,238.1,Electricity,237.81583333333333,0.4204934490624748,100.11949022177525
2017-07-01,2017-2018,2007-08,04,55,Electricity,238.1,Electricity,237.81583333333333,0.4204934490624748,100.11949022177525
2017-08-01,2017-2018,2007-08,04,55,Electricity,238.1,Electricity,237.81583333333333,0.4204934490624748,100.11949022177525
2017-09-01,2017-2018,2007-08,04,55,Electricity,238.1,Electricity,237.81583333333333,0.4204934490624748,100.11949022177525
2017-10-01,2017-2018,2007-08,04,55,Electricity,238.1,Electricity,237.81583333333333,0.4204934490624748,100.11949022177525
2017-11-01,2017-2018,2007-08,04,55,Electricity,238.1,Electricity,237.81583333333333,0.4204934490624748,100.11949022177525
2017-12-01,2017-2018,2007-08,04,55,Electricity,238.1,Electricity,237.81583333333333,0.4204934490624748,100.11949022177525
2018-01-01,2017-2018,2007-08,04,55,Electricity,238.1,Electricity,237.81583333333333,0.4204934490624748,100.11949022177525
2018-02-01,2017-2018,2007-08,04,55,Electricity,238.1,Electricity,237.81583333333333,0.4204934490624748,100.11949022177525
2018-03-01,2017-2018,2007-08,04,55,Electricity,238.1,Electricity,237.81583333333333,0.4204934490624748,100.11949022177525
2018-04-01,2017-2018,2007-08,04,55,Electricity,238.1,Electricity,237.81583333333333,0.4204934490624748,100.11949022177525
2018-05-01,2017-2018,2007-08,04,55,Electricity,238.1,Electricity,237.81583333333333,0.4204934490624748,100.11949022177525
2018-06-01,2017-2018,2007-08,04,55,Electricity,238.1,Electricity,237.81583333333333,0.4204934490624748,100.11949022177525
2018-07-01,2018-2019,2007-08,04,55,Electricity,238.1,Electricity,237.81583333333333,0.4204934490624748,100.11949022177525
2018-08-01,2018-2019,2007-08,04,55,Electricity,238.1,Electricity,237.81583333333333,0.4204934490624748,100.11949022177525
2018-09-01,2018-2019,2007-08,04,55,Electricity,238.1,Electricity,237.81583333333333,0.4204934490624748,100.11949022177525
2018-10-01,2018-2019,2007-08,04,55,Electricity,238.1,Electricity,237.81583333333333,0.4204934490624748,100.11949022177525
2018-11-01,2018-2019,2007-08,04,55,Electricity,238.1,Electricity,237.81583333333333,0.4204934490624748,100.11949022177525
2018-12-01,2018-2019,2007-08,04,55,Electricity,238.1,Electricity,237.81583333333333,0.4204934490624748,100.11949022177525
2019-01-01,2018-2019,2007-08,04,55,Electricity,258.28,Electricity,237.81583333333333,0.4204934490624748,108.60504802385599
2019-02-01,2018-2019,2007-08,04,55,Electricity,258.28,Electricity,237.81583333333333,0.4204934490624748,108.60504802385599
2019-03-01,2018-2019,2007-08,04,55,Electricity,258.28,Electricity,237.81583333333333,0.4204934490624748,108.60504802385599
2019-04-01,2018-2019,2007-08,04,55,Electricity,258.28,Electricity,237.81583333333333,0.4204934490624748,108.60504802385599
2019-05-01,2018-2019,2007-08,04,55,Electricity,258.28,Electricity,237.81583333333333,0.4204934490624748,108.60504802385599
2019-06-01,2018-2019,2007-08,04,55,Electricity,258.28,Electricity,237.81583333333333,0.4204934490624748,108.60504802385599
2019-07-01,2019-2020,2015-16,04,56,Electricity charges,108.25,Electricity,237.81583333333333,0.4204934490624748,108.25
2019-08-01,2019-2020,2015-16,04,56,Electricity charges,108.25,Electricity,237.81583333333333,0.4204934490624748,108.25
2019-09-01,2019-2020,2015-16,04,56,Electricity charges,107.18,Electricity,237.81583333333333,0.4204934490624748,107.18
2019-10-01,2019-2020,2015-16,04,56,Electricity charges,126.9,Electricity,237.81583333333333,0.4204934490624748,126.9
2019-11-01,2019-2020,2015-16,04,56,Electricity charges,125.72,Electricity,237.81583333333333,0.4204934490624748,125.72
2019-12-01,2019-2020,2015-16,04,56,Electricity charges,127.65,Electricity,237.81583333333333,0.4204934490624748,127.65
2020-01-01,2019-2020,2015-16,04,56,Electricity charges,124.87,Electricity,237.81583333333333,0.4204934490624748,124.87
2020-02-01,2019-2020,2015-16,04,56,Electricity charges,108.04,Electricity,237.81583333333333,0.4204934490624748,108.04
2020-03-01,2019-2020,2015-16,04,56,Electricity charges,108.04,Electricity,237.81583333333333,0.4204934490624748,108.04
2020-04-01,2019-2020,2015-16,04,56,Electricity charges,108.04,Electricity,237.81583333333333,0.4204934490624748,108.04
2020-05-01,2019-2020,2015-16,04,56,Electricity charges,108.04,Electricity,237.81583333333333,0.4204934490624748,108.04
2020-06-01,2019-2020,2015-16,04,56,Electricity charges,108.04,Electricity,237.81583333333333,0.4204934490624748,108.04
2020-07-01,2020-2021,2015-16,04,56,Electricity charges,108.04,Electricity,237.81583333333333,0.4204934490624748,108.04
2020-08-01,2020-2021,2015-16,04,56,Electricity charges,120.58,Electricity,237.81583333333333,0.4204934490624748,120.58
2020-09-01,2020-2021,2015-16,04,56,Electricity charges,119.83,Electricity,237.81583333333333,0.4204934490624748,119.83
2020-10-01,2020-2021,2015-16,04,56,Electricity charges,117.04,Electricity,237.81583333333333,0.4204934490624748,117.04
2020-11-01,2020-2021,2015-16,04,56,Electricity charges,113.29,Electricity,237.81583333333333,0.4204934490624748,113.29
2020-12-01,2020-2021,2015-16,04,56,Electricity charges,120.04,Electricity,237.81583333333333,0.4204934490624748,120.04
2021-01-01,2020-2021,2015-16,04,56,Electricity charges,119.4,Electricity,237.81583333333333,0.4204934490624748,119.4
2021-02-01,2020-2021,2015-16,04,56,Electricity charges,154.56,Electricity,237.81583333333333,0.4204934490624748,154.56
2021-03-01,2020-2021,2015-16,04,56,Electricity charges,142.12,Electricity,237.81583333333333,0.4204934490624748,142.12
2021-04-01,2020-2021,2015-16,04,56,Electricity charges,139.44,Electricity,237.81583333333333,0.4204934490624748,139.44
2021-05-01,2020-2021,2015-16,04,56,Electricity charges,131.62,Electricity,237.81583333333333,0.4204934490624748,131.62
2021-06-01,2020-2021,2015-16,04,56,Electricity charges,130.87,Electricity,237.81583333333333,0.4204934490624748,130.87
2021-07-01,2021-2022,2015-16,04,56,Electricity charges,131.51,Electricity,237.81583333333333,0.4204934490624748,131.51
2021-08-01,2021-2022,2015-16,04,56,Electricity charges,131.62,Electricity,237.81583333333333,0.4204934490624748,131.62
2021-09-01,2021-2022,2015-16,04,56,Electricity charges,146.62,Electricity,237.81583333333333,0.4204934490624748,146.62
2021-10-01,2021-2022,2015-16,04,56,Electricity charges,154.66,Electricity,237.81583333333333,0.4204934490624748,154.66
2021-11-01,2021-2022,2015-16,04,56,Electricity charges,167.52,Electricity,237.81583333333333,0.4204934490624748,167.52
2021-12-01,2021-2022,2015-16,04,56,Electricity charges,191.32,Electricity,237.81583333333333,0.4204934490624748,191.32
2022-01-01,2021-2022,2015-16,04,56,Electricity charges,186.5,Electricity,237.81583333333333,0.4204934490624748,186.5
2022-02-01,2021-2022,2015-16,04,56,Electricity charges,172.03,Electricity,237.81583333333333,0.4204934490624748,172.03
2022-03-01,2021-2022,2015-16,04,56,Electricity charges,148.98,Electricity,237.81583333333333,0.4204934490624748,148.98
2022-04-01,2021-2022,2015-16,04,56,Electricity charges,137.3,Electricity,237.81583333333333,0.4204934490624748,137.3
2022-05-01,2021-2022,2015-16,04,56,Electricity charges,116.08,Electricity,237.81583333333333,0.4204934490624748,116.08
2022-06-01,2021-2022,2015-16,04,56,Electricity charges,176.21,Electricity,237.81583333333333,0.4204934490624748,176.21
2022-07-01,2022-2023,2015-16,04,56,Electricity charges,245.55,Electricity,237.81583333333333,0.4204934490624748,245.55
2022-08-01,2022-2023,2015-16,04,56,Electricity charges,294,Electricity,237.81583333333333,0.4204934490624748,294
2022-09-01,2022-2023,2015-16,04,56,Electricity charges,101.93,Electricity,237.81583333333333,0.4204934490624748,101.93
2022-10-01,2022-2023,2015-16,04,56,Electricity charges,193.25,Electricity,237.81583333333333,0.4204934490624748,193.25
2022-11-01,2022-2023,2015-16,04,56,Electricity charges,192.6,Electricity,237.81583333333333,0.4204934490624748,192.6
2022-12-01,2022-2023,2015-16,04,56,Electricity charges,186.17,Electricity,237.81583333333333,0.4204934490624748,186.17
2023-01-01,2022-2023,2015-16,04,56,Electricity charges,187.78,Electricity,237.81583333333333,0.4204934490624748,187.78
2023-02-01,2022-2023,2015-16,04,56,Electricity charges,184.78,Electricity,237.81583333333333,0.4204934490624748,184.78
2023-03-01,2022-2023,2015-16,04,56,Electricity charges,196.25,Electricity,237.81583333333333,0.4204934490624748,196.25
2023-04-01,2022-2023,2015-16,04,56,Electricity charges,179.64,Electricity,237.81583333333333,0.4204934490624748,179.64
2023-05-01,2022-2023,2015-16,04,56,Electricity charges,184.89,Electricity,237.81583333333333,0.4204934490624748,184.89
2023-06-01,2022-2023,2015-16,04,56,Electricity charges,190.25,Electricity,237.81583333333333,0.4204934490624748,190.25
2023-07-01,2023-2024,2015-16,04,56,Electricity charges,266.13,Electricity,237.81583333333333,0.4204934490624748,266.13
2023-08-01,2023-2024,2015-16,04,56,Electricity charges,269.77,Electricity,237.81583333333333,0.4204934490624748,269.77
2023-09-01,2023-2024,2015-16,04,56,Electricity charges,268.81,Electricity,237.81583333333333,0.4204934490624748,268.81
2023-10-01,2023-2024,2015-16,04,56,Electricity charges,291.1,Electricity,237.81583333333333,0.4204934490624748,291.1
2023-11-01,2023-2024,2015-16,04,56,Electricity charges,259.91,Electricity,237.81583333333333,0.4204934490624748,259.91
2023-12-01,2023-2024,2015-16,04,56,Electricity charges,300.86,Electricity,237.81583333333333,0.4204934490624748,300.86
2024-01-01,2023-2024,2015-16,04,56,Electricity charges,320.26,Electricity,237.81583333333333,0.4204934490624748,320.26
2024-02-01,2023-2024,2015-16,04,56,Electricity charges,323.15,Electricity,237.81583333333333,0.4204934490624748,323.15
2024-03-01,2023-2024,2015-16,04,56,Electricity charges,339.66,Electricity,237.81583333333333,0.4204934490624748,339.66
2024-04-01,2023-2024,2015-16,04,56,Electricity charges,307.4,Electricity,237.81583333333333,0.4204934490624748,307.4
2024-05-01,2023-2024,2015-16,04,56,Electricity charges,293.57,Electricity,237.81583333333333,0.4204934490624748,293.57
2024-06-01,2023-2024,2015-16,04,56,Electricity charges,317.36,Electricity,237.81583333333333,0.4204934490624748,317.36
2024-07-01,2024-2025,2015-16,04,56,Electricity charges,304.07,Electricity,237.81583333333333,0.4204934490624748,304.07
2024-08-01,2024-2025,2015-16,04,56,Electricity charges,284.46,Electricity,237.81583333333333,0.4204934490624748,284.46
2024-09-01,2024-2025,2015-16,04,56,Electricity charges,275.67,Electricity,237.81583333333333,0.4204934490624748,275.67
2024-10-01,2024-2025,2015-16,04,56,Electricity charges,289.5,Electricity,237.81583333333333,0.4204934490624748,289.5
2024-11-01,2024-2025,2015-16,04,56,Electricity charges,288.85,Electricity,237.81583333333333,0.4204934490624748,288.85
2024-12-01,2024-2025,2015-16,04,56,Electricity charges,272.45,Electricity,237.81583333333333,0.4204934490624748,272.45
2025-01-01,2024-2025,2015-16,04,56,Electricity charges,270.31,Electricity,237.81583333333333,0.4204934490624748,270.31
2025-02-01,2024-2025,2015-16,04,56,Electricity charges,269.56,Electricity,237.81583333333333,0.4204934490624748,269.56
2025-03-01,2024-2025,2015-16,04,56,Electricity charges,266.13,Electricity,237.81583333333333,0.4204934490624748,266.13
2025-04-01,2024-2025,2015-16,04,56,Electricity charges,225.72,Electricity,237.81583333333333,0.4204934490624748,225.72
2025-05-01,2024-2025,2015-16,04,56,Electricity charges,209.86,Electricity,237.81583333333333,0.4204934490624748,209.86
2025-06-01,2024-2025,2015-16,04,56,Electricity charges,221.44,Electricity,237.81583333333333,0.4204934490624748,221.44
2025-07-01,2025-2026,2015-16,04,56,Electricity charges,252.84,Electricity,237.81583333333333,0.4204934490624748,252.84
2025-08-01,2025-2026,2015-16,04,56,Electricity charges,239.76,Electricity,237.81583333333333,0.4204934490624748,239.76
2025-09-01,2025-2026,2015-16,04,56,Electricity charges,234.41,Electricity,237.81583333333333,0.4204934490624748,234.41
2025-10-01,2025-2026,2015-16,04,56,Electricity charges,244.37,Electricity,237.81583333333333,0.4204934490624748,244.37
2025-11-01,2025-2026,2015-16,04,56,Electricity charges,261.74,Electricity,237.81583333333333,0.4204934490624748,261.74
2025-12-01,2025-2026,2015-16,04,56,Electricity charges,263.13,Electricity,237.81583333333333,0.4204934490624748,263.13
2026-01-01,2025-2026,2015-16,04,56,Electricity charges,262.92,Electricity,237.81583333333333,0.4204934490624748,262.92
2026-02-01,2025-2026,2015-16,04,56,Electricity charges,289.28,Electricity,237.81583333333333,0.4204934490624748,289.28
2026-03-01,2025-2026,2015-16,04,56,Electricity charges,303.97,Electricity,237.81583333333333,0.4204934490624748,303.97
2026-04-01,2025-2026,2015-16,04,56,Electricity charges,301.82,Electricity,237.81583333333333,0.4204934490624748,301.82
2026-05-01,2025-2026,2015-16,04,56,Electricity charges,286.39,Electricity,237.81583333333333,0.4204934490624748,286.39
2026-06-01,2025-2026,2015-16,04,56,Electricity charges,274.06,Electricity,237.81583333333333,0.4204934490624748,274.06
2015-07-01,2015-2016,2007-08,04,58,Firewood Whole,275.52,Firewood (old base only),280.89,0.3560112499554986,98.08821958773896
2015-08-01,2015-2016,2007-08,04,58,Firewood Whole,275.9,Firewood (old base only),280.89,0.3560112499554986,98.22350386272205
2015-09-01,2015-2016,2007-08,04,58,Firewood Whole,275.9,Firewood (old base only),280.89,0.3560112499554986,98.22350386272205
2015-10-01,2015-2016,2007-08,04,58,Firewood Whole,278.99,Firewood (old base only),280.89,0.3560112499554986,99.32357862508455
2015-11-01,2015-2016,2007-08,04,58,Firewood Whole,279.21,Firewood (old base only),280.89,0.3560112499554986,99.40190110007475
2015-12-01,2015-2016,2007-08,04,58,Firewood Whole,281.03,Firewood (old base only),280.89,0.3560112499554986,100.04984157499376
2016-01-01,2015-2016,2007-08,04,58,Firewood Whole,284.11,Firewood (old base only),280.89,0.3560112499554986,101.14635622485672
2016-02-01,2015-2016,2007-08,04,58,Firewood Whole,283.33,Firewood (old base only),280.89,0.3560112499554986,100.86866744989142
2016-03-01,2015-2016,2007-08,04,58,Firewood Whole,283.78,Firewood (old base only),280.89,0.3560112499554986,101.02887251237138
2016-04-01,2015-2016,2007-08,04,58,Firewood Whole,283.25,Firewood (old base only),280.89,0.3560112499554986,100.84018654989498
2016-05-01,2015-2016,2007-08,04,58,Firewood Whole,284.79,Firewood (old base only),280.89,0.3560112499554986,101.38844387482645
2016-06-01,2015-2016,2007-08,04,58,Firewood Whole,284.87,Firewood (old base only),280.89,0.3560112499554986,101.41692477482289
2016-07-01,2016-2017,2007-08,04,58,Firewood Whole,284.2,Firewood (old base only),280.89,0.3560112499554986,101.1783972373527
2016-08-01,2016-2017,2007-08,04,58,Firewood Whole,284.2,Firewood (old base only),280.89,0.3560112499554986,101.1783972373527
2016-09-01,2016-2017,2007-08,04,58,Firewood Whole,283.6,Firewood (old base only),280.89,0.3560112499554986,100.96479048737942
2016-10-01,2016-2017,2007-08,04,58,Firewood Whole,284.35,Firewood (old base only),280.89,0.3560112499554986,101.23179892484603
2016-11-01,2016-2017,2007-08,04,58,Firewood Whole,286.97,Firewood (old base only),280.89,0.3560112499554986,102.16454839972944
2016-12-01,2016-2017,2007-08,04,58,Firewood Whole,290.35,Firewood (old base only),280.89,0.3560112499554986,103.36786642457902
2017-01-01,2016-2017,2007-08,04,58,Firewood Whole,292.43,Firewood (old base only),280.89,0.3560112499554986,104.10836982448646
2017-02-01,2016-2017,2007-08,04,58,Firewood Whole,293.08,Firewood (old base only),280.89,0.3560112499554986,104.33977713695752
2017-03-01,2016-2017,2007-08,04,58,Firewood Whole,290.59,Firewood (old base only),280.89,0.3560112499554986,103.45330912456834
2017-04-01,2016-2017,2007-08,04,58,Firewood Whole,290.56,Firewood (old base only),280.89,0.3560112499554986,103.44262878706968
2017-05-01,2016-2017,2007-08,04,58,Firewood Whole,290.23,Firewood (old base only),280.89,0.3560112499554986,103.32514507458437
2017-06-01,2016-2017,2007-08,04,58,Firewood Whole,290.23,Firewood (old base only),280.89,0.3560112499554986,103.32514507458437
2017-07-01,2017-2018,2007-08,04,58,Firewood Whole,290.72,Firewood (old base only),280.89,0.3560112499554986,103.49959058706256
2017-08-01,2017-2018,2007-08,04,58,Firewood Whole,291.56,Firewood (old base only),280.89,0.3560112499554986,103.79864003702517
2017-09-01,2017-2018,2007-08,04,58,Firewood Whole,291.34,Firewood (old base only),280.89,0.3560112499554986,103.72031756203495
2017-10-01,2017-2018,2007-08,04,58,Firewood Whole,293.2,Firewood (old base only),280.89,0.3560112499554986,104.38249848695219
2017-11-01,2017-2018,2007-08,04,58,Firewood Whole,295.15,Firewood (old base only),280.89,0.3560112499554986,105.0767204243654
2017-12-01,2017-2018,2007-08,04,58,Firewood Whole,295.82,Firewood (old base only),280.89,0.3560112499554986,105.3152479618356
2018-01-01,2017-2018,2007-08,04,58,Firewood Whole,300.58,Firewood (old base only),280.89,0.3560112499554986,107.00986151162377
2018-02-01,2017-2018,2007-08,04,58,Firewood Whole,301.93,Firewood (old base only),280.89,0.3560112499554986,107.49047669906369
2018-03-01,2017-2018,2007-08,04,58,Firewood Whole,302.24,Firewood (old base only),280.89,0.3560112499554986,107.6008401865499
2018-04-01,2017-2018,2007-08,04,58,Firewood Whole,301.32,Firewood (old base only),280.89,0.3560112499554986,107.27330983659084
2018-05-01,2017-2018,2007-08,04,58,Firewood Whole,297.93,Firewood (old base only),280.89,0.3560112499554986,106.0664316992417
2018-06-01,2017-2018,2007-08,04,58,Firewood Whole,298.03,Firewood (old base only),280.89,0.3560112499554986,106.10203282423724
2018-07-01,2018-2019,2007-08,04,58,Firewood Whole,298.03,Firewood (old base only),280.89,0.3560112499554986,106.10203282423724
2018-08-01,2018-2019,2007-08,04,58,Firewood Whole,298.7,Firewood (old base only),280.89,0.3560112499554986,106.34056036170743
2018-09-01,2018-2019,2007-08,04,58,Firewood Whole,299.07,Firewood (old base only),280.89,0.3560112499554986,106.47228452419097
2018-10-01,2018-2019,2007-08,04,58,Firewood Whole,299.07,Firewood (old base only),280.89,0.3560112499554986,106.47228452419097
2018-11-01,2018-2019,2007-08,04,58,Firewood Whole,303.78,Firewood (old base only),280.89,0.3560112499554986,108.14909751148136
2018-12-01,2018-2019,2007-08,04,58,Firewood Whole,305.35,Firewood (old base only),280.89,0.3560112499554986,108.70803517391151
2019-01-01,2018-2019,2007-08,04,58,Firewood Whole,305.94,Firewood (old base only),280.89,0.3560112499554986,108.91808181138524
2019-02-01,2018-2019,2007-08,04,58,Firewood Whole,305.94,Firewood (old base only),280.89,0.3560112499554986,108.91808181138524
2019-03-01,2018-2019,2007-08,04,58,Firewood Whole,307.17,Firewood (old base only),280.89,0.3560112499554986,109.35597564883051
2019-04-01,2018-2019,2007-08,04,58,Firewood Whole,307.99,Firewood (old base only),280.89,0.3560112499554986,109.64790487379402
2019-05-01,2018-2019,2007-08,04,58,Firewood Whole,308.96,Firewood (old base only),280.89,0.3560112499554986,109.99323578625084
2019-06-01,2018-2019,2007-08,04,58,Firewood Whole,309.64,Firewood (old base only),280.89,0.3560112499554986,110.23532343622058
2019-07-01,2019-2020,2015-16,04,55,Garbage collection,145.38,Garbage collection (new base only),NA,NA,145.38
2019-08-01,2019-2020,2015-16,04,55,Garbage collection,145.38,Garbage collection (new base only),NA,NA,145.38
2019-09-01,2019-2020,2015-16,04,55,Garbage collection,145.54,Garbage collection (new base only),NA,NA,145.54
2019-10-01,2019-2020,2015-16,04,55,Garbage collection,145.54,Garbage collection (new base only),NA,NA,145.54
2019-11-01,2019-2020,2015-16,04,55,Garbage collection,146.12,Garbage collection (new base only),NA,NA,146.12
2019-12-01,2019-2020,2015-16,04,55,Garbage collection,154.8,Garbage collection (new base only),NA,NA,154.8
2020-01-01,2019-2020,2015-16,04,55,Garbage collection,154.8,Garbage collection (new base only),NA,NA,154.8
2020-02-01,2019-2020,2015-16,04,55,Garbage collection,154.8,Garbage collection (new base only),NA,NA,154.8
2020-03-01,2019-2020,2015-16,04,55,Garbage collection,154.8,Garbage collection (new base only),NA,NA,154.8
2020-04-01,2019-2020,2015-16,04,55,Garbage collection,156.98,Garbage collection (new base only),NA,NA,156.98
2020-05-01,2019-2020,2015-16,04,55,Garbage collection,156.98,Garbage collection (new base only),NA,NA,156.98
2020-06-01,2019-2020,2015-16,04,55,Garbage collection,159.37,Garbage collection (new base only),NA,NA,159.37
2020-07-01,2020-2021,2015-16,04,55,Garbage collection,167.3,Garbage collection (new base only),NA,NA,167.3
2020-08-01,2020-2021,2015-16,04,55,Garbage collection,169.2,Garbage collection (new base only),NA,NA,169.2
2020-09-01,2020-2021,2015-16,04,55,Garbage collection,169.2,Garbage collection (new base only),NA,NA,169.2
2020-10-01,2020-2021,2015-16,04,55,Garbage collection,169.2,Garbage collection (new base only),NA,NA,169.2
2020-11-01,2020-2021,2015-16,04,55,Garbage collection,169.2,Garbage collection (new base only),NA,NA,169.2
2020-12-01,2020-2021,2015-16,04,55,Garbage collection,171.58,Garbage collection (new base only),NA,NA,171.58
2021-01-01,2020-2021,2015-16,04,55,Garbage collection,173.35,Garbage collection (new base only),NA,NA,173.35
2021-02-01,2020-2021,2015-16,04,55,Garbage collection,173.35,Garbage collection (new base only),NA,NA,173.35
2021-03-01,2020-2021,2015-16,04,55,Garbage collection,173.7,Garbage collection (new base only),NA,NA,173.7
2021-04-01,2020-2021,2015-16,04,55,Garbage collection,173.9,Garbage collection (new base only),NA,NA,173.9
2021-05-01,2020-2021,2015-16,04,55,Garbage collection,173.9,Garbage collection (new base only),NA,NA,173.9
2021-06-01,2020-2021,2015-16,04,55,Garbage collection,173.9,Garbage collection (new base only),NA,NA,173.9
2021-07-01,2021-2022,2015-16,04,55,Garbage collection,174.58,Garbage collection (new base only),NA,NA,174.58
2021-08-01,2021-2022,2015-16,04,55,Garbage collection,175.57,Garbage collection (new base only),NA,NA,175.57
2021-09-01,2021-2022,2015-16,04,55,Garbage collection,177.21,Garbage collection (new base only),NA,NA,177.21
2021-10-01,2021-2022,2015-16,04,55,Garbage collection,177.21,Garbage collection (new base only),NA,NA,177.21
2021-11-01,2021-2022,2015-16,04,55,Garbage collection,177.79,Garbage collection (new base only),NA,NA,177.79
2021-12-01,2021-2022,2015-16,04,55,Garbage collection,179.94,Garbage collection (new base only),NA,NA,179.94
2022-01-01,2021-2022,2015-16,04,55,Garbage collection,181.75,Garbage collection (new base only),NA,NA,181.75
2022-02-01,2021-2022,2015-16,04,55,Garbage collection,182.71,Garbage collection (new base only),NA,NA,182.71
2022-03-01,2021-2022,2015-16,04,55,Garbage collection,182.71,Garbage collection (new base only),NA,NA,182.71
2022-04-01,2021-2022,2015-16,04,55,Garbage collection,183.11,Garbage collection (new base only),NA,NA,183.11
2022-05-01,2021-2022,2015-16,04,55,Garbage collection,196.32,Garbage collection (new base only),NA,NA,196.32
2022-06-01,2021-2022,2015-16,04,55,Garbage collection,197.91,Garbage collection (new base only),NA,NA,197.91
2022-07-01,2022-2023,2015-16,04,55,Garbage collection,200.69,Garbage collection (new base only),NA,NA,200.69
2022-08-01,2022-2023,2015-16,04,55,Garbage collection,207.57,Garbage collection (new base only),NA,NA,207.57
2022-09-01,2022-2023,2015-16,04,55,Garbage collection,207.57,Garbage collection (new base only),NA,NA,207.57
2022-10-01,2022-2023,2015-16,04,55,Garbage collection,207.57,Garbage collection (new base only),NA,NA,207.57
2022-11-01,2022-2023,2015-16,04,55,Garbage collection,207.57,Garbage collection (new base only),NA,NA,207.57
2022-12-01,2022-2023,2015-16,04,55,Garbage collection,207.65,Garbage collection (new base only),NA,NA,207.65
2023-01-01,2022-2023,2015-16,04,55,Garbage collection,207.65,Garbage collection (new base only),NA,NA,207.65
2023-02-01,2022-2023,2015-16,04,55,Garbage collection,208.44,Garbage collection (new base only),NA,NA,208.44
2023-03-01,2022-2023,2015-16,04,55,Garbage collection,209.09,Garbage collection (new base only),NA,NA,209.09
2023-04-01,2022-2023,2015-16,04,55,Garbage collection,209.09,Garbage collection (new base only),NA,NA,209.09
2023-05-01,2022-2023,2015-16,04,55,Garbage collection,209.09,Garbage collection (new base only),NA,NA,209.09
2023-06-01,2022-2023,2015-16,04,55,Garbage collection,209.67,Garbage collection (new base only),NA,NA,209.67
2023-07-01,2023-2024,2015-16,04,55,Garbage collection,209.88,Garbage collection (new base only),NA,NA,209.88
2023-08-01,2023-2024,2015-16,04,55,Garbage collection,232.54,Garbage collection (new base only),NA,NA,232.54
2023-09-01,2023-2024,2015-16,04,55,Garbage collection,237.56,Garbage collection (new base only),NA,NA,237.56
2023-10-01,2023-2024,2015-16,04,55,Garbage collection,239.88,Garbage collection (new base only),NA,NA,239.88
2023-11-01,2023-2024,2015-16,04,55,Garbage collection,240.04,Garbage collection (new base only),NA,NA,240.04
2023-12-01,2023-2024,2015-16,04,55,Garbage collection,240.04,Garbage collection (new base only),NA,NA,240.04
2024-01-01,2023-2024,2015-16,04,55,Garbage collection,243.95,Garbage collection (new base only),NA,NA,243.95
2024-02-01,2023-2024,2015-16,04,55,Garbage collection,243.95,Garbage collection (new base only),NA,NA,243.95
2024-03-01,2023-2024,2015-16,04,55,Garbage collection,246.85,Garbage collection (new base only),NA,NA,246.85
2024-04-01,2023-2024,2015-16,04,55,Garbage collection,247.08,Garbage collection (new base only),NA,NA,247.08
2024-05-01,2023-2024,2015-16,04,55,Garbage collection,247.08,Garbage collection (new base only),NA,NA,247.08
2024-06-01,2023-2024,2015-16,04,55,Garbage collection,249.68,Garbage collection (new base only),NA,NA,249.68
2024-07-01,2024-2025,2015-16,04,55,Garbage collection,250.31,Garbage collection (new base only),NA,NA,250.31
2024-08-01,2024-2025,2015-16,04,55,Garbage collection,250.31,Garbage collection (new base only),NA,NA,250.31
2024-09-01,2024-2025,2015-16,04,55,Garbage collection,252.22,Garbage collection (new base only),NA,NA,252.22
2024-10-01,2024-2025,2015-16,04,55,Garbage collection,252.22,Garbage collection (new base only),NA,NA,252.22
2024-11-01,2024-2025,2015-16,04,55,Garbage collection,261.18,Garbage collection (new base only),NA,NA,261.18
2024-12-01,2024-2025,2015-16,04,55,Garbage collection,261.28,Garbage collection (new base only),NA,NA,261.28
2025-01-01,2024-2025,2015-16,04,55,Garbage collection,261.72,Garbage collection (new base only),NA,NA,261.72
2025-02-01,2024-2025,2015-16,04,55,Garbage collection,262.24,Garbage collection (new base only),NA,NA,262.24
2025-03-01,2024-2025,2015-16,04,55,Garbage collection,262.68,Garbage collection (new base only),NA,NA,262.68
2025-04-01,2024-2025,2015-16,04,55,Garbage collection,262.68,Garbage collection (new base only),NA,NA,262.68
2025-05-01,2024-2025,2015-16,04,55,Garbage collection,262.68,Garbage collection (new base only),NA,NA,262.68
2025-06-01,2024-2025,2015-16,04,55,Garbage collection,262.68,Garbage collection (new base only),NA,NA,262.68
2025-07-01,2025-2026,2015-16,04,55,Garbage collection,265.81,Garbage collection (new base only),NA,NA,265.81
2025-08-01,2025-2026,2015-16,04,55,Garbage collection,265.81,Garbage collection (new base only),NA,NA,265.81
2025-09-01,2025-2026,2015-16,04,55,Garbage collection,265.81,Garbage collection (new base only),NA,NA,265.81
2025-10-01,2025-2026,2015-16,04,55,Garbage collection,265.81,Garbage collection (new base only),NA,NA,265.81
2025-11-01,2025-2026,2015-16,04,55,Garbage collection,266.16,Garbage collection (new base only),NA,NA,266.16
2025-12-01,2025-2026,2015-16,04,55,Garbage collection,266.16,Garbage collection (new base only),NA,NA,266.16
2026-01-01,2025-2026,2015-16,04,55,Garbage collection,266.52,Garbage collection (new base only),NA,NA,266.52
2026-02-01,2025-2026,2015-16,04,55,Garbage collection,266.52,Garbage collection (new base only),NA,NA,266.52
2026-03-01,2025-2026,2015-16,04,55,Garbage collection,268.46,Garbage collection (new base only),NA,NA,268.46
2026-04-01,2025-2026,2015-16,04,55,Garbage collection,268.46,Garbage collection (new base only),NA,NA,268.46
2026-05-01,2025-2026,2015-16,04,55,Garbage collection,275.69,Garbage collection (new base only),NA,NA,275.69
2026-06-01,2025-2026,2015-16,04,55,Garbage collection,275.69,Garbage collection (new base only),NA,NA,275.69
2015-07-01,2015-2016,2007-08,04,56,Gas,143.81,Gas,155.70166666666668,0.642253882959934,92.36253090846812
2015-08-01,2015-2016,2007-08,04,56,Gas,143.81,Gas,155.70166666666668,0.642253882959934,92.36253090846812
2015-09-01,2015-2016,2007-08,04,56,Gas,158.08,Gas,155.70166666666668,0.642253882959934,101.52749381830638
2015-10-01,2015-2016,2007-08,04,56,Gas,158.08,Gas,155.70166666666668,0.642253882959934,101.52749381830638
2015-11-01,2015-2016,2007-08,04,56,Gas,158.08,Gas,155.70166666666668,0.642253882959934,101.52749381830638
2015-12-01,2015-2016,2007-08,04,56,Gas,158.08,Gas,155.70166666666668,0.642253882959934,101.52749381830638
2016-01-01,2015-2016,2007-08,04,56,Gas,158.08,Gas,155.70166666666668,0.642253882959934,101.52749381830638
2016-02-01,2015-2016,2007-08,04,56,Gas,158.08,Gas,155.70166666666668,0.642253882959934,101.52749381830638
2016-03-01,2015-2016,2007-08,04,56,Gas,158.08,Gas,155.70166666666668,0.642253882959934,101.52749381830638
2016-04-01,2015-2016,2007-08,04,56,Gas,158.08,Gas,155.70166666666668,0.642253882959934,101.52749381830638
2016-05-01,2015-2016,2007-08,04,56,Gas,158.08,Gas,155.70166666666668,0.642253882959934,101.52749381830638
2016-06-01,2015-2016,2007-08,04,56,Gas,158.08,Gas,155.70166666666668,0.642253882959934,101.52749381830638
2016-07-01,2016-2017,2007-08,04,56,Gas,158.08,Gas,155.70166666666668,0.642253882959934,101.52749381830638
2016-08-01,2016-2017,2007-08,04,56,Gas,158.08,Gas,155.70166666666668,0.642253882959934,101.52749381830638
2016-09-01,2016-2017,2007-08,04,56,Gas,158.08,Gas,155.70166666666668,0.642253882959934,101.52749381830638
2016-10-01,2016-2017,2007-08,04,56,Gas,158.08,Gas,155.70166666666668,0.642253882959934,101.52749381830638
2016-11-01,2016-2017,2007-08,04,56,Gas,158.08,Gas,155.70166666666668,0.642253882959934,101.52749381830638
2016-12-01,2016-2017,2007-08,04,56,Gas,158.08,Gas,155.70166666666668,0.642253882959934,101.52749381830638
2017-01-01,2016-2017,2007-08,04,56,Gas,158.08,Gas,155.70166666666668,0.642253882959934,101.52749381830638
2017-02-01,2016-2017,2007-08,04,56,Gas,158.08,Gas,155.70166666666668,0.642253882959934,101.52749381830638
2017-03-01,2016-2017,2007-08,04,56,Gas,158.08,Gas,155.70166666666668,0.642253882959934,101.52749381830638
2017-04-01,2016-2017,2007-08,04,56,Gas,158.08,Gas,155.70166666666668,0.642253882959934,101.52749381830638
2017-05-01,2016-2017,2007-08,04,56,Gas,158.08,Gas,155.70166666666668,0.642253882959934,101.52749381830638
2017-06-01,2016-2017,2007-08,04,56,Gas,158.08,Gas,155.70166666666668,0.642253882959934,101.52749381830638
2017-07-01,2017-2018,2007-08,04,56,Gas,158.08,Gas,155.70166666666668,0.642253882959934,101.52749381830638
2017-08-01,2017-2018,2007-08,04,56,Gas,158.08,Gas,155.70166666666668,0.642253882959934,101.52749381830638
2017-09-01,2017-2018,2007-08,04,56,Gas,158.08,Gas,155.70166666666668,0.642253882959934,101.52749381830638
2017-10-01,2017-2018,2007-08,04,56,Gas,158.08,Gas,155.70166666666668,0.642253882959934,101.52749381830638
2017-11-01,2017-2018,2007-08,04,56,Gas,158.08,Gas,155.70166666666668,0.642253882959934,101.52749381830638
2017-12-01,2017-2018,2007-08,04,56,Gas,158.08,Gas,155.70166666666668,0.642253882959934,101.52749381830638
2018-01-01,2017-2018,2007-08,04,56,Gas,158.08,Gas,155.70166666666668,0.642253882959934,101.52749381830638
2018-02-01,2017-2018,2007-08,04,56,Gas,158.08,Gas,155.70166666666668,0.642253882959934,101.52749381830638
2018-03-01,2017-2018,2007-08,04,56,Gas,158.08,Gas,155.70166666666668,0.642253882959934,101.52749381830638
2018-04-01,2017-2018,2007-08,04,56,Gas,158.08,Gas,155.70166666666668,0.642253882959934,101.52749381830638
2018-05-01,2017-2018,2007-08,04,56,Gas,158.08,Gas,155.70166666666668,0.642253882959934,101.52749381830638
2018-06-01,2017-2018,2007-08,04,56,Gas,158.08,Gas,155.70166666666668,0.642253882959934,101.52749381830638
2018-07-01,2018-2019,2007-08,04,56,Gas,158.08,Gas,155.70166666666668,0.642253882959934,101.52749381830638
2018-08-01,2018-2019,2007-08,04,56,Gas,158.08,Gas,155.70166666666668,0.642253882959934,101.52749381830638
2018-09-01,2018-2019,2007-08,04,56,Gas,158.08,Gas,155.70166666666668,0.642253882959934,101.52749381830638
2018-10-01,2018-2019,2007-08,04,56,Gas,292.94,Gas,155.70166666666668,0.642253882959934,188.14185247428307
2018-11-01,2018-2019,2007-08,04,56,Gas,292.94,Gas,155.70166666666668,0.642253882959934,188.14185247428307
2018-12-01,2018-2019,2007-08,04,56,Gas,292.94,Gas,155.70166666666668,0.642253882959934,188.14185247428307
2019-01-01,2018-2019,2007-08,04,56,Gas,292.94,Gas,155.70166666666668,0.642253882959934,188.14185247428307
2019-02-01,2018-2019,2007-08,04,56,Gas,292.94,Gas,155.70166666666668,0.642253882959934,188.14185247428307
2019-03-01,2018-2019,2007-08,04,56,Gas,292.94,Gas,155.70166666666668,0.642253882959934,188.14185247428307
2019-04-01,2018-2019,2007-08,04,56,Gas,292.94,Gas,155.70166666666668,0.642253882959934,188.14185247428307
2019-05-01,2018-2019,2007-08,04,56,Gas,292.94,Gas,155.70166666666668,0.642253882959934,188.14185247428307
2019-06-01,2018-2019,2007-08,04,56,Gas,292.94,Gas,155.70166666666668,0.642253882959934,188.14185247428307
2019-07-01,2019-2020,2015-16,04,57,Gas charges,216.94,Gas,155.70166666666668,0.642253882959934,216.94
2019-08-01,2019-2020,2015-16,04,57,Gas charges,216.94,Gas,155.70166666666668,0.642253882959934,216.94
2019-09-01,2019-2020,2015-16,04,57,Gas charges,216.94,Gas,155.70166666666668,0.642253882959934,216.94
2019-10-01,2019-2020,2015-16,04,57,Gas charges,216.94,Gas,155.70166666666668,0.642253882959934,216.94
2019-11-01,2019-2020,2015-16,04,57,Gas charges,216.94,Gas,155.70166666666668,0.642253882959934,216.94
2019-12-01,2019-2020,2015-16,04,57,Gas charges,216.94,Gas,155.70166666666668,0.642253882959934,216.94
2020-01-01,2019-2020,2015-16,04,57,Gas charges,216.94,Gas,155.70166666666668,0.642253882959934,216.94
2020-02-01,2019-2020,2015-16,04,57,Gas charges,216.94,Gas,155.70166666666668,0.642253882959934,216.94
2020-03-01,2019-2020,2015-16,04,57,Gas charges,216.94,Gas,155.70166666666668,0.642253882959934,216.94
2020-04-01,2019-2020,2015-16,04,57,Gas charges,216.94,Gas,155.70166666666668,0.642253882959934,216.94
2020-05-01,2019-2020,2015-16,04,57,Gas charges,216.94,Gas,155.70166666666668,0.642253882959934,216.94
2020-06-01,2019-2020,2015-16,04,57,Gas charges,216.94,Gas,155.70166666666668,0.642253882959934,216.94
2020-07-01,2020-2021,2015-16,04,57,Gas charges,216.94,Gas,155.70166666666668,0.642253882959934,216.94
2020-08-01,2020-2021,2015-16,04,57,Gas charges,216.94,Gas,155.70166666666668,0.642253882959934,216.94
2020-09-01,2020-2021,2015-16,04,57,Gas charges,216.94,Gas,155.70166666666668,0.642253882959934,216.94
2020-10-01,2020-2021,2015-16,04,57,Gas charges,216.94,Gas,155.70166666666668,0.642253882959934,216.94
2020-11-01,2020-2021,2015-16,04,57,Gas charges,216.94,Gas,155.70166666666668,0.642253882959934,216.94
2020-12-01,2020-2021,2015-16,04,57,Gas charges,216.94,Gas,155.70166666666668,0.642253882959934,216.94
2021-01-01,2020-2021,2015-16,04,57,Gas charges,216.94,Gas,155.70166666666668,0.642253882959934,216.94
2021-02-01,2020-2021,2015-16,04,57,Gas charges,216.94,Gas,155.70166666666668,0.642253882959934,216.94
2021-03-01,2020-2021,2015-16,04,57,Gas charges,216.94,Gas,155.70166666666668,0.642253882959934,216.94
2021-04-01,2020-2021,2015-16,04,57,Gas charges,216.94,Gas,155.70166666666668,0.642253882959934,216.94
2021-05-01,2020-2021,2015-16,04,57,Gas charges,216.94,Gas,155.70166666666668,0.642253882959934,216.94
2021-06-01,2020-2021,2015-16,04,57,Gas charges,216.94,Gas,155.70166666666668,0.642253882959934,216.94
2021-07-01,2021-2022,2015-16,04,57,Gas charges,216.94,Gas,155.70166666666668,0.642253882959934,216.94
2021-08-01,2021-2022,2015-16,04,57,Gas charges,216.94,Gas,155.70166666666668,0.642253882959934,216.94
2021-09-01,2021-2022,2015-16,04,57,Gas charges,216.94,Gas,155.70166666666668,0.642253882959934,216.94
2021-10-01,2021-2022,2015-16,04,57,Gas charges,216.94,Gas,155.70166666666668,0.642253882959934,216.94
2021-11-01,2021-2022,2015-16,04,57,Gas charges,216.94,Gas,155.70166666666668,0.642253882959934,216.94
2021-12-01,2021-2022,2015-16,04,57,Gas charges,216.94,Gas,155.70166666666668,0.642253882959934,216.94
2022-01-01,2021-2022,2015-16,04,57,Gas charges,216.94,Gas,155.70166666666668,0.642253882959934,216.94
2022-02-01,2021-2022,2015-16,04,57,Gas charges,216.94,Gas,155.70166666666668,0.642253882959934,216.94
2022-03-01,2021-2022,2015-16,04,57,Gas charges,216.94,Gas,155.70166666666668,0.642253882959934,216.94
2022-04-01,2021-2022,2015-16,04,57,Gas charges,216.94,Gas,155.70166666666668,0.642253882959934,216.94
2022-05-01,2021-2022,2015-16,04,57,Gas charges,216.94,Gas,155.70166666666668,0.642253882959934,216.94
2022-06-01,2021-2022,2015-16,04,57,Gas charges,216.94,Gas,155.70166666666668,0.642253882959934,216.94
2022-07-01,2022-2023,2015-16,04,57,Gas charges,216.94,Gas,155.70166666666668,0.642253882959934,216.94
2022-08-01,2022-2023,2015-16,04,57,Gas charges,216.94,Gas,155.70166666666668,0.642253882959934,216.94
2022-09-01,2022-2023,2015-16,04,57,Gas charges,216.94,Gas,155.70166666666668,0.642253882959934,216.94
2022-10-01,2022-2023,2015-16,04,57,Gas charges,216.94,Gas,155.70166666666668,0.642253882959934,216.94
2022-11-01,2022-2023,2015-16,04,57,Gas charges,216.94,Gas,155.70166666666668,0.642253882959934,216.94
2022-12-01,2022-2023,2015-16,04,57,Gas charges,216.94,Gas,155.70166666666668,0.642253882959934,216.94
2023-01-01,2022-2023,2015-16,04,57,Gas charges,216.94,Gas,155.70166666666668,0.642253882959934,216.94
2023-02-01,2022-2023,2015-16,04,57,Gas charges,353.22,Gas,155.70166666666668,0.642253882959934,353.22
2023-03-01,2022-2023,2015-16,04,57,Gas charges,353.22,Gas,155.70166666666668,0.642253882959934,353.22
2023-04-01,2022-2023,2015-16,04,57,Gas charges,353.22,Gas,155.70166666666668,0.642253882959934,353.22
2023-05-01,2022-2023,2015-16,04,57,Gas charges,353.22,Gas,155.70166666666668,0.642253882959934,353.22
2023-06-01,2022-2023,2015-16,04,57,Gas charges,353.22,Gas,155.70166666666668,0.642253882959934,353.22
2023-07-01,2023-2024,2015-16,04,57,Gas charges,353.22,Gas,155.70166666666668,0.642253882959934,353.22
2023-08-01,2023-2024,2015-16,04,57,Gas charges,353.22,Gas,155.70166666666668,0.642253882959934,353.22
2023-09-01,2023-2024,2015-16,04,57,Gas charges,353.22,Gas,155.70166666666668,0.642253882959934,353.22
2023-10-01,2023-2024,2015-16,04,57,Gas charges,353.22,Gas,155.70166666666668,0.642253882959934,353.22
2023-11-01,2023-2024,2015-16,04,57,Gas charges,1344.19,Gas,155.70166666666668,0.642253882959934,1344.19
2023-12-01,2023-2024,2015-16,04,57,Gas charges,1344.19,Gas,155.70166666666668,0.642253882959934,1344.19
2024-01-01,2023-2024,2015-16,04,57,Gas charges,1344.19,Gas,155.70166666666668,0.642253882959934,1344.19
2024-02-01,2023-2024,2015-16,04,57,Gas charges,1479.08,Gas,155.70166666666668,0.642253882959934,1479.08
2024-03-01,2023-2024,2015-16,04,57,Gas charges,1479.08,Gas,155.70166666666668,0.642253882959934,1479.08
2024-04-01,2023-2024,2015-16,04,57,Gas charges,1479.08,Gas,155.70166666666668,0.642253882959934,1479.08
2024-05-01,2023-2024,2015-16,04,57,Gas charges,1479.08,Gas,155.70166666666668,0.642253882959934,1479.08
2024-06-01,2023-2024,2015-16,04,57,Gas charges,1479.08,Gas,155.70166666666668,0.642253882959934,1479.08
2024-07-01,2024-2025,2015-16,04,57,Gas charges,1479.08,Gas,155.70166666666668,0.642253882959934,1479.08
2024-08-01,2024-2025,2015-16,04,57,Gas charges,1479.08,Gas,155.70166666666668,0.642253882959934,1479.08
2024-09-01,2024-2025,2015-16,04,57,Gas charges,1479.08,Gas,155.70166666666668,0.642253882959934,1479.08
2024-10-01,2024-2025,2015-16,04,57,Gas charges,1479.08,Gas,155.70166666666668,0.642253882959934,1479.08
2024-11-01,2024-2025,2015-16,04,57,Gas charges,1479.08,Gas,155.70166666666668,0.642253882959934,1479.08
2024-12-01,2024-2025,2015-16,04,57,Gas charges,1479.08,Gas,155.70166666666668,0.642253882959934,1479.08
2025-01-01,2024-2025,2015-16,04,57,Gas charges,1479.08,Gas,155.70166666666668,0.642253882959934,1479.08
2025-02-01,2024-2025,2015-16,04,57,Gas charges,1479.08,Gas,155.70166666666668,0.642253882959934,1479.08
2025-03-01,2024-2025,2015-16,04,57,Gas charges,1479.08,Gas,155.70166666666668,0.642253882959934,1479.08
2025-04-01,2024-2025,2015-16,04,57,Gas charges,1479.08,Gas,155.70166666666668,0.642253882959934,1479.08
2025-05-01,2024-2025,2015-16,04,57,Gas charges,1479.08,Gas,155.70166666666668,0.642253882959934,1479.08
2025-06-01,2024-2025,2015-16,04,57,Gas charges,1479.08,Gas,155.70166666666668,0.642253882959934,1479.08
2025-07-01,2025-2026,2015-16,04,57,Gas charges,1817.96,Gas,155.70166666666668,0.642253882959934,1817.96
2025-08-01,2025-2026,2015-16,04,57,Gas charges,1817.96,Gas,155.70166666666668,0.642253882959934,1817.96
2025-09-01,2025-2026,2015-16,04,57,Gas charges,1817.96,Gas,155.70166666666668,0.642253882959934,1817.96
2025-10-01,2025-2026,2015-16,04,57,Gas charges,1817.96,Gas,155.70166666666668,0.642253882959934,1817.96
2025-11-01,2025-2026,2015-16,04,57,Gas charges,1817.96,Gas,155.70166666666668,0.642253882959934,1817.96
2025-12-01,2025-2026,2015-16,04,57,Gas charges,1817.96,Gas,155.70166666666668,0.642253882959934,1817.96
2026-01-01,2025-2026,2015-16,04,57,Gas charges,1817.96,Gas,155.70166666666668,0.642253882959934,1817.96
2026-02-01,2025-2026,2015-16,04,57,Gas charges,1817.96,Gas,155.70166666666668,0.642253882959934,1817.96
2026-03-01,2025-2026,2015-16,04,57,Gas charges,1817.96,Gas,155.70166666666668,0.642253882959934,1817.96
2026-04-01,2025-2026,2015-16,04,57,Gas charges,1817.96,Gas,155.70166666666668,0.642253882959934,1817.96
2026-05-01,2025-2026,2015-16,04,57,Gas charges,1817.96,Gas,155.70166666666668,0.642253882959934,1817.96
2026-06-01,2025-2026,2015-16,04,57,Gas charges,1817.96,Gas,155.70166666666668,0.642253882959934,1817.96
2015-07-01,2015-2016,2007-08,04,51,House Rent,168.87,House rent,172.62,0.5793071486502144,97.82759819256171
2015-08-01,2015-2016,2007-08,04,51,House Rent,168.87,House rent,172.62,0.5793071486502144,97.82759819256171
2015-09-01,2015-2016,2007-08,04,51,House Rent,168.87,House rent,172.62,0.5793071486502144,97.82759819256171
2015-10-01,2015-2016,2007-08,04,51,House Rent,170.85,House rent,172.62,0.5793071486502144,98.97462634688912
2015-11-01,2015-2016,2007-08,04,51,House Rent,170.85,House rent,172.62,0.5793071486502144,98.97462634688912
2015-12-01,2015-2016,2007-08,04,51,House Rent,170.85,House rent,172.62,0.5793071486502144,98.97462634688912
2016-01-01,2015-2016,2007-08,04,51,House Rent,174.32,House rent,172.62,0.5793071486502144,100.98482215270536
2016-02-01,2015-2016,2007-08,04,51,House Rent,174.32,House rent,172.62,0.5793071486502144,100.98482215270536
2016-03-01,2015-2016,2007-08,04,51,House Rent,174.32,House rent,172.62,0.5793071486502144,100.98482215270536
2016-04-01,2015-2016,2007-08,04,51,House Rent,176.44,House rent,172.62,0.5793071486502144,102.21295330784382
2016-05-01,2015-2016,2007-08,04,51,House Rent,176.44,House rent,172.62,0.5793071486502144,102.21295330784382
2016-06-01,2015-2016,2007-08,04,51,House Rent,176.44,House rent,172.62,0.5793071486502144,102.21295330784382
2016-07-01,2016-2017,2007-08,04,51,House Rent,178.64,House rent,172.62,0.5793071486502144,103.48742903487428
2016-08-01,2016-2017,2007-08,04,51,House Rent,178.64,House rent,172.62,0.5793071486502144,103.48742903487428
2016-09-01,2016-2017,2007-08,04,51,House Rent,178.64,House rent,172.62,0.5793071486502144,103.48742903487428
2016-10-01,2016-2017,2007-08,04,51,House Rent,182.22,House rent,172.62,0.5793071486502144,105.56134862704207
2016-11-01,2016-2017,2007-08,04,51,House Rent,182.22,House rent,172.62,0.5793071486502144,105.56134862704207
2016-12-01,2016-2017,2007-08,04,51,House Rent,182.22,House rent,172.62,0.5793071486502144,105.56134862704207
2017-01-01,2016-2017,2007-08,04,51,House Rent,185.86,House rent,172.62,0.5793071486502144,107.67002664812885
2017-02-01,2016-2017,2007-08,04,51,House Rent,185.86,House rent,172.62,0.5793071486502144,107.67002664812885
2017-03-01,2016-2017,2007-08,04,51,House Rent,185.86,House rent,172.62,0.5793071486502144,107.67002664812885
2017-04-01,2016-2017,2007-08,04,51,House Rent,188.68,House rent,172.62,0.5793071486502144,109.30367280732246
2017-05-01,2016-2017,2007-08,04,51,House Rent,188.68,House rent,172.62,0.5793071486502144,109.30367280732246
2017-06-01,2016-2017,2007-08,04,51,House Rent,188.68,House rent,172.62,0.5793071486502144,109.30367280732246
2017-07-01,2017-2018,2007-08,04,51,House Rent,191.49,House rent,172.62,0.5793071486502144,110.93152589502955
2017-08-01,2017-2018,2007-08,04,51,House Rent,191.49,House rent,172.62,0.5793071486502144,110.93152589502955
2017-09-01,2017-2018,2007-08,04,51,House Rent,191.49,House rent,172.62,0.5793071486502144,110.93152589502955
2017-10-01,2017-2018,2007-08,04,51,House Rent,194.05,House rent,172.62,0.5793071486502144,112.4145521955741
2017-11-01,2017-2018,2007-08,04,51,House Rent,194.05,House rent,172.62,0.5793071486502144,112.4145521955741
2017-12-01,2017-2018,2007-08,04,51,House Rent,194.05,House rent,172.62,0.5793071486502144,112.4145521955741
2018-01-01,2017-2018,2007-08,04,51,House Rent,195.96,House rent,172.62,0.5793071486502144,113.52102884949602
2018-02-01,2017-2018,2007-08,04,51,House Rent,195.96,House rent,172.62,0.5793071486502144,113.52102884949602
2018-03-01,2017-2018,2007-08,04,51,House Rent,195.96,House rent,172.62,0.5793071486502144,113.52102884949602
2018-04-01,2017-2018,2007-08,04,51,House Rent,201.96,House rent,172.62,0.5793071486502144,116.9968717413973
2018-05-01,2017-2018,2007-08,04,51,House Rent,201.96,House rent,172.62,0.5793071486502144,116.9968717413973
2018-06-01,2017-2018,2007-08,04,51,House Rent,201.96,House rent,172.62,0.5793071486502144,116.9968717413973
2018-07-01,2018-2019,2007-08,04,51,House Rent,206,House rent,172.62,0.5793071486502144,119.33727262194417
2018-08-01,2018-2019,2007-08,04,51,House Rent,206,House rent,172.62,0.5793071486502144,119.33727262194417
2018-09-01,2018-2019,2007-08,04,51,House Rent,206,House rent,172.62,0.5793071486502144,119.33727262194417
2018-10-01,2018-2019,2007-08,04,51,House Rent,207.09,House rent,172.62,0.5793071486502144,119.9687174139729
2018-11-01,2018-2019,2007-08,04,51,House Rent,207.09,House rent,172.62,0.5793071486502144,119.9687174139729
2018-12-01,2018-2019,2007-08,04,51,House Rent,207.09,House rent,172.62,0.5793071486502144,119.9687174139729
2019-01-01,2018-2019,2007-08,04,51,House Rent,212.02,House rent,172.62,0.5793071486502144,122.82470165681846
2019-02-01,2018-2019,2007-08,04,51,House Rent,212.02,House rent,172.62,0.5793071486502144,122.82470165681846
2019-03-01,2018-2019,2007-08,04,51,House Rent,212.02,House rent,172.62,0.5793071486502144,122.82470165681846
2019-04-01,2018-2019,2007-08,04,51,House Rent,214.78,House rent,172.62,0.5793071486502144,124.42358938709305
2019-05-01,2018-2019,2007-08,04,51,House Rent,214.78,House rent,172.62,0.5793071486502144,124.42358938709305
2019-06-01,2018-2019,2007-08,04,51,House Rent,214.78,House rent,172.62,0.5793071486502144,124.42358938709305
2019-07-01,2019-2020,2015-16,04,51,House rent,126.65,House rent,172.62,0.5793071486502144,126.65
2019-08-01,2019-2020,2015-16,04,51,House rent,126.65,House rent,172.62,0.5793071486502144,126.65
2019-09-01,2019-2020,2015-16,04,51,House rent,126.65,House rent,172.62,0.5793071486502144,126.65
2019-10-01,2019-2020,2015-16,04,51,House rent,127.29,House rent,172.62,0.5793071486502144,127.29
2019-11-01,2019-2020,2015-16,04,51,House rent,127.29,House rent,172.62,0.5793071486502144,127.29
2019-12-01,2019-2020,2015-16,04,51,House rent,127.29,House rent,172.62,0.5793071486502144,127.29
2020-01-01,2019-2020,2015-16,04,51,House rent,129.68,House rent,172.62,0.5793071486502144,129.68
2020-02-01,2019-2020,2015-16,04,51,House rent,129.68,House rent,172.62,0.5793071486502144,129.68
2020-03-01,2019-2020,2015-16,04,51,House rent,129.68,House rent,172.62,0.5793071486502144,129.68
2020-04-01,2019-2020,2015-16,04,51,House rent,130.02,House rent,172.62,0.5793071486502144,130.02
2020-05-01,2019-2020,2015-16,04,51,House rent,130.02,House rent,172.62,0.5793071486502144,130.02
2020-06-01,2019-2020,2015-16,04,51,House rent,130.02,House rent,172.62,0.5793071486502144,130.02
2020-07-01,2020-2021,2015-16,04,51,House rent,132.08,House rent,172.62,0.5793071486502144,132.08
2020-08-01,2020-2021,2015-16,04,51,House rent,132.08,House rent,172.62,0.5793071486502144,132.08
2020-09-01,2020-2021,2015-16,04,51,House rent,132.08,House rent,172.62,0.5793071486502144,132.08
2020-10-01,2020-2021,2015-16,04,51,House rent,133.24,House rent,172.62,0.5793071486502144,133.24
2020-11-01,2020-2021,2015-16,04,51,House rent,133.24,House rent,172.62,0.5793071486502144,133.24
2020-12-01,2020-2021,2015-16,04,51,House rent,133.24,House rent,172.62,0.5793071486502144,133.24
2021-01-01,2020-2021,2015-16,04,51,House rent,135.86,House rent,172.62,0.5793071486502144,135.86
2021-02-01,2020-2021,2015-16,04,51,House rent,135.86,House rent,172.62,0.5793071486502144,135.86
2021-03-01,2020-2021,2015-16,04,51,House rent,135.86,House rent,172.62,0.5793071486502144,135.86
2021-04-01,2020-2021,2015-16,04,51,House rent,138.09,House rent,172.62,0.5793071486502144,138.09
2021-05-01,2020-2021,2015-16,04,51,House rent,138.09,House rent,172.62,0.5793071486502144,138.09
2021-06-01,2020-2021,2015-16,04,51,House rent,138.09,House rent,172.62,0.5793071486502144,138.09
2021-07-01,2021-2022,2015-16,04,51,House rent,140.07,House rent,172.62,0.5793071486502144,140.07
2021-08-01,2021-2022,2015-16,04,51,House rent,140.07,House rent,172.62,0.5793071486502144,140.07
2021-09-01,2021-2022,2015-16,04,51,House rent,140.07,House rent,172.62,0.5793071486502144,140.07
2021-10-01,2021-2022,2015-16,04,51,House rent,142.06,House rent,172.62,0.5793071486502144,142.06
2021-11-01,2021-2022,2015-16,04,51,House rent,142.06,House rent,172.62,0.5793071486502144,142.06
2021-12-01,2021-2022,2015-16,04,51,House rent,142.06,House rent,172.62,0.5793071486502144,142.06
2022-01-01,2021-2022,2015-16,04,51,House rent,144.19,House rent,172.62,0.5793071486502144,144.19
2022-02-01,2021-2022,2015-16,04,51,House rent,144.19,House rent,172.62,0.5793071486502144,144.19
2022-03-01,2021-2022,2015-16,04,51,House rent,144.19,House rent,172.62,0.5793071486502144,144.19
2022-04-01,2021-2022,2015-16,04,51,House rent,145.8,House rent,172.62,0.5793071486502144,145.8
2022-05-01,2021-2022,2015-16,04,51,House rent,145.8,House rent,172.62,0.5793071486502144,145.8
2022-06-01,2021-2022,2015-16,04,51,House rent,145.8,House rent,172.62,0.5793071486502144,145.8
2022-07-01,2022-2023,2015-16,04,51,House rent,147.94,House rent,172.62,0.5793071486502144,147.94
2022-08-01,2022-2023,2015-16,04,51,House rent,147.94,House rent,172.62,0.5793071486502144,147.94
2022-09-01,2022-2023,2015-16,04,51,House rent,147.94,House rent,172.62,0.5793071486502144,147.94
2022-10-01,2022-2023,2015-16,04,51,House rent,149.54,House rent,172.62,0.5793071486502144,149.54
2022-11-01,2022-2023,2015-16,04,51,House rent,149.54,House rent,172.62,0.5793071486502144,149.54
2022-12-01,2022-2023,2015-16,04,51,House rent,149.54,House rent,172.62,0.5793071486502144,149.54
2023-01-01,2022-2023,2015-16,04,51,House rent,152.02,House rent,172.62,0.5793071486502144,152.02
2023-02-01,2022-2023,2015-16,04,51,House rent,152.02,House rent,172.62,0.5793071486502144,152.02
2023-03-01,2022-2023,2015-16,04,51,House rent,152.02,House rent,172.62,0.5793071486502144,152.02
2023-04-01,2022-2023,2015-16,04,51,House rent,153.59,House rent,172.62,0.5793071486502144,153.59
2023-05-01,2022-2023,2015-16,04,51,House rent,153.59,House rent,172.62,0.5793071486502144,153.59
2023-06-01,2022-2023,2015-16,04,51,House rent,153.59,House rent,172.62,0.5793071486502144,153.59
2023-07-01,2023-2024,2015-16,04,51,House rent,155.7,House rent,172.62,0.5793071486502144,155.7
2023-08-01,2023-2024,2015-16,04,51,House rent,155.7,House rent,172.62,0.5793071486502144,155.7
2023-09-01,2023-2024,2015-16,04,51,House rent,155.7,House rent,172.62,0.5793071486502144,155.7
2023-10-01,2023-2024,2015-16,04,51,House rent,157.98,House rent,172.62,0.5793071486502144,157.98
2023-11-01,2023-2024,2015-16,04,51,House rent,157.98,House rent,172.62,0.5793071486502144,157.98
2023-12-01,2023-2024,2015-16,04,51,House rent,157.98,House rent,172.62,0.5793071486502144,157.98
2024-01-01,2023-2024,2015-16,04,51,House rent,160.17,House rent,172.62,0.5793071486502144,160.17
2024-02-01,2023-2024,2015-16,04,51,House rent,160.17,House rent,172.62,0.5793071486502144,160.17
2024-03-01,2023-2024,2015-16,04,51,House rent,160.17,House rent,172.62,0.5793071486502144,160.17
2024-04-01,2023-2024,2015-16,04,51,House rent,162.5,House rent,172.62,0.5793071486502144,162.5
2024-05-01,2023-2024,2015-16,04,51,House rent,162.5,House rent,172.62,0.5793071486502144,162.5
2024-06-01,2023-2024,2015-16,04,51,House rent,162.5,House rent,172.62,0.5793071486502144,162.5
2024-07-01,2024-2025,2015-16,04,51,House rent,164.08,House rent,172.62,0.5793071486502144,164.08
2024-08-01,2024-2025,2015-16,04,51,House rent,164.08,House rent,172.62,0.5793071486502144,164.08
2024-09-01,2024-2025,2015-16,04,51,House rent,164.08,House rent,172.62,0.5793071486502144,164.08
2024-10-01,2024-2025,2015-16,04,51,House rent,165.69,House rent,172.62,0.5793071486502144,165.69
2024-11-01,2024-2025,2015-16,04,51,House rent,165.69,House rent,172.62,0.5793071486502144,165.69
2024-12-01,2024-2025,2015-16,04,51,House rent,165.69,House rent,172.62,0.5793071486502144,165.69
2025-01-01,2024-2025,2015-16,04,51,House rent,168.09,House rent,172.62,0.5793071486502144,168.09
2025-02-01,2024-2025,2015-16,04,51,House rent,168.09,House rent,172.62,0.5793071486502144,168.09
2025-03-01,2024-2025,2015-16,04,51,House rent,168.09,House rent,172.62,0.5793071486502144,168.09
2025-04-01,2024-2025,2015-16,04,51,House rent,170.49,House rent,172.62,0.5793071486502144,170.49
2025-05-01,2024-2025,2015-16,04,51,House rent,170.49,House rent,172.62,0.5793071486502144,170.49
2025-06-01,2024-2025,2015-16,04,51,House rent,170.49,House rent,172.62,0.5793071486502144,170.49
2025-07-01,2025-2026,2015-16,04,51,House rent,172.97,House rent,172.62,0.5793071486502144,172.97
2025-08-01,2025-2026,2015-16,04,51,House rent,172.97,House rent,172.62,0.5793071486502144,172.97
2025-09-01,2025-2026,2015-16,04,51,House rent,172.97,House rent,172.62,0.5793071486502144,172.97
2025-10-01,2025-2026,2015-16,04,51,House rent,175.49,House rent,172.62,0.5793071486502144,175.49
2025-11-01,2025-2026,2015-16,04,51,House rent,175.49,House rent,172.62,0.5793071486502144,175.49
2025-12-01,2025-2026,2015-16,04,51,House rent,175.49,House rent,172.62,0.5793071486502144,175.49
2026-01-01,2025-2026,2015-16,04,51,House rent,178.39,House rent,172.62,0.5793071486502144,178.39
2026-02-01,2025-2026,2015-16,04,51,House rent,178.39,House rent,172.62,0.5793071486502144,178.39
2026-03-01,2025-2026,2015-16,04,51,House rent,178.39,House rent,172.62,0.5793071486502144,178.39
2026-04-01,2025-2026,2015-16,04,51,House rent,180.88,House rent,172.62,0.5793071486502144,180.88
2026-05-01,2025-2026,2015-16,04,51,House rent,180.88,House rent,172.62,0.5793071486502144,180.88
2026-06-01,2025-2026,2015-16,04,51,House rent,180.88,House rent,172.62,0.5793071486502144,180.88
2015-07-01,2015-2016,2007-08,04,00,"Housing, water, Elec., Gas and other fuels",179.77,Housing group (all),183.90416666666667,0.5437614699685072,97.75199945623854
2015-07-01,2015-2016,2007-08,04,00,"Housing, water, Elec., Gas and other fuels",179.77,Housing group (all),183.90416666666667,0.5437614699685072,97.75199945623854
2015-08-01,2015-2016,2007-08,04,00,"Housing, water, Elec., Gas and other fuels",180.31,Housing group (all),183.90416666666667,0.5437614699685072,98.04563065002152
2015-08-01,2015-2016,2007-08,04,00,"Housing, water, Elec., Gas and other fuels",180.31,Housing group (all),183.90416666666667,0.5437614699685072,98.04563065002152
2015-09-01,2015-2016,2007-08,04,00,"Housing, water, Elec., Gas and other fuels",181.1,Housing group (all),183.90416666666667,0.5437614699685072,98.47520221129665
2015-09-01,2015-2016,2007-08,04,00,"Housing, water, Elec., Gas and other fuels",181.1,Housing group (all),183.90416666666667,0.5437614699685072,98.47520221129665
2015-10-01,2015-2016,2007-08,04,00,"Housing, water, Elec., Gas and other fuels",182.62,Housing group (all),183.90416666666667,0.5437614699685072,99.30171964564877
2015-10-01,2015-2016,2007-08,04,00,"Housing, water, Elec., Gas and other fuels",182.62,Housing group (all),183.90416666666667,0.5437614699685072,99.30171964564877
2015-11-01,2015-2016,2007-08,04,00,"Housing, water, Elec., Gas and other fuels",182.66,Housing group (all),183.90416666666667,0.5437614699685072,99.32347010444752
2015-11-01,2015-2016,2007-08,04,00,"Housing, water, Elec., Gas and other fuels",182.66,Housing group (all),183.90416666666667,0.5437614699685072,99.32347010444752
2015-12-01,2015-2016,2007-08,04,00,"Housing, water, Elec., Gas and other fuels",182.69,Housing group (all),183.90416666666667,0.5437614699685072,99.33978294854657
2015-12-01,2015-2016,2007-08,04,00,"Housing, water, Elec., Gas and other fuels",182.69,Housing group (all),183.90416666666667,0.5437614699685072,99.33978294854657
2016-01-01,2015-2016,2007-08,04,00,"Housing, water, Elec., Gas and other fuels",185.36,Housing group (all),183.90416666666667,0.5437614699685072,100.7916260733625
2016-01-01,2015-2016,2007-08,04,00,"Housing, water, Elec., Gas and other fuels",185.36,Housing group (all),183.90416666666667,0.5437614699685072,100.7916260733625
2016-02-01,2015-2016,2007-08,04,00,"Housing, water, Elec., Gas and other fuels",185.49,Housing group (all),183.90416666666667,0.5437614699685072,100.8623150644584
2016-02-01,2015-2016,2007-08,04,00,"Housing, water, Elec., Gas and other fuels",185.49,Housing group (all),183.90416666666667,0.5437614699685072,100.8623150644584
2016-03-01,2015-2016,2007-08,04,00,"Housing, water, Elec., Gas and other fuels",185.48,Housing group (all),183.90416666666667,0.5437614699685072,100.8568774497587
2016-03-01,2015-2016,2007-08,04,00,"Housing, water, Elec., Gas and other fuels",185.48,Housing group (all),183.90416666666667,0.5437614699685072,100.8568774497587
2016-04-01,2015-2016,2007-08,04,00,"Housing, water, Elec., Gas and other fuels",187.08,Housing group (all),183.90416666666667,0.5437614699685072,101.72689580170832
2016-04-01,2015-2016,2007-08,04,00,"Housing, water, Elec., Gas and other fuels",187.08,Housing group (all),183.90416666666667,0.5437614699685072,101.72689580170832
2016-05-01,2015-2016,2007-08,04,00,"Housing, water, Elec., Gas and other fuels",187.12,Housing group (all),183.90416666666667,0.5437614699685072,101.74864626050706
2016-05-01,2015-2016,2007-08,04,00,"Housing, water, Elec., Gas and other fuels",187.12,Housing group (all),183.90416666666667,0.5437614699685072,101.74864626050706
2016-06-01,2015-2016,2007-08,04,00,"Housing, water, Elec., Gas and other fuels",187.17,Housing group (all),183.90416666666667,0.5437614699685072,101.77583433400548
2016-06-01,2015-2016,2007-08,04,00,"Housing, water, Elec., Gas and other fuels",187.17,Housing group (all),183.90416666666667,0.5437614699685072,101.77583433400548
2016-07-01,2016-2017,2007-08,04,00,"Housing, water, Elec., Gas and other fuels",188.88,Housing group (all),183.90416666666667,0.5437614699685072,102.70566644765162
2016-08-01,2016-2017,2007-08,04,00,"Housing, water, Elec., Gas and other fuels",188.91,Housing group (all),183.90416666666667,0.5437614699685072,102.72197929175069
2016-09-01,2016-2017,2007-08,04,00,"Housing, water, Elec., Gas and other fuels",188.9,Housing group (all),183.90416666666667,0.5437614699685072,102.71654167705101
2016-10-01,2016-2017,2007-08,04,00,"Housing, water, Elec., Gas and other fuels",191.56,Housing group (all),183.90416666666667,0.5437614699685072,104.16294718716723
2016-11-01,2016-2017,2007-08,04,00,"Housing, water, Elec., Gas and other fuels",191.64,Housing group (all),183.90416666666667,0.5437614699685072,104.2064481047647
2016-12-01,2016-2017,2007-08,04,00,"Housing, water, Elec., Gas and other fuels",191.7,Housing group (all),183.90416666666667,0.5437614699685072,104.23907379296281
2017-01-01,2016-2017,2007-08,04,00,"Housing, water, Elec., Gas and other fuels",194.42,Housing group (all),183.90416666666667,0.5437614699685072,105.71810499127716
2017-02-01,2016-2017,2007-08,04,00,"Housing, water, Elec., Gas and other fuels",194.45,Housing group (all),183.90416666666667,0.5437614699685072,105.7344178353762
2017-03-01,2016-2017,2007-08,04,00,"Housing, water, Elec., Gas and other fuels",194.44,Housing group (all),183.90416666666667,0.5437614699685072,105.72898022067653
2017-04-01,2016-2017,2007-08,04,00,"Housing, water, Elec., Gas and other fuels",196.62,Housing group (all),183.90416666666667,0.5437614699685072,106.91438022520788
2017-05-01,2016-2017,2007-08,04,00,"Housing, water, Elec., Gas and other fuels",196.7,Housing group (all),183.90416666666667,0.5437614699685072,106.95788114280535
2017-06-01,2016-2017,2007-08,04,00,"Housing, water, Elec., Gas and other fuels",196.71,Housing group (all),183.90416666666667,0.5437614699685072,106.96331875750505
2017-07-01,2017-2018,2007-08,04,00,"Housing, water, Elec., Gas and other fuels",198.88,Housing group (all),183.90416666666667,0.5437614699685072,108.14328114733671
2017-08-01,2017-2018,2007-08,04,00,"Housing, water, Elec., Gas and other fuels",198.93,Housing group (all),183.90416666666667,0.5437614699685072,108.17046922083513
2017-09-01,2017-2018,2007-08,04,00,"Housing, water, Elec., Gas and other fuels",198.95,Housing group (all),183.90416666666667,0.5437614699685072,108.18134445023449
2017-10-01,2017-2018,2007-08,04,00,"Housing, water, Elec., Gas and other fuels",200.9,Housing group (all),183.90416666666667,0.5437614699685072,109.24167931667309
2017-11-01,2017-2018,2007-08,04,00,"Housing, water, Elec., Gas and other fuels",200.94,Housing group (all),183.90416666666667,0.5437614699685072,109.26342977547183
2017-12-01,2017-2018,2007-08,04,00,"Housing, water, Elec., Gas and other fuels",201.02,Housing group (all),183.90416666666667,0.5437614699685072,109.30693069306932
2018-01-01,2017-2018,2007-08,04,00,"Housing, water, Elec., Gas and other fuels",202.53,Housing group (all),183.90416666666667,0.5437614699685072,110.12801051272176
2018-02-01,2017-2018,2007-08,04,00,"Housing, water, Elec., Gas and other fuels",202.62,Housing group (all),183.90416666666667,0.5437614699685072,110.17694904501893
2018-03-01,2017-2018,2007-08,04,00,"Housing, water, Elec., Gas and other fuels",202.71,Housing group (all),183.90416666666667,0.5437614699685072,110.22588757731609
2018-04-01,2017-2018,2007-08,04,00,"Housing, water, Elec., Gas and other fuels",207.35,Housing group (all),183.90416666666667,0.5437614699685072,112.74894079796995
2018-05-01,2017-2018,2007-08,04,00,"Housing, water, Elec., Gas and other fuels",207.58,Housing group (all),183.90416666666667,0.5437614699685072,112.87400593606273
2018-06-01,2017-2018,2007-08,04,00,"Housing, water, Elec., Gas and other fuels",207.63,Housing group (all),183.90416666666667,0.5437614699685072,112.90119400956114
2018-07-01,2018-2019,2007-08,04,00,"Housing, water, Elec., Gas and other fuels",210.71,Housing group (all),183.90416666666667,0.5437614699685072,114.57597933706415
2018-08-01,2018-2019,2007-08,04,00,"Housing, water, Elec., Gas and other fuels",210.8,Housing group (all),183.90416666666667,0.5437614699685072,114.62491786936131
2018-09-01,2018-2019,2007-08,04,00,"Housing, water, Elec., Gas and other fuels",210.82,Housing group (all),183.90416666666667,0.5437614699685072,114.63579309876067
2018-10-01,2018-2019,2007-08,04,00,"Housing, water, Elec., Gas and other fuels",219.07,Housing group (all),183.90416666666667,0.5437614699685072,119.12182522600087
2018-11-01,2018-2019,2007-08,04,00,"Housing, water, Elec., Gas and other fuels",219.24,Housing group (all),183.90416666666667,0.5437614699685072,119.21426467589552
2018-12-01,2018-2019,2007-08,04,00,"Housing, water, Elec., Gas and other fuels",219.28,Housing group (all),183.90416666666667,0.5437614699685072,119.23601513469426
2019-01-01,2018-2019,2007-08,04,00,"Housing, water, Elec., Gas and other fuels",226,Housing group (all),183.90416666666667,0.5437614699685072,122.89009221288262
2019-02-01,2018-2019,2007-08,04,00,"Housing, water, Elec., Gas and other fuels",226.02,Housing group (all),183.90416666666667,0.5437614699685072,122.900967442282
2019-03-01,2018-2019,2007-08,04,00,"Housing, water, Elec., Gas and other fuels",226.12,Housing group (all),183.90416666666667,0.5437614699685072,122.95534358927884
2019-04-01,2018-2019,2007-08,04,00,"Housing, water, Elec., Gas and other fuels",228.21,Housing group (all),183.90416666666667,0.5437614699685072,124.09180506151303
2019-05-01,2018-2019,2007-08,04,00,"Housing, water, Elec., Gas and other fuels",228.25,Housing group (all),183.90416666666667,0.5437614699685072,124.11355552031176
2019-06-01,2018-2019,2007-08,04,00,"Housing, water, Elec., Gas and other fuels",228.37,Housing group (all),183.90416666666667,0.5437614699685072,124.17880689670798
2019-07-01,2019-2020,2015-16,04,00,"Housing, water, Elec., Gas and other fuels",127.2,Housing group (all),183.90416666666667,0.5437614699685072,127.2
2019-08-01,2019-2020,2015-16,04,00,"Housing, water, Elec., Gas and other fuels",127.15,Housing group (all),183.90416666666667,0.5437614699685072,127.15
2019-09-01,2019-2020,2015-16,04,00,"Housing, water, Elec., Gas and other fuels",126.98,Housing group (all),183.90416666666667,0.5437614699685072,126.98
2019-10-01,2019-2020,2015-16,04,00,"Housing, water, Elec., Gas and other fuels",131.37,Housing group (all),183.90416666666667,0.5437614699685072,131.37
2019-11-01,2019-2020,2015-16,04,00,"Housing, water, Elec., Gas and other fuels",131.21,Housing group (all),183.90416666666667,0.5437614699685072,131.21
2019-12-01,2019-2020,2015-16,04,00,"Housing, water, Elec., Gas and other fuels",131.62,Housing group (all),183.90416666666667,0.5437614699685072,131.62
2020-01-01,2019-2020,2015-16,04,00,"Housing, water, Elec., Gas and other fuels",133.62,Housing group (all),183.90416666666667,0.5437614699685072,133.62
2020-02-01,2019-2020,2015-16,04,00,"Housing, water, Elec., Gas and other fuels",130.34,Housing group (all),183.90416666666667,0.5437614699685072,130.34
2020-03-01,2019-2020,2015-16,04,00,"Housing, water, Elec., Gas and other fuels",130.4,Housing group (all),183.90416666666667,0.5437614699685072,130.4
2020-04-01,2019-2020,2015-16,04,00,"Housing, water, Elec., Gas and other fuels",130.08,Housing group (all),183.90416666666667,0.5437614699685072,130.08
2020-05-01,2019-2020,2015-16,04,00,"Housing, water, Elec., Gas and other fuels",130.22,Housing group (all),183.90416666666667,0.5437614699685072,130.22
2020-06-01,2019-2020,2015-16,04,00,"Housing, water, Elec., Gas and other fuels",130.09,Housing group (all),183.90416666666667,0.5437614699685072,130.09
2020-07-01,2020-2021,2015-16,04,00,"Housing, water, Elec., Gas and other fuels",131.76,Housing group (all),183.90416666666667,0.5437614699685072,131.76
2020-08-01,2020-2021,2015-16,04,00,"Housing, water, Elec., Gas and other fuels",134.06,Housing group (all),183.90416666666667,0.5437614699685072,134.06
2020-09-01,2020-2021,2015-16,04,00,"Housing, water, Elec., Gas and other fuels",134.02,Housing group (all),183.90416666666667,0.5437614699685072,134.02
2020-10-01,2020-2021,2015-16,04,00,"Housing, water, Elec., Gas and other fuels",134.44,Housing group (all),183.90416666666667,0.5437614699685072,134.44
2020-11-01,2020-2021,2015-16,04,00,"Housing, water, Elec., Gas and other fuels",134.09,Housing group (all),183.90416666666667,0.5437614699685072,134.09
2020-12-01,2020-2021,2015-16,04,00,"Housing, water, Elec., Gas and other fuels",135.34,Housing group (all),183.90416666666667,0.5437614699685072,135.34
2021-01-01,2020-2021,2015-16,04,00,"Housing, water, Elec., Gas and other fuels",137.52,Housing group (all),183.90416666666667,0.5437614699685072,137.52
2021-02-01,2020-2021,2015-16,04,00,"Housing, water, Elec., Gas and other fuels",143.34,Housing group (all),183.90416666666667,0.5437614699685072,143.34
2021-03-01,2020-2021,2015-16,04,00,"Housing, water, Elec., Gas and other fuels",141.07,Housing group (all),183.90416666666667,0.5437614699685072,141.07
2021-04-01,2020-2021,2015-16,04,00,"Housing, water, Elec., Gas and other fuels",142.12,Housing group (all),183.90416666666667,0.5437614699685072,142.12
2021-05-01,2020-2021,2015-16,04,00,"Housing, water, Elec., Gas and other fuels",140.52,Housing group (all),183.90416666666667,0.5437614699685072,140.52
2021-06-01,2020-2021,2015-16,04,00,"Housing, water, Elec., Gas and other fuels",141.05,Housing group (all),183.90416666666667,0.5437614699685072,141.05
2021-07-01,2021-2022,2015-16,04,00,"Housing, water, Elec., Gas and other fuels",143,Housing group (all),183.90416666666667,0.5437614699685072,143
2021-08-01,2021-2022,2015-16,04,00,"Housing, water, Elec., Gas and other fuels",143.73,Housing group (all),183.90416666666667,0.5437614699685072,143.73
2021-09-01,2021-2022,2015-16,04,00,"Housing, water, Elec., Gas and other fuels",145.99,Housing group (all),183.90416666666667,0.5437614699685072,145.99
2021-10-01,2021-2022,2015-16,04,00,"Housing, water, Elec., Gas and other fuels",149.31,Housing group (all),183.90416666666667,0.5437614699685072,149.31
2021-11-01,2021-2022,2015-16,04,00,"Housing, water, Elec., Gas and other fuels",152.28,Housing group (all),183.90416666666667,0.5437614699685072,152.28
2021-12-01,2021-2022,2015-16,04,00,"Housing, water, Elec., Gas and other fuels",156.18,Housing group (all),183.90416666666667,0.5437614699685072,156.18
2022-01-01,2021-2022,2015-16,04,00,"Housing, water, Elec., Gas and other fuels",157.06,Housing group (all),183.90416666666667,0.5437614699685072,157.06
2022-02-01,2021-2022,2015-16,04,00,"Housing, water, Elec., Gas and other fuels",154.52,Housing group (all),183.90416666666667,0.5437614699685072,154.52
2022-03-01,2021-2022,2015-16,04,00,"Housing, water, Elec., Gas and other fuels",151.06,Housing group (all),183.90416666666667,0.5437614699685072,151.06
2022-04-01,2021-2022,2015-16,04,00,"Housing, water, Elec., Gas and other fuels",150.11,Housing group (all),183.90416666666667,0.5437614699685072,150.11
2022-05-01,2021-2022,2015-16,04,00,"Housing, water, Elec., Gas and other fuels",146.71,Housing group (all),183.90416666666667,0.5437614699685072,146.71
2022-06-01,2021-2022,2015-16,04,00,"Housing, water, Elec., Gas and other fuels",157.02,Housing group (all),183.90416666666667,0.5437614699685072,157.02
2022-07-01,2022-2023,2015-16,04,00,"Housing, water, Elec., Gas and other fuels",170.45,Housing group (all),183.90416666666667,0.5437614699685072,170.45
2022-08-01,2022-2023,2015-16,04,00,"Housing, water, Elec., Gas and other fuels",179.33,Housing group (all),183.90416666666667,0.5437614699685072,179.33
2022-09-01,2022-2023,2015-16,04,00,"Housing, water, Elec., Gas and other fuels",147.5,Housing group (all),183.90416666666667,0.5437614699685072,147.5
2022-10-01,2022-2023,2015-16,04,00,"Housing, water, Elec., Gas and other fuels",163.5,Housing group (all),183.90416666666667,0.5437614699685072,163.5
2022-11-01,2022-2023,2015-16,04,00,"Housing, water, Elec., Gas and other fuels",163.42,Housing group (all),183.90416666666667,0.5437614699685072,163.42
2022-12-01,2022-2023,2015-16,04,00,"Housing, water, Elec., Gas and other fuels",162.56,Housing group (all),183.90416666666667,0.5437614699685072,162.56
2023-01-01,2022-2023,2015-16,04,00,"Housing, water, Elec., Gas and other fuels",164.86,Housing group (all),183.90416666666667,0.5437614699685072,164.86
2023-02-01,2022-2023,2015-16,04,00,"Housing, water, Elec., Gas and other fuels",171.88,Housing group (all),183.90416666666667,0.5437614699685072,171.88
2023-03-01,2022-2023,2015-16,04,00,"Housing, water, Elec., Gas and other fuels",173.72,Housing group (all),183.90416666666667,0.5437614699685072,173.72
2023-04-01,2022-2023,2015-16,04,00,"Housing, water, Elec., Gas and other fuels",171.9,Housing group (all),183.90416666666667,0.5437614699685072,171.9
2023-05-01,2022-2023,2015-16,04,00,"Housing, water, Elec., Gas and other fuels",173.07,Housing group (all),183.90416666666667,0.5437614699685072,173.07
2023-06-01,2022-2023,2015-16,04,00,"Housing, water, Elec., Gas and other fuels",172.95,Housing group (all),183.90416666666667,0.5437614699685072,172.95
2023-07-01,2023-2024,2015-16,04,00,"Housing, water, Elec., Gas and other fuels",186.79,Housing group (all),183.90416666666667,0.5437614699685072,186.79
2023-08-01,2023-2024,2015-16,04,00,"Housing, water, Elec., Gas and other fuels",188.75,Housing group (all),183.90416666666667,0.5437614699685072,188.75
2023-09-01,2023-2024,2015-16,04,00,"Housing, water, Elec., Gas and other fuels",189.18,Housing group (all),183.90416666666667,0.5437614699685072,189.18
2023-10-01,2023-2024,2015-16,04,00,"Housing, water, Elec., Gas and other fuels",194.82,Housing group (all),183.90416666666667,0.5437614699685072,194.82
2023-11-01,2023-2024,2015-16,04,00,"Housing, water, Elec., Gas and other fuels",229.11,Housing group (all),183.90416666666667,0.5437614699685072,229.11
2023-12-01,2023-2024,2015-16,04,00,"Housing, water, Elec., Gas and other fuels",236.27,Housing group (all),183.90416666666667,0.5437614699685072,236.27
2024-01-01,2023-2024,2015-16,04,00,"Housing, water, Elec., Gas and other fuels",241.33,Housing group (all),183.90416666666667,0.5437614699685072,241.33
2024-02-01,2023-2024,2015-16,04,00,"Housing, water, Elec., Gas and other fuels",247.13,Housing group (all),183.90416666666667,0.5437614699685072,247.13
2024-03-01,2023-2024,2015-16,04,00,"Housing, water, Elec., Gas and other fuels",250.13,Housing group (all),183.90416666666667,0.5437614699685072,250.13
2024-04-01,2023-2024,2015-16,04,00,"Housing, water, Elec., Gas and other fuels",246.31,Housing group (all),183.90416666666667,0.5437614699685072,246.31
2024-05-01,2023-2024,2015-16,04,00,"Housing, water, Elec., Gas and other fuels",243.36,Housing group (all),183.90416666666667,0.5437614699685072,243.36
2024-06-01,2023-2024,2015-16,04,00,"Housing, water, Elec., Gas and other fuels",246.77,Housing group (all),183.90416666666667,0.5437614699685072,246.77
2024-07-01,2024-2025,2015-16,04,00,"Housing, water, Elec., Gas and other fuels",246.75,Housing group (all),183.90416666666667,0.5437614699685072,246.75
2024-08-01,2024-2025,2015-16,04,00,"Housing, water, Elec., Gas and other fuels",243.39,Housing group (all),183.90416666666667,0.5437614699685072,243.39
2024-09-01,2024-2025,2015-16,04,00,"Housing, water, Elec., Gas and other fuels",241.96,Housing group (all),183.90416666666667,0.5437614699685072,241.96
2024-10-01,2024-2025,2015-16,04,00,"Housing, water, Elec., Gas and other fuels",245.75,Housing group (all),183.90416666666667,0.5437614699685072,245.75
2024-11-01,2024-2025,2015-16,04,00,"Housing, water, Elec., Gas and other fuels",246.49,Housing group (all),183.90416666666667,0.5437614699685072,246.49
2024-12-01,2024-2025,2015-16,04,00,"Housing, water, Elec., Gas and other fuels",244.15,Housing group (all),183.90416666666667,0.5437614699685072,244.15
2025-01-01,2024-2025,2015-16,04,00,"Housing, water, Elec., Gas and other fuels",245.5,Housing group (all),183.90416666666667,0.5437614699685072,245.5
2025-02-01,2024-2025,2015-16,04,00,"Housing, water, Elec., Gas and other fuels",244.76,Housing group (all),183.90416666666667,0.5437614699685072,244.76
2025-03-01,2024-2025,2015-16,04,00,"Housing, water, Elec., Gas and other fuels",244.31,Housing group (all),183.90416666666667,0.5437614699685072,244.31
2025-04-01,2024-2025,2015-16,04,00,"Housing, water, Elec., Gas and other fuels",239.51,Housing group (all),183.90416666666667,0.5437614699685072,239.51
2025-05-01,2024-2025,2015-16,04,00,"Housing, water, Elec., Gas and other fuels",236.58,Housing group (all),183.90416666666667,0.5437614699685072,236.58
2025-06-01,2024-2025,2015-16,04,00,"Housing, water, Elec., Gas and other fuels",238.2,Housing group (all),183.90416666666667,0.5437614699685072,238.2
2025-07-01,2025-2026,2015-16,04,00,"Housing, water, Elec., Gas and other fuels",258.93,Housing group (all),183.90416666666667,0.5437614699685072,258.93
2025-08-01,2025-2026,2015-16,04,00,"Housing, water, Elec., Gas and other fuels",256.33,Housing group (all),183.90416666666667,0.5437614699685072,256.33
2025-09-01,2025-2026,2015-16,04,00,"Housing, water, Elec., Gas and other fuels",255.72,Housing group (all),183.90416666666667,0.5437614699685072,255.72
2025-10-01,2025-2026,2015-16,04,00,"Housing, water, Elec., Gas and other fuels",259.29,Housing group (all),183.90416666666667,0.5437614699685072,259.29
2025-11-01,2025-2026,2015-16,04,00,"Housing, water, Elec., Gas and other fuels",262.3,Housing group (all),183.90416666666667,0.5437614699685072,262.3
2025-12-01,2025-2026,2015-16,04,00,"Housing, water, Elec., Gas and other fuels",263.6,Housing group (all),183.90416666666667,0.5437614699685072,263.6
2026-01-01,2025-2026,2015-16,04,00,"Housing, water, Elec., Gas and other fuels",265.9,Housing group (all),183.90416666666667,0.5437614699685072,265.9
2026-02-01,2025-2026,2015-16,04,00,"Housing, water, Elec., Gas and other fuels",270.49,Housing group (all),183.90416666666667,0.5437614699685072,270.49
2026-03-01,2025-2026,2015-16,04,00,"Housing, water, Elec., Gas and other fuels",273.89,Housing group (all),183.90416666666667,0.5437614699685072,273.89
2026-04-01,2025-2026,2015-16,04,00,"Housing, water, Elec., Gas and other fuels",278.36,Housing group (all),183.90416666666667,0.5437614699685072,278.36
2026-05-01,2025-2026,2015-16,04,00,"Housing, water, Elec., Gas and other fuels",274.66,Housing group (all),183.90416666666667,0.5437614699685072,274.66
2026-06-01,2025-2026,2015-16,04,00,"Housing, water, Elec., Gas and other fuels",272.81,Housing group (all),183.90416666666667,0.5437614699685072,272.81
2015-07-01,2015-2016,2007-08,04,57,Kerosene Oil,223.65,Kerosene oil (old base only),203.7225,0.4908637975677699,109.78168832603174
2015-08-01,2015-2016,2007-08,04,57,Kerosene Oil,216.11,Kerosene oil (old base only),203.7225,0.4908637975677699,106.08057529237075
2015-09-01,2015-2016,2007-08,04,57,Kerosene Oil,207.65,Kerosene oil (old base only),203.7225,0.4908637975677699,101.92786756494742
2015-10-01,2015-2016,2007-08,04,57,Kerosene Oil,208.72,Kerosene oil (old base only),203.7225,0.4908637975677699,102.45309182834492
2015-11-01,2015-2016,2007-08,04,57,Kerosene Oil,211.04,Kerosene oil (old base only),203.7225,0.4908637975677699,103.59189583870216
2015-12-01,2015-2016,2007-08,04,57,Kerosene Oil,210.91,Kerosene oil (old base only),203.7225,0.4908637975677699,103.52808354501835
2016-01-01,2015-2016,2007-08,04,57,Kerosene Oil,203.32,Kerosene oil (old base only),203.7225,0.4908637975677699,99.80242732147897
2016-02-01,2015-2016,2007-08,04,57,Kerosene Oil,189.04,Kerosene oil (old base only),203.7225,0.4908637975677699,92.79289229221122
2016-03-01,2015-2016,2007-08,04,57,Kerosene Oil,191.37,Kerosene oil (old base only),203.7225,0.4908637975677699,93.93660494054413
2016-04-01,2015-2016,2007-08,04,57,Kerosene Oil,194.05,Kerosene oil (old base only),203.7225,0.4908637975677699,95.25211991802576
2016-05-01,2015-2016,2007-08,04,57,Kerosene Oil,195.28,Kerosene oil (old base only),203.7225,0.4908637975677699,95.85588238903411
2016-06-01,2015-2016,2007-08,04,57,Kerosene Oil,193.53,Kerosene oil (old base only),203.7225,0.4908637975677699,94.9968707432905
2016-07-01,2016-2017,2007-08,04,57,Kerosene Oil,194.7,Kerosene oil (old base only),203.7225,0.4908637975677699,95.57118138644479
2016-08-01,2016-2017,2007-08,04,57,Kerosene Oil,194.46,Kerosene oil (old base only),203.7225,0.4908637975677699,95.45337407502853
2016-09-01,2016-2017,2007-08,04,57,Kerosene Oil,195.07,Kerosene oil (old base only),203.7225,0.4908637975677699,95.75280099154487
2016-10-01,2016-2017,2007-08,04,57,Kerosene Oil,195.65,Kerosene oil (old base only),203.7225,0.4908637975677699,96.03750199413417
2016-11-01,2016-2017,2007-08,04,57,Kerosene Oil,195.93,Kerosene oil (old base only),203.7225,0.4908637975677699,96.17494385745316
2016-12-01,2016-2017,2007-08,04,57,Kerosene Oil,198.63,Kerosene oil (old base only),203.7225,0.4908637975677699,97.50027611088613
2017-01-01,2016-2017,2007-08,04,57,Kerosene Oil,198.47,Kerosene oil (old base only),203.7225,0.4908637975677699,97.42173790327529
2017-02-01,2016-2017,2007-08,04,57,Kerosene Oil,198.47,Kerosene oil (old base only),203.7225,0.4908637975677699,97.42173790327529
2017-03-01,2016-2017,2007-08,04,57,Kerosene Oil,198.79,Kerosene oil (old base only),203.7225,0.4908637975677699,97.57881431849697
2017-04-01,2016-2017,2007-08,04,57,Kerosene Oil,199.32,Kerosene oil (old base only),203.7225,0.4908637975677699,97.83897213120788
2017-05-01,2016-2017,2007-08,04,57,Kerosene Oil,198.42,Kerosene oil (old base only),203.7225,0.4908637975677699,97.3971947133969
2017-06-01,2016-2017,2007-08,04,57,Kerosene Oil,200.6,Kerosene oil (old base only),203.7225,0.4908637975677699,98.46727779209463
2017-07-01,2017-2018,2007-08,04,57,Kerosene Oil,198.67,Kerosene oil (old base only),203.7225,0.4908637975677699,97.51991066278883
2017-08-01,2017-2018,2007-08,04,57,Kerosene Oil,197.81,Kerosene oil (old base only),203.7225,0.4908637975677699,97.09776779688056
2017-09-01,2017-2018,2007-08,04,57,Kerosene Oil,198.39,Kerosene oil (old base only),203.7225,0.4908637975677699,97.38246879946986
2017-10-01,2017-2018,2007-08,04,57,Kerosene Oil,206.26,Kerosene oil (old base only),203.7225,0.4908637975677699,101.2455668863282
2017-11-01,2017-2018,2007-08,04,57,Kerosene Oil,215.98,Kerosene oil (old base only),203.7225,0.4908637975677699,106.01676299868693
2017-12-01,2017-2018,2007-08,04,57,Kerosene Oil,225.46,Kerosene oil (old base only),203.7225,0.4908637975677699,110.6701517996294
2018-01-01,2017-2018,2007-08,04,57,Kerosene Oil,237.33,Kerosene oil (old base only),203.7225,0.4908637975677699,116.49670507675883
2018-02-01,2017-2018,2007-08,04,57,Kerosene Oil,246.23,Kerosene oil (old base only),203.7225,0.4908637975677699,120.86539287511197
2018-03-01,2017-2018,2007-08,04,57,Kerosene Oil,259.58,Kerosene oil (old base only),203.7225,0.4908637975677699,127.4184245726417
2018-04-01,2017-2018,2007-08,04,57,Kerosene Oil,260.44,Kerosene oil (old base only),203.7225,0.4908637975677699,127.84056743854998
2018-05-01,2017-2018,2007-08,04,57,Kerosene Oil,264.32,Kerosene oil (old base only),203.7225,0.4908637975677699,129.74511897311294
2018-06-01,2017-2018,2007-08,04,57,Kerosene Oil,269.54,Kerosene oil (old base only),203.7225,0.4908637975677699,132.3074279964167
2018-07-01,2018-2019,2007-08,04,57,Kerosene Oil,272.04,Kerosene oil (old base only),203.7225,0.4908637975677699,133.53458749033612
2018-08-01,2018-2019,2007-08,04,57,Kerosene Oil,274.04,Kerosene oil (old base only),203.7225,0.4908637975677699,134.51631508547166
2018-09-01,2018-2019,2007-08,04,57,Kerosene Oil,272.49,Kerosene oil (old base only),203.7225,0.4908637975677699,133.75547619924163
2018-10-01,2018-2019,2007-08,04,57,Kerosene Oil,271.88,Kerosene oil (old base only),203.7225,0.4908637975677699,133.45604928272527
2018-11-01,2018-2019,2007-08,04,57,Kerosene Oil,278.21,Kerosene oil (old base only),203.7225,0.4908637975677699,136.56321712132925
2018-12-01,2018-2019,2007-08,04,57,Kerosene Oil,275.39,Kerosene oil (old base only),203.7225,0.4908637975677699,135.17898121218815
2019-01-01,2018-2019,2007-08,04,57,Kerosene Oil,275.63,Kerosene oil (old base only),203.7225,0.4908637975677699,135.29678852360442
2019-02-01,2018-2019,2007-08,04,57,Kerosene Oil,274.12,Kerosene oil (old base only),203.7225,0.4908637975677699,134.55558418927708
2019-03-01,2018-2019,2007-08,04,57,Kerosene Oil,278.25,Kerosene oil (old base only),203.7225,0.4908637975677699,136.58285167323197
2019-04-01,2018-2019,2007-08,04,57,Kerosene Oil,284.86,Kerosene oil (old base only),203.7225,0.4908637975677699,139.82746137515494
2019-05-01,2018-2019,2007-08,04,57,Kerosene Oil,295.47,Kerosene oil (old base only),203.7225,0.4908637975677699,145.03552626734898
2019-06-01,2018-2019,2007-08,04,57,Kerosene Oil,298.12,Kerosene oil (old base only),203.7225,0.4908637975677699,146.33631533090355
2019-07-01,2019-2020,2015-16,04,58,Liquified Hydrocarbons,135.05,Liquified hydrocarbons (new base only),NA,NA,135.05
2019-08-01,2019-2020,2015-16,04,58,Liquified Hydrocarbons,128.04,Liquified hydrocarbons (new base only),NA,NA,128.04
2019-09-01,2019-2020,2015-16,04,58,Liquified Hydrocarbons,127.07,Liquified hydrocarbons (new base only),NA,NA,127.07
2019-10-01,2019-2020,2015-16,04,58,Liquified Hydrocarbons,148.23,Liquified hydrocarbons (new base only),NA,NA,148.23
2019-11-01,2019-2020,2015-16,04,58,Liquified Hydrocarbons,147.54,Liquified hydrocarbons (new base only),NA,NA,147.54
2019-12-01,2019-2020,2015-16,04,58,Liquified Hydrocarbons,147.47,Liquified hydrocarbons (new base only),NA,NA,147.47
2020-01-01,2019-2020,2015-16,04,58,Liquified Hydrocarbons,186.07,Liquified hydrocarbons (new base only),NA,NA,186.07
2020-02-01,2019-2020,2015-16,04,58,Liquified Hydrocarbons,160.89,Liquified hydrocarbons (new base only),NA,NA,160.89
2020-03-01,2019-2020,2015-16,04,58,Liquified Hydrocarbons,164.55,Liquified hydrocarbons (new base only),NA,NA,164.55
2020-04-01,2019-2020,2015-16,04,58,Liquified Hydrocarbons,133.83,Liquified hydrocarbons (new base only),NA,NA,133.83
2020-05-01,2019-2020,2015-16,04,58,Liquified Hydrocarbons,128.31,Liquified hydrocarbons (new base only),NA,NA,128.31
2020-06-01,2019-2020,2015-16,04,58,Liquified Hydrocarbons,121.3,Liquified hydrocarbons (new base only),NA,NA,121.3
2020-07-01,2020-2021,2015-16,04,58,Liquified Hydrocarbons,130.12,Liquified hydrocarbons (new base only),NA,NA,130.12
2020-08-01,2020-2021,2015-16,04,58,Liquified Hydrocarbons,129.23,Liquified hydrocarbons (new base only),NA,NA,129.23
2020-09-01,2020-2021,2015-16,04,58,Liquified Hydrocarbons,127.28,Liquified hydrocarbons (new base only),NA,NA,127.28
2020-10-01,2020-2021,2015-16,04,58,Liquified Hydrocarbons,129.98,Liquified hydrocarbons (new base only),NA,NA,129.98
2020-11-01,2020-2021,2015-16,04,58,Liquified Hydrocarbons,143.38,Liquified hydrocarbons (new base only),NA,NA,143.38
2020-12-01,2020-2021,2015-16,04,58,Liquified Hydrocarbons,143.72,Liquified hydrocarbons (new base only),NA,NA,143.72
2021-01-01,2020-2021,2015-16,04,58,Liquified Hydrocarbons,163.64,Liquified hydrocarbons (new base only),NA,NA,163.64
2021-02-01,2020-2021,2015-16,04,58,Liquified Hydrocarbons,157.19,Liquified hydrocarbons (new base only),NA,NA,157.19
2021-03-01,2020-2021,2015-16,04,58,Liquified Hydrocarbons,146.44,Liquified hydrocarbons (new base only),NA,NA,146.44
2021-04-01,2020-2021,2015-16,04,58,Liquified Hydrocarbons,140.88,Liquified hydrocarbons (new base only),NA,NA,140.88
2021-05-01,2020-2021,2015-16,04,58,Liquified Hydrocarbons,125.78,Liquified hydrocarbons (new base only),NA,NA,125.78
2021-06-01,2020-2021,2015-16,04,58,Liquified Hydrocarbons,158.81,Liquified hydrocarbons (new base only),NA,NA,158.81
2021-07-01,2021-2022,2015-16,04,58,Liquified Hydrocarbons,179.02,Liquified hydrocarbons (new base only),NA,NA,179.02
2021-08-01,2021-2022,2015-16,04,58,Liquified Hydrocarbons,211.66,Liquified hydrocarbons (new base only),NA,NA,211.66
2021-09-01,2021-2022,2015-16,04,58,Liquified Hydrocarbons,196.38,Liquified hydrocarbons (new base only),NA,NA,196.38
2021-10-01,2021-2022,2015-16,04,58,Liquified Hydrocarbons,222.3,Liquified hydrocarbons (new base only),NA,NA,222.3
2021-11-01,2021-2022,2015-16,04,58,Liquified Hydrocarbons,258.57,Liquified hydrocarbons (new base only),NA,NA,258.57
2021-12-01,2021-2022,2015-16,04,58,Liquified Hydrocarbons,247.74,Liquified hydrocarbons (new base only),NA,NA,247.74
2022-01-01,2021-2022,2015-16,04,58,Liquified Hydrocarbons,250.94,Liquified hydrocarbons (new base only),NA,NA,250.94
2022-02-01,2021-2022,2015-16,04,58,Liquified Hydrocarbons,243.01,Liquified hydrocarbons (new base only),NA,NA,243.01
2022-03-01,2021-2022,2015-16,04,58,Liquified Hydrocarbons,261.95,Liquified hydrocarbons (new base only),NA,NA,261.95
2022-04-01,2021-2022,2015-16,04,58,Liquified Hydrocarbons,252.12,Liquified hydrocarbons (new base only),NA,NA,252.12
2022-05-01,2021-2022,2015-16,04,58,Liquified Hydrocarbons,255.45,Liquified hydrocarbons (new base only),NA,NA,255.45
2022-06-01,2021-2022,2015-16,04,58,Liquified Hydrocarbons,255.6,Liquified hydrocarbons (new base only),NA,NA,255.6
2022-07-01,2022-2023,2015-16,04,58,Liquified Hydrocarbons,260.68,Liquified hydrocarbons (new base only),NA,NA,260.68
2022-08-01,2022-2023,2015-16,04,58,Liquified Hydrocarbons,282.91,Liquified hydrocarbons (new base only),NA,NA,282.91
2022-09-01,2022-2023,2015-16,04,58,Liquified Hydrocarbons,300.85,Liquified hydrocarbons (new base only),NA,NA,300.85
2022-10-01,2022-2023,2015-16,04,58,Liquified Hydrocarbons,266.63,Liquified hydrocarbons (new base only),NA,NA,266.63
2022-11-01,2022-2023,2015-16,04,58,Liquified Hydrocarbons,258.48,Liquified hydrocarbons (new base only),NA,NA,258.48
2022-12-01,2022-2023,2015-16,04,58,Liquified Hydrocarbons,258.74,Liquified hydrocarbons (new base only),NA,NA,258.74
2023-01-01,2022-2023,2015-16,04,58,Liquified Hydrocarbons,266,Liquified hydrocarbons (new base only),NA,NA,266
2023-02-01,2022-2023,2015-16,04,58,Liquified Hydrocarbons,360.56,Liquified hydrocarbons (new base only),NA,NA,360.56
2023-03-01,2022-2023,2015-16,04,58,Liquified Hydrocarbons,348.85,Liquified hydrocarbons (new base only),NA,NA,348.85
2023-04-01,2022-2023,2015-16,04,58,Liquified Hydrocarbons,337.57,Liquified hydrocarbons (new base only),NA,NA,337.57
2023-05-01,2022-2023,2015-16,04,58,Liquified Hydrocarbons,347.85,Liquified hydrocarbons (new base only),NA,NA,347.85
2023-06-01,2022-2023,2015-16,04,58,Liquified Hydrocarbons,285.62,Liquified hydrocarbons (new base only),NA,NA,285.62
2023-07-01,2023-2024,2015-16,04,58,Liquified Hydrocarbons,255.87,Liquified hydrocarbons (new base only),NA,NA,255.87
2023-08-01,2023-2024,2015-16,04,58,Liquified Hydrocarbons,293.34,Liquified hydrocarbons (new base only),NA,NA,293.34
2023-09-01,2023-2024,2015-16,04,58,Liquified Hydrocarbons,320.41,Liquified hydrocarbons (new base only),NA,NA,320.41
2023-10-01,2023-2024,2015-16,04,58,Liquified Hydrocarbons,332.8,Liquified hydrocarbons (new base only),NA,NA,332.8
2023-11-01,2023-2024,2015-16,04,58,Liquified Hydrocarbons,322.36,Liquified hydrocarbons (new base only),NA,NA,322.36
2023-12-01,2023-2024,2015-16,04,58,Liquified Hydrocarbons,330.95,Liquified hydrocarbons (new base only),NA,NA,330.95
2024-01-01,2023-2024,2015-16,04,58,Liquified Hydrocarbons,339.32,Liquified hydrocarbons (new base only),NA,NA,339.32
2024-02-01,2023-2024,2015-16,04,58,Liquified Hydrocarbons,333.6,Liquified hydrocarbons (new base only),NA,NA,333.6
2024-03-01,2023-2024,2015-16,04,58,Liquified Hydrocarbons,343.26,Liquified hydrocarbons (new base only),NA,NA,343.26
2024-04-01,2023-2024,2015-16,04,58,Liquified Hydrocarbons,341.19,Liquified hydrocarbons (new base only),NA,NA,341.19
2024-05-01,2023-2024,2015-16,04,58,Liquified Hydrocarbons,308.96,Liquified hydrocarbons (new base only),NA,NA,308.96
2024-06-01,2023-2024,2015-16,04,58,Liquified Hydrocarbons,275.54,Liquified hydrocarbons (new base only),NA,NA,275.54
2024-07-01,2024-2025,2015-16,04,58,Liquified Hydrocarbons,325.93,Liquified hydrocarbons (new base only),NA,NA,325.93
2024-08-01,2024-2025,2015-16,04,58,Liquified Hydrocarbons,321.05,Liquified hydrocarbons (new base only),NA,NA,321.05
2024-09-01,2024-2025,2015-16,04,58,Liquified Hydrocarbons,319.38,Liquified hydrocarbons (new base only),NA,NA,319.38
2024-10-01,2024-2025,2015-16,04,58,Liquified Hydrocarbons,316.48,Liquified hydrocarbons (new base only),NA,NA,316.48
2024-11-01,2024-2025,2015-16,04,58,Liquified Hydrocarbons,344.79,Liquified hydrocarbons (new base only),NA,NA,344.79
2024-12-01,2024-2025,2015-16,04,58,Liquified Hydrocarbons,357.75,Liquified hydrocarbons (new base only),NA,NA,357.75
2025-01-01,2024-2025,2015-16,04,58,Liquified Hydrocarbons,353.81,Liquified hydrocarbons (new base only),NA,NA,353.81
2025-02-01,2024-2025,2015-16,04,58,Liquified Hydrocarbons,324.38,Liquified hydrocarbons (new base only),NA,NA,324.38
2025-03-01,2024-2025,2015-16,04,58,Liquified Hydrocarbons,330.32,Liquified hydrocarbons (new base only),NA,NA,330.32
2025-04-01,2024-2025,2015-16,04,58,Liquified Hydrocarbons,345.34,Liquified hydrocarbons (new base only),NA,NA,345.34
2025-05-01,2024-2025,2015-16,04,58,Liquified Hydrocarbons,332.17,Liquified hydrocarbons (new base only),NA,NA,332.17
2025-06-01,2024-2025,2015-16,04,58,Liquified Hydrocarbons,314.65,Liquified hydrocarbons (new base only),NA,NA,314.65
2025-07-01,2025-2026,2015-16,04,58,Liquified Hydrocarbons,318.63,Liquified hydrocarbons (new base only),NA,NA,318.63
2025-08-01,2025-2026,2015-16,04,58,Liquified Hydrocarbons,295.37,Liquified hydrocarbons (new base only),NA,NA,295.37
2025-09-01,2025-2026,2015-16,04,58,Liquified Hydrocarbons,308.77,Liquified hydrocarbons (new base only),NA,NA,308.77
2025-10-01,2025-2026,2015-16,04,58,Liquified Hydrocarbons,311.04,Liquified hydrocarbons (new base only),NA,NA,311.04
2025-11-01,2025-2026,2015-16,04,58,Liquified Hydrocarbons,310.43,Liquified hydrocarbons (new base only),NA,NA,310.43
2025-12-01,2025-2026,2015-16,04,58,Liquified Hydrocarbons,361.24,Liquified hydrocarbons (new base only),NA,NA,361.24
2026-01-01,2025-2026,2015-16,04,58,Liquified Hydrocarbons,358.63,Liquified hydrocarbons (new base only),NA,NA,358.63
2026-02-01,2025-2026,2015-16,04,58,Liquified Hydrocarbons,362.1,Liquified hydrocarbons (new base only),NA,NA,362.1
2026-03-01,2025-2026,2015-16,04,58,Liquified Hydrocarbons,407.82,Liquified hydrocarbons (new base only),NA,NA,407.82
2026-04-01,2025-2026,2015-16,04,58,Liquified Hydrocarbons,564.16,Liquified hydrocarbons (new base only),NA,NA,564.16
2026-05-01,2025-2026,2015-16,04,58,Liquified Hydrocarbons,496.32,Liquified hydrocarbons (new base only),NA,NA,496.32
2026-06-01,2025-2026,2015-16,04,58,Liquified Hydrocarbons,505.18,Liquified hydrocarbons (new base only),NA,NA,505.18
2019-07-01,2019-2020,2015-16,04,59,Solid Fuel,108.52,Solid fuel (new base only),NA,NA,108.52
2019-08-01,2019-2020,2015-16,04,59,Solid Fuel,108.75,Solid fuel (new base only),NA,NA,108.75
2019-09-01,2019-2020,2015-16,04,59,Solid Fuel,109.22,Solid fuel (new base only),NA,NA,109.22
2019-10-01,2019-2020,2015-16,04,59,Solid Fuel,109.67,Solid fuel (new base only),NA,NA,109.67
2019-11-01,2019-2020,2015-16,04,59,Solid Fuel,110.58,Solid fuel (new base only),NA,NA,110.58
2019-12-01,2019-2020,2015-16,04,59,Solid Fuel,111.28,Solid fuel (new base only),NA,NA,111.28
2020-01-01,2019-2020,2015-16,04,59,Solid Fuel,114.22,Solid fuel (new base only),NA,NA,114.22
2020-02-01,2019-2020,2015-16,04,59,Solid Fuel,115.58,Solid fuel (new base only),NA,NA,115.58
2020-03-01,2019-2020,2015-16,04,59,Solid Fuel,114.27,Solid fuel (new base only),NA,NA,114.27
2020-04-01,2019-2020,2015-16,04,59,Solid Fuel,114.27,Solid fuel (new base only),NA,NA,114.27
2020-05-01,2019-2020,2015-16,04,59,Solid Fuel,114.43,Solid fuel (new base only),NA,NA,114.43
2020-06-01,2019-2020,2015-16,04,59,Solid Fuel,114.44,Solid fuel (new base only),NA,NA,114.44
2020-07-01,2020-2021,2015-16,04,59,Solid Fuel,114.45,Solid fuel (new base only),NA,NA,114.45
2020-08-01,2020-2021,2015-16,04,59,Solid Fuel,114.6,Solid fuel (new base only),NA,NA,114.6
2020-09-01,2020-2021,2015-16,04,59,Solid Fuel,114.7,Solid fuel (new base only),NA,NA,114.7
2020-10-01,2020-2021,2015-16,04,59,Solid Fuel,114.89,Solid fuel (new base only),NA,NA,114.89
2020-11-01,2020-2021,2015-16,04,59,Solid Fuel,116.09,Solid fuel (new base only),NA,NA,116.09
2020-12-01,2020-2021,2015-16,04,59,Solid Fuel,119.96,Solid fuel (new base only),NA,NA,119.96
2021-01-01,2020-2021,2015-16,04,59,Solid Fuel,121.54,Solid fuel (new base only),NA,NA,121.54
2021-02-01,2020-2021,2015-16,04,59,Solid Fuel,121.73,Solid fuel (new base only),NA,NA,121.73
2021-03-01,2020-2021,2015-16,04,59,Solid Fuel,121.39,Solid fuel (new base only),NA,NA,121.39
2021-04-01,2020-2021,2015-16,04,59,Solid Fuel,120.94,Solid fuel (new base only),NA,NA,120.94
2021-05-01,2020-2021,2015-16,04,59,Solid Fuel,120.56,Solid fuel (new base only),NA,NA,120.56
2021-06-01,2020-2021,2015-16,04,59,Solid Fuel,120.79,Solid fuel (new base only),NA,NA,120.79
2021-07-01,2021-2022,2015-16,04,59,Solid Fuel,120.73,Solid fuel (new base only),NA,NA,120.73
2021-08-01,2021-2022,2015-16,04,59,Solid Fuel,120.79,Solid fuel (new base only),NA,NA,120.79
2021-09-01,2021-2022,2015-16,04,59,Solid Fuel,120.78,Solid fuel (new base only),NA,NA,120.78
2021-10-01,2021-2022,2015-16,04,59,Solid Fuel,121.03,Solid fuel (new base only),NA,NA,121.03
2021-11-01,2021-2022,2015-16,04,59,Solid Fuel,125.4,Solid fuel (new base only),NA,NA,125.4
2021-12-01,2021-2022,2015-16,04,59,Solid Fuel,128.41,Solid fuel (new base only),NA,NA,128.41
2022-01-01,2021-2022,2015-16,04,59,Solid Fuel,135.04,Solid fuel (new base only),NA,NA,135.04
2022-02-01,2021-2022,2015-16,04,59,Solid Fuel,137.15,Solid fuel (new base only),NA,NA,137.15
2022-03-01,2021-2022,2015-16,04,59,Solid Fuel,137.02,Solid fuel (new base only),NA,NA,137.02
2022-04-01,2021-2022,2015-16,04,59,Solid Fuel,135.65,Solid fuel (new base only),NA,NA,135.65
2022-05-01,2021-2022,2015-16,04,59,Solid Fuel,135.73,Solid fuel (new base only),NA,NA,135.73
2022-06-01,2021-2022,2015-16,04,59,Solid Fuel,136.86,Solid fuel (new base only),NA,NA,136.86
2022-07-01,2022-2023,2015-16,04,59,Solid Fuel,137.45,Solid fuel (new base only),NA,NA,137.45
2022-08-01,2022-2023,2015-16,04,59,Solid Fuel,138.87,Solid fuel (new base only),NA,NA,138.87
2022-09-01,2022-2023,2015-16,04,59,Solid Fuel,143.8,Solid fuel (new base only),NA,NA,143.8
2022-10-01,2022-2023,2015-16,04,59,Solid Fuel,146.3,Solid fuel (new base only),NA,NA,146.3
2022-11-01,2022-2023,2015-16,04,59,Solid Fuel,154.89,Solid fuel (new base only),NA,NA,154.89
2022-12-01,2022-2023,2015-16,04,59,Solid Fuel,165.16,Solid fuel (new base only),NA,NA,165.16
2023-01-01,2022-2023,2015-16,04,59,Solid Fuel,170.49,Solid fuel (new base only),NA,NA,170.49
2023-02-01,2022-2023,2015-16,04,59,Solid Fuel,177.82,Solid fuel (new base only),NA,NA,177.82
2023-03-01,2022-2023,2015-16,04,59,Solid Fuel,178.96,Solid fuel (new base only),NA,NA,178.96
2023-04-01,2022-2023,2015-16,04,59,Solid Fuel,179.01,Solid fuel (new base only),NA,NA,179.01
2023-05-01,2022-2023,2015-16,04,59,Solid Fuel,178.94,Solid fuel (new base only),NA,NA,178.94
2023-06-01,2022-2023,2015-16,04,59,Solid Fuel,179.02,Solid fuel (new base only),NA,NA,179.02
2023-07-01,2023-2024,2015-16,04,59,Solid Fuel,179.19,Solid fuel (new base only),NA,NA,179.19
2023-08-01,2023-2024,2015-16,04,59,Solid Fuel,185.07,Solid fuel (new base only),NA,NA,185.07
2023-09-01,2023-2024,2015-16,04,59,Solid Fuel,185.35,Solid fuel (new base only),NA,NA,185.35
2023-10-01,2023-2024,2015-16,04,59,Solid Fuel,185.98,Solid fuel (new base only),NA,NA,185.98
2023-11-01,2023-2024,2015-16,04,59,Solid Fuel,192.53,Solid fuel (new base only),NA,NA,192.53
2023-12-01,2023-2024,2015-16,04,59,Solid Fuel,197.2,Solid fuel (new base only),NA,NA,197.2
2024-01-01,2023-2024,2015-16,04,59,Solid Fuel,201.02,Solid fuel (new base only),NA,NA,201.02
2024-02-01,2023-2024,2015-16,04,59,Solid Fuel,202.61,Solid fuel (new base only),NA,NA,202.61
2024-03-01,2023-2024,2015-16,04,59,Solid Fuel,203.06,Solid fuel (new base only),NA,NA,203.06
2024-04-01,2023-2024,2015-16,04,59,Solid Fuel,203.67,Solid fuel (new base only),NA,NA,203.67
2024-05-01,2023-2024,2015-16,04,59,Solid Fuel,202.86,Solid fuel (new base only),NA,NA,202.86
2024-06-01,2023-2024,2015-16,04,59,Solid Fuel,202.07,Solid fuel (new base only),NA,NA,202.07
2024-07-01,2024-2025,2015-16,04,59,Solid Fuel,203.51,Solid fuel (new base only),NA,NA,203.51
2024-08-01,2024-2025,2015-16,04,59,Solid Fuel,204.49,Solid fuel (new base only),NA,NA,204.49
2024-09-01,2024-2025,2015-16,04,59,Solid Fuel,204.59,Solid fuel (new base only),NA,NA,204.59
2024-10-01,2024-2025,2015-16,04,59,Solid Fuel,206.59,Solid fuel (new base only),NA,NA,206.59
2024-11-01,2024-2025,2015-16,04,59,Solid Fuel,215.01,Solid fuel (new base only),NA,NA,215.01
2024-12-01,2024-2025,2015-16,04,59,Solid Fuel,225.71,Solid fuel (new base only),NA,NA,225.71
2025-01-01,2024-2025,2015-16,04,59,Solid Fuel,231.37,Solid fuel (new base only),NA,NA,231.37
2025-02-01,2024-2025,2015-16,04,59,Solid Fuel,227.94,Solid fuel (new base only),NA,NA,227.94
2025-03-01,2024-2025,2015-16,04,59,Solid Fuel,228.41,Solid fuel (new base only),NA,NA,228.41
2025-04-01,2024-2025,2015-16,04,59,Solid Fuel,227.08,Solid fuel (new base only),NA,NA,227.08
2025-05-01,2024-2025,2015-16,04,59,Solid Fuel,225.95,Solid fuel (new base only),NA,NA,225.95
2025-06-01,2024-2025,2015-16,04,59,Solid Fuel,224.63,Solid fuel (new base only),NA,NA,224.63
2025-07-01,2025-2026,2015-16,04,59,Solid Fuel,224.94,Solid fuel (new base only),NA,NA,224.94
2025-08-01,2025-2026,2015-16,04,59,Solid Fuel,225.46,Solid fuel (new base only),NA,NA,225.46
2025-09-01,2025-2026,2015-16,04,59,Solid Fuel,226.86,Solid fuel (new base only),NA,NA,226.86
2025-10-01,2025-2026,2015-16,04,59,Solid Fuel,228.56,Solid fuel (new base only),NA,NA,228.56
2025-11-01,2025-2026,2015-16,04,59,Solid Fuel,233.62,Solid fuel (new base only),NA,NA,233.62
2025-12-01,2025-2026,2015-16,04,59,Solid Fuel,240.06,Solid fuel (new base only),NA,NA,240.06
2026-01-01,2025-2026,2015-16,04,59,Solid Fuel,242.09,Solid fuel (new base only),NA,NA,242.09
2026-02-01,2025-2026,2015-16,04,59,Solid Fuel,246.24,Solid fuel (new base only),NA,NA,246.24
2026-03-01,2025-2026,2015-16,04,59,Solid Fuel,247.07,Solid fuel (new base only),NA,NA,247.07
2026-04-01,2025-2026,2015-16,04,59,Solid Fuel,249.04,Solid fuel (new base only),NA,NA,249.04
2026-05-01,2025-2026,2015-16,04,59,Solid Fuel,250.74,Solid fuel (new base only),NA,NA,250.74
2026-06-01,2025-2026,2015-16,04,59,Solid Fuel,250.66,Solid fuel (new base only),NA,NA,250.66
2015-07-01,2015-2016,2007-08,04,54,Water Supply,149.92,Water supply,154.905,0.6455569542622898,96.78189858300247
2015-08-01,2015-2016,2007-08,04,54,Water Supply,149.92,Water supply,154.905,0.6455569542622898,96.78189858300247
2015-09-01,2015-2016,2007-08,04,54,Water Supply,149.92,Water supply,154.905,0.6455569542622898,96.78189858300247
2015-10-01,2015-2016,2007-08,04,54,Water Supply,149.92,Water supply,154.905,0.6455569542622898,96.78189858300247
2015-11-01,2015-2016,2007-08,04,54,Water Supply,149.92,Water supply,154.905,0.6455569542622898,96.78189858300247
2015-12-01,2015-2016,2007-08,04,54,Water Supply,149.92,Water supply,154.905,0.6455569542622898,96.78189858300247
2016-01-01,2015-2016,2007-08,04,54,Water Supply,153.34,Water supply,154.905,0.6455569542622898,98.98970336657952
2016-02-01,2015-2016,2007-08,04,54,Water Supply,161.1,Water supply,154.905,0.6455569542622898,103.99922533165488
2016-03-01,2015-2016,2007-08,04,54,Water Supply,161.1,Water supply,154.905,0.6455569542622898,103.99922533165488
2016-04-01,2015-2016,2007-08,04,54,Water Supply,161.1,Water supply,154.905,0.6455569542622898,103.99922533165488
2016-05-01,2015-2016,2007-08,04,54,Water Supply,161.1,Water supply,154.905,0.6455569542622898,103.99922533165488
2016-06-01,2015-2016,2007-08,04,54,Water Supply,161.6,Water supply,154.905,0.6455569542622898,104.32200380878602
2016-07-01,2016-2017,2007-08,04,54,Water Supply,163.32,Water supply,154.905,0.6455569542622898,105.43236177011715
2016-08-01,2016-2017,2007-08,04,54,Water Supply,163.32,Water supply,154.905,0.6455569542622898,105.43236177011715
2016-09-01,2016-2017,2007-08,04,54,Water Supply,163.32,Water supply,154.905,0.6455569542622898,105.43236177011715
2016-10-01,2016-2017,2007-08,04,54,Water Supply,163.38,Water supply,154.905,0.6455569542622898,105.4710951873729
2016-11-01,2016-2017,2007-08,04,54,Water Supply,164.74,Water supply,154.905,0.6455569542622898,106.34905264516962
2016-12-01,2016-2017,2007-08,04,54,Water Supply,164.74,Water supply,154.905,0.6455569542622898,106.34905264516962
2017-01-01,2016-2017,2007-08,04,54,Water Supply,164.74,Water supply,154.905,0.6455569542622898,106.34905264516962
2017-02-01,2016-2017,2007-08,04,54,Water Supply,164.74,Water supply,154.905,0.6455569542622898,106.34905264516962
2017-03-01,2016-2017,2007-08,04,54,Water Supply,164.74,Water supply,154.905,0.6455569542622898,106.34905264516962
2017-04-01,2016-2017,2007-08,04,54,Water Supply,168.16,Water supply,154.905,0.6455569542622898,108.55685742874664
2017-05-01,2016-2017,2007-08,04,54,Water Supply,171.58,Water supply,154.905,0.6455569542622898,110.76466221232369
2017-06-01,2016-2017,2007-08,04,54,Water Supply,171.58,Water supply,154.905,0.6455569542622898,110.76466221232369
2017-07-01,2017-2018,2007-08,04,54,Water Supply,171.58,Water supply,154.905,0.6455569542622898,110.76466221232369
2017-08-01,2017-2018,2007-08,04,54,Water Supply,171.58,Water supply,154.905,0.6455569542622898,110.76466221232369
2017-09-01,2017-2018,2007-08,04,54,Water Supply,171.58,Water supply,154.905,0.6455569542622898,110.76466221232369
2017-10-01,2017-2018,2007-08,04,54,Water Supply,171.58,Water supply,154.905,0.6455569542622898,110.76466221232369
2017-11-01,2017-2018,2007-08,04,54,Water Supply,171.58,Water supply,154.905,0.6455569542622898,110.76466221232369
2017-12-01,2017-2018,2007-08,04,54,Water Supply,171.58,Water supply,154.905,0.6455569542622898,110.76466221232369
2018-01-01,2017-2018,2007-08,04,54,Water Supply,172.61,Water supply,154.905,0.6455569542622898,111.42958587521385
2018-02-01,2017-2018,2007-08,04,54,Water Supply,173.82,Water supply,154.905,0.6455569542622898,112.2107097898712
2018-03-01,2017-2018,2007-08,04,54,Water Supply,174.83,Water supply,154.905,0.6455569542622898,112.86272231367613
2018-04-01,2017-2018,2007-08,04,54,Water Supply,177.11,Water supply,154.905,0.6455569542622898,114.33459216939414
2018-05-01,2017-2018,2007-08,04,54,Water Supply,189.09,Water supply,154.905,0.6455569542622898,122.06836448145637
2018-06-01,2017-2018,2007-08,04,54,Water Supply,189.09,Water supply,154.905,0.6455569542622898,122.06836448145637
2018-07-01,2018-2019,2007-08,04,54,Water Supply,189.09,Water supply,154.905,0.6455569542622898,122.06836448145637
2018-08-01,2018-2019,2007-08,04,54,Water Supply,189.82,Water supply,154.905,0.6455569542622898,122.53962105806784
2018-09-01,2018-2019,2007-08,04,54,Water Supply,189.82,Water supply,154.905,0.6455569542622898,122.53962105806784
2018-10-01,2018-2019,2007-08,04,54,Water Supply,194.95,Water supply,154.905,0.6455569542622898,125.85132823343338
2018-11-01,2018-2019,2007-08,04,54,Water Supply,194.95,Water supply,154.905,0.6455569542622898,125.85132823343338
2018-12-01,2018-2019,2007-08,04,54,Water Supply,194.95,Water supply,154.905,0.6455569542622898,125.85132823343338
2019-01-01,2018-2019,2007-08,04,54,Water Supply,194.95,Water supply,154.905,0.6455569542622898,125.85132823343338
2019-02-01,2018-2019,2007-08,04,54,Water Supply,194.95,Water supply,154.905,0.6455569542622898,125.85132823343338
2019-03-01,2018-2019,2007-08,04,54,Water Supply,195.29,Water supply,154.905,0.6455569542622898,126.07081759788257
2019-04-01,2018-2019,2007-08,04,54,Water Supply,195.29,Water supply,154.905,0.6455569542622898,126.07081759788257
2019-05-01,2018-2019,2007-08,04,54,Water Supply,195.29,Water supply,154.905,0.6455569542622898,126.07081759788257
2019-06-01,2018-2019,2007-08,04,54,Water Supply,195.63,Water supply,154.905,0.6455569542622898,126.29030696233174
2019-07-01,2019-2020,2015-16,04,54,Water supply,119.55,Water supply,154.905,0.6455569542622898,119.55
2019-08-01,2019-2020,2015-16,04,54,Water supply,122.55,Water supply,154.905,0.6455569542622898,122.55
2019-09-01,2019-2020,2015-16,04,54,Water supply,122.55,Water supply,154.905,0.6455569542622898,122.55
2019-10-01,2019-2020,2015-16,04,54,Water supply,131.54,Water supply,154.905,0.6455569542622898,131.54
2019-11-01,2019-2020,2015-16,04,54,Water supply,131.54,Water supply,154.905,0.6455569542622898,131.54
2019-12-01,2019-2020,2015-16,04,54,Water supply,131.54,Water supply,154.905,0.6455569542622898,131.54
2020-01-01,2019-2020,2015-16,04,54,Water supply,131.54,Water supply,154.905,0.6455569542622898,131.54
2020-02-01,2019-2020,2015-16,04,54,Water supply,131.89,Water supply,154.905,0.6455569542622898,131.89
2020-03-01,2019-2020,2015-16,04,54,Water supply,131.89,Water supply,154.905,0.6455569542622898,131.89
2020-04-01,2019-2020,2015-16,04,54,Water supply,131.89,Water supply,154.905,0.6455569542622898,131.89
2020-05-01,2019-2020,2015-16,04,54,Water supply,143.78,Water supply,154.905,0.6455569542622898,143.78
2020-06-01,2019-2020,2015-16,04,54,Water supply,143.78,Water supply,154.905,0.6455569542622898,143.78
2020-07-01,2020-2021,2015-16,04,54,Water supply,143.78,Water supply,154.905,0.6455569542622898,143.78
2020-08-01,2020-2021,2015-16,04,54,Water supply,152.62,Water supply,154.905,0.6455569542622898,152.62
2020-09-01,2020-2021,2015-16,04,54,Water supply,156.23,Water supply,154.905,0.6455569542622898,156.23
2020-10-01,2020-2021,2015-16,04,54,Water supply,156.43,Water supply,154.905,0.6455569542622898,156.43
2020-11-01,2020-2021,2015-16,04,54,Water supply,156.64,Water supply,154.905,0.6455569542622898,156.64
2020-12-01,2020-2021,2015-16,04,54,Water supply,157.86,Water supply,154.905,0.6455569542622898,157.86
2021-01-01,2020-2021,2015-16,04,54,Water supply,157.86,Water supply,154.905,0.6455569542622898,157.86
2021-02-01,2020-2021,2015-16,04,54,Water supply,157.86,Water supply,154.905,0.6455569542622898,157.86
2021-03-01,2020-2021,2015-16,04,54,Water supply,158.19,Water supply,154.905,0.6455569542622898,158.19
2021-04-01,2020-2021,2015-16,04,54,Water supply,158.19,Water supply,154.905,0.6455569542622898,158.19
2021-05-01,2020-2021,2015-16,04,54,Water supply,158.39,Water supply,154.905,0.6455569542622898,158.39
2021-06-01,2020-2021,2015-16,04,54,Water supply,158.72,Water supply,154.905,0.6455569542622898,158.72
2021-07-01,2021-2022,2015-16,04,54,Water supply,158.84,Water supply,154.905,0.6455569542622898,158.84
2021-08-01,2021-2022,2015-16,04,54,Water supply,162.68,Water supply,154.905,0.6455569542622898,162.68
2021-09-01,2021-2022,2015-16,04,54,Water supply,162.68,Water supply,154.905,0.6455569542622898,162.68
2021-10-01,2021-2022,2015-16,04,54,Water supply,162.68,Water supply,154.905,0.6455569542622898,162.68
2021-11-01,2021-2022,2015-16,04,54,Water supply,162.68,Water supply,154.905,0.6455569542622898,162.68
2021-12-01,2021-2022,2015-16,04,54,Water supply,163,Water supply,154.905,0.6455569542622898,163
2022-01-01,2021-2022,2015-16,04,54,Water supply,163.51,Water supply,154.905,0.6455569542622898,163.51
2022-02-01,2021-2022,2015-16,04,54,Water supply,163.51,Water supply,154.905,0.6455569542622898,163.51
2022-03-01,2021-2022,2015-16,04,54,Water supply,164.74,Water supply,154.905,0.6455569542622898,164.74
2022-04-01,2021-2022,2015-16,04,54,Water supply,165.01,Water supply,154.905,0.6455569542622898,165.01
2022-05-01,2021-2022,2015-16,04,54,Water supply,166.58,Water supply,154.905,0.6455569542622898,166.58
2022-06-01,2021-2022,2015-16,04,54,Water supply,166.58,Water supply,154.905,0.6455569542622898,166.58
2022-07-01,2022-2023,2015-16,04,54,Water supply,166.58,Water supply,154.905,0.6455569542622898,166.58
2022-08-01,2022-2023,2015-16,04,54,Water supply,166.58,Water supply,154.905,0.6455569542622898,166.58
2022-09-01,2022-2023,2015-16,04,54,Water supply,170.32,Water supply,154.905,0.6455569542622898,170.32
2022-10-01,2022-2023,2015-16,04,54,Water supply,170.32,Water supply,154.905,0.6455569542622898,170.32
2022-11-01,2022-2023,2015-16,04,54,Water supply,171.56,Water supply,154.905,0.6455569542622898,171.56
2022-12-01,2022-2023,2015-16,04,54,Water supply,171.56,Water supply,154.905,0.6455569542622898,171.56
2023-01-01,2022-2023,2015-16,04,54,Water supply,171.56,Water supply,154.905,0.6455569542622898,171.56
2023-02-01,2022-2023,2015-16,04,54,Water supply,171.98,Water supply,154.905,0.6455569542622898,171.98
2023-03-01,2022-2023,2015-16,04,54,Water supply,172.57,Water supply,154.905,0.6455569542622898,172.57
2023-04-01,2022-2023,2015-16,04,54,Water supply,172.8,Water supply,154.905,0.6455569542622898,172.8
2023-05-01,2022-2023,2015-16,04,54,Water supply,175.39,Water supply,154.905,0.6455569542622898,175.39
2023-06-01,2022-2023,2015-16,04,54,Water supply,175.39,Water supply,154.905,0.6455569542622898,175.39
2023-07-01,2023-2024,2015-16,04,54,Water supply,175.56,Water supply,154.905,0.6455569542622898,175.56
2023-08-01,2023-2024,2015-16,04,54,Water supply,196.07,Water supply,154.905,0.6455569542622898,196.07
2023-09-01,2023-2024,2015-16,04,54,Water supply,196.48,Water supply,154.905,0.6455569542622898,196.48
2023-10-01,2023-2024,2015-16,04,54,Water supply,198.12,Water supply,154.905,0.6455569542622898,198.12
2023-11-01,2023-2024,2015-16,04,54,Water supply,199.06,Water supply,154.905,0.6455569542622898,199.06
2023-12-01,2023-2024,2015-16,04,54,Water supply,199.06,Water supply,154.905,0.6455569542622898,199.06
2024-01-01,2023-2024,2015-16,04,54,Water supply,199.06,Water supply,154.905,0.6455569542622898,199.06
2024-02-01,2023-2024,2015-16,04,54,Water supply,199.06,Water supply,154.905,0.6455569542622898,199.06
2024-03-01,2023-2024,2015-16,04,54,Water supply,199.06,Water supply,154.905,0.6455569542622898,199.06
2024-04-01,2023-2024,2015-16,04,54,Water supply,199.06,Water supply,154.905,0.6455569542622898,199.06
2024-05-01,2023-2024,2015-16,04,54,Water supply,199.4,Water supply,154.905,0.6455569542622898,199.4
2024-06-01,2023-2024,2015-16,04,54,Water supply,199.4,Water supply,154.905,0.6455569542622898,199.4
2024-07-01,2024-2025,2015-16,04,54,Water supply,201.12,Water supply,154.905,0.6455569542622898,201.12
2024-08-01,2024-2025,2015-16,04,54,Water supply,201.62,Water supply,154.905,0.6455569542622898,201.62
2024-09-01,2024-2025,2015-16,04,54,Water supply,204.19,Water supply,154.905,0.6455569542622898,204.19
2024-10-01,2024-2025,2015-16,04,54,Water supply,221.86,Water supply,154.905,0.6455569542622898,221.86
2024-11-01,2024-2025,2015-16,04,54,Water supply,228.37,Water supply,154.905,0.6455569542622898,228.37
2024-12-01,2024-2025,2015-16,04,54,Water supply,228.99,Water supply,154.905,0.6455569542622898,228.99
2025-01-01,2024-2025,2015-16,04,54,Water supply,228.99,Water supply,154.905,0.6455569542622898,228.99
2025-02-01,2024-2025,2015-16,04,54,Water supply,228.99,Water supply,154.905,0.6455569542622898,228.99
2025-03-01,2024-2025,2015-16,04,54,Water supply,228.99,Water supply,154.905,0.6455569542622898,228.99
2025-04-01,2024-2025,2015-16,04,54,Water supply,228.99,Water supply,154.905,0.6455569542622898,228.99
2025-05-01,2024-2025,2015-16,04,54,Water supply,228.99,Water supply,154.905,0.6455569542622898,228.99
2025-06-01,2024-2025,2015-16,04,54,Water supply,228.99,Water supply,154.905,0.6455569542622898,228.99
2025-07-01,2025-2026,2015-16,04,54,Water supply,228.99,Water supply,154.905,0.6455569542622898,228.99
2025-08-01,2025-2026,2015-16,04,54,Water supply,230.44,Water supply,154.905,0.6455569542622898,230.44
2025-09-01,2025-2026,2015-16,04,54,Water supply,230.44,Water supply,154.905,0.6455569542622898,230.44
2025-10-01,2025-2026,2015-16,04,54,Water supply,231.4,Water supply,154.905,0.6455569542622898,231.4
2025-11-01,2025-2026,2015-16,04,54,Water supply,231.4,Water supply,154.905,0.6455569542622898,231.4
2025-12-01,2025-2026,2015-16,04,54,Water supply,231.4,Water supply,154.905,0.6455569542622898,231.4
2026-01-01,2025-2026,2015-16,04,54,Water supply,244.9,Water supply,154.905,0.6455569542622898,244.9
2026-02-01,2025-2026,2015-16,04,54,Water supply,244.9,Water supply,154.905,0.6455569542622898,244.9
2026-03-01,2025-2026,2015-16,04,54,Water supply,245.91,Water supply,154.905,0.6455569542622898,245.91
2026-04-01,2025-2026,2015-16,04,54,Water supply,246.74,Water supply,154.905,0.6455569542622898,246.74
2026-05-01,2025-2026,2015-16,04,54,Water supply,247.62,Water supply,154.905,0.6455569542622898,247.62
2026-06-01,2025-2026,2015-16,04,54,Water supply,248.17,Water supply,154.905,0.6455569542622898,248.17
