date,fiscal_year,base_year,group_code,cmdty_code,description,index_value,group,fy1516_avg,factor,index,yoy
2016-07-01,2016-2017,2007-08,02,00,"Alcoholic Beverages, Tobacco",364.79,Alcohol & tobacco,329.24916666666667,0.30372134578928317,110.79450973047261,17.73875996514218
2016-08-01,2016-2017,2007-08,02,00,"Alcoholic Beverages, Tobacco",365.41,Alcohol & tobacco,329.24916666666667,0.30372134578928317,110.98281696486197,17.91222975153275
2016-09-01,2016-2017,2007-08,02,00,"Alcoholic Beverages, Tobacco",364.13,Alcohol & tobacco,329.24916666666667,0.30372134578928317,110.59405364225168,17.47265864438492
2016-10-01,2016-2017,2007-08,02,00,"Alcoholic Beverages, Tobacco",364.39,Alcohol & tobacco,329.24916666666667,0.30372134578928317,110.6730211921569,17.560330365208433
2016-11-01,2016-2017,2007-08,02,00,"Alcoholic Beverages, Tobacco",365.33,Alcohol & tobacco,329.24916666666667,0.30372134578928317,110.95851925719882,16.995452507525766
2016-12-01,2016-2017,2007-08,02,00,"Alcoholic Beverages, Tobacco",373.34,Alcohol & tobacco,329.24916666666667,0.30372134578928317,113.39132723697097,11.557999163329935
2017-01-01,2016-2017,2007-08,02,00,"Alcoholic Beverages, Tobacco",377.97,Alcohol & tobacco,329.24916666666667,0.30372134578928317,114.79755706797536,12.110695853354692
2017-02-01,2016-2017,2007-08,02,00,"Alcoholic Beverages, Tobacco",379.55,Alcohol & tobacco,329.24916666666667,0.30372134578928317,115.27743679432243,12.43593921260775
2017-03-01,2016-2017,2007-08,02,00,"Alcoholic Beverages, Tobacco",380.92,Alcohol & tobacco,329.24916666666667,0.30372134578928317,115.69353503805375,12.44206984089502
2017-04-01,2016-2017,2007-08,02,00,"Alcoholic Beverages, Tobacco",382.78,Alcohol & tobacco,329.24916666666667,0.30372134578928317,116.2584567412218,11.240918337692518
2017-05-01,2016-2017,2007-08,02,00,"Alcoholic Beverages, Tobacco",383.32,Alcohol & tobacco,329.24916666666667,0.30372134578928317,116.42246626794802,10.760517799352742
2017-06-01,2016-2017,2007-08,02,00,"Alcoholic Beverages, Tobacco",324.6,Alcohol & tobacco,329.24916666666667,0.30372134578928317,98.58794884320132,-10.020790020790017
2017-07-01,2017-2018,2007-08,02,00,"Alcoholic Beverages, Tobacco",306.67,Alcohol & tobacco,329.24916666666667,0.30372134578928317,93.14222511319947,-15.932454288768882
2017-08-01,2017-2018,2007-08,02,00,"Alcoholic Beverages, Tobacco",306.25,Alcohol & tobacco,329.24916666666667,0.30372134578928317,93.01466214796797,-16.190033113488965
2017-09-01,2017-2018,2007-08,02,00,"Alcoholic Beverages, Tobacco",304.8,Alcohol & tobacco,329.24916666666667,0.30372134578928317,92.57426619657352,-16.293631395380757
2017-10-01,2017-2018,2007-08,02,00,"Alcoholic Beverages, Tobacco",305.31,Alcohol & tobacco,329.24916666666667,0.30372134578928317,92.72916408292605,-16.213397733197944
2017-11-01,2017-2018,2007-08,02,00,"Alcoholic Beverages, Tobacco",305.51,Alcohol & tobacco,329.24916666666667,0.30372134578928317,92.7899083520839,-16.37423699121342
2017-12-01,2017-2018,2007-08,02,00,"Alcoholic Beverages, Tobacco",305.76,Alcohol & tobacco,329.24916666666667,0.30372134578928317,92.86583868853121,-18.10146247388439
2018-01-01,2017-2018,2007-08,02,00,"Alcoholic Beverages, Tobacco",309.16,Alcohol & tobacco,329.24916666666667,0.30372134578928317,93.8984912642148,-18.20514855676375
2018-02-01,2017-2018,2007-08,02,00,"Alcoholic Beverages, Tobacco",313.39,Alcohol & tobacco,329.24916666666667,0.30372134578928317,95.18323255690345,-17.431168489000136
2018-03-01,2017-2018,2007-08,02,00,"Alcoholic Beverages, Tobacco",316.6,Alcohol & tobacco,329.24916666666667,0.30372134578928317,96.15817807688705,-16.885435261997273
2018-04-01,2017-2018,2007-08,02,00,"Alcoholic Beverages, Tobacco",317.7,Alcohol & tobacco,329.24916666666667,0.30372134578928317,96.49227155725526,-17.001933225351372
2018-05-01,2017-2018,2007-08,02,00,"Alcoholic Beverages, Tobacco",315.26,Alcohol & tobacco,329.24916666666667,0.30372134578928317,95.7511914735294,-17.755400187832628
2018-06-01,2017-2018,2007-08,02,00,"Alcoholic Beverages, Tobacco",314.62,Alcohol & tobacco,329.24916666666667,0.30372134578928317,95.55680981222427,-3.074553296364757
2018-07-01,2018-2019,2007-08,02,00,"Alcoholic Beverages, Tobacco",313.65,Alcohol & tobacco,329.24916666666667,0.30372134578928317,95.26220010680866,2.2760622167150357
2018-08-01,2018-2019,2007-08,02,00,"Alcoholic Beverages, Tobacco",313.47,Alcohol & tobacco,329.24916666666667,0.30372134578928317,95.2075302645666,2.3575510204081773
2018-09-01,2018-2019,2007-08,02,00,"Alcoholic Beverages, Tobacco",314.42,Alcohol & tobacco,329.24916666666667,0.30372134578928317,95.49606554306642,3.156167979002622
2018-10-01,2018-2019,2007-08,02,00,"Alcoholic Beverages, Tobacco",344.03,Alcohol & tobacco,329.24916666666667,0.30372134578928317,104.48925459188708,12.68219187055777
2018-11-01,2018-2019,2007-08,02,00,"Alcoholic Beverages, Tobacco",348,Alcohol & tobacco,329.24916666666667,0.30372134578928317,105.69502833467054,13.907891722038567
2018-12-01,2018-2019,2007-08,02,00,"Alcoholic Beverages, Tobacco",349.35,Alcohol & tobacco,329.24916666666667,0.30372134578928317,106.10505215148608,14.256279434850882
2019-01-01,2018-2019,2007-08,02,00,"Alcoholic Beverages, Tobacco",353.17,Alcohol & tobacco,329.24916666666667,0.30372134578928317,107.26526769240114,14.235347392935683
2019-02-01,2018-2019,2007-08,02,00,"Alcoholic Beverages, Tobacco",354.79,Alcohol & tobacco,329.24916666666667,0.30372134578928317,107.75729627257978,13.210376846740491
2019-03-01,2018-2019,2007-08,02,00,"Alcoholic Beverages, Tobacco",355.5,Alcohol & tobacco,329.24916666666667,0.30372134578928317,107.97293842809017,12.28679722046746
2019-04-01,2018-2019,2007-08,02,00,"Alcoholic Beverages, Tobacco",356.08,Alcohol & tobacco,329.24916666666667,0.30372134578928317,108.14909680864794,12.08057916273213
2019-05-01,2018-2019,2007-08,02,00,"Alcoholic Beverages, Tobacco",357.39,Alcohol & tobacco,329.24916666666667,0.30372134578928317,108.5469717716319,13.363572923935795
2019-06-01,2018-2019,2007-08,02,00,"Alcoholic Beverages, Tobacco",384.13,Alcohol & tobacco,329.24916666666667,0.30372134578928317,116.66848055803734,22.09331892441675
2019-07-01,2019-2020,2015-16,02,00,"Alcoholic Beverages, Tobacco",141.67,Alcohol & tobacco,329.24916666666667,0.30372134578928317,141.67,48.71585984908868
2019-08-01,2019-2020,2015-16,02,00,"Alcoholic Beverages, Tobacco",141.93,Alcohol & tobacco,329.24916666666667,0.30372134578928317,141.93,49.07434276007274
2019-09-01,2019-2020,2015-16,02,00,"Alcoholic Beverages, Tobacco",142.24,Alcohol & tobacco,329.24916666666667,0.30372134578928317,142.24,48.94854483387403
2019-10-01,2019-2020,2015-16,02,00,"Alcoholic Beverages, Tobacco",142.53,Alcohol & tobacco,329.24916666666667,0.30372134578928317,142.53,36.40637073801707
2019-11-01,2019-2020,2015-16,02,00,"Alcoholic Beverages, Tobacco",142.63,Alcohol & tobacco,329.24916666666667,0.30372134578928317,142.63,34.944852418582386
2019-12-01,2019-2020,2015-16,02,00,"Alcoholic Beverages, Tobacco",142.7,Alcohol & tobacco,329.24916666666667,0.30372134578928317,142.7,34.48935475406707
2020-01-01,2019-2020,2015-16,02,00,"Alcoholic Beverages, Tobacco",143.25,Alcohol & tobacco,329.24916666666667,0.30372134578928317,143.25,33.54742227539147
2020-02-01,2019-2020,2015-16,02,00,"Alcoholic Beverages, Tobacco",143.51,Alcohol & tobacco,329.24916666666667,0.30372134578928317,143.51,33.17891684752483
2020-03-01,2019-2020,2015-16,02,00,"Alcoholic Beverages, Tobacco",143.54,Alcohol & tobacco,329.24916666666667,0.30372134578928317,143.54,32.940718377871534
2020-04-01,2019-2020,2015-16,02,00,"Alcoholic Beverages, Tobacco",144.82,Alcohol & tobacco,329.24916666666667,0.30372134578928317,144.82,33.90772948962781
2020-05-01,2019-2020,2015-16,02,00,"Alcoholic Beverages, Tobacco",145.03,Alcohol & tobacco,329.24916666666667,0.30372134578928317,145.03,33.61036022738935
2020-06-01,2019-2020,2015-16,02,00,"Alcoholic Beverages, Tobacco",145.1,Alcohol & tobacco,329.24916666666667,0.30372134578928317,145.1,24.369494919254777
2020-07-01,2020-2021,2015-16,02,00,"Alcoholic Beverages, Tobacco",148.36,Alcohol & tobacco,329.24916666666667,0.30372134578928317,148.36,4.722241829604035
2020-08-01,2020-2021,2015-16,02,00,"Alcoholic Beverages, Tobacco",149.8,Alcohol & tobacco,329.24916666666667,0.30372134578928317,149.8,5.544986965405485
2020-09-01,2020-2021,2015-16,02,00,"Alcoholic Beverages, Tobacco",150.34,Alcohol & tobacco,329.24916666666667,0.30372134578928317,150.34,5.694600674915629
2020-10-01,2020-2021,2015-16,02,00,"Alcoholic Beverages, Tobacco",151.34,Alcohol & tobacco,329.24916666666667,0.30372134578928317,151.34,6.181154844594117
2020-11-01,2020-2021,2015-16,02,00,"Alcoholic Beverages, Tobacco",152.13,Alcohol & tobacco,329.24916666666667,0.30372134578928317,152.13,6.660590338638439
2020-12-01,2020-2021,2015-16,02,00,"Alcoholic Beverages, Tobacco",152.1,Alcohol & tobacco,329.24916666666667,0.30372134578928317,152.1,6.5872459705676345
2021-01-01,2020-2021,2015-16,02,00,"Alcoholic Beverages, Tobacco",152.14,Alcohol & tobacco,329.24916666666667,0.30372134578928317,152.14,6.2059336823734546
2021-02-01,2020-2021,2015-16,02,00,"Alcoholic Beverages, Tobacco",152.48,Alcohol & tobacco,329.24916666666667,0.30372134578928317,152.48,6.2504355097205755
2021-03-01,2020-2021,2015-16,02,00,"Alcoholic Beverages, Tobacco",153.44,Alcohol & tobacco,329.24916666666667,0.30372134578928317,153.44,6.897032186150209
2021-04-01,2020-2021,2015-16,02,00,"Alcoholic Beverages, Tobacco",153.57,Alcohol & tobacco,329.24916666666667,0.30372134578928317,153.57,6.04198315149842
2021-05-01,2020-2021,2015-16,02,00,"Alcoholic Beverages, Tobacco",153.81,Alcohol & tobacco,329.24916666666667,0.30372134578928317,153.81,6.053919878645808
2021-06-01,2020-2021,2015-16,02,00,"Alcoholic Beverages, Tobacco",153.94,Alcohol & tobacco,329.24916666666667,0.30372134578928317,153.94,6.092350103376987
2021-07-01,2021-2022,2015-16,02,00,"Alcoholic Beverages, Tobacco",153.94,Alcohol & tobacco,329.24916666666667,0.30372134578928317,153.94,3.761121596117545
2021-08-01,2021-2022,2015-16,02,00,"Alcoholic Beverages, Tobacco",153.94,Alcohol & tobacco,329.24916666666667,0.30372134578928317,153.94,2.7636849132176122
2021-09-01,2021-2022,2015-16,02,00,"Alcoholic Beverages, Tobacco",154.23,Alcohol & tobacco,329.24916666666667,0.30372134578928317,154.23,2.5874684049487673
2021-10-01,2021-2022,2015-16,02,00,"Alcoholic Beverages, Tobacco",154.56,Alcohol & tobacco,329.24916666666667,0.30372134578928317,154.56,2.127659574468077
2021-11-01,2021-2022,2015-16,02,00,"Alcoholic Beverages, Tobacco",155.04,Alcohol & tobacco,329.24916666666667,0.30372134578928317,155.04,1.9128377045947609
2021-12-01,2021-2022,2015-16,02,00,"Alcoholic Beverages, Tobacco",155.24,Alcohol & tobacco,329.24916666666667,0.30372134578928317,155.24,2.0644312952005306
2022-01-01,2021-2022,2015-16,02,00,"Alcoholic Beverages, Tobacco",155.25,Alcohol & tobacco,329.24916666666667,0.30372134578928317,155.25,2.0441698435651467
2022-02-01,2021-2022,2015-16,02,00,"Alcoholic Beverages, Tobacco",155.56,Alcohol & tobacco,329.24916666666667,0.30372134578928317,155.56,2.019937040923403
2022-03-01,2021-2022,2015-16,02,00,"Alcoholic Beverages, Tobacco",155.67,Alcohol & tobacco,329.24916666666667,0.30372134578928317,155.67,1.4533368091762089
2022-04-01,2021-2022,2015-16,02,00,"Alcoholic Beverages, Tobacco",160.86,Alcohol & tobacco,329.24916666666667,0.30372134578928317,160.86,4.747020902520038
2022-05-01,2021-2022,2015-16,02,00,"Alcoholic Beverages, Tobacco",168.24,Alcohol & tobacco,329.24916666666667,0.30372134578928317,168.24,9.381704700604644
2022-06-01,2021-2022,2015-16,02,00,"Alcoholic Beverages, Tobacco",182.04,Alcohol & tobacco,329.24916666666667,0.30372134578928317,182.04,18.253865142263216
2022-07-01,2022-2023,2015-16,02,00,"Alcoholic Beverages, Tobacco",187.28,Alcohol & tobacco,329.24916666666667,0.30372134578928317,187.28,21.657788748863194
2022-08-01,2022-2023,2015-16,02,00,"Alcoholic Beverages, Tobacco",193.6,Alcohol & tobacco,329.24916666666667,0.30372134578928317,193.6,25.763284396518117
2022-09-01,2022-2023,2015-16,02,00,"Alcoholic Beverages, Tobacco",206.74,Alcohol & tobacco,329.24916666666667,0.30372134578928317,206.74,34.046553848148875
2022-10-01,2022-2023,2015-16,02,00,"Alcoholic Beverages, Tobacco",209.33,Alcohol & tobacco,329.24916666666667,0.30372134578928317,209.33,35.43607660455488
2022-11-01,2022-2023,2015-16,02,00,"Alcoholic Beverages, Tobacco",212.67,Alcohol & tobacco,329.24916666666667,0.30372134578928317,212.67,37.17105263157894
2022-12-01,2022-2023,2015-16,02,00,"Alcoholic Beverages, Tobacco",213.06,Alcohol & tobacco,329.24916666666667,0.30372134578928317,213.06,37.2455552692605
2023-01-01,2022-2023,2015-16,02,00,"Alcoholic Beverages, Tobacco",213.22,Alcohol & tobacco,329.24916666666667,0.30372134578928317,213.22,37.33977455716586
2023-02-01,2022-2023,2015-16,02,00,"Alcoholic Beverages, Tobacco",240.99,Alcohol & tobacco,329.24916666666667,0.30372134578928317,240.99,54.917716636667535
2023-03-01,2022-2023,2015-16,02,00,"Alcoholic Beverages, Tobacco",374.9,Alcohol & tobacco,329.24916666666667,0.30372134578928317,374.9,140.82996081454357
2023-04-01,2022-2023,2015-16,02,00,"Alcoholic Beverages, Tobacco",375.93,Alcohol & tobacco,329.24916666666667,0.30372134578928317,375.93,133.7001118985453
2023-05-01,2022-2023,2015-16,02,00,"Alcoholic Beverages, Tobacco",377.76,Alcohol & tobacco,329.24916666666667,0.30372134578928317,377.76,124.53637660485022
2023-06-01,2022-2023,2015-16,02,00,"Alcoholic Beverages, Tobacco",377.89,Alcohol & tobacco,329.24916666666667,0.30372134578928317,377.89,107.58624478136673
2023-07-01,2023-2024,2015-16,02,00,"Alcoholic Beverages, Tobacco",379.48,Alcohol & tobacco,329.24916666666667,0.30372134578928317,379.48,102.62708244340027
2023-08-01,2023-2024,2015-16,02,00,"Alcoholic Beverages, Tobacco",380.5,Alcohol & tobacco,329.24916666666667,0.30372134578928317,380.5,96.53925619834712
2023-09-01,2023-2024,2015-16,02,00,"Alcoholic Beverages, Tobacco",382.08,Alcohol & tobacco,329.24916666666667,0.30372134578928317,382.08,84.81184095965946
2023-10-01,2023-2024,2015-16,02,00,"Alcoholic Beverages, Tobacco",382.4,Alcohol & tobacco,329.24916666666667,0.30372134578928317,382.4,82.67806812210384
2023-11-01,2023-2024,2015-16,02,00,"Alcoholic Beverages, Tobacco",382.32,Alcohol & tobacco,329.24916666666667,0.30372134578928317,382.32,79.77147693609818
2023-12-01,2023-2024,2015-16,02,00,"Alcoholic Beverages, Tobacco",385.43,Alcohol & tobacco,329.24916666666667,0.30372134578928317,385.43,80.90209330704965
2024-01-01,2023-2024,2015-16,02,00,"Alcoholic Beverages, Tobacco",385.76,Alcohol & tobacco,329.24916666666667,0.30372134578928317,385.76,80.92111434199418
2024-02-01,2023-2024,2015-16,02,00,"Alcoholic Beverages, Tobacco",386.05,Alcohol & tobacco,329.24916666666667,0.30372134578928317,386.05,60.19336901946139
2024-03-01,2023-2024,2015-16,02,00,"Alcoholic Beverages, Tobacco",386.2,Alcohol & tobacco,329.24916666666667,0.30372134578928317,386.2,3.014137103227532
2024-04-01,2023-2024,2015-16,02,00,"Alcoholic Beverages, Tobacco",386.36,Alcohol & tobacco,329.24916666666667,0.30372134578928317,386.36,2.7744526906605005
2024-05-01,2023-2024,2015-16,02,00,"Alcoholic Beverages, Tobacco",387.13,Alcohol & tobacco,329.24916666666667,0.30372134578928317,387.13,2.48041084286319
2024-06-01,2023-2024,2015-16,02,00,"Alcoholic Beverages, Tobacco",401.92,Alcohol & tobacco,329.24916666666667,0.30372134578928317,401.92,6.358993357855458
2024-07-01,2024-2025,2015-16,02,00,"Alcoholic Beverages, Tobacco",407.5,Alcohol & tobacco,329.24916666666667,0.30372134578928317,407.5,7.3837883419415995
2024-08-01,2024-2025,2015-16,02,00,"Alcoholic Beverages, Tobacco",407.24,Alcohol & tobacco,329.24916666666667,0.30372134578928317,407.24,7.027595269382392
2024-09-01,2024-2025,2015-16,02,00,"Alcoholic Beverages, Tobacco",407.83,Alcohol & tobacco,329.24916666666667,0.30372134578928317,407.83,6.739426298157447
2024-10-01,2024-2025,2015-16,02,00,"Alcoholic Beverages, Tobacco",408.28,Alcohol & tobacco,329.24916666666667,0.30372134578928317,408.28,6.767782426778246
2024-11-01,2024-2025,2015-16,02,00,"Alcoholic Beverages, Tobacco",403.16,Alcohol & tobacco,329.24916666666667,0.30372134578928317,403.16,5.450931157145855
2024-12-01,2024-2025,2015-16,02,00,"Alcoholic Beverages, Tobacco",405.62,Alcohol & tobacco,329.24916666666667,0.30372134578928317,405.62,5.238305269439336
2025-01-01,2024-2025,2015-16,02,00,"Alcoholic Beverages, Tobacco",406.23,Alcohol & tobacco,329.24916666666667,0.30372134578928317,406.23,5.306408129406903
2025-02-01,2024-2025,2015-16,02,00,"Alcoholic Beverages, Tobacco",410.59,Alcohol & tobacco,329.24916666666667,0.30372134578928317,410.59,6.356689547986005
2025-03-01,2024-2025,2015-16,02,00,"Alcoholic Beverages, Tobacco",414.86,Alcohol & tobacco,329.24916666666667,0.30372134578928317,414.86,7.42102537545315
2025-04-01,2024-2025,2015-16,02,00,"Alcoholic Beverages, Tobacco",417.98,Alcohol & tobacco,329.24916666666667,0.30372134578928317,417.98,8.184077026607305
2025-05-01,2024-2025,2015-16,02,00,"Alcoholic Beverages, Tobacco",418.05,Alcohol & tobacco,329.24916666666667,0.30372134578928317,418.05,7.986981117454084
2025-06-01,2024-2025,2015-16,02,00,"Alcoholic Beverages, Tobacco",418.82,Alcohol & tobacco,329.24916666666667,0.30372134578928317,418.82,4.204816878980888
2025-07-01,2025-2026,2015-16,02,00,"Alcoholic Beverages, Tobacco",419.92,Alcohol & tobacco,329.24916666666667,0.30372134578928317,419.92,3.0478527607362027
2025-08-01,2025-2026,2015-16,02,00,"Alcoholic Beverages, Tobacco",420.23,Alcohol & tobacco,329.24916666666667,0.30372134578928317,420.23,3.189765248993215
2025-09-01,2025-2026,2015-16,02,00,"Alcoholic Beverages, Tobacco",420.57,Alcohol & tobacco,329.24916666666667,0.30372134578928317,420.57,3.12385062403453
2025-10-01,2025-2026,2015-16,02,00,"Alcoholic Beverages, Tobacco",420.73,Alcohol & tobacco,329.24916666666667,0.30372134578928317,420.73,3.0493778779269176
2025-11-01,2025-2026,2015-16,02,00,"Alcoholic Beverages, Tobacco",422.93,Alcohol & tobacco,329.24916666666667,0.30372134578928317,422.93,4.903760293679915
2025-12-01,2025-2026,2015-16,02,00,"Alcoholic Beverages, Tobacco",423.08,Alcohol & tobacco,329.24916666666667,0.30372134578928317,423.08,4.304521473300138
2026-01-01,2025-2026,2015-16,02,00,"Alcoholic Beverages, Tobacco",423.06,Alcohol & tobacco,329.24916666666667,0.30372134578928317,423.06,4.142973192526389
2026-02-01,2025-2026,2015-16,02,00,"Alcoholic Beverages, Tobacco",425.08,Alcohol & tobacco,329.24916666666667,0.30372134578928317,425.08,3.52906792664216
2026-03-01,2025-2026,2015-16,02,00,"Alcoholic Beverages, Tobacco",426.28,Alcohol & tobacco,329.24916666666667,0.30372134578928317,426.28,2.7527358627006615
2026-04-01,2025-2026,2015-16,02,00,"Alcoholic Beverages, Tobacco",426.88,Alcohol & tobacco,329.24916666666667,0.30372134578928317,426.88,2.129288482702507
2026-05-01,2025-2026,2015-16,02,00,"Alcoholic Beverages, Tobacco",427.73,Alcohol & tobacco,329.24916666666667,0.30372134578928317,427.73,2.315512498504968
2026-06-01,2025-2026,2015-16,02,00,"Alcoholic Beverages, Tobacco",434.78,Alcohol & tobacco,329.24916666666667,0.30372134578928317,434.78,3.8107062699966443
2016-07-01,2016-2017,2007-08,03,00,Clothing and footwear,229.72,Clothing & footwear,224.17833333333334,0.4460734385571011,102.47199030533726,4.584566355565678
2016-08-01,2016-2017,2007-08,03,00,Clothing and footwear,230.14,Clothing & footwear,224.17833333333334,0.4460734385571011,102.65934114953123,4.480864393698636
2016-09-01,2016-2017,2007-08,03,00,Clothing and footwear,230.47,Clothing & footwear,224.17833333333334,0.4460734385571011,102.80654538425509,4.436287837592889
2016-10-01,2016-2017,2007-08,03,00,Clothing and footwear,231.18,Clothing & footwear,224.17833333333334,0.4460734385571011,103.12325752563063,4.186759205011503
2016-11-01,2016-2017,2007-08,03,00,Clothing and footwear,232.18,Clothing & footwear,224.17833333333334,0.4460734385571011,103.56933096418773,4.233445566778915
2016-12-01,2016-2017,2007-08,03,00,Clothing and footwear,233.48,Clothing & footwear,224.17833333333334,0.4460734385571011,104.14922643431196,4.3952604515984595
2017-01-01,2016-2017,2007-08,03,00,Clothing and footwear,234.02,Clothing & footwear,224.17833333333334,0.4460734385571011,104.3901060911328,4.305580317347113
2017-02-01,2016-2017,2007-08,03,00,Clothing and footwear,234.34,Clothing & footwear,224.17833333333334,0.4460734385571011,104.53284959147106,4.164999777748135
2017-03-01,2016-2017,2007-08,03,00,Clothing and footwear,234.46,Clothing & footwear,224.17833333333334,0.4460734385571011,104.58637840409793,3.5600706713781127
2017-04-01,2016-2017,2007-08,03,00,Clothing and footwear,235.61,Clothing & footwear,224.17833333333334,0.4460734385571011,105.0993628584386,3.3966735419318272
2017-05-01,2016-2017,2007-08,03,00,Clothing and footwear,236.71,Clothing & footwear,224.17833333333334,0.4460734385571011,105.5900436408514,3.679208094257813
2017-06-01,2016-2017,2007-08,03,00,Clothing and footwear,237.99,Clothing & footwear,224.17833333333334,0.4460734385571011,106.16101764220448,3.7716926833522235
2017-07-01,2017-2018,2007-08,03,00,Clothing and footwear,238.66,Clothing & footwear,224.17833333333334,0.4460734385571011,106.45988684603775,3.8916942364617846
2017-08-01,2017-2018,2007-08,03,00,Clothing and footwear,239.19,Clothing & footwear,224.17833333333334,0.4460734385571011,106.69630576847301,3.932388980620516
2017-09-01,2017-2018,2007-08,03,00,Clothing and footwear,239.52,Clothing & footwear,224.17833333333334,0.4460734385571011,106.84351000319685,3.9267583633444625
2017-10-01,2017-2018,2007-08,03,00,Clothing and footwear,239.94,Clothing & footwear,224.17833333333334,0.4460734385571011,107.03086084739083,3.7892551258759344
2017-11-01,2017-2018,2007-08,03,00,Clothing and footwear,241.01,Clothing & footwear,224.17833333333334,0.4460734385571011,107.50815942664693,3.8030838142820267
2017-12-01,2017-2018,2007-08,03,00,Clothing and footwear,241.98,Clothing & footwear,224.17833333333334,0.4460734385571011,107.94085066204731,3.640568785334919
2018-01-01,2017-2018,2007-08,03,00,Clothing and footwear,244.09,Clothing & footwear,224.17833333333334,0.4460734385571011,108.8820656174028,4.303051021280235
2018-02-01,2017-2018,2007-08,03,00,Clothing and footwear,245.03,Clothing & footwear,224.17833333333334,0.4460734385571011,109.30137464964648,4.561747887684553
2018-03-01,2017-2018,2007-08,03,00,Clothing and footwear,245.8,Clothing & footwear,224.17833333333334,0.4460734385571011,109.64485119733546,4.836645909750059
2018-04-01,2017-2018,2007-08,03,00,Clothing and footwear,252.06,Clothing & footwear,224.17833333333334,0.4460734385571011,112.4372709227029,6.981876830355227
2018-05-01,2017-2018,2007-08,03,00,Clothing and footwear,252.58,Clothing & footwear,224.17833333333334,0.4460734385571011,112.6692291107526,6.704406235478011
2018-06-01,2017-2018,2007-08,03,00,Clothing and footwear,253.51,Clothing & footwear,224.17833333333334,0.4460734385571011,113.0840774086107,6.521282406823814
2018-07-01,2018-2019,2007-08,03,00,Clothing and footwear,254.13,Clothing & footwear,224.17833333333334,0.4460734385571011,113.3606429405161,6.4820246375597135
2018-08-01,2018-2019,2007-08,03,00,Clothing and footwear,254.67,Clothing & footwear,224.17833333333334,0.4460734385571011,113.60152259733692,6.471842468330613
2018-09-01,2018-2019,2007-08,03,00,Clothing and footwear,255.36,Clothing & footwear,224.17833333333334,0.4460734385571011,113.90931326994134,6.613226452905807
2018-10-01,2018-2019,2007-08,03,00,Clothing and footwear,256.1,Clothing & footwear,224.17833333333334,0.4460734385571011,114.23940761447359,6.735017087605244
2018-11-01,2018-2019,2007-08,03,00,Clothing and footwear,259.07,Clothing & footwear,224.17833333333334,0.4460734385571011,115.56424572698818,7.493465001452226
2018-12-01,2018-2019,2007-08,03,00,Clothing and footwear,260.69,Clothing & footwear,224.17833333333334,0.4460734385571011,116.28688469745067,7.732043970576075
2019-01-01,2018-2019,2007-08,03,00,Clothing and footwear,261.58,Clothing & footwear,224.17833333333334,0.4460734385571011,116.68389005776649,7.1653898152320705
2019-02-01,2018-2019,2007-08,03,00,Clothing and footwear,261.82,Clothing & footwear,224.17833333333334,0.4460734385571011,116.7909476830202,6.85222217687631
2019-03-01,2018-2019,2007-08,03,00,Clothing and footwear,263.54,Clothing & footwear,224.17833333333334,0.4460734385571011,117.55819399733842,7.217249796582581
2019-04-01,2018-2019,2007-08,03,00,Clothing and footwear,265.36,Clothing & footwear,224.17833333333334,0.4460734385571011,118.37004765551235,5.276521463143702
2019-05-01,2018-2019,2007-08,03,00,Clothing and footwear,268.98,Clothing & footwear,224.17833333333334,0.4460734385571011,119.98483350308905,6.4929923192651895
2019-06-01,2018-2019,2007-08,03,00,Clothing and footwear,269.25,Clothing & footwear,224.17833333333334,0.4460734385571011,120.10527333149946,6.208828054120152
2019-07-01,2019-2020,2015-16,03,00,Clothing and footwear,121.6,Clothing & footwear,224.17833333333334,0.4460734385571011,121.6,7.268269520848913
2019-08-01,2019-2020,2015-16,03,00,Clothing and footwear,123.36,Clothing & footwear,224.17833333333334,0.4460734385571011,123.36,8.590093846939183
2019-09-01,2019-2020,2015-16,03,00,Clothing and footwear,123.86,Clothing & footwear,224.17833333333334,0.4460734385571011,123.86,8.735621736633249
2019-10-01,2019-2020,2015-16,03,00,Clothing and footwear,124.17,Clothing & footwear,224.17833333333334,0.4460734385571011,124.17,8.692790511518943
2019-11-01,2019-2020,2015-16,03,00,Clothing and footwear,125.23,Clothing & footwear,224.17833333333334,0.4460734385571011,125.23,8.363966045213012
2019-12-01,2019-2020,2015-16,03,00,Clothing and footwear,126.1,Clothing & footwear,224.17833333333334,0.4460734385571011,126.1,8.438712007876536
2020-01-01,2019-2020,2015-16,03,00,Clothing and footwear,127.13,Clothing & footwear,224.17833333333334,0.4460734385571011,127.13,8.952486874633658
2020-02-01,2019-2020,2015-16,03,00,Clothing and footwear,127.81,Clothing & footwear,224.17833333333334,0.4460734385571011,127.81,9.434851360985919
2020-03-01,2019-2020,2015-16,03,00,Clothing and footwear,129.69,Clothing & footwear,224.17833333333334,0.4460734385571011,129.69,10.319830196554602
2020-04-01,2019-2020,2015-16,03,00,Clothing and footwear,129.69,Clothing & footwear,224.17833333333334,0.4460734385571011,129.69,9.563189817606265
2020-05-01,2019-2020,2015-16,03,00,Clothing and footwear,131.67,Clothing & footwear,224.17833333333334,0.4460734385571011,131.67,9.738869618558986
2020-06-01,2019-2020,2015-16,03,00,Clothing and footwear,132.5,Clothing & footwear,224.17833333333334,0.4460734385571011,132.5,10.319885484370172
2020-07-01,2020-2021,2015-16,03,00,Clothing and footwear,132.97,Clothing & footwear,224.17833333333334,0.4460734385571011,132.97,9.350328947368425
2020-08-01,2020-2021,2015-16,03,00,Clothing and footwear,133.2,Clothing & footwear,224.17833333333334,0.4460734385571011,133.2,7.976653696498048
2020-09-01,2020-2021,2015-16,03,00,Clothing and footwear,133.75,Clothing & footwear,224.17833333333334,0.4460734385571011,133.75,7.984821572743428
2020-10-01,2020-2021,2015-16,03,00,Clothing and footwear,134.1,Clothing & footwear,224.17833333333334,0.4460734385571011,134.1,7.997100748973174
2020-11-01,2020-2021,2015-16,03,00,Clothing and footwear,136.62,Clothing & footwear,224.17833333333334,0.4460734385571011,136.62,9.09526471292821
2020-12-01,2020-2021,2015-16,03,00,Clothing and footwear,137.25,Clothing & footwear,224.17833333333334,0.4460734385571011,137.25,8.842188739095969
2021-01-01,2020-2021,2015-16,03,00,Clothing and footwear,137.97,Clothing & footwear,224.17833333333334,0.4460734385571011,137.97,8.526704947691343
2021-02-01,2020-2021,2015-16,03,00,Clothing and footwear,143.58,Clothing & footwear,224.17833333333334,0.4460734385571011,143.58,12.338627650418598
2021-03-01,2020-2021,2015-16,03,00,Clothing and footwear,144.65,Clothing & footwear,224.17833333333334,0.4460734385571011,144.65,11.535199321458878
2021-04-01,2020-2021,2015-16,03,00,Clothing and footwear,146.21,Clothing & footwear,224.17833333333334,0.4460734385571011,146.21,12.73806769989978
2021-05-01,2020-2021,2015-16,03,00,Clothing and footwear,146.36,Clothing & footwear,224.17833333333334,0.4460734385571011,146.36,11.15667957773223
2021-06-01,2020-2021,2015-16,03,00,Clothing and footwear,146.45,Clothing & footwear,224.17833333333334,0.4460734385571011,146.45,10.528301886792434
2021-07-01,2021-2022,2015-16,03,00,Clothing and footwear,146.78,Clothing & footwear,224.17833333333334,0.4460734385571011,146.78,10.385801308565835
2021-08-01,2021-2022,2015-16,03,00,Clothing and footwear,146.97,Clothing & footwear,224.17833333333334,0.4460734385571011,146.97,10.337837837837839
2021-09-01,2021-2022,2015-16,03,00,Clothing and footwear,147.12,Clothing & footwear,224.17833333333334,0.4460734385571011,147.12,9.996261682242991
2021-10-01,2021-2022,2015-16,03,00,Clothing and footwear,147.74,Clothing & footwear,224.17833333333334,0.4460734385571011,147.74,10.17151379567489
2021-11-01,2021-2022,2015-16,03,00,Clothing and footwear,149.65,Clothing & footwear,224.17833333333334,0.4460734385571011,149.65,9.53740301566388
2021-12-01,2021-2022,2015-16,03,00,Clothing and footwear,153.96,Clothing & footwear,224.17833333333334,0.4460734385571011,153.96,12.174863387978153
2022-01-01,2021-2022,2015-16,03,00,Clothing and footwear,155.09,Clothing & footwear,224.17833333333334,0.4460734385571011,155.09,12.408494600275422
2022-02-01,2021-2022,2015-16,03,00,Clothing and footwear,157.08,Clothing & footwear,224.17833333333334,0.4460734385571011,157.08,9.40242373589637
2022-03-01,2021-2022,2015-16,03,00,Clothing and footwear,158.48,Clothing & footwear,224.17833333333334,0.4460734385571011,158.48,9.56100933287245
2022-04-01,2021-2022,2015-16,03,00,Clothing and footwear,161.57,Clothing & footwear,224.17833333333334,0.4460734385571011,161.57,10.505437384583804
2022-05-01,2021-2022,2015-16,03,00,Clothing and footwear,162.38,Clothing & footwear,224.17833333333334,0.4460734385571011,162.38,10.945613555616273
2022-06-01,2021-2022,2015-16,03,00,Clothing and footwear,167.25,Clothing & footwear,224.17833333333334,0.4460734385571011,167.25,14.202799590303862
2022-07-01,2022-2023,2015-16,03,00,Clothing and footwear,168.85,Clothing & footwear,224.17833333333334,0.4460734385571011,168.85,15.036108461643272
2022-08-01,2022-2023,2015-16,03,00,Clothing and footwear,174.62,Clothing & footwear,224.17833333333334,0.4460734385571011,174.62,18.813363271415938
2022-09-01,2022-2023,2015-16,03,00,Clothing and footwear,174.86,Clothing & footwear,224.17833333333334,0.4460734385571011,174.86,18.855356171832515
2022-10-01,2022-2023,2015-16,03,00,Clothing and footwear,176.6,Clothing & footwear,224.17833333333334,0.4460734385571011,176.6,19.534317043454696
2022-11-01,2022-2023,2015-16,03,00,Clothing and footwear,178.94,Clothing & footwear,224.17833333333334,0.4460734385571011,178.94,19.57233544938188
2022-12-01,2022-2023,2015-16,03,00,Clothing and footwear,180.13,Clothing & footwear,224.17833333333334,0.4460734385571011,180.13,16.99792153806183
2023-01-01,2022-2023,2015-16,03,00,Clothing and footwear,181.13,Clothing & footwear,224.17833333333334,0.4460734385571011,181.13,16.790250822103282
2023-02-01,2022-2023,2015-16,03,00,Clothing and footwear,183.44,Clothing & footwear,224.17833333333334,0.4460734385571011,183.44,16.781257957728535
2023-03-01,2022-2023,2015-16,03,00,Clothing and footwear,194.04,Clothing & footwear,224.17833333333334,0.4460734385571011,194.04,22.438162544169614
2023-04-01,2022-2023,2015-16,03,00,Clothing and footwear,196.25,Clothing & footwear,224.17833333333334,0.4460734385571011,196.25,21.464380763755653
2023-05-01,2022-2023,2015-16,03,00,Clothing and footwear,197,Clothing & footwear,224.17833333333334,0.4460734385571011,197,21.320359650203223
2023-06-01,2022-2023,2015-16,03,00,Clothing and footwear,199.16,Clothing & footwear,224.17833333333334,0.4460734385571011,199.16,19.079222720478327
2023-07-01,2023-2024,2015-16,03,00,Clothing and footwear,200.25,Clothing & footwear,224.17833333333334,0.4460734385571011,200.25,18.596387326029017
2023-08-01,2023-2024,2015-16,03,00,Clothing and footwear,202.6,Clothing & footwear,224.17833333333334,0.4460734385571011,202.6,16.023365021188862
2023-09-01,2023-2024,2015-16,03,00,Clothing and footwear,205.7,Clothing & footwear,224.17833333333334,0.4460734385571011,205.7,17.63696671623012
2023-10-01,2023-2024,2015-16,03,00,Clothing and footwear,207.5,Clothing & footwear,224.17833333333334,0.4460734385571011,207.5,17.497168742921865
2023-11-01,2023-2024,2015-16,03,00,Clothing and footwear,211.64,Clothing & footwear,224.17833333333334,0.4460734385571011,211.64,18.274281882195154
2023-12-01,2023-2024,2015-16,03,00,Clothing and footwear,212.48,Clothing & footwear,224.17833333333334,0.4460734385571011,212.48,17.959251651584964
2024-01-01,2023-2024,2015-16,03,00,Clothing and footwear,213.55,Clothing & footwear,224.17833333333334,0.4460734385571011,213.55,17.89874675647325
2024-02-01,2023-2024,2015-16,03,00,Clothing and footwear,214.12,Clothing & footwear,224.17833333333334,0.4460734385571011,214.12,16.72481465329263
2024-03-01,2023-2024,2015-16,03,00,Clothing and footwear,216.67,Clothing & footwear,224.17833333333334,0.4460734385571011,216.67,11.662543805400949
2024-04-01,2023-2024,2015-16,03,00,Clothing and footwear,230.79,Clothing & footwear,224.17833333333334,0.4460734385571011,230.79,17.599999999999994
2024-05-01,2023-2024,2015-16,03,00,Clothing and footwear,231.28,Clothing & footwear,224.17833333333334,0.4460734385571011,231.28,17.401015228426388
2024-06-01,2023-2024,2015-16,03,00,Clothing and footwear,233.53,Clothing & footwear,224.17833333333334,0.4460734385571011,233.53,17.257481421972276
2024-07-01,2024-2025,2015-16,03,00,Clothing and footwear,235.24,Clothing & footwear,224.17833333333334,0.4460734385571011,235.24,17.473158551810243
2024-08-01,2024-2025,2015-16,03,00,Clothing and footwear,236.21,Clothing & footwear,224.17833333333334,0.4460734385571011,236.21,16.589338598223115
2024-09-01,2024-2025,2015-16,03,00,Clothing and footwear,237.02,Clothing & footwear,224.17833333333334,0.4460734385571011,237.02,15.226057365094814
2024-10-01,2024-2025,2015-16,03,00,Clothing and footwear,237.24,Clothing & footwear,224.17833333333334,0.4460734385571011,237.24,14.332530120481923
2024-11-01,2024-2025,2015-16,03,00,Clothing and footwear,244.54,Clothing & footwear,224.17833333333334,0.4460734385571011,244.54,15.54526554526554
2024-12-01,2024-2025,2015-16,03,00,Clothing and footwear,245.42,Clothing & footwear,224.17833333333334,0.4460734385571011,245.42,15.502635542168663
2025-01-01,2024-2025,2015-16,03,00,Clothing and footwear,246.32,Clothing & footwear,224.17833333333334,0.4460734385571011,246.32,15.345352376492617
2025-02-01,2024-2025,2015-16,03,00,Clothing and footwear,246.69,Clothing & footwear,224.17833333333334,0.4460734385571011,246.69,15.211096581356243
2025-03-01,2024-2025,2015-16,03,00,Clothing and footwear,249.74,Clothing & footwear,224.17833333333334,0.4460734385571011,249.74,15.262842110121388
2025-04-01,2024-2025,2015-16,03,00,Clothing and footwear,251.04,Clothing & footwear,224.17833333333334,0.4460734385571011,251.04,8.774210321071108
2025-05-01,2024-2025,2015-16,03,00,Clothing and footwear,254.43,Clothing & footwear,224.17833333333334,0.4460734385571011,254.43,10.009512279488074
2025-06-01,2024-2025,2015-16,03,00,Clothing and footwear,254.64,Clothing & footwear,224.17833333333334,0.4460734385571011,254.64,9.039523829914774
2025-07-01,2025-2026,2015-16,03,00,Clothing and footwear,254.87,Clothing & footwear,224.17833333333334,0.4460734385571011,254.87,8.344669273933004
2025-08-01,2025-2026,2015-16,03,00,Clothing and footwear,255.32,Clothing & footwear,224.17833333333334,0.4460734385571011,255.32,8.090258668134286
2025-09-01,2025-2026,2015-16,03,00,Clothing and footwear,255.85,Clothing & footwear,224.17833333333334,0.4460734385571011,255.85,7.944477259303007
2025-10-01,2025-2026,2015-16,03,00,Clothing and footwear,256.5,Clothing & footwear,224.17833333333334,0.4460734385571011,256.5,8.118361153262521
2025-11-01,2025-2026,2015-16,03,00,Clothing and footwear,258.42,Clothing & footwear,224.17833333333334,0.4460734385571011,258.42,5.675963032632714
2025-12-01,2025-2026,2015-16,03,00,Clothing and footwear,259.13,Clothing & footwear,224.17833333333334,0.4460734385571011,259.13,5.586341781435911
2026-01-01,2025-2026,2015-16,03,00,Clothing and footwear,259.76,Clothing & footwear,224.17833333333334,0.4460734385571011,259.76,5.456316986034415
2026-02-01,2025-2026,2015-16,03,00,Clothing and footwear,260.8,Clothing & footwear,224.17833333333334,0.4460734385571011,260.8,5.719729214804015
2026-03-01,2025-2026,2015-16,03,00,Clothing and footwear,262.74,Clothing & footwear,224.17833333333334,0.4460734385571011,262.74,5.205413630175393
2026-04-01,2025-2026,2015-16,03,00,Clothing and footwear,264.87,Clothing & footwear,224.17833333333334,0.4460734385571011,264.87,5.509082217973238
2026-05-01,2025-2026,2015-16,03,00,Clothing and footwear,280.55,Clothing & footwear,224.17833333333334,0.4460734385571011,280.55,10.266084974256184
2026-06-01,2025-2026,2015-16,03,00,Clothing and footwear,283.12,Clothing & footwear,224.17833333333334,0.4460734385571011,283.12,11.18441721646246
2016-07-01,2016-2017,2007-08,08,00,Communication,130.89,Communication,130.5575,0.7659460391015452,100.25467705800125,0.41426927502876687
2016-08-01,2016-2017,2007-08,08,00,Communication,130.9,Communication,130.5575,0.7659460391015452,100.26233651839227,0.41423749616447125
2016-09-01,2016-2017,2007-08,08,00,Communication,130.88,Communication,130.5575,0.7659460391015452,100.24701759761024,0.39889536667689907
2016-10-01,2016-2017,2007-08,08,00,Communication,131.26,Communication,130.5575,0.7659460391015452,100.53807709246882,0.6903958269407706
2016-11-01,2016-2017,2007-08,08,00,Communication,131.52,Communication,130.5575,0.7659460391015452,100.73722306263524,0.8666308766009934
2016-12-01,2016-2017,2007-08,08,00,Communication,131.53,Communication,130.5575,0.7659460391015452,100.74488252302625,0.7429534313725616
2017-01-01,2016-2017,2007-08,08,00,Communication,131.54,Communication,130.5575,0.7659460391015452,100.75254198341726,0.7120434882474491
2017-02-01,2016-2017,2007-08,08,00,Communication,131.58,Communication,130.5575,0.7659460391015452,100.78317982498133,0.7735314390748371
2017-03-01,2016-2017,2007-08,08,00,Communication,132.69,Communication,130.5575,0.7659460391015452,101.63337992838403,1.4915098669114224
2017-04-01,2016-2017,2007-08,08,00,Communication,132.87,Communication,130.5575,0.7659460391015452,101.77125021542231,1.605872906629946
2017-05-01,2016-2017,2007-08,08,00,Communication,132.87,Communication,130.5575,0.7659460391015452,101.77125021542231,1.605872906629946
2017-06-01,2016-2017,2007-08,08,00,Communication,132.91,Communication,130.5575,0.7659460391015452,101.80188805698637,1.5743217424531775
2017-07-01,2017-2018,2007-08,08,00,Communication,132.88,Communication,130.5575,0.7659460391015452,101.77890967581332,1.5203606081442445
2017-08-01,2017-2018,2007-08,08,00,Communication,133.03,Communication,130.5575,0.7659460391015452,101.89380158167856,1.6271963330786843
2017-09-01,2017-2018,2007-08,08,00,Communication,133.04,Communication,130.5575,0.7659460391015452,101.90146104206957,1.6503667481662543
2017-10-01,2017-2018,2007-08,08,00,Communication,133.1,Communication,130.5575,0.7659460391015452,101.94741780441566,1.4017979582507945
2017-11-01,2017-2018,2007-08,08,00,Communication,133.14,Communication,130.5575,0.7659460391015452,101.97805564597972,1.2317518248174952
2017-12-01,2017-2018,2007-08,08,00,Communication,133.15,Communication,130.5575,0.7659460391015452,101.98571510637075,1.2316581768417878
2018-01-01,2017-2018,2007-08,08,00,Communication,133.2,Communication,130.5575,0.7659460391015452,102.02401240832582,1.2619735441690594
2018-02-01,2017-2018,2007-08,08,00,Communication,133.28,Communication,130.5575,0.7659460391015452,102.08528809145395,1.2919896640826822
2018-03-01,2017-2018,2007-08,08,00,Communication,133.37,Communication,130.5575,0.7659460391015452,102.15422323497309,0.5124726806843061
2018-04-01,2017-2018,2007-08,08,00,Communication,133.67,Communication,130.5575,0.7659460391015452,102.38400704670354,0.6020922706404752
2018-05-01,2017-2018,2007-08,08,00,Communication,133.67,Communication,130.5575,0.7659460391015452,102.38400704670354,0.6020922706404752
2018-06-01,2017-2018,2007-08,08,00,Communication,133.61,Communication,130.5575,0.7659460391015452,102.33805028435746,0.5266721841848065
2018-07-01,2018-2019,2007-08,08,00,Communication,133.63,Communication,130.5575,0.7659460391015452,102.35336920513949,0.5644190246839376
2018-08-01,2018-2019,2007-08,08,00,Communication,133.78,Communication,130.5575,0.7659460391015452,102.46826111100472,0.5637826054273543
2018-09-01,2018-2019,2007-08,08,00,Communication,133.78,Communication,130.5575,0.7659460391015452,102.46826111100472,0.5562236921226704
2018-10-01,2018-2019,2007-08,08,00,Communication,143.45,Communication,130.5575,0.7659460391015452,109.87495930911666,7.776108189331343
2018-11-01,2018-2019,2007-08,08,00,Communication,143.57,Communication,130.5575,0.7659460391015452,109.96687283380885,7.833859095688767
2018-12-01,2018-2019,2007-08,08,00,Communication,143.57,Communication,130.5575,0.7659460391015452,109.96687283380885,7.825760420578298
2019-01-01,2018-2019,2007-08,08,00,Communication,143.57,Communication,130.5575,0.7659460391015452,109.96687283380885,7.785285285285304
2019-02-01,2018-2019,2007-08,08,00,Communication,143.63,Communication,130.5575,0.7659460391015452,110.01282959615494,7.765606242497003
2019-03-01,2018-2019,2007-08,08,00,Communication,143.65,Communication,130.5575,0.7659460391015452,110.02814851693698,7.707880332908457
2019-04-01,2018-2019,2007-08,08,00,Communication,143.65,Communication,130.5575,0.7659460391015452,110.02814851693698,7.466147976359716
2019-05-01,2018-2019,2007-08,08,00,Communication,143.78,Communication,130.5575,0.7659460391015452,110.12772150202018,7.563402408917486
2019-06-01,2018-2019,2007-08,08,00,Communication,145.39,Communication,130.5575,0.7659460391015452,111.36089462497365,8.816705336426889
2019-07-01,2019-2020,2015-16,08,00,Communication,107.8,Communication,130.5575,0.7659460391015452,107.8,5.3213986380303835
2019-08-01,2019-2020,2015-16,08,00,Communication,107.84,Communication,130.5575,0.7659460391015452,107.84,5.242344147107203
2019-09-01,2019-2020,2015-16,08,00,Communication,107.88,Communication,130.5575,0.7659460391015452,107.88,5.281380624906573
2019-10-01,2019-2020,2015-16,08,00,Communication,107.96,Communication,130.5575,0.7659460391015452,107.96,-1.7428532589752521
2019-11-01,2019-2020,2015-16,08,00,Communication,107.98,Communication,130.5575,0.7659460391015452,107.98,-1.8067921571358836
2019-12-01,2019-2020,2015-16,08,00,Communication,108.18,Communication,130.5575,0.7659460391015452,108.18,-1.624919203176134
2020-01-01,2019-2020,2015-16,08,00,Communication,108.19,Communication,130.5575,0.7659460391015452,108.19,-1.6158255554781564
2020-02-01,2019-2020,2015-16,08,00,Communication,108.22,Communication,130.5575,0.7659460391015452,108.22,-1.6296550163614754
2020-03-01,2019-2020,2015-16,08,00,Communication,108.22,Communication,130.5575,0.7659460391015452,108.22,-1.6433508527671448
2020-04-01,2019-2020,2015-16,08,00,Communication,108.22,Communication,130.5575,0.7659460391015452,108.22,-1.6433508527671448
2020-05-01,2019-2020,2015-16,08,00,Communication,108.22,Communication,130.5575,0.7659460391015452,108.22,-1.7322809152872432
2020-06-01,2019-2020,2015-16,08,00,Communication,108.22,Communication,130.5575,0.7659460391015452,108.22,-2.820464612421747
2020-07-01,2020-2021,2015-16,08,00,Communication,108.22,Communication,130.5575,0.7659460391015452,108.22,0.3896103896103842
2020-08-01,2020-2021,2015-16,08,00,Communication,108.22,Communication,130.5575,0.7659460391015452,108.22,0.3523738872403426
2020-09-01,2020-2021,2015-16,08,00,Communication,108.23,Communication,130.5575,0.7659460391015452,108.23,0.3244345569151097
2020-10-01,2020-2021,2015-16,08,00,Communication,108.26,Communication,130.5575,0.7659460391015452,108.26,0.27788069655430014
2020-11-01,2020-2021,2015-16,08,00,Communication,108.74,Communication,130.5575,0.7659460391015452,108.74,0.7038340433413559
2020-12-01,2020-2021,2015-16,08,00,Communication,108.8,Communication,130.5575,0.7659460391015452,108.8,0.573118875947487
2021-01-01,2020-2021,2015-16,08,00,Communication,108.87,Communication,130.5575,0.7659460391015452,108.87,0.628523893150934
2021-02-01,2020-2021,2015-16,08,00,Communication,108.95,Communication,130.5575,0.7659460391015452,108.95,0.674551838846793
2021-03-01,2020-2021,2015-16,08,00,Communication,108.95,Communication,130.5575,0.7659460391015452,108.95,0.674551838846793
2021-04-01,2020-2021,2015-16,08,00,Communication,110.33,Communication,130.5575,0.7659460391015452,110.33,1.9497320273516916
2021-05-01,2020-2021,2015-16,08,00,Communication,110.33,Communication,130.5575,0.7659460391015452,110.33,1.9497320273516916
2021-06-01,2020-2021,2015-16,08,00,Communication,110.36,Communication,130.5575,0.7659460391015452,110.36,1.977453335797441
2021-07-01,2021-2022,2015-16,08,00,Communication,112.29,Communication,130.5575,0.7659460391015452,112.29,3.7608575124745913
2021-08-01,2021-2022,2015-16,08,00,Communication,112.3,Communication,130.5575,0.7659460391015452,112.3,3.7700979486231745
2021-09-01,2021-2022,2015-16,08,00,Communication,112.32,Communication,130.5575,0.7659460391015452,112.32,3.7789891896886196
2021-10-01,2021-2022,2015-16,08,00,Communication,112.42,Communication,130.5575,0.7659460391015452,112.42,3.8426011453907227
2021-11-01,2021-2022,2015-16,08,00,Communication,112.42,Communication,130.5575,0.7659460391015452,112.42,3.3842192385506786
2021-12-01,2021-2022,2015-16,08,00,Communication,112.43,Communication,130.5575,0.7659460391015452,112.43,3.336397058823537
2022-01-01,2021-2022,2015-16,08,00,Communication,112.55,Communication,130.5575,0.7659460391015452,112.55,3.3801781941765308
2022-02-01,2021-2022,2015-16,08,00,Communication,112.56,Communication,130.5575,0.7659460391015452,112.56,3.3134465351078557
2022-03-01,2021-2022,2015-16,08,00,Communication,112.57,Communication,130.5575,0.7659460391015452,112.57,3.322625057365758
2022-04-01,2021-2022,2015-16,08,00,Communication,112.58,Communication,130.5575,0.7659460391015452,112.58,2.039336535847003
2022-05-01,2021-2022,2015-16,08,00,Communication,112.82,Communication,130.5575,0.7659460391015452,112.82,2.256865766337346
2022-06-01,2021-2022,2015-16,08,00,Communication,113.09,Communication,130.5575,0.7659460391015452,113.09,2.473722363175068
2022-07-01,2022-2023,2015-16,08,00,Communication,113.57,Communication,130.5575,0.7659460391015452,113.57,1.1399056015673592
2022-08-01,2022-2023,2015-16,08,00,Communication,113.61,Communication,130.5575,0.7659460391015452,113.61,1.1665182546749753
2022-09-01,2022-2023,2015-16,08,00,Communication,113.68,Communication,130.5575,0.7659460391015452,113.68,1.2108262108262213
2022-10-01,2022-2023,2015-16,08,00,Communication,114.37,Communication,130.5575,0.7659460391015452,114.37,1.734566803059967
2022-11-01,2022-2023,2015-16,08,00,Communication,114.4,Communication,130.5575,0.7659460391015452,114.4,1.7612524461839474
2022-12-01,2022-2023,2015-16,08,00,Communication,114.49,Communication,130.5575,0.7659460391015452,114.49,1.8322511785110684
2023-01-01,2022-2023,2015-16,08,00,Communication,114.53,Communication,130.5575,0.7659460391015452,114.53,1.7592181252776617
2023-02-01,2022-2023,2015-16,08,00,Communication,117.76,Communication,130.5575,0.7659460391015452,117.76,4.619758351101644
2023-03-01,2022-2023,2015-16,08,00,Communication,122.1,Communication,130.5575,0.7659460391015452,122.1,8.46584347517101
2023-04-01,2022-2023,2015-16,08,00,Communication,122.29,Communication,130.5575,0.7659460391015452,122.29,8.624977793569034
2023-05-01,2022-2023,2015-16,08,00,Communication,123,Communication,130.5575,0.7659460391015452,123,9.023222832831056
2023-06-01,2022-2023,2015-16,08,00,Communication,123.07,Communication,130.5575,0.7659460391015452,123.07,8.824829781589871
2023-07-01,2023-2024,2015-16,08,00,Communication,123.76,Communication,130.5575,0.7659460391015452,123.76,8.972439904904483
2023-08-01,2023-2024,2015-16,08,00,Communication,123.77,Communication,130.5575,0.7659460391015452,123.77,8.942874746941287
2023-09-01,2023-2024,2015-16,08,00,Communication,124.41,Communication,130.5575,0.7659460391015452,124.41,9.438775510204067
2023-10-01,2023-2024,2015-16,08,00,Communication,124.83,Communication,130.5575,0.7659460391015452,124.83,9.14575500568331
2023-11-01,2023-2024,2015-16,08,00,Communication,125,Communication,130.5575,0.7659460391015452,125,9.26573426573427
2023-12-01,2023-2024,2015-16,08,00,Communication,125.01,Communication,130.5575,0.7659460391015452,125.01,9.188575421434187
2024-01-01,2023-2024,2015-16,08,00,Communication,138.73,Communication,130.5575,0.7659460391015452,138.73,21.129834977735086
2024-02-01,2023-2024,2015-16,08,00,Communication,138.73,Communication,130.5575,0.7659460391015452,138.73,17.807404891304323
2024-03-01,2023-2024,2015-16,08,00,Communication,138.77,Communication,130.5575,0.7659460391015452,138.77,13.65274365274367
2024-04-01,2023-2024,2015-16,08,00,Communication,138.77,Communication,130.5575,0.7659460391015452,138.77,13.476163218578785
2024-05-01,2023-2024,2015-16,08,00,Communication,137.91,Communication,130.5575,0.7659460391015452,137.91,12.121951219512184
2024-06-01,2023-2024,2015-16,08,00,Communication,138.28,Communication,130.5575,0.7659460391015452,138.28,12.358820183635345
2024-07-01,2024-2025,2015-16,08,00,Communication,138.28,Communication,130.5575,0.7659460391015452,138.28,11.73238526179703
2024-08-01,2024-2025,2015-16,08,00,Communication,138.3,Communication,130.5575,0.7659460391015452,138.3,11.73951684576231
2024-09-01,2024-2025,2015-16,08,00,Communication,138.34,Communication,130.5575,0.7659460391015452,138.34,11.196849127883613
2024-10-01,2024-2025,2015-16,08,00,Communication,138.37,Communication,130.5575,0.7659460391015452,138.37,10.846751582151736
2024-11-01,2024-2025,2015-16,08,00,Communication,138.39,Communication,130.5575,0.7659460391015452,138.39,10.711999999999989
2024-12-01,2024-2025,2015-16,08,00,Communication,138.4,Communication,130.5575,0.7659460391015452,138.4,10.711143108551324
2025-01-01,2024-2025,2015-16,08,00,Communication,138.38,Communication,130.5575,0.7659460391015452,138.38,-0.25228861817919723
2025-02-01,2024-2025,2015-16,08,00,Communication,138.38,Communication,130.5575,0.7659460391015452,138.38,-0.25228861817919723
2025-03-01,2024-2025,2015-16,08,00,Communication,138.38,Communication,130.5575,0.7659460391015452,138.38,-0.2810405707285524
2025-04-01,2024-2025,2015-16,08,00,Communication,138.39,Communication,130.5575,0.7659460391015452,138.39,-0.27383440224834077
2025-05-01,2024-2025,2015-16,08,00,Communication,138.43,Communication,130.5575,0.7659460391015452,138.43,0.37705750126895143
2025-06-01,2024-2025,2015-16,08,00,Communication,138.6,Communication,130.5575,0.7659460391015452,138.6,0.23141452126120843
2025-07-01,2025-2026,2015-16,08,00,Communication,138.62,Communication,130.5575,0.7659460391015452,138.62,0.24587792884003257
2025-08-01,2025-2026,2015-16,08,00,Communication,138.68,Communication,130.5575,0.7659460391015452,138.68,0.2747650036153182
2025-09-01,2025-2026,2015-16,08,00,Communication,138.78,Communication,130.5575,0.7659460391015452,138.78,0.31805696111031345
2025-10-01,2025-2026,2015-16,08,00,Communication,138.97,Communication,130.5575,0.7659460391015452,138.97,0.4336200043361993
2025-11-01,2025-2026,2015-16,08,00,Communication,139.02,Communication,130.5575,0.7659460391015452,139.02,0.4552352048558639
2025-12-01,2025-2026,2015-16,08,00,Communication,139.07,Communication,130.5575,0.7659460391015452,139.07,0.4841040462427726
2026-01-01,2025-2026,2015-16,08,00,Communication,139.1,Communication,130.5575,0.7659460391015452,139.1,0.5203064026593429
2026-02-01,2025-2026,2015-16,08,00,Communication,139.11,Communication,130.5575,0.7659460391015452,139.11,0.5275328804740687
2026-03-01,2025-2026,2015-16,08,00,Communication,139.25,Communication,130.5575,0.7659460391015452,139.25,0.6287035698800514
2026-04-01,2025-2026,2015-16,08,00,Communication,139.47,Communication,130.5575,0.7659460391015452,139.47,0.7804032083243095
2026-05-01,2025-2026,2015-16,08,00,Communication,139.76,Communication,130.5575,0.7659460391015452,139.76,0.9607743986129957
2026-06-01,2025-2026,2015-16,08,00,Communication,139.81,Communication,130.5575,0.7659460391015452,139.81,0.8730158730158699
2016-07-01,2016-2017,2007-08,10,00,Education,224.09,Education,213.01666666666665,0.4694468351459198,105.19834128784916,7.1329540565090666
2016-08-01,2016-2017,2007-08,10,00,Education,225.17,Education,213.01666666666665,0.4694468351459198,105.70534386980675,7.6184103618027965
2016-09-01,2016-2017,2007-08,10,00,Education,230.54,Education,213.01666666666665,0.4694468351459198,108.22627337454034,10.190230379504817
2016-10-01,2016-2017,2007-08,10,00,Education,232.15,Education,213.01666666666665,0.4694468351459198,108.98208277912528,10.943847072879343
2016-11-01,2016-2017,2007-08,10,00,Education,233.4,Education,213.01666666666665,0.4694468351459198,109.56889132305768,11.541218637992845
2016-12-01,2016-2017,2007-08,10,00,Education,233.4,Education,213.01666666666665,0.4694468351459198,109.56889132305768,11.509244661029093
2017-01-01,2016-2017,2007-08,10,00,Education,233.41,Education,213.01666666666665,0.4694468351459198,109.57358579140913,11.487390141383248
2017-02-01,2016-2017,2007-08,10,00,Education,233.96,Education,213.01666666666665,0.4694468351459198,109.8317815507394,11.330002379252901
2017-03-01,2016-2017,2007-08,10,00,Education,233.98,Education,213.01666666666665,0.4694468351459198,109.84117048744231,10.896251007156721
2017-04-01,2016-2017,2007-08,10,00,Education,249.2,Education,213.01666666666665,0.4694468351459198,116.9861513183632,12.515802781289498
2017-05-01,2016-2017,2007-08,10,00,Education,249.23,Education,213.01666666666665,0.4694468351459198,117.00023472341758,11.169097640394288
2017-06-01,2016-2017,2007-08,10,00,Education,249.26,Education,213.01666666666665,0.4694468351459198,117.01431812847196,10.97951914514692
2017-07-01,2017-2018,2007-08,10,00,Education,249.54,Education,213.01666666666665,0.4694468351459198,117.14576324231282,11.357044044803445
2017-08-01,2017-2018,2007-08,10,00,Education,249.61,Education,213.01666666666665,0.4694468351459198,117.17862452077304,10.854021406048764
2017-09-01,2017-2018,2007-08,10,00,Education,249.61,Education,213.01666666666665,0.4694468351459198,117.17862452077304,8.271883404181501
2017-10-01,2017-2018,2007-08,10,00,Education,258.75,Education,213.01666666666665,0.4694468351459198,121.46936859400674,11.458108981262116
2017-11-01,2017-2018,2007-08,10,00,Education,262.35,Education,213.01666666666665,0.4694468351459198,123.15937720053206,12.403598971722364
2017-12-01,2017-2018,2007-08,10,00,Education,262.35,Education,213.01666666666665,0.4694468351459198,123.15937720053206,12.403598971722364
2018-01-01,2017-2018,2007-08,10,00,Education,262.35,Education,213.01666666666665,0.4694468351459198,123.15937720053206,12.39878325692989
2018-02-01,2017-2018,2007-08,10,00,Education,262.35,Education,213.01666666666665,0.4694468351459198,123.15937720053206,12.134552915028207
2018-03-01,2017-2018,2007-08,10,00,Education,275.17,Education,213.01666666666665,0.4694468351459198,129.17768562710276,17.604068723822564
2018-04-01,2017-2018,2007-08,10,00,Education,281.57,Education,213.01666666666665,0.4694468351459198,132.18214537203664,12.989566613162129
2018-05-01,2017-2018,2007-08,10,00,Education,281.88,Education,213.01666666666665,0.4694468351459198,132.32767389093186,13.100349075151474
2018-06-01,2017-2018,2007-08,10,00,Education,281.89,Education,213.01666666666665,0.4694468351459198,132.33236835928332,13.09074861590307
2018-07-01,2018-2019,2007-08,10,00,Education,281.89,Education,213.01666666666665,0.4694468351459198,132.33236835928332,12.963853490422373
2018-08-01,2018-2019,2007-08,10,00,Education,281.89,Education,213.01666666666665,0.4694468351459198,132.33236835928332,12.93217419173911
2018-09-01,2018-2019,2007-08,10,00,Education,287.41,Education,213.01666666666665,0.4694468351459198,134.92371488928882,15.143624053523496
2018-10-01,2018-2019,2007-08,10,00,Education,288.62,Education,213.01666666666665,0.4694468351459198,135.49174555981537,11.543961352657007
2018-11-01,2018-2019,2007-08,10,00,Education,288.62,Education,213.01666666666665,0.4694468351459198,135.49174555981537,10.013340956737181
2018-12-01,2018-2019,2007-08,10,00,Education,289.54,Education,213.01666666666665,0.4694468351459198,135.92363664814962,10.36401753382885
2019-01-01,2018-2019,2007-08,10,00,Education,288.68,Education,213.01666666666665,0.4694468351459198,135.51991236992413,10.036211168286634
2019-02-01,2018-2019,2007-08,10,00,Education,289.13,Education,213.01666666666665,0.4694468351459198,135.73116344573978,10.207737754907553
2019-03-01,2018-2019,2007-08,10,00,Education,292.02,Education,213.01666666666665,0.4694468351459198,137.0878647993115,6.123487298760755
2019-04-01,2018-2019,2007-08,10,00,Education,297.27,Education,213.01666666666665,0.4694468351459198,139.55246068382758,5.575878112014765
2019-05-01,2018-2019,2007-08,10,00,Education,297.27,Education,213.01666666666665,0.4694468351459198,139.55246068382758,5.4597701149425415
2019-06-01,2018-2019,2007-08,10,00,Education,297.27,Education,213.01666666666665,0.4694468351459198,139.55246068382758,5.456028947461777
2019-07-01,2019-2020,2015-16,10,00,Education,143.47,Education,213.01666666666665,0.4694468351459198,143.47,8.416407700403216
2019-08-01,2019-2020,2015-16,10,00,Education,143.62,Education,213.01666666666665,0.4694468351459198,143.62,8.52975865290242
2019-09-01,2019-2020,2015-16,10,00,Education,144.16,Education,213.01666666666665,0.4694468351459198,144.16,6.845560929218397
2019-10-01,2019-2020,2015-16,10,00,Education,144.43,Education,213.01666666666665,0.4694468351459198,144.43,6.596899614256335
2019-11-01,2019-2020,2015-16,10,00,Education,144.63,Education,213.01666666666665,0.4694468351459198,144.63,6.744510082461352
2019-12-01,2019-2020,2015-16,10,00,Education,144.67,Education,213.01666666666665,0.4694468351459198,144.67,6.434762611959166
2020-01-01,2019-2020,2015-16,10,00,Education,144.71,Education,213.01666666666665,0.4694468351459198,144.71,6.781355941988809
2020-02-01,2019-2020,2015-16,10,00,Education,144.71,Education,213.01666666666665,0.4694468351459198,144.71,6.615162153126031
2020-03-01,2019-2020,2015-16,10,00,Education,144.98,Education,213.01666666666665,0.4694468351459198,144.98,5.756990388786143
2020-04-01,2019-2020,2015-16,10,00,Education,144.98,Education,213.01666666666665,0.4694468351459198,144.98,3.8892465883988425
2020-05-01,2019-2020,2015-16,10,00,Education,144.98,Education,213.01666666666665,0.4694468351459198,144.98,3.8892465883988425
2020-06-01,2019-2020,2015-16,10,00,Education,144.98,Education,213.01666666666665,0.4694468351459198,144.98,3.8892465883988425
2020-07-01,2020-2021,2015-16,10,00,Education,144.98,Education,213.01666666666665,0.4694468351459198,144.98,1.0524848400362385
2020-08-01,2020-2021,2015-16,10,00,Education,145.07,Education,213.01666666666665,0.4694468351459198,145.07,1.009608689597541
2020-09-01,2020-2021,2015-16,10,00,Education,145.49,Education,213.01666666666665,0.4694468351459198,145.49,0.9225860155382959
2020-10-01,2020-2021,2015-16,10,00,Education,146.16,Education,213.01666666666665,0.4694468351459198,146.16,1.1978120889011956
2020-11-01,2020-2021,2015-16,10,00,Education,146.16,Education,213.01666666666665,0.4694468351459198,146.16,1.0578718108276375
2020-12-01,2020-2021,2015-16,10,00,Education,146.16,Education,213.01666666666665,0.4694468351459198,146.16,1.0299301859404197
2021-01-01,2020-2021,2015-16,10,00,Education,146.25,Education,213.01666666666665,0.4694468351459198,146.25,1.0641973602377064
2021-02-01,2020-2021,2015-16,10,00,Education,146.26,Education,213.01666666666665,0.4694468351459198,146.26,1.0711077327067775
2021-03-01,2020-2021,2015-16,10,00,Education,146.26,Education,213.01666666666665,0.4694468351459198,146.26,0.8828803972961818
2021-04-01,2020-2021,2015-16,10,00,Education,146.71,Education,213.01666666666665,0.4694468351459198,146.71,1.1932680369706183
2021-05-01,2020-2021,2015-16,10,00,Education,146.71,Education,213.01666666666665,0.4694468351459198,146.71,1.1932680369706183
2021-06-01,2020-2021,2015-16,10,00,Education,146.89,Education,213.01666666666665,0.4694468351459198,146.89,1.3174230928403974
2021-07-01,2021-2022,2015-16,10,00,Education,147.13,Education,213.01666666666665,0.4694468351459198,147.13,1.4829631673334287
2021-08-01,2021-2022,2015-16,10,00,Education,148.72,Education,213.01666666666665,0.4694468351459198,148.72,2.516026745708966
2021-09-01,2021-2022,2015-16,10,00,Education,148.76,Education,213.01666666666665,0.4694468351459198,148.76,2.247577153068936
2021-10-01,2021-2022,2015-16,10,00,Education,148.99,Education,213.01666666666665,0.4694468351459198,148.99,1.93623426382048
2021-11-01,2021-2022,2015-16,10,00,Education,149.34,Education,213.01666666666665,0.4694468351459198,149.34,2.1756978653530323
2021-12-01,2021-2022,2015-16,10,00,Education,150.01,Education,213.01666666666665,0.4694468351459198,150.01,2.634099616858232
2022-01-01,2021-2022,2015-16,10,00,Education,150.69,Education,213.01666666666665,0.4694468351459198,150.69,3.0358974358974278
2022-02-01,2021-2022,2015-16,10,00,Education,150.87,Education,213.01666666666665,0.4694468351459198,150.87,3.1519212361547977
2022-03-01,2021-2022,2015-16,10,00,Education,159.39,Education,213.01666666666665,0.4694468351459198,159.39,8.977163954601398
2022-04-01,2021-2022,2015-16,10,00,Education,160.26,Education,213.01666666666665,0.4694468351459198,160.26,9.235907572762581
2022-05-01,2021-2022,2015-16,10,00,Education,161.96,Education,213.01666666666665,0.4694468351459198,161.96,10.394656124326907
2022-06-01,2021-2022,2015-16,10,00,Education,162.1,Education,213.01666666666665,0.4694468351459198,162.1,10.354687180883658
2022-07-01,2022-2023,2015-16,10,00,Education,162.6,Education,213.01666666666665,0.4694468351459198,162.6,10.514510976687275
2022-08-01,2022-2023,2015-16,10,00,Education,163.68,Education,213.01666666666665,0.4694468351459198,163.68,10.059171597633142
2022-09-01,2022-2023,2015-16,10,00,Education,163.69,Education,213.01666666666665,0.4694468351459198,163.69,10.036300080666848
2022-10-01,2022-2023,2015-16,10,00,Education,165.49,Education,213.01666666666665,0.4694468351459198,165.49,11.074568763004233
2022-11-01,2022-2023,2015-16,10,00,Education,165.87,Education,213.01666666666665,0.4694468351459198,165.87,11.068702290076327
2022-12-01,2022-2023,2015-16,10,00,Education,166.24,Education,213.01666666666665,0.4694468351459198,166.24,10.819278714752368
2023-01-01,2022-2023,2015-16,10,00,Education,166.36,Education,213.01666666666665,0.4694468351459198,166.36,10.398832039285955
2023-02-01,2022-2023,2015-16,10,00,Education,166.56,Education,213.01666666666665,0.4694468351459198,166.56,10.39968184529727
2023-03-01,2022-2023,2015-16,10,00,Education,168.64,Education,213.01666666666665,0.4694468351459198,168.64,5.803375368592767
2023-04-01,2022-2023,2015-16,10,00,Education,169.92,Education,213.01666666666665,0.4694468351459198,169.92,6.027704979408455
2023-05-01,2022-2023,2015-16,10,00,Education,171.25,Education,213.01666666666665,0.4694468351459198,171.25,5.735984193628041
2023-06-01,2022-2023,2015-16,10,00,Education,171.65,Education,213.01666666666665,0.4694468351459198,171.65,5.89142504626774
2023-07-01,2023-2024,2015-16,10,00,Education,171.66,Education,213.01666666666665,0.4694468351459198,171.66,5.571955719557198
2023-08-01,2023-2024,2015-16,10,00,Education,177.89,Education,213.01666666666665,0.4694468351459198,177.89,8.681573802541532
2023-09-01,2023-2024,2015-16,10,00,Education,178.55,Education,213.01666666666665,0.4694468351459198,178.55,9.078135500030559
2023-10-01,2023-2024,2015-16,10,00,Education,184.31,Education,213.01666666666665,0.4694468351459198,184.31,11.372288355791893
2023-11-01,2023-2024,2015-16,10,00,Education,186.73,Education,213.01666666666665,0.4694468351459198,186.73,12.576113824079084
2023-12-01,2023-2024,2015-16,10,00,Education,187.28,Education,213.01666666666665,0.4694468351459198,187.28,12.656400384985567
2024-01-01,2023-2024,2015-16,10,00,Education,187.42,Education,213.01666666666665,0.4694468351459198,187.42,12.659293099302694
2024-02-01,2023-2024,2015-16,10,00,Education,187.42,Education,213.01666666666665,0.4694468351459198,187.42,12.524015369836693
2024-03-01,2023-2024,2015-16,10,00,Education,188.09,Education,213.01666666666665,0.4694468351459198,188.09,11.53344402277041
2024-04-01,2023-2024,2015-16,10,00,Education,192.49,Education,213.01666666666665,0.4694468351459198,192.49,13.282721280602662
2024-05-01,2023-2024,2015-16,10,00,Education,194.43,Education,213.01666666666665,0.4694468351459198,194.43,13.535766423357675
2024-06-01,2023-2024,2015-16,10,00,Education,194.55,Education,213.01666666666665,0.4694468351459198,194.55,13.341101077774553
2024-07-01,2024-2025,2015-16,10,00,Education,194.55,Education,213.01666666666665,0.4694468351459198,194.55,13.334498427123398
2024-08-01,2024-2025,2015-16,10,00,Education,195.37,Education,213.01666666666665,0.4694468351459198,195.37,9.826297149924113
2024-09-01,2024-2025,2015-16,10,00,Education,195.66,Education,213.01666666666665,0.4694468351459198,195.66,9.582749929991596
2024-10-01,2024-2025,2015-16,10,00,Education,195.98,Education,213.01666666666665,0.4694468351459198,195.98,6.33172372633064
2024-11-01,2024-2025,2015-16,10,00,Education,199.91,Education,213.01666666666665,0.4694468351459198,199.91,7.058319498741494
2024-12-01,2024-2025,2015-16,10,00,Education,199.96,Education,213.01666666666665,0.4694468351459198,199.96,6.770610850064074
2025-01-01,2024-2025,2015-16,10,00,Education,200.02,Education,213.01666666666665,0.4694468351459198,200.02,6.7228684238608505
2025-02-01,2024-2025,2015-16,10,00,Education,200.61,Education,213.01666666666665,0.4694468351459198,200.61,7.037669405613078
2025-03-01,2024-2025,2015-16,10,00,Education,203.07,Education,213.01666666666665,0.4694468351459198,203.07,7.964272422776331
2025-04-01,2024-2025,2015-16,10,00,Education,211.42,Education,213.01666666666665,0.4694468351459198,211.42,9.834277105304157
2025-05-01,2024-2025,2015-16,10,00,Education,212.23,Education,213.01666666666665,0.4694468351459198,212.23,9.154965797459225
2025-06-01,2024-2025,2015-16,10,00,Education,212.44,Education,213.01666666666665,0.4694468351459198,212.44,9.195579542534048
2025-07-01,2025-2026,2015-16,10,00,Education,212.7,Education,213.01666666666665,0.4694468351459198,212.7,9.32922127987663
2025-08-01,2025-2026,2015-16,10,00,Education,216.13,Education,213.01666666666665,0.4694468351459198,216.13,10.625991708041148
2025-09-01,2025-2026,2015-16,10,00,Education,216.28,Education,213.01666666666665,0.4694468351459198,216.28,10.53868956352857
2025-10-01,2025-2026,2015-16,10,00,Education,216.38,Education,213.01666666666665,0.4694468351459198,216.38,10.409225431166448
2025-11-01,2025-2026,2015-16,10,00,Education,216.38,Education,213.01666666666665,0.4694468351459198,216.38,8.238707418338254
2025-12-01,2025-2026,2015-16,10,00,Education,218.2,Education,213.01666666666665,0.4694468351459198,218.2,9.121824364872966
2026-01-01,2025-2026,2015-16,10,00,Education,218.2,Education,213.01666666666665,0.4694468351459198,218.2,9.08909109089091
2026-02-01,2025-2026,2015-16,10,00,Education,218.23,Education,213.01666666666665,0.4694468351459198,218.23,8.783211205822239
2026-03-01,2025-2026,2015-16,10,00,Education,221.05,Education,213.01666666666665,0.4694468351459198,221.05,8.85408972275572
2026-04-01,2025-2026,2015-16,10,00,Education,227.74,Education,213.01666666666665,0.4694468351459198,227.74,7.719231860751119
2026-05-01,2025-2026,2015-16,10,00,Education,229.64,Education,213.01666666666665,0.4694468351459198,229.64,8.203364274607727
2026-06-01,2025-2026,2015-16,10,00,Education,229.95,Education,213.01666666666665,0.4694468351459198,229.95,8.242327245339865
2016-07-01,2016-2017,2007-08,01,00,Food and non-alcoholic Beverages,228.36,Food & non-alcoholic bev.,219.41583333333332,0.45575562383449997,104.07635425884642,3.9133600291227033
2016-08-01,2016-2017,2007-08,01,00,Food and non-alcoholic Beverages,225.91,Food & non-alcoholic bev.,219.41583333333332,0.45575562383449997,102.95975298045188,2.448868532039361
2016-09-01,2016-2017,2007-08,01,00,Food and non-alcoholic Beverages,226.3,Food & non-alcoholic bev.,219.41583333333332,0.45575562383449997,103.13749767374735,3.14023973383164
2016-10-01,2016-2017,2007-08,01,00,Food and non-alcoholic Beverages,228.3,Food & non-alcoholic bev.,219.41583333333332,0.45575562383449997,104.04900892141634,3.5843920145190555
2016-11-01,2016-2017,2007-08,01,00,Food and non-alcoholic Beverages,228.74,Food & non-alcoholic bev.,219.41583333333332,0.45575562383449997,104.24954139590352,2.495855177667261
2016-12-01,2016-2017,2007-08,01,00,Food and non-alcoholic Beverages,223.58,Food & non-alcoholic bev.,219.41583333333332,0.45575562383449997,101.89784237691751,2.428074033351657
2017-01-01,2016-2017,2007-08,01,00,Food and non-alcoholic Beverages,220.96,Food & non-alcoholic bev.,219.41583333333332,0.45575562383449997,100.70376264247112,1.9611462322919992
2017-02-01,2016-2017,2007-08,01,00,Food and non-alcoholic Beverages,221.66,Food & non-alcoholic bev.,219.41583333333332,0.45575562383449997,101.02279157915527,3.1024698823201025
2017-03-01,2016-2017,2007-08,01,00,Food and non-alcoholic Beverages,226.16,Food & non-alcoholic bev.,219.41583333333332,0.45575562383449997,103.07369188641051,4.640725489288844
2017-04-01,2016-2017,2007-08,01,00,Food and non-alcoholic Beverages,230.25,Food & non-alcoholic bev.,219.41583333333332,0.45575562383449997,104.93773238789362,3.9081185974096266
2017-05-01,2016-2017,2007-08,01,00,Food and non-alcoholic Beverages,229.65,Food & non-alcoholic bev.,219.41583333333332,0.45575562383449997,104.66427901359292,4.552697473252909
2017-06-01,2016-2017,2007-08,01,00,Food and non-alcoholic Beverages,229.18,Food & non-alcoholic bev.,219.41583333333332,0.45575562383449997,104.45007387039071,3.0531948378973883
2017-07-01,2017-2018,2007-08,01,00,Food and non-alcoholic Beverages,229.99,Food & non-alcoholic bev.,219.41583333333332,0.45575562383449997,104.81923592569665,0.7137852513575016
2017-08-01,2017-2018,2007-08,01,00,Food and non-alcoholic Beverages,230.99,Food & non-alcoholic bev.,219.41583333333332,0.45575562383449997,105.27499154953115,2.248683103890947
2017-09-01,2017-2018,2007-08,01,00,Food and non-alcoholic Beverages,234.23,Food & non-alcoholic bev.,219.41583333333332,0.45575562383449997,106.75163977075492,3.504197967300038
2017-10-01,2017-2018,2007-08,01,00,Food and non-alcoholic Beverages,235.69,Food & non-alcoholic bev.,219.41583333333332,0.45575562383449997,107.4170429815533,3.2369689005694147
2017-11-01,2017-2018,2007-08,01,00,Food and non-alcoholic Beverages,236.61,Food & non-alcoholic bev.,219.41583333333332,0.45575562383449997,107.83633815548104,3.440587566669584
2017-12-01,2017-2018,2007-08,01,00,Food and non-alcoholic Beverages,235.12,Food & non-alcoholic bev.,219.41583333333332,0.45575562383449997,107.15726227596764,5.161463458269977
2018-01-01,2017-2018,2007-08,01,00,Food and non-alcoholic Beverages,232.25,Food & non-alcoholic bev.,219.41583333333332,0.45575562383449997,105.84924363556262,5.109522085445328
2018-02-01,2017-2018,2007-08,01,00,Food and non-alcoholic Beverages,229.23,Food & non-alcoholic bev.,219.41583333333332,0.45575562383449997,104.47286165158242,3.4151403049715645
2018-03-01,2017-2018,2007-08,01,00,Food and non-alcoholic Beverages,228.39,Food & non-alcoholic bev.,219.41583333333332,0.45575562383449997,104.09002692756144,0.9860275910859473
2018-04-01,2017-2018,2007-08,01,00,Food and non-alcoholic Beverages,231.9,Food & non-alcoholic bev.,219.41583333333332,0.45575562383449997,105.68972916722055,0.7166123778501676
2018-05-01,2017-2018,2007-08,01,00,Food and non-alcoholic Beverages,234.4,Food & non-alcoholic bev.,219.41583333333332,0.45575562383449997,106.8291182268068,2.06836490311344
2018-06-01,2017-2018,2007-08,01,00,Food and non-alcoholic Beverages,236.56,Food & non-alcoholic bev.,219.41583333333332,0.45575562383449997,107.8135503742893,3.2201762806527423
2018-07-01,2018-2019,2007-08,01,00,Food and non-alcoholic Beverages,238.08,Food & non-alcoholic bev.,219.41583333333332,0.45575562383449997,108.50629892251776,3.5175442410539715
2018-08-01,2018-2019,2007-08,01,00,Food and non-alcoholic Beverages,238.58,Food & non-alcoholic bev.,219.41583333333332,0.45575562383449997,108.73417673443501,3.2858565305857512
2018-09-01,2018-2019,2007-08,01,00,Food and non-alcoholic Beverages,236.78,Food & non-alcoholic bev.,219.41583333333332,0.45575562383449997,107.91381661153291,1.0886735260214442
2018-10-01,2018-2019,2007-08,01,00,Food and non-alcoholic Beverages,240.5,Food & non-alcoholic bev.,219.41583333333332,0.45575562383449997,109.60922753219724,2.0408163265306145
2018-11-01,2018-2019,2007-08,01,00,Food and non-alcoholic Beverages,239.03,Food & non-alcoholic bev.,219.41583333333332,0.45575562383449997,108.93926676516053,1.0227801022780092
2018-12-01,2018-2019,2007-08,01,00,Food and non-alcoholic Beverages,235.23,Food & non-alcoholic bev.,219.41583333333332,0.45575562383449997,107.20739539458943,0.0467846206192446
2019-01-01,2018-2019,2007-08,01,00,Food and non-alcoholic Beverages,235.91,Food & non-alcoholic bev.,219.41583333333332,0.45575562383449997,107.51730921879688,1.5758880516684615
2019-02-01,2018-2019,2007-08,01,00,Food and non-alcoholic Beverages,239.59,Food & non-alcoholic bev.,219.41583333333332,0.45575562383449997,109.19448991450786,4.519478253282738
2019-03-01,2018-2019,2007-08,01,00,Food and non-alcoholic Beverages,247.17,Food & non-alcoholic bev.,219.41583333333332,0.45575562383449997,112.64911754317335,8.222776829108103
2019-04-01,2018-2019,2007-08,01,00,Food and non-alcoholic Beverages,251.63,Food & non-alcoholic bev.,219.41583333333332,0.45575562383449997,114.68178762547522,8.507977576541602
2019-05-01,2018-2019,2007-08,01,00,Food and non-alcoholic Beverages,254.52,Food & non-alcoholic bev.,219.41583333333332,0.45575562383449997,115.99892137835694,8.583617747440275
2019-06-01,2018-2019,2007-08,01,00,Food and non-alcoholic Beverages,254.36,Food & non-alcoholic bev.,219.41583333333332,0.45575562383449997,115.92600047854341,7.524518092661481
2019-07-01,2019-2020,2015-16,01,00,Food and non-alcoholic Beverages,118.77,Food & non-alcoholic bev.,219.41583333333332,0.45575562383449997,118.77,9.459083186323912
2019-08-01,2019-2020,2015-16,01,00,Food and non-alcoholic Beverages,123.19,Food & non-alcoholic bev.,219.41583333333332,0.45575562383449997,123.19,13.294645436890473
2019-09-01,2019-2020,2015-16,01,00,Food and non-alcoholic Beverages,125.97,Food & non-alcoholic bev.,219.41583333333332,0.45575562383449997,125.97,16.732040396148307
2019-10-01,2019-2020,2015-16,01,00,Food and non-alcoholic Beverages,128.09,Food & non-alcoholic bev.,219.41583333333332,0.45575562383449997,128.09,16.860599133749133
2019-11-01,2019-2020,2015-16,01,00,Food and non-alcoholic Beverages,131.67,Food & non-alcoholic bev.,219.41583333333332,0.45575562383449997,131.67,20.86550966405889
2019-12-01,2019-2020,2015-16,01,00,Food and non-alcoholic Beverages,128.95,Food & non-alcoholic bev.,219.41583333333332,0.45575562383449997,128.95,20.280881300571064
2020-01-01,2019-2020,2015-16,01,00,Food and non-alcoholic Beverages,132.91,Food & non-alcoholic bev.,219.41583333333332,0.45575562383449997,132.91,23.617304939736904
2020-02-01,2019-2020,2015-16,01,00,Food and non-alcoholic Beverages,130.25,Food & non-alcoholic bev.,219.41583333333332,0.45575562383449997,130.25,19.28257561528721
2020-03-01,2019-2020,2015-16,01,00,Food and non-alcoholic Beverages,130.93,Food & non-alcoholic bev.,219.41583333333332,0.45575562383449997,130.93,16.228163038934085
2020-04-01,2019-2020,2015-16,01,00,Food and non-alcoholic Beverages,129.25,Food & non-alcoholic bev.,219.41583333333332,0.45575562383449997,129.25,12.703161222164816
2020-05-01,2019-2020,2015-16,01,00,Food and non-alcoholic Beverages,131.55,Food & non-alcoholic bev.,219.41583333333332,0.45575562383449997,131.55,13.406226917334596
2020-06-01,2019-2020,2015-16,01,00,Food and non-alcoholic Beverages,134.23,Food & non-alcoholic bev.,219.41583333333332,0.45575562383449997,134.23,15.789382404204
2020-07-01,2020-2021,2015-16,01,00,Food and non-alcoholic Beverages,138.88,Food & non-alcoholic bev.,219.41583333333332,0.45575562383449997,138.88,16.931885156184222
2020-08-01,2020-2021,2015-16,01,00,Food and non-alcoholic Beverages,137.9,Food & non-alcoholic bev.,219.41583333333332,0.45575562383449997,137.9,11.940904294179733
2020-09-01,2020-2021,2015-16,01,00,Food and non-alcoholic Beverages,142.73,Food & non-alcoholic bev.,219.41583333333332,0.45575562383449997,142.73,13.304755100420728
2020-10-01,2020-2021,2015-16,01,00,Food and non-alcoholic Beverages,147.23,Food & non-alcoholic bev.,219.41583333333332,0.45575562383449997,147.23,14.942618471387291
2020-11-01,2020-2021,2015-16,01,00,Food and non-alcoholic Beverages,149.77,Food & non-alcoholic bev.,219.41583333333332,0.45575562383449997,149.77,13.746487430697973
2020-12-01,2020-2021,2015-16,01,00,Food and non-alcoholic Beverages,145.86,Food & non-alcoholic bev.,219.41583333333332,0.45575562383449997,145.86,13.113609926328063
2021-01-01,2020-2021,2015-16,01,00,Food and non-alcoholic Beverages,141.87,Food & non-alcoholic bev.,219.41583333333332,0.45575562383449997,141.87,6.741403957565284
2021-02-01,2020-2021,2015-16,01,00,Food and non-alcoholic Beverages,143.95,Food & non-alcoholic bev.,219.41583333333332,0.45575562383449997,143.95,10.518234165067163
2021-03-01,2020-2021,2015-16,01,00,Food and non-alcoholic Beverages,146.51,Food & non-alcoholic bev.,219.41583333333332,0.45575562383449997,146.51,11.899488276178104
2021-04-01,2020-2021,2015-16,01,00,Food and non-alcoholic Beverages,151.24,Food & non-alcoholic bev.,219.41583333333332,0.45575562383449997,151.24,17.01353965183754
2021-05-01,2020-2021,2015-16,01,00,Food and non-alcoholic Beverages,152.94,Food & non-alcoholic bev.,219.41583333333332,0.45575562383449997,152.94,16.259977194982888
2021-06-01,2020-2021,2015-16,01,00,Food and non-alcoholic Beverages,149.13,Food & non-alcoholic bev.,219.41583333333332,0.45575562383449997,149.13,11.10035014527304
2021-07-01,2021-2022,2015-16,01,00,Food and non-alcoholic Beverages,151.66,Food & non-alcoholic bev.,219.41583333333332,0.45575562383449997,151.66,9.20218894009217
2021-08-01,2021-2022,2015-16,01,00,Food and non-alcoholic Beverages,152.49,Food & non-alcoholic bev.,219.41583333333332,0.45575562383449997,152.49,10.580130529369104
2021-09-01,2021-2022,2015-16,01,00,Food and non-alcoholic Beverages,158.53,Food & non-alcoholic bev.,219.41583333333332,0.45575562383449997,158.53,11.069852168429906
2021-10-01,2021-2022,2015-16,01,00,Food and non-alcoholic Beverages,161.09,Food & non-alcoholic bev.,219.41583333333332,0.45575562383449997,161.09,9.413842287577268
2021-11-01,2021-2022,2015-16,01,00,Food and non-alcoholic Beverages,167.96,Food & non-alcoholic bev.,219.41583333333332,0.45575562383449997,167.96,12.145289443813855
2021-12-01,2021-2022,2015-16,01,00,Food and non-alcoholic Beverages,162.85,Food & non-alcoholic bev.,219.41583333333332,0.45575562383449997,162.85,11.648155765802803
2022-01-01,2021-2022,2015-16,01,00,Food and non-alcoholic Beverages,161.12,Food & non-alcoholic bev.,219.41583333333332,0.45575562383449997,161.12,13.568760132515688
2022-02-01,2021-2022,2015-16,01,00,Food and non-alcoholic Beverages,164.76,Food & non-alcoholic bev.,219.41583333333332,0.45575562383449997,164.76,14.456408475164984
2022-03-01,2021-2022,2015-16,01,00,Food and non-alcoholic Beverages,168.17,Food & non-alcoholic bev.,219.41583333333332,0.45575562383449997,168.17,14.783973790184968
2022-04-01,2021-2022,2015-16,01,00,Food and non-alcoholic Beverages,175.41,Food & non-alcoholic bev.,219.41583333333332,0.45575562383449997,175.41,15.981221898968512
2022-05-01,2021-2022,2015-16,01,00,Food and non-alcoholic Beverages,177.05,Food & non-alcoholic bev.,219.41583333333332,0.45575562383449997,177.05,15.764352033477191
2022-06-01,2021-2022,2015-16,01,00,Food and non-alcoholic Beverages,185.86,Food & non-alcoholic bev.,219.41583333333332,0.45575562383449997,185.86,24.62951787031451
2022-07-01,2022-2023,2015-16,01,00,Food and non-alcoholic Beverages,193.75,Food & non-alcoholic bev.,219.41583333333332,0.45575562383449997,193.75,27.75286825794541
2022-08-01,2022-2023,2015-16,01,00,Food and non-alcoholic Beverages,196.59,Food & non-alcoholic bev.,219.41583333333332,0.45575562383449997,196.59,28.919929175683645
2022-09-01,2022-2023,2015-16,01,00,Food and non-alcoholic Beverages,207.23,Food & non-alcoholic bev.,219.41583333333332,0.45575562383449997,207.23,30.71973758909985
2022-10-01,2022-2023,2015-16,01,00,Food and non-alcoholic Beverages,217.09,Food & non-alcoholic bev.,219.41583333333332,0.45575562383449997,217.09,34.763175864423616
2022-11-01,2022-2023,2015-16,01,00,Food and non-alcoholic Beverages,216.54,Food & non-alcoholic bev.,219.41583333333332,0.45575562383449997,216.54,28.923553226958788
2022-12-01,2022-2023,2015-16,01,00,Food and non-alcoholic Beverages,215.98,Food & non-alcoholic bev.,219.41583333333332,0.45575562383449997,215.98,32.6251151366288
2023-01-01,2022-2023,2015-16,01,00,Food and non-alcoholic Beverages,224.73,Food & non-alcoholic bev.,219.41583333333332,0.45575562383449997,224.73,39.479890764647465
2023-02-01,2022-2023,2015-16,01,00,Food and non-alcoholic Beverages,234.18,Food & non-alcoholic bev.,219.41583333333332,0.45575562383449997,234.18,42.134013109978156
2023-03-01,2022-2023,2015-16,01,00,Food and non-alcoholic Beverages,244.66,Food & non-alcoholic bev.,219.41583333333332,0.45575562383449997,244.66,45.483736695011004
2023-04-01,2022-2023,2015-16,01,00,Food and non-alcoholic Beverages,254.53,Food & non-alcoholic bev.,219.41583333333332,0.45575562383449997,254.53,45.10575223761472
2023-05-01,2022-2023,2015-16,01,00,Food and non-alcoholic Beverages,258.05,Food & non-alcoholic bev.,219.41583333333332,0.45575562383449997,258.05,45.74978819542501
2023-06-01,2022-2023,2015-16,01,00,Food and non-alcoholic Beverages,257.65,Food & non-alcoholic bev.,219.41583333333332,0.45575562383449997,257.65,38.625847412030545
2023-07-01,2023-2024,2015-16,01,00,Food and non-alcoholic Beverages,268.74,Food & non-alcoholic bev.,219.41583333333332,0.45575562383449997,268.74,38.70451612903227
2023-08-01,2023-2024,2015-16,01,00,Food and non-alcoholic Beverages,269.77,Food & non-alcoholic bev.,219.41583333333332,0.45575562383449997,269.77,37.2246808077725
2023-09-01,2023-2024,2015-16,01,00,Food and non-alcoholic Beverages,273.95,Food & non-alcoholic bev.,219.41583333333332,0.45575562383449997,273.95,32.19611060174685
2023-10-01,2023-2024,2015-16,01,00,Food and non-alcoholic Beverages,275.74,Food & non-alcoholic bev.,219.41583333333332,0.45575562383449997,275.74,27.016444792482375
2023-11-01,2023-2024,2015-16,01,00,Food and non-alcoholic Beverages,278.07,Food & non-alcoholic bev.,219.41583333333332,0.45575562383449997,278.07,28.41507342754226
2023-12-01,2023-2024,2015-16,01,00,Food and non-alcoholic Beverages,275.22,Food & non-alcoholic bev.,219.41583333333332,0.45575562383449997,275.22,27.428465598666563
2024-01-01,2023-2024,2015-16,01,00,Food and non-alcoholic Beverages,284.23,Food & non-alcoholic bev.,219.41583333333332,0.45575562383449997,284.23,26.47621590352869
2024-02-01,2023-2024,2015-16,01,00,Food and non-alcoholic Beverages,278.76,Food & non-alcoholic bev.,219.41583333333332,0.45575562383449997,278.76,19.036638483218038
2024-03-01,2023-2024,2015-16,01,00,Food and non-alcoholic Beverages,286.46,Food & non-alcoholic bev.,219.41583333333332,0.45575562383449997,286.46,17.08493419439221
2024-04-01,2023-2024,2015-16,01,00,Food and non-alcoholic Beverages,281.53,Food & non-alcoholic bev.,219.41583333333332,0.45575562383449997,281.53,10.60778690134756
2024-05-01,2023-2024,2015-16,01,00,Food and non-alcoholic Beverages,260.78,Food & non-alcoholic bev.,219.41583333333332,0.45575562383449997,260.78,1.0579345088161052
2024-06-01,2023-2024,2015-16,01,00,Food and non-alcoholic Beverages,262.18,Food & non-alcoholic bev.,219.41583333333332,0.45575562383449997,262.18,1.7581991073161385
2024-07-01,2024-2025,2015-16,01,00,Food and non-alcoholic Beverages,276.1,Food & non-alcoholic bev.,219.41583333333332,0.45575562383449997,276.1,2.7387065565230406
2024-08-01,2024-2025,2015-16,01,00,Food and non-alcoholic Beverages,280.27,Food & non-alcoholic bev.,219.41583333333332,0.45575562383449997,280.27,3.892204470474847
2024-09-01,2024-2025,2015-16,01,00,Food and non-alcoholic Beverages,276.17,Food & non-alcoholic bev.,219.41583333333332,0.45575562383449997,276.17,0.8103668552655652
2024-10-01,2024-2025,2015-16,01,00,Food and non-alcoholic Beverages,281.39,Food & non-alcoholic bev.,219.41583333333332,0.45575562383449997,281.39,2.049031696525705
2024-11-01,2024-2025,2015-16,01,00,Food and non-alcoholic Beverages,279.93,Food & non-alcoholic bev.,219.41583333333332,0.45575562383449997,279.93,0.6688963210702337
2024-12-01,2024-2025,2015-16,01,00,Food and non-alcoholic Beverages,279.9,Food & non-alcoholic bev.,219.41583333333332,0.45575562383449997,279.9,1.7004578155657146
2025-01-01,2024-2025,2015-16,01,00,Food and non-alcoholic Beverages,278.37,Food & non-alcoholic bev.,219.41583333333332,0.45575562383449997,278.37,-2.0617105864968566
2025-02-01,2024-2025,2015-16,01,00,Food and non-alcoholic Beverages,271.84,Food & non-alcoholic bev.,219.41583333333332,0.45575562383449997,271.84,-2.482422155259012
2025-03-01,2024-2025,2015-16,01,00,Food and non-alcoholic Beverages,277.04,Food & non-alcoholic bev.,219.41583333333332,0.45575562383449997,277.04,-3.2884172310270077
2025-04-01,2024-2025,2015-16,01,00,Food and non-alcoholic Beverages,271.43,Food & non-alcoholic bev.,219.41583333333332,0.45575562383449997,271.43,-3.587539516214955
2025-05-01,2024-2025,2015-16,01,00,Food and non-alcoholic Beverages,273.34,Food & non-alcoholic bev.,219.41583333333332,0.45575562383449997,273.34,4.816320269959351
2025-06-01,2024-2025,2015-16,01,00,Food and non-alcoholic Beverages,271.3,Food & non-alcoholic bev.,219.41583333333332,0.45575562383449997,271.3,3.4785262033717235
2025-07-01,2025-2026,2015-16,01,00,Food and non-alcoholic Beverages,279.27,Food & non-alcoholic bev.,219.41583333333332,0.45575562383449997,279.27,1.1481347337920944
2025-08-01,2025-2026,2015-16,01,00,Food and non-alcoholic Beverages,274.74,Food & non-alcoholic bev.,219.41583333333332,0.45575562383449997,274.74,-1.973097370392829
2025-09-01,2025-2026,2015-16,01,00,Food and non-alcoholic Beverages,287.74,Food & non-alcoholic bev.,219.41583333333332,0.45575562383449997,287.74,4.189448528080519
2025-10-01,2025-2026,2015-16,01,00,Food and non-alcoholic Beverages,293.61,Food & non-alcoholic bev.,219.41583333333332,0.45575562383449997,293.61,4.342727175805838
2025-11-01,2025-2026,2015-16,01,00,Food and non-alcoholic Beverages,294.42,Food & non-alcoholic bev.,219.41583333333332,0.45575562383449997,294.42,5.176294073518384
2025-12-01,2025-2026,2015-16,01,00,Food and non-alcoholic Beverages,288.12,Food & non-alcoholic bev.,219.41583333333332,0.45575562383449997,288.12,2.9367631296891794
2026-01-01,2025-2026,2015-16,01,00,Food and non-alcoholic Beverages,287.32,Food & non-alcoholic bev.,219.41583333333332,0.45575562383449997,287.32,3.2151453101986416
2026-02-01,2025-2026,2015-16,01,00,Food and non-alcoholic Beverages,284.29,Food & non-alcoholic bev.,219.41583333333332,0.45575562383449997,284.29,4.579899941141874
2026-03-01,2025-2026,2015-16,01,00,Food and non-alcoholic Beverages,284.32,Food & non-alcoholic bev.,219.41583333333332,0.45575562383449997,284.32,2.6277793820386863
2026-04-01,2025-2026,2015-16,01,00,Food and non-alcoholic Beverages,291.71,Food & non-alcoholic bev.,219.41583333333332,0.45575562383449997,291.71,7.471539623475665
2026-05-01,2025-2026,2015-16,01,00,Food and non-alcoholic Beverages,291.88,Food & non-alcoholic bev.,219.41583333333332,0.45575562383449997,291.88,6.782761396063508
2026-06-01,2025-2026,2015-16,01,00,Food and non-alcoholic Beverages,294.92,Food & non-alcoholic bev.,219.41583333333332,0.45575562383449997,294.92,8.706229266494647
2016-07-01,2016-2017,2007-08,05,00,Furnishing and household equipment maintenance,221.7,Furnishing & household eq.,217.37666666666667,0.46003097541901156,101.98886725039486,3.8261602585116794
2016-08-01,2016-2017,2007-08,05,00,Furnishing and household equipment maintenance,222.31,Furnishing & household eq.,217.37666666666667,0.46003097541901156,102.26948614540046,3.77649145738026
2016-09-01,2016-2017,2007-08,05,00,Furnishing and household equipment maintenance,222.27,Furnishing & household eq.,217.37666666666667,0.46003097541901156,102.25108490638371,3.4391288160834144
2016-10-01,2016-2017,2007-08,05,00,Furnishing and household equipment maintenance,222.66,Furnishing & household eq.,217.37666666666667,0.46003097541901156,102.43049698679711,3.3273005707921577
2016-11-01,2016-2017,2007-08,05,00,Furnishing and household equipment maintenance,223.21,Furnishing & household eq.,217.37666666666667,0.46003097541901156,102.68351402327757,3.4433219019371464
2016-12-01,2016-2017,2007-08,05,00,Furnishing and household equipment maintenance,223.65,Furnishing & household eq.,217.37666666666667,0.46003097541901156,102.88592765246193,3.169111541655134
2017-01-01,2016-2017,2007-08,05,00,Furnishing and household equipment maintenance,223.92,Furnishing & household eq.,217.37666666666667,0.46003097541901156,103.01013601582507,3.0796851263637626
2017-02-01,2016-2017,2007-08,05,00,Furnishing and household equipment maintenance,224.32,Furnishing & household eq.,217.37666666666667,0.46003097541901156,103.19414840599266,2.508796782890821
2017-03-01,2016-2017,2007-08,05,00,Furnishing and household equipment maintenance,224.59,Furnishing & household eq.,217.37666666666667,0.46003097541901156,103.3183567693558,2.318906605922555
2017-04-01,2016-2017,2007-08,05,00,Furnishing and household equipment maintenance,224.95,Furnishing & household eq.,217.37666666666667,0.46003097541901156,103.48396792050664,2.208187559634678
2017-05-01,2016-2017,2007-08,05,00,Furnishing and household equipment maintenance,226.42,Furnishing & household eq.,217.37666666666667,0.46003097541901156,104.1602134543726,2.587105251234645
2017-06-01,2016-2017,2007-08,05,00,Furnishing and household equipment maintenance,226.8,Furnishing & household eq.,217.37666666666667,0.46003097541901156,104.33502522503183,2.4020227560050733
2017-07-01,2017-2018,2007-08,05,00,Furnishing and household equipment maintenance,227.74,Furnishing & household eq.,217.37666666666667,0.46003097541901156,104.7674543419257,2.724402345511967
2017-08-01,2017-2018,2007-08,05,00,Furnishing and household equipment maintenance,228.05,Furnishing & household eq.,217.37666666666667,0.46003097541901156,104.91006394430559,2.581980117853444
2017-09-01,2017-2018,2007-08,05,00,Furnishing and household equipment maintenance,229.1,Furnishing & household eq.,217.37666666666667,0.46003097541901156,105.39309646849554,3.0728393395419884
2017-10-01,2017-2018,2007-08,05,00,Furnishing and household equipment maintenance,229.47,Furnishing & household eq.,217.37666666666667,0.46003097541901156,105.56330792940058,3.058474804634881
2017-11-01,2017-2018,2007-08,05,00,Furnishing and household equipment maintenance,230.52,Furnishing & household eq.,217.37666666666667,0.46003097541901156,106.04634045359055,3.2749428789032864
2017-12-01,2017-2018,2007-08,05,00,Furnishing and household equipment maintenance,230.93,Furnishing & household eq.,217.37666666666667,0.46003097541901156,106.23495315351234,3.2550860719874786
2018-01-01,2017-2018,2007-08,05,00,Furnishing and household equipment maintenance,232.97,Furnishing & household eq.,217.37666666666667,0.46003097541901156,107.17341634336712,4.041622007859957
2018-02-01,2017-2018,2007-08,05,00,Furnishing and household equipment maintenance,233.5,Furnishing & household eq.,217.37666666666667,0.46003097541901156,107.4172327603392,4.092368045649097
2018-03-01,2017-2018,2007-08,05,00,Furnishing and household equipment maintenance,234.67,Furnishing & household eq.,217.37666666666667,0.46003097541901156,107.95546900157943,4.4881784585244056
2018-04-01,2017-2018,2007-08,05,00,Furnishing and household equipment maintenance,239.29,Furnishing & household eq.,217.37666666666667,0.46003097541901156,110.08081210801527,6.374749944432101
2018-05-01,2017-2018,2007-08,05,00,Furnishing and household equipment maintenance,239.94,Furnishing & household eq.,217.37666666666667,0.46003097541901156,110.37983224203764,5.971203957247595
2018-06-01,2017-2018,2007-08,05,00,Furnishing and household equipment maintenance,240.51,Furnishing & household eq.,217.37666666666667,0.46003097541901156,110.64204989802647,6.044973544973531
2018-07-01,2018-2019,2007-08,05,00,Furnishing and household equipment maintenance,241.18,Furnishing & household eq.,217.37666666666667,0.46003097541901156,110.9502706515572,5.901466584701853
2018-08-01,2018-2019,2007-08,05,00,Furnishing and household equipment maintenance,242.2,Furnishing & household eq.,217.37666666666667,0.46003097541901156,111.4195022464846,6.204779653584724
2018-09-01,2018-2019,2007-08,05,00,Furnishing and household equipment maintenance,243.36,Furnishing & household eq.,217.37666666666667,0.46003097541901156,111.95313817797066,6.224356176342227
2018-10-01,2018-2019,2007-08,05,00,Furnishing and household equipment maintenance,245.5,Furnishing & household eq.,217.37666666666667,0.46003097541901156,112.93760446536734,6.985662613849319
2018-11-01,2018-2019,2007-08,05,00,Furnishing and household equipment maintenance,247.76,Furnishing & household eq.,217.37666666666667,0.46003097541901156,113.9772744698143,7.478743709873337
2018-12-01,2018-2019,2007-08,05,00,Furnishing and household equipment maintenance,250.22,Furnishing & household eq.,217.37666666666667,0.46003097541901156,115.10895066934508,8.353180617503142
2019-01-01,2018-2019,2007-08,05,00,Furnishing and household equipment maintenance,252.03,Furnishing & household eq.,217.37666666666667,0.46003097541901156,115.94160673485348,8.18131089839893
2019-02-01,2018-2019,2007-08,05,00,Furnishing and household equipment maintenance,255.07,Furnishing & household eq.,217.37666666666667,0.46003097541901156,117.34010090012727,9.237687366167012
2019-03-01,2018-2019,2007-08,05,00,Furnishing and household equipment maintenance,257,Furnishing & household eq.,217.37666666666667,0.46003097541901156,118.22796068268597,9.515489836792113
2019-04-01,2018-2019,2007-08,05,00,Furnishing and household equipment maintenance,259.19,Furnishing & household eq.,217.37666666666667,0.46003097541901156,119.23542851885361,8.316268962346962
2019-05-01,2018-2019,2007-08,05,00,Furnishing and household equipment maintenance,260.95,Furnishing & household eq.,217.37666666666667,0.46003097541901156,120.04508303559106,8.756355755605561
2019-06-01,2018-2019,2007-08,05,00,Furnishing and household equipment maintenance,262.78,Furnishing & household eq.,217.37666666666667,0.46003097541901156,120.88693972060784,9.259490249885637
2019-07-01,2019-2020,2015-16,05,00,Furnishing and household equipment maintenance,122.28,Furnishing & household eq.,217.37666666666667,0.46003097541901156,122.28,10.21153827017165
2019-08-01,2019-2020,2015-16,05,00,Furnishing and household equipment maintenance,123.05,Furnishing & household eq.,217.37666666666667,0.46003097541901156,123.05,10.43847577759427
2019-09-01,2019-2020,2015-16,05,00,Furnishing and household equipment maintenance,123.78,Furnishing & household eq.,217.37666666666667,0.46003097541901156,123.78,10.564118178829718
2019-10-01,2019-2020,2015-16,05,00,Furnishing and household equipment maintenance,124.64,Furnishing & household eq.,217.37666666666667,0.46003097541901156,124.64,10.361823761031896
2019-11-01,2019-2020,2015-16,05,00,Furnishing and household equipment maintenance,125.7,Furnishing & household eq.,217.37666666666667,0.46003097541901156,125.7,10.285142880206655
2019-12-01,2019-2020,2015-16,05,00,Furnishing and household equipment maintenance,126.59,Furnishing & household eq.,217.37666666666667,0.46003097541901156,126.59,9.974071750193158
2020-01-01,2019-2020,2015-16,05,00,Furnishing and household equipment maintenance,126.84,Furnishing & household eq.,217.37666666666667,0.46003097541901156,126.84,9.399898424790699
2020-02-01,2019-2020,2015-16,05,00,Furnishing and household equipment maintenance,127.57,Furnishing & household eq.,217.37666666666667,0.46003097541901156,127.57,8.718161158374826
2020-03-01,2019-2020,2015-16,05,00,Furnishing and household equipment maintenance,128.21,Furnishing & household eq.,217.37666666666667,0.46003097541901156,128.21,8.443044487678343
2020-04-01,2019-2020,2015-16,05,00,Furnishing and household equipment maintenance,128.45,Furnishing & household eq.,217.37666666666667,0.46003097541901156,128.45,7.7280482786115545
2020-05-01,2019-2020,2015-16,05,00,Furnishing and household equipment maintenance,128.8,Furnishing & household eq.,217.37666666666667,0.46003097541901156,128.8,7.293024206425258
2020-06-01,2019-2020,2015-16,05,00,Furnishing and household equipment maintenance,129.35,Furnishing & household eq.,217.37666666666667,0.46003097541901156,129.35,7.000806124261105
2020-07-01,2020-2021,2015-16,05,00,Furnishing and household equipment maintenance,130.01,Furnishing & household eq.,217.37666666666667,0.46003097541901156,130.01,6.321557082106621
2020-08-01,2020-2021,2015-16,05,00,Furnishing and household equipment maintenance,130.64,Furnishing & household eq.,217.37666666666667,0.46003097541901156,130.64,6.168224299065406
2020-09-01,2020-2021,2015-16,05,00,Furnishing and household equipment maintenance,131.57,Furnishing & household eq.,217.37666666666667,0.46003097541901156,131.57,6.293423816448529
2020-10-01,2020-2021,2015-16,05,00,Furnishing and household equipment maintenance,132.88,Furnishing & household eq.,217.37666666666667,0.46003097541901156,132.88,6.611039794608464
2020-11-01,2020-2021,2015-16,05,00,Furnishing and household equipment maintenance,133.72,Furnishing & household eq.,217.37666666666667,0.46003097541901156,133.72,6.380270485282424
2020-12-01,2020-2021,2015-16,05,00,Furnishing and household equipment maintenance,134.34,Furnishing & household eq.,217.37666666666667,0.46003097541901156,134.34,6.122126550280438
2021-01-01,2020-2021,2015-16,05,00,Furnishing and household equipment maintenance,134.95,Furnishing & household eq.,217.37666666666667,0.46003097541901156,134.95,6.393882056133693
2021-02-01,2020-2021,2015-16,05,00,Furnishing and household equipment maintenance,137.06,Furnishing & household eq.,217.37666666666667,0.46003097541901156,137.06,7.439053068903356
2021-03-01,2020-2021,2015-16,05,00,Furnishing and household equipment maintenance,138.33,Furnishing & household eq.,217.37666666666667,0.46003097541901156,138.33,7.893300054597918
2021-04-01,2020-2021,2015-16,05,00,Furnishing and household equipment maintenance,139.46,Furnishing & household eq.,217.37666666666667,0.46003097541901156,139.46,8.571428571428585
2021-05-01,2020-2021,2015-16,05,00,Furnishing and household equipment maintenance,140.17,Furnishing & household eq.,217.37666666666667,0.46003097541901156,140.17,8.827639751552784
2021-06-01,2020-2021,2015-16,05,00,Furnishing and household equipment maintenance,140.9,Furnishing & household eq.,217.37666666666667,0.46003097541901156,140.9,8.929261693080793
2021-07-01,2021-2022,2015-16,05,00,Furnishing and household equipment maintenance,142.29,Furnishing & household eq.,217.37666666666667,0.46003097541901156,142.29,9.445427274825025
2021-08-01,2021-2022,2015-16,05,00,Furnishing and household equipment maintenance,142.88,Furnishing & household eq.,217.37666666666667,0.46003097541901156,142.88,9.369259032455602
2021-09-01,2021-2022,2015-16,05,00,Furnishing and household equipment maintenance,144.03,Furnishing & household eq.,217.37666666666667,0.46003097541901156,144.03,9.470243976590421
2021-10-01,2021-2022,2015-16,05,00,Furnishing and household equipment maintenance,144.99,Furnishing & household eq.,217.37666666666667,0.46003097541901156,144.99,9.113485851896463
2021-11-01,2021-2022,2015-16,05,00,Furnishing and household equipment maintenance,147.02,Furnishing & household eq.,217.37666666666667,0.46003097541901156,147.02,9.946156147173202
2021-12-01,2021-2022,2015-16,05,00,Furnishing and household equipment maintenance,149.61,Furnishing & household eq.,217.37666666666667,0.46003097541901156,149.61,11.366681554265302
2022-01-01,2021-2022,2015-16,05,00,Furnishing and household equipment maintenance,150.95,Furnishing & household eq.,217.37666666666667,0.46003097541901156,150.95,11.856243052982585
2022-02-01,2021-2022,2015-16,05,00,Furnishing and household equipment maintenance,154.01,Furnishing & household eq.,217.37666666666667,0.46003097541901156,154.01,12.366846636509553
2022-03-01,2021-2022,2015-16,05,00,Furnishing and household equipment maintenance,155.73,Furnishing & household eq.,217.37666666666667,0.46003097541901156,155.73,12.578616352201234
2022-04-01,2021-2022,2015-16,05,00,Furnishing and household equipment maintenance,158.29,Furnishing & household eq.,217.37666666666667,0.46003097541901156,158.29,13.50207944930444
2022-05-01,2021-2022,2015-16,05,00,Furnishing and household equipment maintenance,161.43,Furnishing & household eq.,217.37666666666667,0.46003097541901156,161.43,15.167296853820368
2022-06-01,2021-2022,2015-16,05,00,Furnishing and household equipment maintenance,165.68,Furnishing & household eq.,217.37666666666667,0.46003097541901156,165.68,17.58694109297374
2022-07-01,2022-2023,2015-16,05,00,Furnishing and household equipment maintenance,168.11,Furnishing & household eq.,217.37666666666667,0.46003097541901156,168.11,18.146039777918354
2022-08-01,2022-2023,2015-16,05,00,Furnishing and household equipment maintenance,171.9,Furnishing & household eq.,217.37666666666667,0.46003097541901156,171.9,20.310750279955215
2022-09-01,2022-2023,2015-16,05,00,Furnishing and household equipment maintenance,179.01,Furnishing & household eq.,217.37666666666667,0.46003097541901156,179.01,24.286606956883983
2022-10-01,2022-2023,2015-16,05,00,Furnishing and household equipment maintenance,184.97,Furnishing & household eq.,217.37666666666667,0.46003097541901156,184.97,27.574315470032417
2022-11-01,2022-2023,2015-16,05,00,Furnishing and household equipment maintenance,189.7,Furnishing & household eq.,217.37666666666667,0.46003097541901156,189.7,29.030063936879323
2022-12-01,2022-2023,2015-16,05,00,Furnishing and household equipment maintenance,194.05,Furnishing & household eq.,217.37666666666667,0.46003097541901156,194.05,29.703896798342356
2023-01-01,2022-2023,2015-16,05,00,Furnishing and household equipment maintenance,196.16,Furnishing & household eq.,217.37666666666667,0.46003097541901156,196.16,29.950314673733036
2023-02-01,2022-2023,2015-16,05,00,Furnishing and household equipment maintenance,206.59,Furnishing & household eq.,217.37666666666667,0.46003097541901156,206.59,34.14064021816765
2023-03-01,2022-2023,2015-16,05,00,Furnishing and household equipment maintenance,217.4,Furnishing & household eq.,217.37666666666667,0.46003097541901156,217.4,39.6005907660695
2023-04-01,2022-2023,2015-16,05,00,Furnishing and household equipment maintenance,222.82,Furnishing & household eq.,217.37666666666667,0.46003097541901156,222.82,40.766946743319224
2023-05-01,2022-2023,2015-16,05,00,Furnishing and household equipment maintenance,229.36,Furnishing & household eq.,217.37666666666667,0.46003097541901156,229.36,42.0801585826674
2023-06-01,2022-2023,2015-16,05,00,Furnishing and household equipment maintenance,233.01,Furnishing & household eq.,217.37666666666667,0.46003097541901156,233.01,40.63858039594397
2023-07-01,2023-2024,2015-16,05,00,Furnishing and household equipment maintenance,237.21,Furnishing & household eq.,217.37666666666667,0.46003097541901156,237.21,41.104039022068875
2023-08-01,2023-2024,2015-16,05,00,Furnishing and household equipment maintenance,243,Furnishing & household eq.,217.37666666666667,0.46003097541901156,243,41.36125654450262
2023-09-01,2023-2024,2015-16,05,00,Furnishing and household equipment maintenance,246.47,Furnishing & household eq.,217.37666666666667,0.46003097541901156,246.47,37.68504552818279
2023-10-01,2023-2024,2015-16,05,00,Furnishing and household equipment maintenance,248.56,Furnishing & household eq.,217.37666666666667,0.46003097541901156,248.56,34.378547872628
2023-11-01,2023-2024,2015-16,05,00,Furnishing and household equipment maintenance,250.25,Furnishing & household eq.,217.37666666666667,0.46003097541901156,250.25,31.918819188191883
2023-12-01,2023-2024,2015-16,05,00,Furnishing and household equipment maintenance,252.29,Furnishing & household eq.,217.37666666666667,0.46003097541901156,252.29,30.012883277505775
2024-01-01,2023-2024,2015-16,05,00,Furnishing and household equipment maintenance,253.34,Furnishing & household eq.,217.37666666666667,0.46003097541901156,253.34,29.149673735725944
2024-02-01,2023-2024,2015-16,05,00,Furnishing and household equipment maintenance,255.2,Furnishing & household eq.,217.37666666666667,0.46003097541901156,255.2,23.52969650031462
2024-03-01,2023-2024,2015-16,05,00,Furnishing and household equipment maintenance,256.37,Furnishing & household eq.,217.37666666666667,0.46003097541901156,256.37,17.925482980680773
2024-04-01,2023-2024,2015-16,05,00,Furnishing and household equipment maintenance,257.23,Furnishing & household eq.,217.37666666666667,0.46003097541901156,257.23,15.4429584417916
2024-05-01,2023-2024,2015-16,05,00,Furnishing and household equipment maintenance,257.55,Furnishing & household eq.,217.37666666666667,0.46003097541901156,257.55,12.29072200906871
2024-06-01,2023-2024,2015-16,05,00,Furnishing and household equipment maintenance,258.39,Furnishing & household eq.,217.37666666666667,0.46003097541901156,258.39,10.892236384704512
2024-07-01,2024-2025,2015-16,05,00,Furnishing and household equipment maintenance,259.61,Furnishing & household eq.,217.37666666666667,0.46003097541901156,259.61,9.443109481050538
2024-08-01,2024-2025,2015-16,05,00,Furnishing and household equipment maintenance,259.86,Furnishing & household eq.,217.37666666666667,0.46003097541901156,259.86,6.938271604938273
2024-09-01,2024-2025,2015-16,05,00,Furnishing and household equipment maintenance,258.43,Furnishing & household eq.,217.37666666666667,0.46003097541901156,258.43,4.852517547774582
2024-10-01,2024-2025,2015-16,05,00,Furnishing and household equipment maintenance,261.24,Furnishing & household eq.,217.37666666666667,0.46003097541901156,261.24,5.101383971676854
2024-11-01,2024-2025,2015-16,05,00,Furnishing and household equipment maintenance,264.13,Furnishing & household eq.,217.37666666666667,0.46003097541901156,264.13,5.546453546453534
2024-12-01,2024-2025,2015-16,05,00,Furnishing and household equipment maintenance,263.2,Furnishing & household eq.,217.37666666666667,0.46003097541901156,263.2,4.324388600420148
2025-01-01,2024-2025,2015-16,05,00,Furnishing and household equipment maintenance,264.44,Furnishing & household eq.,217.37666666666667,0.46003097541901156,264.44,4.38146364569354
2025-02-01,2024-2025,2015-16,05,00,Furnishing and household equipment maintenance,264.72,Furnishing & household eq.,217.37666666666667,0.46003097541901156,264.72,3.7304075235109924
2025-03-01,2024-2025,2015-16,05,00,Furnishing and household equipment maintenance,264.94,Furnishing & household eq.,217.37666666666667,0.46003097541901156,264.94,3.3428248234972813
2025-04-01,2024-2025,2015-16,05,00,Furnishing and household equipment maintenance,267.22,Furnishing & household eq.,217.37666666666667,0.46003097541901156,267.22,3.8836838626909786
2025-05-01,2024-2025,2015-16,05,00,Furnishing and household equipment maintenance,267.57,Furnishing & household eq.,217.37666666666667,0.46003097541901156,267.57,3.8905066977285907
2025-06-01,2024-2025,2015-16,05,00,Furnishing and household equipment maintenance,267.58,Furnishing & household eq.,217.37666666666667,0.46003097541901156,267.58,3.5566391888230964
2016-07-01,2016-2017,2007-08,00,00,General,210.08,General,203.81916666666666,0.4906309923420679,103.07175887122163,4.123711340206193
2016-08-01,2016-2017,2007-08,00,00,General,209.46,General,203.81916666666666,0.4906309923420679,102.76756765596954,3.5648949320148393
2016-09-01,2016-2017,2007-08,00,00,General,209.88,General,203.81916666666666,0.4906309923420679,102.97363267275321,3.880419718867545
2016-10-01,2016-2017,2007-08,00,00,General,211.57,General,203.81916666666666,0.4906309923420679,103.80279904981131,4.206274934738707
2016-11-01,2016-2017,2007-08,00,00,General,212.01,General,203.81916666666666,0.4906309923420679,104.01867668644182,3.8145137596709455
2016-12-01,2016-2017,2007-08,00,00,General,210.57,General,203.81916666666666,0.4906309923420679,103.31216805746924,3.698414261794536
2017-01-01,2016-2017,2007-08,00,00,General,210.94,General,203.81916666666666,0.4906309923420679,103.49370152463581,3.661113568234309
2017-02-01,2016-2017,2007-08,00,00,General,211.54,General,203.81916666666666,0.4906309923420679,103.78808012004104,4.217164252635741
2017-03-01,2016-2017,2007-08,00,00,General,213.32,General,203.81916666666666,0.4906309923420679,104.66140328640992,4.939000393545845
2017-04-01,2016-2017,2007-08,00,00,General,216.3,General,203.81916666666666,0.4906309923420679,106.1234836435893,4.781281790437442
2017-05-01,2016-2017,2007-08,00,00,General,216.33,General,203.81916666666666,0.4906309923420679,106.13820257335956,5.019661148599441
2017-06-01,2016-2017,2007-08,00,00,General,215.45,General,203.81916666666666,0.4906309923420679,105.70644730009853,3.9315002411963285
2017-07-01,2017-2018,2007-08,00,00,General,216.19,General,203.81916666666666,0.4906309923420679,106.06951423443167,2.9084158415841666
2017-08-01,2017-2018,2007-08,00,00,General,216.61,General,203.81916666666666,0.4906309923420679,106.27557925121533,3.4135395779623767
2017-09-01,2017-2018,2007-08,00,00,General,217.98,General,203.81916666666666,0.4906309923420679,106.94774371072396,3.8593481989708245
2017-10-01,2017-2018,2007-08,00,00,General,219.61,General,203.81916666666666,0.4906309923420679,107.74747222824155,3.8001607033133267
2017-11-01,2017-2018,2007-08,00,00,General,220.42,General,203.81916666666666,0.4906309923420679,108.1448833320386,3.966794019150033
2017-12-01,2017-2018,2007-08,00,00,General,220.2,General,203.81916666666666,0.4906309923420679,108.03694451372336,4.5733010400341945
2018-01-01,2017-2018,2007-08,00,00,General,220.27,General,203.81916666666666,0.4906309923420679,108.0712886831873,4.423058689674786
2018-02-01,2017-2018,2007-08,00,00,General,219.58,General,203.81916666666666,0.4906309923420679,107.73275329847128,3.800699631275428
2018-03-01,2017-2018,2007-08,00,00,General,220.25,General,203.81916666666666,0.4906309923420679,108.06147606334046,3.2486405400337537
2018-04-01,2017-2018,2007-08,00,00,General,224.25,General,203.81916666666666,0.4906309923420679,110.02400003270873,3.675450762829402
2018-05-01,2017-2018,2007-08,00,00,General,225.4,General,203.81916666666666,0.4906309923420679,110.58822567390212,4.192668608144956
2018-06-01,2017-2018,2007-08,00,00,General,226.67,General,203.81916666666666,0.4906309923420679,111.21132703417653,5.207704803898827
2018-07-01,2018-2019,2007-08,00,00,General,228.8,General,203.81916666666666,0.4906309923420679,112.25637104786514,5.832832230908003
2018-08-01,2018-2019,2007-08,00,00,General,229.27,General,203.81916666666666,0.4906309923420679,112.48696761426592,5.8446055122108875
2018-09-01,2018-2019,2007-08,00,00,General,229.12,General,203.81916666666666,0.4906309923420679,112.41337296541461,5.110560601890102
2018-10-01,2018-2019,2007-08,00,00,General,234.49,General,203.81916666666666,0.4906309923420679,115.04806139429151,6.775647739173984
2018-11-01,2018-2019,2007-08,00,00,General,234.76,General,203.81916666666666,0.4906309923420679,115.18053176222386,6.505761727610926
2018-12-01,2018-2019,2007-08,00,00,General,233.78,General,203.81916666666666,0.4906309923420679,114.69971338972864,6.167120799273396
2019-01-01,2018-2019,2007-08,00,00,General,236.11,General,203.81916666666666,0.4906309923420679,115.84288360188566,7.191174467698724
2019-02-01,2018-2019,2007-08,00,00,General,237.61,General,203.81916666666666,0.4906309923420679,116.57883009039877,8.211130339739503
2019-03-01,2018-2019,2007-08,00,00,General,240.99,General,203.81916666666666,0.4906309923420679,118.23716284451496,9.416572077185027
2019-04-01,2018-2019,2007-08,00,00,General,244.03,General,203.81916666666666,0.4906309923420679,119.72868106123484,8.820512820512839
2019-05-01,2018-2019,2007-08,00,00,General,245.94,General,203.81916666666666,0.4906309923420679,120.66578625660819,9.112688553682347
2019-06-01,2018-2019,2007-08,00,00,General,246.82,General,203.81916666666666,0.4906309923420679,121.0975415298692,8.889575153306573
2019-07-01,2019-2020,2015-16,00,00,General,124.95,General,203.81916666666666,0.4906309923420679,124.95,11.307713614510483
2019-08-01,2019-2020,2015-16,00,00,General,126.77,General,203.81916666666666,0.4906309923420679,126.77,12.697499709222004
2019-09-01,2019-2020,2015-16,00,00,General,127.72,General,203.81916666666666,0.4906309923420679,127.72,13.616375552839855
2019-10-01,2019-2020,2015-16,00,00,General,129.75,General,203.81916666666666,0.4906309923420679,129.75,12.778953793338733
2019-11-01,2019-2020,2015-16,00,00,General,131.05,General,203.81916666666666,0.4906309923420679,131.05,13.77790846680298
2019-12-01,2019-2020,2015-16,00,00,General,130.57,General,203.81916666666666,0.4906309923420679,130.57,13.836378610944756
2020-01-01,2019-2020,2015-16,00,00,General,132.77,General,203.81916666666666,0.4906309923420679,132.77,14.612133151214834
2020-02-01,2019-2020,2015-16,00,00,General,131.32,General,203.81916666666666,0.4906309923420679,131.32,12.64480857988579
2020-03-01,2019-2020,2015-16,00,00,General,131.49,General,203.81916666666666,0.4906309923420679,131.49,11.208690090875152
2020-04-01,2019-2020,2015-16,00,00,General,130.6,General,203.81916666666666,0.4906309923420679,130.6,9.079962163122012
2020-05-01,2019-2020,2015-16,00,00,General,130.99,General,203.81916666666666,0.4906309923420679,130.99,8.556040667100383
2020-06-01,2019-2020,2015-16,00,00,General,131.89,General,203.81916666666666,0.4906309923420679,131.89,8.912202786105915
2020-07-01,2020-2021,2015-16,00,00,General,134.73,General,203.81916666666666,0.4906309923420679,134.73,7.827130852340924
2020-08-01,2020-2021,2015-16,00,00,General,135.82,General,203.81916666666666,0.4906309923420679,135.82,7.13891299203282
2020-09-01,2020-2021,2015-16,00,00,General,137.53,General,203.81916666666666,0.4906309923420679,137.53,7.680864390855002
2020-10-01,2020-2021,2015-16,00,00,General,139.27,General,203.81916666666666,0.4906309923420679,139.27,7.337186897880543
2020-11-01,2020-2021,2015-16,00,00,General,140.16,General,203.81916666666666,0.4906309923420679,140.16,6.951545211751231
2020-12-01,2020-2021,2015-16,00,00,General,139.67,General,203.81916666666666,0.4906309923420679,139.67,6.969441678792987
2021-01-01,2020-2021,2015-16,00,00,General,139.45,General,203.81916666666666,0.4906309923420679,139.45,5.03125706108305
2021-02-01,2020-2021,2015-16,00,00,General,142.61,General,203.81916666666666,0.4906309923420679,142.61,8.597319524824876
2021-03-01,2020-2021,2015-16,00,00,General,142.99,General,203.81916666666666,0.4906309923420679,142.99,8.745912236671982
2021-04-01,2020-2021,2015-16,00,00,General,144.91,General,203.81916666666666,0.4906309923420679,144.91,10.957120980091894
2021-05-01,2020-2021,2015-16,00,00,General,145.19,General,203.81916666666666,0.4906309923420679,145.19,10.840522177265433
2021-06-01,2020-2021,2015-16,00,00,General,144.55,General,203.81916666666666,0.4906309923420679,144.55,9.598908181059995
2021-07-01,2021-2022,2015-16,00,00,General,146.41,General,203.81916666666666,0.4906309923420679,146.41,8.669190232316492
2021-08-01,2021-2022,2015-16,00,00,General,147.12,General,203.81916666666666,0.4906309923420679,147.12,8.31983507583567
2021-09-01,2021-2022,2015-16,00,00,General,150.08,General,203.81916666666666,0.4906309923420679,150.08,9.125281756707636
2021-10-01,2021-2022,2015-16,00,00,General,152.59,General,203.81916666666666,0.4906309923420679,152.59,9.564155956056574
2021-11-01,2021-2022,2015-16,00,00,General,156.96,General,203.81916666666666,0.4906309923420679,156.96,11.986301369863028
2021-12-01,2021-2022,2015-16,00,00,General,157.46,General,203.81916666666666,0.4906309923420679,157.46,12.737166177418224
2022-01-01,2021-2022,2015-16,00,00,General,157.56,General,203.81916666666666,0.4906309923420679,157.56,12.986733596271073
2022-02-01,2021-2022,2015-16,00,00,General,159.03,General,203.81916666666666,0.4906309923420679,159.03,11.513919080008407
2022-03-01,2021-2022,2015-16,00,00,General,160.07,General,203.81916666666666,0.4906309923420679,160.07,11.944891251136426
2022-04-01,2021-2022,2015-16,00,00,General,162.63,General,203.81916666666666,0.4906309923420679,162.63,12.228279621834236
2022-05-01,2021-2022,2015-16,00,00,General,163.13,General,203.81916666666666,0.4906309923420679,163.13,12.356222880363665
2022-06-01,2021-2022,2015-16,00,00,General,173.23,General,203.81916666666666,0.4906309923420679,173.23,19.840885506745053
2022-07-01,2022-2023,2015-16,00,00,General,180.95,General,203.81916666666666,0.4906309923420679,180.95,23.591284748309537
2022-08-01,2022-2023,2015-16,00,00,General,185.72,General,203.81916666666666,0.4906309923420679,185.72,26.237085372485037
2022-09-01,2022-2023,2015-16,00,00,General,181.9,General,203.81916666666666,0.4906309923420679,181.9,21.202025586353933
2022-10-01,2022-2023,2015-16,00,00,General,190.08,General,203.81916666666666,0.4906309923420679,190.08,24.56910675666819
2022-11-01,2022-2023,2015-16,00,00,General,190.8,General,203.81916666666666,0.4906309923420679,190.8,21.559633027522928
2022-12-01,2022-2023,2015-16,00,00,General,191.46,General,203.81916666666666,0.4906309923420679,191.46,21.59278546932555
2023-01-01,2022-2023,2015-16,00,00,General,195.97,General,203.81916666666666,0.4906309923420679,195.97,24.378014724549367
2023-02-01,2022-2023,2015-16,00,00,General,204.87,General,203.81916666666666,0.4906309923420679,204.87,28.82475004716092
2023-03-01,2022-2023,2015-16,00,00,General,212.85,General,203.81916666666666,0.4906309923420679,212.85,32.97307428000249
2023-04-01,2022-2023,2015-16,00,00,General,217.11,General,203.81916666666666,0.4906309923420679,217.11,33.49935436266374
2023-05-01,2022-2023,2015-16,00,00,General,220.37,General,203.81916666666666,0.4906309923420679,220.37,35.08857966039356
2023-06-01,2022-2023,2015-16,00,00,General,220.59,General,203.81916666666666,0.4906309923420679,220.59,27.339375396871212
2023-07-01,2023-2024,2015-16,00,00,General,228.47,General,203.81916666666666,0.4906309923420679,228.47,26.261398176291806
2023-08-01,2023-2024,2015-16,00,00,General,232.12,General,203.81916666666666,0.4906309923420679,232.12,24.983846650872277
2023-09-01,2023-2024,2015-16,00,00,General,235.99,General,203.81916666666666,0.4906309923420679,235.99,29.736118746564056
2023-10-01,2023-2024,2015-16,00,00,General,238.51,General,203.81916666666666,0.4906309923420679,238.51,25.47874579124578
2023-11-01,2023-2024,2015-16,00,00,General,248.87,General,203.81916666666666,0.4906309923420679,248.87,30.435010482180292
2023-12-01,2023-2024,2015-16,00,00,General,250.68,General,203.81916666666666,0.4906309923420679,250.68,30.930742713882786
2024-01-01,2023-2024,2015-16,00,00,General,255.22,General,203.81916666666666,0.4906309923420679,255.22,30.234219523396444
2024-02-01,2023-2024,2015-16,00,00,General,255.82,General,203.81916666666666,0.4906309923420679,255.82,24.86942939425001
2024-03-01,2023-2024,2015-16,00,00,General,259.47,General,203.81916666666666,0.4906309923420679,259.47,21.90274841437634
2024-04-01,2023-2024,2015-16,00,00,General,259.24,General,203.81916666666666,0.4906309923420679,259.24,19.40490995347981
2024-05-01,2023-2024,2015-16,00,00,General,251.99,General,203.81916666666666,0.4906309923420679,251.99,14.348595543858057
2024-06-01,2023-2024,2015-16,00,00,General,253.44,General,203.81916666666666,0.4906309923420679,253.44,14.891880864953077
2024-07-01,2024-2025,2015-16,00,00,General,258.59,General,203.81916666666666,0.4906309923420679,258.59,13.183350111612025
2024-08-01,2024-2025,2015-16,00,00,General,259.3,General,203.81916666666666,0.4906309923420679,259.3,11.70946062381526
2024-09-01,2024-2025,2015-16,00,00,General,257.92,General,203.81916666666666,0.4906309923420679,257.92,9.29276664265435
2024-10-01,2024-2025,2015-16,00,00,General,260.64,General,203.81916666666666,0.4906309923420679,260.64,9.278436962810787
2024-11-01,2024-2025,2015-16,00,00,General,261.92,General,203.81916666666666,0.4906309923420679,261.92,5.243701530919753
2024-12-01,2024-2025,2015-16,00,00,General,261.67,General,203.81916666666666,0.4906309923420679,261.67,4.384075315142821
2025-01-01,2024-2025,2015-16,00,00,General,262.17,General,203.81916666666666,0.4906309923420679,262.17,2.7231408196849882
2025-02-01,2024-2025,2015-16,00,00,General,260.46,General,203.81916666666666,0.4906309923420679,260.46,1.8137753107653865
2025-03-01,2024-2025,2015-16,00,00,General,262.48,General,203.81916666666666,0.4906309923420679,262.48,1.1600570393494491
2025-04-01,2024-2025,2015-16,00,00,General,260.65,General,203.81916666666666,0.4906309923420679,260.65,0.5438975466748763
2025-05-01,2024-2025,2015-16,00,00,General,260.84,General,203.81916666666666,0.4906309923420679,260.84,3.5120441287352477
2025-06-01,2024-2025,2015-16,00,00,General,261.04,General,203.81916666666666,0.4906309923420679,261.04,2.9987373737373924
2025-07-01,2025-2026,2015-16,00,00,General,270.04,General,203.81916666666666,0.4906309923420679,270.04,4.427858772574367
2025-08-01,2025-2026,2015-16,00,00,General,268.26,General,203.81916666666666,0.4906309923420679,268.26,3.455456999614337
2025-09-01,2025-2026,2015-16,00,00,General,272.53,General,203.81916666666666,0.4906309923420679,272.53,5.664547146401966
2025-10-01,2025-2026,2015-16,00,00,General,276.28,General,203.81916666666666,0.4906309923420679,276.28,6.000613873542049
2025-11-01,2025-2026,2015-16,00,00,General,277.77,General,203.81916666666666,0.4906309923420679,277.77,6.05146609651801
2025-12-01,2025-2026,2015-16,00,00,General,276.76,General,203.81916666666666,0.4906309923420679,276.76,5.76680551840103
2026-01-01,2025-2026,2015-16,00,00,General,277.41,General,203.81916666666666,0.4906309923420679,277.41,5.813022084906749
2026-02-01,2025-2026,2015-16,00,00,General,278.15,General,203.81916666666666,0.4906309923420679,278.15,6.791829839514696
2026-03-01,2025-2026,2015-16,00,00,General,281.87,General,203.81916666666666,0.4906309923420679,281.87,7.387229503200232
2026-04-01,2025-2026,2015-16,00,00,General,289.61,General,203.81916666666666,0.4906309923420679,289.61,11.110684826395566
2026-05-01,2025-2026,2015-16,00,00,General,291.58,General,203.81916666666666,0.4906309923420679,291.58,11.785002300260693
2026-06-01,2025-2026,2015-16,00,00,General,290.2,General,203.81916666666666,0.4906309923420679,290.2,11.170701808151984
2016-07-01,2016-2017,2007-08,06,00,Health,187.84,Health,182.68583333333333,0.5473878197086984,102.82132805408192,4.99133642613605
2016-08-01,2016-2017,2007-08,06,00,Health,189.42,Health,182.68583333333333,0.5473878197086984,103.68620080922165,5.815317580023449
2016-09-01,2016-2017,2007-08,06,00,Health,192,Health,182.68583333333333,0.5473878197086984,105.0984613840701,6.957829647373415
2016-10-01,2016-2017,2007-08,06,00,Health,193.78,Health,182.68583333333333,0.5473878197086984,106.07281170315159,7.853286580953989
2016-11-01,2016-2017,2007-08,06,00,Health,195.28,Health,182.68583333333333,0.5473878197086984,106.89389343271463,8.134448197574606
2016-12-01,2016-2017,2007-08,06,00,Health,195.93,Health,182.68583333333333,0.5473878197086984,107.24969551552529,8.350384338881822
2017-01-01,2016-2017,2007-08,06,00,Health,208.45,Health,182.68583333333333,0.5473878197086984,114.10299101827817,14.880132267842372
2017-02-01,2016-2017,2007-08,06,00,Health,210.17,Health,182.68583333333333,0.5473878197086984,115.04449806817715,14.111195569551516
2017-03-01,2016-2017,2007-08,06,00,Health,211.21,Health,182.68583333333333,0.5473878197086984,115.6137814006742,13.749461439034881
2017-04-01,2016-2017,2007-08,06,00,Health,212.43,Health,182.68583333333333,0.5473878197086984,116.28159454071881,13.42303379785359
2017-05-01,2016-2017,2007-08,06,00,Health,212.65,Health,182.68583333333333,0.5473878197086984,116.40201986105473,13.45569012431309
2017-06-01,2016-2017,2007-08,06,00,Health,212.66,Health,182.68583333333333,0.5473878197086984,116.4074937392518,13.30988917306053
2017-07-01,2017-2018,2007-08,06,00,Health,212.91,Health,182.68583333333333,0.5473878197086984,116.54434069417898,13.346465076660996
2017-08-01,2017-2018,2007-08,06,00,Health,213.05,Health,182.68583333333333,0.5473878197086984,116.6209749889382,12.474923450533225
2017-09-01,2017-2018,2007-08,06,00,Health,213.9,Health,182.68583333333333,0.5473878197086984,117.0862546356906,11.406249999999996
2017-10-01,2017-2018,2007-08,06,00,Health,214.27,Health,182.68583333333333,0.5473878197086984,117.28878812898282,10.573846630199203
2017-11-01,2017-2018,2007-08,06,00,Health,214.79,Health,182.68583333333333,0.5473878197086984,117.57342979523133,9.990782466202376
2017-12-01,2017-2018,2007-08,06,00,Health,217.33,Health,182.68583333333333,0.5473878197086984,118.96379485729143,10.922268156994841
2018-01-01,2017-2018,2007-08,06,00,Health,218.26,Health,182.68583333333333,0.5473878197086984,119.47286552962052,4.70616454785322
2018-02-01,2017-2018,2007-08,06,00,Health,220.58,Health,182.68583333333333,0.5473878197086984,120.74280527134471,4.953133177903601
2018-03-01,2017-2018,2007-08,06,00,Health,221.26,Health,182.68583333333333,0.5473878197086984,121.11502898874662,4.75829742909899
2018-04-01,2017-2018,2007-08,06,00,Health,223.08,Health,182.68583333333333,0.5473878197086984,122.11127482061646,5.013416184154784
2018-05-01,2017-2018,2007-08,06,00,Health,223.74,Health,182.68583333333333,0.5473878197086984,122.4725507816242,5.215142252527638
2018-06-01,2017-2018,2007-08,06,00,Health,224.36,Health,182.68583333333333,0.5473878197086984,122.8119312298436,5.501739866453503
2018-07-01,2018-2019,2007-08,06,00,Health,224.67,Health,182.68583333333333,0.5473878197086984,122.98162145395327,5.523460617162179
2018-08-01,2018-2019,2007-08,06,00,Health,225.2,Health,182.68583333333333,0.5473878197086984,123.27173699839888,5.702886646327143
2018-09-01,2018-2019,2007-08,06,00,Health,226.78,Health,182.68583333333333,0.5473878197086984,124.13660975353864,6.021505376344094
2018-10-01,2018-2019,2007-08,06,00,Health,234.03,Health,182.68583333333333,0.5473878197086984,128.10517144642668,9.22200961403834
2018-11-01,2018-2019,2007-08,06,00,Health,235.09,Health,182.68583333333333,0.5473878197086984,128.6854025353179,9.451091764048591
2018-12-01,2018-2019,2007-08,06,00,Health,235.75,Health,182.68583333333333,0.5473878197086984,129.04667849632565,8.475590116412835
2019-01-01,2018-2019,2007-08,06,00,Health,236.58,Health,182.68583333333333,0.5473878197086984,129.50101038668387,8.393658938880222
2019-02-01,2018-2019,2007-08,06,00,Health,237.67,Health,182.68583333333333,0.5473878197086984,130.09766311016634,7.747755916220855
2019-03-01,2018-2019,2007-08,06,00,Health,239.12,Health,182.68583333333333,0.5473878197086984,130.89137544874396,8.071951550212408
2019-04-01,2018-2019,2007-08,06,00,Health,241.75,Health,182.68583333333333,0.5473878197086984,132.33100541457785,8.369194907656441
2019-05-01,2018-2019,2007-08,06,00,Health,243.18,Health,182.68583333333333,0.5473878197086984,133.11376999676128,8.688656476267088
2019-06-01,2018-2019,2007-08,06,00,Health,243.63,Health,182.68583333333333,0.5473878197086984,133.3600945156302,8.588875022285603
2019-07-01,2019-2020,2015-16,06,00,Health,133.63,Health,182.68583333333333,0.5473878197086984,133.63,8.658512076972169
2019-08-01,2019-2020,2015-16,06,00,Health,133.97,Health,182.68583333333333,0.5473878197086984,133.97,8.678601650384854
2019-09-01,2019-2020,2015-16,06,00,Health,134.58,Health,182.68583333333333,0.5473878197086984,134.58,8.41282057500663
2019-10-01,2019-2020,2015-16,06,00,Health,135.68,Health,182.68583333333333,0.5473878197086984,135.68,5.912976399037184
2019-11-01,2019-2020,2015-16,06,00,Health,136.36,Health,182.68583333333333,0.5473878197086984,136.36,5.96384462688051
2019-12-01,2019-2020,2015-16,06,00,Health,137.1,Health,182.68583333333333,0.5473878197086984,137.1,6.240626723223763
2020-01-01,2019-2020,2015-16,06,00,Health,137.89,Health,182.68583333333333,0.5473878197086984,137.89,6.477933715163298
2020-02-01,2019-2020,2015-16,06,00,Health,138.29,Health,182.68583333333333,0.5473878197086984,138.29,6.297066906495008
2020-03-01,2019-2020,2015-16,06,00,Health,139.56,Health,182.68583333333333,0.5473878197086984,139.56,6.622762211441957
2020-04-01,2019-2020,2015-16,06,00,Health,139.6,Health,182.68583333333333,0.5473878197086984,139.6,5.493039641502939
2020-05-01,2019-2020,2015-16,06,00,Health,139.92,Health,182.68583333333333,0.5473878197086984,139.92,5.113092359569049
2020-06-01,2019-2020,2015-16,06,00,Health,140.28,Health,182.68583333333333,0.5473878197086984,140.28,5.188887657513441
2020-07-01,2020-2021,2015-16,06,00,Health,141.55,Health,182.68583333333333,0.5473878197086984,141.55,5.926812841427842
2020-08-01,2020-2021,2015-16,06,00,Health,142.89,Health,182.68583333333333,0.5473878197086984,142.89,6.658207061282373
2020-09-01,2020-2021,2015-16,06,00,Health,144.31,Health,182.68583333333333,0.5473878197086984,144.31,7.229900430970426
2020-10-01,2020-2021,2015-16,06,00,Health,145.63,Health,182.68583333333333,0.5473878197086984,145.63,7.333431603773577
2020-11-01,2020-2021,2015-16,06,00,Health,145.98,Health,182.68583333333333,0.5473878197086984,145.98,7.054854796127885
2020-12-01,2020-2021,2015-16,06,00,Health,147.24,Health,182.68583333333333,0.5473878197086984,147.24,7.396061269146625
2021-01-01,2020-2021,2015-16,06,00,Health,148.06,Health,182.68583333333333,0.5473878197086984,148.06,7.375444194647929
2021-02-01,2020-2021,2015-16,06,00,Health,150.26,Health,182.68583333333333,0.5473878197086984,150.26,8.655723479644228
2021-03-01,2020-2021,2015-16,06,00,Health,151.94,Health,182.68583333333333,0.5473878197086984,151.94,8.8707366007452
2021-04-01,2020-2021,2015-16,06,00,Health,152.72,Health,182.68583333333333,0.5473878197086984,152.72,9.398280802292259
2021-05-01,2020-2021,2015-16,06,00,Health,153.41,Health,182.68583333333333,0.5473878197086984,153.41,9.641223556317913
2021-06-01,2020-2021,2015-16,06,00,Health,154.68,Health,182.68583333333333,0.5473878197086984,154.68,10.26518391787854
2021-07-01,2021-2022,2015-16,06,00,Health,155,Health,182.68583333333333,0.5473878197086984,155,9.501942776404082
2021-08-01,2021-2022,2015-16,06,00,Health,155.91,Health,182.68583333333333,0.5473878197086984,155.91,9.111904262019754
2021-09-01,2021-2022,2015-16,06,00,Health,156.84,Health,182.68583333333333,0.5473878197086984,156.84,8.682696971796823
2021-10-01,2021-2022,2015-16,06,00,Health,157.83,Health,182.68583333333333,0.5473878197086984,157.83,8.37739476756163
2021-11-01,2021-2022,2015-16,06,00,Health,159.57,Health,182.68583333333333,0.5473878197086984,159.57,9.309494451294697
2021-12-01,2021-2022,2015-16,06,00,Health,162.05,Health,182.68583333333333,0.5473878197086984,162.05,10.05840804129312
2022-01-01,2021-2022,2015-16,06,00,Health,162.93,Health,182.68583333333333,0.5473878197086984,162.93,10.043225719302985
2022-02-01,2021-2022,2015-16,06,00,Health,165.61,Health,182.68583333333333,0.5473878197086984,165.61,10.215626247837095
2022-03-01,2021-2022,2015-16,06,00,Health,167.16,Health,182.68583333333333,0.5473878197086984,167.16,10.017112017901809
2022-04-01,2021-2022,2015-16,06,00,Health,168.5,Health,182.68583333333333,0.5473878197086984,168.5,10.33263488737559
2022-05-01,2021-2022,2015-16,06,00,Health,169.14,Health,182.68583333333333,0.5473878197086984,169.14,10.253568867740025
2022-06-01,2021-2022,2015-16,06,00,Health,171.46,Health,182.68583333333333,0.5473878197086984,171.46,10.848202741142998
2022-07-01,2022-2023,2015-16,06,00,Health,171.68,Health,182.68583333333333,0.5473878197086984,171.68,10.761290322580642
2022-08-01,2022-2023,2015-16,06,00,Health,174.36,Health,182.68583333333333,0.5473878197086984,174.36,11.8337502405234
2022-09-01,2022-2023,2015-16,06,00,Health,176.15,Health,182.68583333333333,0.5473878197086984,176.15,12.311910226982903
2022-10-01,2022-2023,2015-16,06,00,Health,179.22,Health,182.68583333333333,0.5473878197086984,179.22,13.552556548184747
2022-11-01,2022-2023,2015-16,06,00,Health,182,Health,182.68583333333333,0.5473878197086984,182,14.056526916086987
2022-12-01,2022-2023,2015-16,06,00,Health,183.92,Health,182.68583333333333,0.5473878197086984,183.92,13.495834618944746
2023-01-01,2022-2023,2015-16,06,00,Health,190.17,Health,182.68583333333333,0.5473878197086984,190.17,16.718836310071804
2023-02-01,2022-2023,2015-16,06,00,Health,196.23,Health,182.68583333333333,0.5473878197086984,196.23,18.489221665358357
2023-03-01,2022-2023,2015-16,06,00,Health,197.03,Health,182.68583333333333,0.5473878197086984,197.03,17.869107441971764
2023-04-01,2022-2023,2015-16,06,00,Health,200.69,Health,182.68583333333333,0.5473878197086984,200.69,19.10385756676558
2023-05-01,2022-2023,2015-16,06,00,Health,201.87,Health,182.68583333333333,0.5473878197086984,201.87,19.35083362894645
2023-06-01,2022-2023,2015-16,06,00,Health,203.22,Health,182.68583333333333,0.5473878197086984,203.22,18.523270733698816
2023-07-01,2023-2024,2015-16,06,00,Health,209.2,Health,182.68583333333333,0.5473878197086984,209.2,21.85461323392357
2023-08-01,2023-2024,2015-16,06,00,Health,213.56,Health,182.68583333333333,0.5473878197086984,213.56,22.482220692819443
2023-09-01,2023-2024,2015-16,06,00,Health,223.51,Health,182.68583333333333,0.5473878197086984,223.51,26.886176554073216
2023-10-01,2023-2024,2015-16,06,00,Health,229.53,Health,182.68583333333333,0.5473878197086984,229.53,28.07164378975562
2023-11-01,2023-2024,2015-16,06,00,Health,232.12,Health,182.68583333333333,0.5473878197086984,232.12,27.538461538461533
2023-12-01,2023-2024,2015-16,06,00,Health,234.2,Health,182.68583333333333,0.5473878197086984,234.2,27.337973031752938
2024-01-01,2023-2024,2015-16,06,00,Health,234.72,Health,182.68583333333333,0.5473878197086984,234.72,23.42640795078088
2024-02-01,2023-2024,2015-16,06,00,Health,235.03,Health,182.68583333333333,0.5473878197086984,235.03,19.772715690771037
2024-03-01,2023-2024,2015-16,06,00,Health,236.76,Health,182.68583333333333,0.5473878197086984,236.76,20.16444196315281
2024-04-01,2023-2024,2015-16,06,00,Health,237.26,Health,182.68583333333333,0.5473878197086984,237.26,18.222133638945625
2024-05-01,2023-2024,2015-16,06,00,Health,243.2,Health,182.68583333333333,0.5473878197086984,243.2,20.473572100856984
2024-06-01,2023-2024,2015-16,06,00,Health,247.37,Health,182.68583333333333,0.5473878197086984,247.37,21.725223895285907
2024-07-01,2024-2025,2015-16,06,00,Health,251.47,Health,182.68583333333333,0.5473878197086984,251.47,20.2055449330784
2024-08-01,2024-2025,2015-16,06,00,Health,253.98,Health,182.68583333333333,0.5473878197086984,253.98,18.92676531185615
2024-09-01,2024-2025,2015-16,06,00,Health,257.52,Health,182.68583333333333,0.5473878197086984,257.52,15.216321417386247
2024-10-01,2024-2025,2015-16,06,00,Health,260.72,Health,182.68583333333333,0.5473878197086984,260.72,13.588637650851743
2024-11-01,2024-2025,2015-16,06,00,Health,267.04,Health,182.68583333333333,0.5473878197086984,267.04,15.043942788212995
2024-12-01,2024-2025,2015-16,06,00,Health,268.54,Health,182.68583333333333,0.5473878197086984,268.54,14.662681468830074
2025-01-01,2024-2025,2015-16,06,00,Health,270.5,Health,182.68583333333333,0.5473878197086984,270.5,15.24369461486026
2025-02-01,2024-2025,2015-16,06,00,Health,271.35,Health,182.68583333333333,0.5473878197086984,271.35,15.453346381313038
2025-03-01,2024-2025,2015-16,06,00,Health,271.71,Health,182.68583333333333,0.5473878197086984,271.71,14.761784085149522
2025-04-01,2024-2025,2015-16,06,00,Health,273.81,Health,182.68583333333333,0.5473878197086984,273.81,15.40504088341903
2025-05-01,2024-2025,2015-16,06,00,Health,274.2,Health,182.68583333333333,0.5473878197086984,274.2,12.746710526315796
2025-06-01,2024-2025,2015-16,06,00,Health,276.26,Health,182.68583333333333,0.5473878197086984,276.26,11.678861624287507
2025-07-01,2025-2026,2015-16,06,00,Health,276.72,Health,182.68583333333333,0.5473878197086984,276.72,10.040959160138407
2025-08-01,2025-2026,2015-16,06,00,Health,278.71,Health,182.68583333333333,0.5473878197086984,278.71,9.736987164343635
2025-09-01,2025-2026,2015-16,06,00,Health,280.61,Health,182.68583333333333,0.5473878197086984,280.61,8.966293880087006
2025-10-01,2025-2026,2015-16,06,00,Health,282.04,Health,182.68583333333333,0.5473878197086984,282.04,8.17735501687633
2025-11-01,2025-2026,2015-16,06,00,Health,285.7,Health,182.68583333333333,0.5473878197086984,285.7,6.987717195925702
2025-12-01,2025-2026,2015-16,06,00,Health,286.29,Health,182.68583333333333,0.5473878197086984,286.29,6.6098160423028185
2026-01-01,2025-2026,2015-16,06,00,Health,287.22,Health,182.68583333333333,0.5473878197086984,287.22,6.181146025878004
2026-02-01,2025-2026,2015-16,06,00,Health,288.28,Health,182.68583333333333,0.5473878197086984,288.28,6.239174497880939
2026-03-01,2025-2026,2015-16,06,00,Health,289.27,Health,182.68583333333333,0.5473878197086984,289.27,6.462772809245143
2026-04-01,2025-2026,2015-16,06,00,Health,290.64,Health,182.68583333333333,0.5473878197086984,290.64,6.146598005916504
2026-05-01,2025-2026,2015-16,06,00,Health,292.4,Health,182.68583333333333,0.5473878197086984,292.4,6.637490882567465
2026-06-01,2025-2026,2015-16,06,00,Health,294.3,Health,182.68583333333333,0.5473878197086984,294.3,6.5300803590820244
2016-07-01,2016-2017,2007-08,04,00,"Housing, water, Elec., Gas and other fuels",188.88,"Housing, water, elec., gas",183.90416666666667,0.5437614699685072,102.70566644765162,5.067586360349319
2016-08-01,2016-2017,2007-08,04,00,"Housing, water, Elec., Gas and other fuels",188.91,"Housing, water, elec., gas",183.90416666666667,0.5437614699685072,102.72197929175069,4.769563529477017
2016-09-01,2016-2017,2007-08,04,00,"Housing, water, Elec., Gas and other fuels",188.9,"Housing, water, elec., gas",183.90416666666667,0.5437614699685072,102.71654167705101,4.307012700165669
2016-10-01,2016-2017,2007-08,04,00,"Housing, water, Elec., Gas and other fuels",191.56,"Housing, water, elec., gas",183.90416666666667,0.5437614699685072,104.16294718716723,4.895411236447278
2016-11-01,2016-2017,2007-08,04,00,"Housing, water, Elec., Gas and other fuels",191.64,"Housing, water, elec., gas",183.90416666666667,0.5437614699685072,104.2064481047647,4.9162378188984945
2016-12-01,2016-2017,2007-08,04,00,"Housing, water, Elec., Gas and other fuels",191.7,"Housing, water, elec., gas",183.90416666666667,0.5437614699685072,104.23907379296281,4.93185177075921
2017-01-01,2016-2017,2007-08,04,00,"Housing, water, Elec., Gas and other fuels",194.42,"Housing, water, elec., gas",183.90416666666667,0.5437614699685072,105.71810499127716,4.887785930081989
2017-02-01,2016-2017,2007-08,04,00,"Housing, water, Elec., Gas and other fuels",194.45,"Housing, water, elec., gas",183.90416666666667,0.5437614699685072,105.7344178353762,4.83044908081296
2017-03-01,2016-2017,2007-08,04,00,"Housing, water, Elec., Gas and other fuels",194.44,"Housing, water, elec., gas",183.90416666666667,0.5437614699685072,105.72898022067653,4.830709510459363
2017-04-01,2016-2017,2007-08,04,00,"Housing, water, Elec., Gas and other fuels",196.62,"Housing, water, elec., gas",183.90416666666667,0.5437614699685072,106.91438022520788,5.099422706863366
2017-05-01,2016-2017,2007-08,04,00,"Housing, water, Elec., Gas and other fuels",196.7,"Housing, water, elec., gas",183.90416666666667,0.5437614699685072,106.95788114280535,5.119709277468987
2017-06-01,2016-2017,2007-08,04,00,"Housing, water, Elec., Gas and other fuels",196.71,"Housing, water, elec., gas",183.90416666666667,0.5437614699685072,106.96331875750505,5.096970668376355
2017-07-01,2017-2018,2007-08,04,00,"Housing, water, Elec., Gas and other fuels",198.88,"Housing, water, elec., gas",183.90416666666667,0.5437614699685072,108.14328114733671,5.294366793731475
2017-08-01,2017-2018,2007-08,04,00,"Housing, water, Elec., Gas and other fuels",198.93,"Housing, water, elec., gas",183.90416666666667,0.5437614699685072,108.17046922083513,5.3041130697157435
2017-09-01,2017-2018,2007-08,04,00,"Housing, water, Elec., Gas and other fuels",198.95,"Housing, water, elec., gas",183.90416666666667,0.5437614699685072,108.18134445023449,5.320275277924802
2017-10-01,2017-2018,2007-08,04,00,"Housing, water, Elec., Gas and other fuels",200.9,"Housing, water, elec., gas",183.90416666666667,0.5437614699685072,109.24167931667309,4.875756942994358
2017-11-01,2017-2018,2007-08,04,00,"Housing, water, Elec., Gas and other fuels",200.94,"Housing, water, elec., gas",183.90416666666667,0.5437614699685072,109.26342977547183,4.852849092047595
2017-12-01,2017-2018,2007-08,04,00,"Housing, water, Elec., Gas and other fuels",201.02,"Housing, water, elec., gas",183.90416666666667,0.5437614699685072,109.30693069306932,4.861763171622346
2018-01-01,2017-2018,2007-08,04,00,"Housing, water, Elec., Gas and other fuels",202.53,"Housing, water, elec., gas",183.90416666666667,0.5437614699685072,110.12801051272176,4.171381545108543
2018-02-01,2017-2018,2007-08,04,00,"Housing, water, Elec., Gas and other fuels",202.62,"Housing, water, elec., gas",183.90416666666667,0.5437614699685072,110.17694904501893,4.201594240164597
2018-03-01,2017-2018,2007-08,04,00,"Housing, water, Elec., Gas and other fuels",202.71,"Housing, water, elec., gas",183.90416666666667,0.5437614699685072,110.22588757731609,4.253240074058828
2018-04-01,2017-2018,2007-08,04,00,"Housing, water, Elec., Gas and other fuels",207.35,"Housing, water, elec., gas",183.90416666666667,0.5437614699685072,112.74894079796995,5.45722713864305
2018-05-01,2017-2018,2007-08,04,00,"Housing, water, Elec., Gas and other fuels",207.58,"Housing, water, elec., gas",183.90416666666667,0.5437614699685072,112.87400593606273,5.531265887137793
2018-06-01,2017-2018,2007-08,04,00,"Housing, water, Elec., Gas and other fuels",207.63,"Housing, water, elec., gas",183.90416666666667,0.5437614699685072,112.90119400956114,5.551319200854032
2018-07-01,2018-2019,2007-08,04,00,"Housing, water, Elec., Gas and other fuels",210.71,"Housing, water, elec., gas",183.90416666666667,0.5437614699685072,114.57597933706415,5.94831053901852
2018-08-01,2018-2019,2007-08,04,00,"Housing, water, Elec., Gas and other fuels",210.8,"Housing, water, elec., gas",183.90416666666667,0.5437614699685072,114.62491786936131,5.966923038254657
2018-09-01,2018-2019,2007-08,04,00,"Housing, water, Elec., Gas and other fuels",210.82,"Housing, water, elec., gas",183.90416666666667,0.5437614699685072,114.63579309876067,5.966323196783119
2018-10-01,2018-2019,2007-08,04,00,"Housing, water, Elec., Gas and other fuels",219.07,"Housing, water, elec., gas",183.90416666666667,0.5437614699685072,119.12182522600087,9.0443006470881
2018-11-01,2018-2019,2007-08,04,00,"Housing, water, Elec., Gas and other fuels",219.24,"Housing, water, elec., gas",183.90416666666667,0.5437614699685072,119.21426467589552,9.107196177963583
2018-12-01,2018-2019,2007-08,04,00,"Housing, water, Elec., Gas and other fuels",219.28,"Housing, water, elec., gas",183.90416666666667,0.5437614699685072,119.23601513469426,9.083673266341652
2019-01-01,2018-2019,2007-08,04,00,"Housing, water, Elec., Gas and other fuels",226,"Housing, water, elec., gas",183.90416666666667,0.5437614699685072,122.89009221288262,11.588406655804073
2019-02-01,2018-2019,2007-08,04,00,"Housing, water, Elec., Gas and other fuels",226.02,"Housing, water, elec., gas",183.90416666666667,0.5437614699685072,122.900967442282,11.548711874444773
2019-03-01,2018-2019,2007-08,04,00,"Housing, water, Elec., Gas and other fuels",226.12,"Housing, water, elec., gas",183.90416666666667,0.5437614699685072,122.95534358927884,11.548517586700214
2019-04-01,2018-2019,2007-08,04,00,"Housing, water, Elec., Gas and other fuels",228.21,"Housing, water, elec., gas",183.90416666666667,0.5437614699685072,124.09180506151303,10.060284543043174
2019-05-01,2018-2019,2007-08,04,00,"Housing, water, Elec., Gas and other fuels",228.25,"Housing, water, elec., gas",183.90416666666667,0.5437614699685072,124.11355552031176,9.957606705848331
2019-06-01,2018-2019,2007-08,04,00,"Housing, water, Elec., Gas and other fuels",228.37,"Housing, water, elec., gas",183.90416666666667,0.5437614699685072,124.17880689670798,9.98892260270674
2019-07-01,2019-2020,2015-16,04,00,"Housing, water, Elec., Gas and other fuels",127.2,"Housing, water, elec., gas",183.90416666666667,0.5437614699685072,127.2,11.018034265103683
2019-08-01,2019-2020,2015-16,04,00,"Housing, water, Elec., Gas and other fuels",127.15,"Housing, water, elec., gas",183.90416666666667,0.5437614699685072,127.15,10.927015140733708
2019-09-01,2019-2020,2015-16,04,00,"Housing, water, Elec., Gas and other fuels",126.98,"Housing, water, elec., gas",183.90416666666667,0.5437614699685072,126.98,10.768196012396047
2019-10-01,2019-2020,2015-16,04,00,"Housing, water, Elec., Gas and other fuels",131.37,"Housing, water, elec., gas",183.90416666666667,0.5437614699685072,131.37,10.282057675628797
2019-11-01,2019-2020,2015-16,04,00,"Housing, water, Elec., Gas and other fuels",131.21,"Housing, water, elec., gas",183.90416666666667,0.5437614699685072,131.21,10.062332185428446
2019-12-01,2019-2020,2015-16,04,00,"Housing, water, Elec., Gas and other fuels",131.62,"Housing, water, elec., gas",183.90416666666667,0.5437614699685072,131.62,10.386110984433895
2020-01-01,2019-2020,2015-16,04,00,"Housing, water, Elec., Gas and other fuels",133.62,"Housing, water, elec., gas",183.90416666666667,0.5437614699685072,133.62,8.731304203539825
2020-02-01,2019-2020,2015-16,04,00,"Housing, water, Elec., Gas and other fuels",130.34,"Housing, water, elec., gas",183.90416666666667,0.5437614699685072,130.34,6.052867371619031
2020-03-01,2019-2020,2015-16,04,00,"Housing, water, Elec., Gas and other fuels",130.4,"Housing, water, elec., gas",183.90416666666667,0.5437614699685072,130.4,6.054764431865078
2020-04-01,2019-2020,2015-16,04,00,"Housing, water, Elec., Gas and other fuels",130.08,"Housing, water, elec., gas",183.90416666666667,0.5437614699685072,130.08,4.8256167564962205
2020-05-01,2019-2020,2015-16,04,00,"Housing, water, Elec., Gas and other fuels",130.22,"Housing, water, elec., gas",183.90416666666667,0.5437614699685072,130.22,4.920046367287334
2020-06-01,2019-2020,2015-16,04,00,"Housing, water, Elec., Gas and other fuels",130.09,"Housing, water, elec., gas",183.90416666666667,0.5437614699685072,130.09,4.760227007341888
2020-07-01,2020-2021,2015-16,04,00,"Housing, water, Elec., Gas and other fuels",131.76,"Housing, water, elec., gas",183.90416666666667,0.5437614699685072,131.76,3.5849056603773466
2020-08-01,2020-2021,2015-16,04,00,"Housing, water, Elec., Gas and other fuels",134.06,"Housing, water, elec., gas",183.90416666666667,0.5437614699685072,134.06,5.434526150216268
2020-09-01,2020-2021,2015-16,04,00,"Housing, water, Elec., Gas and other fuels",134.02,"Housing, water, elec., gas",183.90416666666667,0.5437614699685072,134.02,5.544180185856051
2020-10-01,2020-2021,2015-16,04,00,"Housing, water, Elec., Gas and other fuels",134.44,"Housing, water, elec., gas",183.90416666666667,0.5437614699685072,134.44,2.336911014691334
2020-11-01,2020-2021,2015-16,04,00,"Housing, water, Elec., Gas and other fuels",134.09,"Housing, water, elec., gas",183.90416666666667,0.5437614699685072,134.09,2.1949546528465813
2020-12-01,2020-2021,2015-16,04,00,"Housing, water, Elec., Gas and other fuels",135.34,"Housing, water, elec., gas",183.90416666666667,0.5437614699685072,135.34,2.8263181887251188
2021-01-01,2020-2021,2015-16,04,00,"Housing, water, Elec., Gas and other fuels",137.52,"Housing, water, elec., gas",183.90416666666667,0.5437614699685072,137.52,2.918724741805123
2021-02-01,2020-2021,2015-16,04,00,"Housing, water, Elec., Gas and other fuels",143.34,"Housing, water, elec., gas",183.90416666666667,0.5437614699685072,143.34,9.97391437778119
2021-03-01,2020-2021,2015-16,04,00,"Housing, water, Elec., Gas and other fuels",141.07,"Housing, water, elec., gas",183.90416666666667,0.5437614699685072,141.07,8.182515337423313
2021-04-01,2020-2021,2015-16,04,00,"Housing, water, Elec., Gas and other fuels",142.12,"Housing, water, elec., gas",183.90416666666667,0.5437614699685072,142.12,9.255842558425575
2021-05-01,2020-2021,2015-16,04,00,"Housing, water, Elec., Gas and other fuels",140.52,"Housing, water, elec., gas",183.90416666666667,0.5437614699685072,140.52,7.909691291660281
2021-06-01,2020-2021,2015-16,04,00,"Housing, water, Elec., Gas and other fuels",141.05,"Housing, water, elec., gas",183.90416666666667,0.5437614699685072,141.05,8.42493658236605
2021-07-01,2021-2022,2015-16,04,00,"Housing, water, Elec., Gas and other fuels",143,"Housing, water, elec., gas",183.90416666666667,0.5437614699685072,143,8.530661809350338
2021-08-01,2021-2022,2015-16,04,00,"Housing, water, Elec., Gas and other fuels",143.73,"Housing, water, elec., gas",183.90416666666667,0.5437614699685072,143.73,7.213188124720271
2021-09-01,2021-2022,2015-16,04,00,"Housing, water, Elec., Gas and other fuels",145.99,"Housing, water, elec., gas",183.90416666666667,0.5437614699685072,145.99,8.931502760781962
2021-10-01,2021-2022,2015-16,04,00,"Housing, water, Elec., Gas and other fuels",149.31,"Housing, water, elec., gas",183.90416666666667,0.5437614699685072,149.31,11.060696221362697
2021-11-01,2021-2022,2015-16,04,00,"Housing, water, Elec., Gas and other fuels",152.28,"Housing, water, elec., gas",183.90416666666667,0.5437614699685072,152.28,13.565515698411513
2021-12-01,2021-2022,2015-16,04,00,"Housing, water, Elec., Gas and other fuels",156.18,"Housing, water, elec., gas",183.90416666666667,0.5437614699685072,156.18,15.398256243534814
2022-01-01,2021-2022,2015-16,04,00,"Housing, water, Elec., Gas and other fuels",157.06,"Housing, water, elec., gas",183.90416666666667,0.5437614699685072,157.06,14.20884235020361
2022-02-01,2021-2022,2015-16,04,00,"Housing, water, Elec., Gas and other fuels",154.52,"Housing, water, elec., gas",183.90416666666667,0.5437614699685072,154.52,7.799637226175538
2022-03-01,2021-2022,2015-16,04,00,"Housing, water, Elec., Gas and other fuels",151.06,"Housing, water, elec., gas",183.90416666666667,0.5437614699685072,151.06,7.081590699652662
2022-04-01,2021-2022,2015-16,04,00,"Housing, water, Elec., Gas and other fuels",150.11,"Housing, water, elec., gas",183.90416666666667,0.5437614699685072,150.11,5.622009569377995
2022-05-01,2021-2022,2015-16,04,00,"Housing, water, Elec., Gas and other fuels",146.71,"Housing, water, elec., gas",183.90416666666667,0.5437614699685072,146.71,4.405066894392262
2022-06-01,2021-2022,2015-16,04,00,"Housing, water, Elec., Gas and other fuels",157.02,"Housing, water, elec., gas",183.90416666666667,0.5437614699685072,157.02,11.322226160935834
2022-07-01,2022-2023,2015-16,04,00,"Housing, water, Elec., Gas and other fuels",170.45,"Housing, water, elec., gas",183.90416666666667,0.5437614699685072,170.45,19.19580419580418
2022-08-01,2022-2023,2015-16,04,00,"Housing, water, Elec., Gas and other fuels",179.33,"Housing, water, elec., gas",183.90416666666667,0.5437614699685072,179.33,24.768663466221398
2022-09-01,2022-2023,2015-16,04,00,"Housing, water, Elec., Gas and other fuels",147.5,"Housing, water, elec., gas",183.90416666666667,0.5437614699685072,147.5,1.034317419001285
2022-10-01,2022-2023,2015-16,04,00,"Housing, water, Elec., Gas and other fuels",163.5,"Housing, water, elec., gas",183.90416666666667,0.5437614699685072,163.5,9.503717098653809
2022-11-01,2022-2023,2015-16,04,00,"Housing, water, Elec., Gas and other fuels",163.42,"Housing, water, elec., gas",183.90416666666667,0.5437614699685072,163.42,7.315471499868664
2022-12-01,2022-2023,2015-16,04,00,"Housing, water, Elec., Gas and other fuels",162.56,"Housing, water, elec., gas",183.90416666666667,0.5437614699685072,162.56,4.085030093481867
2023-01-01,2022-2023,2015-16,04,00,"Housing, water, Elec., Gas and other fuels",164.86,"Housing, water, elec., gas",183.90416666666667,0.5437614699685072,164.86,4.966254934419978
2023-02-01,2022-2023,2015-16,04,00,"Housing, water, Elec., Gas and other fuels",171.88,"Housing, water, elec., gas",183.90416666666667,0.5437614699685072,171.88,11.234791612736196
2023-03-01,2022-2023,2015-16,04,00,"Housing, water, Elec., Gas and other fuels",173.72,"Housing, water, elec., gas",183.90416666666667,0.5437614699685072,173.72,15.000661988613784
2023-04-01,2022-2023,2015-16,04,00,"Housing, water, Elec., Gas and other fuels",171.9,"Housing, water, elec., gas",183.90416666666667,0.5437614699685072,171.9,14.5160215841716
2023-05-01,2022-2023,2015-16,04,00,"Housing, water, Elec., Gas and other fuels",173.07,"Housing, water, elec., gas",183.90416666666667,0.5437614699685072,173.07,17.96741871719718
2023-06-01,2022-2023,2015-16,04,00,"Housing, water, Elec., Gas and other fuels",172.95,"Housing, water, elec., gas",183.90416666666667,0.5437614699685072,172.95,10.145204432556355
2023-07-01,2023-2024,2015-16,04,00,"Housing, water, Elec., Gas and other fuels",186.79,"Housing, water, elec., gas",183.90416666666667,0.5437614699685072,186.79,9.58638897037254
2023-08-01,2023-2024,2015-16,04,00,"Housing, water, Elec., Gas and other fuels",188.75,"Housing, water, elec., gas",183.90416666666667,0.5437614699685072,188.75,5.252885741370661
2023-09-01,2023-2024,2015-16,04,00,"Housing, water, Elec., Gas and other fuels",189.18,"Housing, water, elec., gas",183.90416666666667,0.5437614699685072,189.18,28.25762711864408
2023-10-01,2023-2024,2015-16,04,00,"Housing, water, Elec., Gas and other fuels",194.82,"Housing, water, elec., gas",183.90416666666667,0.5437614699685072,194.82,19.155963302752287
2023-11-01,2023-2024,2015-16,04,00,"Housing, water, Elec., Gas and other fuels",229.11,"Housing, water, elec., gas",183.90416666666667,0.5437614699685072,229.11,40.19703830620489
2023-12-01,2023-2024,2015-16,04,00,"Housing, water, Elec., Gas and other fuels",236.27,"Housing, water, elec., gas",183.90416666666667,0.5437614699685072,236.27,45.34325787401576
2024-01-01,2023-2024,2015-16,04,00,"Housing, water, Elec., Gas and other fuels",241.33,"Housing, water, elec., gas",183.90416666666667,0.5437614699685072,241.33,46.38481135508916
2024-02-01,2023-2024,2015-16,04,00,"Housing, water, Elec., Gas and other fuels",247.13,"Housing, water, elec., gas",183.90416666666667,0.5437614699685072,247.13,43.780544565976264
2024-03-01,2023-2024,2015-16,04,00,"Housing, water, Elec., Gas and other fuels",250.13,"Housing, water, elec., gas",183.90416666666667,0.5437614699685072,250.13,43.98457287589223
2024-04-01,2023-2024,2015-16,04,00,"Housing, water, Elec., Gas and other fuels",246.31,"Housing, water, elec., gas",183.90416666666667,0.5437614699685072,246.31,43.286794648051185
2024-05-01,2023-2024,2015-16,04,00,"Housing, water, Elec., Gas and other fuels",243.36,"Housing, water, elec., gas",183.90416666666667,0.5437614699685072,243.36,40.61362454498181
2024-06-01,2023-2024,2015-16,04,00,"Housing, water, Elec., Gas and other fuels",246.77,"Housing, water, elec., gas",183.90416666666667,0.5437614699685072,246.77,42.6828563168546
2024-07-01,2024-2025,2015-16,04,00,"Housing, water, Elec., Gas and other fuels",246.75,"Housing, water, elec., gas",183.90416666666667,0.5437614699685072,246.75,32.100219497831795
2024-08-01,2024-2025,2015-16,04,00,"Housing, water, Elec., Gas and other fuels",243.39,"Housing, water, elec., gas",183.90416666666667,0.5437614699685072,243.39,28.948344370860912
2024-09-01,2024-2025,2015-16,04,00,"Housing, water, Elec., Gas and other fuels",241.96,"Housing, water, elec., gas",183.90416666666667,0.5437614699685072,241.96,27.899355111533986
2024-10-01,2024-2025,2015-16,04,00,"Housing, water, Elec., Gas and other fuels",245.75,"Housing, water, elec., gas",183.90416666666667,0.5437614699685072,245.75,26.142079868596667
2024-11-01,2024-2025,2015-16,04,00,"Housing, water, Elec., Gas and other fuels",246.49,"Housing, water, elec., gas",183.90416666666667,0.5437614699685072,246.49,7.585875780192919
2024-12-01,2024-2025,2015-16,04,00,"Housing, water, Elec., Gas and other fuels",244.15,"Housing, water, elec., gas",183.90416666666667,0.5437614699685072,244.15,3.33516739323656
2025-01-01,2024-2025,2015-16,04,00,"Housing, water, Elec., Gas and other fuels",245.5,"Housing, water, elec., gas",183.90416666666667,0.5437614699685072,245.5,1.72792441884555
2025-02-01,2024-2025,2015-16,04,00,"Housing, water, Elec., Gas and other fuels",244.76,"Housing, water, elec., gas",183.90416666666667,0.5437614699685072,244.76,-0.9590094282361572
2025-03-01,2024-2025,2015-16,04,00,"Housing, water, Elec., Gas and other fuels",244.31,"Housing, water, elec., gas",183.90416666666667,0.5437614699685072,244.31,-2.326790069164031
2025-04-01,2024-2025,2015-16,04,00,"Housing, water, Elec., Gas and other fuels",239.51,"Housing, water, elec., gas",183.90416666666667,0.5437614699685072,239.51,-2.7607486500751177
2025-05-01,2024-2025,2015-16,04,00,"Housing, water, Elec., Gas and other fuels",236.58,"Housing, water, elec., gas",183.90416666666667,0.5437614699685072,236.58,-2.785996055226825
2025-06-01,2024-2025,2015-16,04,00,"Housing, water, Elec., Gas and other fuels",238.2,"Housing, water, elec., gas",183.90416666666667,0.5437614699685072,238.2,-3.472869473598905
2025-07-01,2025-2026,2015-16,04,00,"Housing, water, Elec., Gas and other fuels",258.93,"Housing, water, elec., gas",183.90416666666667,0.5437614699685072,258.93,4.936170212765956
2025-08-01,2025-2026,2015-16,04,00,"Housing, water, Elec., Gas and other fuels",256.33,"Housing, water, elec., gas",183.90416666666667,0.5437614699685072,256.33,5.316570113809105
2025-09-01,2025-2026,2015-16,04,00,"Housing, water, Elec., Gas and other fuels",255.72,"Housing, water, elec., gas",183.90416666666667,0.5437614699685072,255.72,5.686890395106636
2025-10-01,2025-2026,2015-16,04,00,"Housing, water, Elec., Gas and other fuels",259.29,"Housing, water, elec., gas",183.90416666666667,0.5437614699685072,259.29,5.509664292980676
2025-11-01,2025-2026,2015-16,04,00,"Housing, water, Elec., Gas and other fuels",262.3,"Housing, water, elec., gas",183.90416666666667,0.5437614699685072,262.3,6.41405330845064
2025-12-01,2025-2026,2015-16,04,00,"Housing, water, Elec., Gas and other fuels",263.6,"Housing, water, elec., gas",183.90416666666667,0.5437614699685072,263.6,7.966414089698959
2026-01-01,2025-2026,2015-16,04,00,"Housing, water, Elec., Gas and other fuels",265.9,"Housing, water, elec., gas",183.90416666666667,0.5437614699685072,265.9,8.30957230142566
2026-02-01,2025-2026,2015-16,04,00,"Housing, water, Elec., Gas and other fuels",270.49,"Housing, water, elec., gas",183.90416666666667,0.5437614699685072,270.49,10.512338617421157
2026-03-01,2025-2026,2015-16,04,00,"Housing, water, Elec., Gas and other fuels",273.89,"Housing, water, elec., gas",183.90416666666667,0.5437614699685072,273.89,12.107568253448475
2026-04-01,2025-2026,2015-16,04,00,"Housing, water, Elec., Gas and other fuels",278.36,"Housing, water, elec., gas",183.90416666666667,0.5437614699685072,278.36,16.220617093232015
2026-05-01,2025-2026,2015-16,04,00,"Housing, water, Elec., Gas and other fuels",274.66,"Housing, water, elec., gas",183.90416666666667,0.5437614699685072,274.66,16.096035167807933
2026-06-01,2025-2026,2015-16,04,00,"Housing, water, Elec., Gas and other fuels",272.81,"Housing, water, elec., gas",183.90416666666667,0.5437614699685072,272.81,14.529806884970608
2016-07-01,2016-2017,2007-08,12,00,Misc. goods and services,235.82,Misc. goods & services,228.22333333333333,0.43816729227218953,103.32861086362773,5.6872675122126015
2016-08-01,2016-2017,2007-08,12,00,Misc. goods and services,237.38,Misc. goods & services,228.22333333333333,0.43816729227218953,104.01215183957235,6.030016080042899
2016-09-01,2016-2017,2007-08,12,00,Misc. goods and services,236.99,Misc. goods & services,228.22333333333333,0.43816729227218953,103.8412665955862,5.497685185185208
2016-10-01,2016-2017,2007-08,12,00,Misc. goods and services,237.26,Misc. goods & services,228.22333333333333,0.43816729227218953,103.95957176449969,5.07994153859781
2016-11-01,2016-2017,2007-08,12,00,Misc. goods and services,238.33,Misc. goods & services,228.22333333333333,0.43816729227218953,104.42841076723094,5.91502977513112
2016-12-01,2016-2017,2007-08,12,00,Misc. goods and services,237.77,Misc. goods & services,228.22333333333333,0.43816729227218953,104.18303708355852,5.07777974191268
2017-01-01,2016-2017,2007-08,12,00,Misc. goods and services,238.58,Misc. goods & services,228.22333333333333,0.43816729227218953,104.53795259029899,4.948752914265597
2017-02-01,2016-2017,2007-08,12,00,Misc. goods and services,241.06,Misc. goods & services,228.22333333333333,0.43816729227218953,105.62460747513401,4.740386704323263
2017-03-01,2016-2017,2007-08,12,00,Misc. goods and services,242.19,Misc. goods & services,228.22333333333333,0.43816729227218953,106.11973651540158,4.145345087078045
2017-04-01,2016-2017,2007-08,12,00,Misc. goods and services,244.71,Misc. goods & services,228.22333333333333,0.43816729227218953,107.2239180919275,5.0392754431901166
2017-05-01,2016-2017,2007-08,12,00,Misc. goods and services,245.99,Misc. goods & services,228.22333333333333,0.43816729227218953,107.78477222603591,5.3400137033230655
2017-06-01,2016-2017,2007-08,12,00,Misc. goods and services,246.71,Misc. goods & services,228.22333333333333,0.43816729227218953,108.10025267647188,5.6935995201782275
2017-07-01,2017-2018,2007-08,12,00,Misc. goods and services,247.19,Misc. goods & services,228.22333333333333,0.43816729227218953,108.31057297676253,4.8214740055974925
2017-08-01,2017-2018,2007-08,12,00,Misc. goods and services,248.46,Misc. goods & services,228.22333333333333,0.43816729227218953,108.86704543794822,4.667621535091415
2017-09-01,2017-2018,2007-08,12,00,Misc. goods and services,250.11,Misc. goods & services,228.22333333333333,0.43816729227218953,109.59002147019733,5.5360985695599
2017-10-01,2017-2018,2007-08,12,00,Misc. goods and services,249.67,Misc. goods & services,228.22333333333333,0.43816729227218953,109.39722786159756,5.230548765067855
2017-11-01,2017-2018,2007-08,12,00,Misc. goods and services,252.27,Misc. goods & services,228.22333333333333,0.43816729227218953,110.53646282150525,5.84903285360634
2017-12-01,2017-2018,2007-08,12,00,Misc. goods and services,253.23,Misc. goods & services,228.22333333333333,0.43816729227218953,110.95710342208655,6.502081843798613
2018-01-01,2017-2018,2007-08,12,00,Misc. goods and services,255.69,Misc. goods & services,228.22333333333333,0.43816729227218953,112.03499496107614,7.171598625199094
2018-02-01,2017-2018,2007-08,12,00,Misc. goods and services,255.21,Misc. goods & services,228.22333333333333,0.43816729227218953,111.82467466078549,5.869907906745198
2018-03-01,2017-2018,2007-08,12,00,Misc. goods and services,256.35,Misc. goods & services,228.22333333333333,0.43816729227218953,112.3241853739758,5.846649324910191
2018-04-01,2017-2018,2007-08,12,00,Misc. goods and services,263.59,Misc. goods & services,228.22333333333333,0.43816729227218953,115.49651657002643,7.715254791385706
2018-05-01,2017-2018,2007-08,12,00,Misc. goods and services,263.91,Misc. goods & services,228.22333333333333,0.43816729227218953,115.63673010355355,7.284848977600711
2018-06-01,2017-2018,2007-08,12,00,Misc. goods and services,264.25,Misc. goods & services,228.22333333333333,0.43816729227218953,115.78570698292609,7.109561833731903
2018-07-01,2018-2019,2007-08,12,00,Misc. goods and services,265.48,Misc. goods & services,228.22333333333333,0.43816729227218953,116.32465275242089,7.399166632954413
2018-08-01,2018-2019,2007-08,12,00,Misc. goods and services,264.45,Misc. goods & services,228.22333333333333,0.43816729227218953,115.87334044138052,6.435643564356419
2018-09-01,2018-2019,2007-08,12,00,Misc. goods and services,267.3,Misc. goods & services,228.22333333333333,0.43816729227218953,117.12211722435627,6.872975890608135
2018-10-01,2018-2019,2007-08,12,00,Misc. goods and services,271.44,Misc. goods & services,228.22333333333333,0.43816729227218953,118.93612981436313,8.719509752873789
2018-11-01,2018-2019,2007-08,12,00,Misc. goods and services,272.19,Misc. goods & services,228.22333333333333,0.43816729227218953,119.26475528356727,7.8963015816387205
2018-12-01,2018-2019,2007-08,12,00,Misc. goods and services,275.96,Misc. goods & services,228.22333333333333,0.43816729227218953,120.91664597543341,8.976029696323495
2019-01-01,2018-2019,2007-08,12,00,Misc. goods and services,278.6,Misc. goods & services,228.22333333333333,0.43816729227218953,122.07340762703201,8.960068833352896
2019-02-01,2018-2019,2007-08,12,00,Misc. goods and services,280.4,Misc. goods & services,228.22333333333333,0.43816729227218953,122.86210875312193,9.870302887817871
2019-03-01,2018-2019,2007-08,12,00,Misc. goods and services,282.45,Misc. goods & services,228.22333333333333,0.43816729227218953,123.76035170227993,10.181392627267405
2019-04-01,2018-2019,2007-08,12,00,Misc. goods and services,284.46,Misc. goods & services,228.22333333333333,0.43816729227218953,124.64106795974702,7.917599301946199
2019-05-01,2018-2019,2007-08,12,00,Misc. goods and services,285.37,Misc. goods & services,228.22333333333333,0.43816729227218953,125.03980019571473,8.13156000151567
2019-06-01,2018-2019,2007-08,12,00,Misc. goods and services,289.65,Misc. goods & services,228.22333333333333,0.43816729227218953,126.9151562066397,9.61210974456006
2019-07-01,2019-2020,2015-16,12,00,Misc. goods and services,127.23,Misc. goods & services,228.22333333333333,0.43816729227218953,127.23,9.374923534729529
2019-08-01,2019-2020,2015-16,12,00,Misc. goods and services,128.97,Misc. goods & services,228.22333333333333,0.43816729227218953,128.97,11.302564946114568
2019-09-01,2019-2020,2015-16,12,00,Misc. goods and services,130.9,Misc. goods & services,228.22333333333333,0.43816729227218953,130.9,11.763689986282566
2019-10-01,2019-2020,2015-16,12,00,Misc. goods and services,131.58,Misc. goods & services,228.22333333333333,0.43816729227218953,131.58,10.630806808134396
2019-11-01,2019-2020,2015-16,12,00,Misc. goods and services,131.88,Misc. goods & services,228.22333333333333,0.43816729227218953,131.88,10.577512766817287
2019-12-01,2019-2020,2015-16,12,00,Misc. goods and services,132.17,Misc. goods & services,228.22333333333333,0.43816729227218953,132.17,9.306703749335643
2020-01-01,2019-2020,2015-16,12,00,Misc. goods and services,133.78,Misc. goods & services,228.22333333333333,0.43816729227218953,133.78,9.589797319932991
2020-02-01,2019-2020,2015-16,12,00,Misc. goods and services,134.2,Misc. goods & services,228.22333333333333,0.43816729227218953,134.2,9.22814312886353
2020-03-01,2019-2020,2015-16,12,00,Misc. goods and services,135.66,Misc. goods & services,228.22333333333333,0.43816729227218953,135.66,9.615073110285
2020-04-01,2019-2020,2015-16,12,00,Misc. goods and services,137.08,Misc. goods & services,228.22333333333333,0.43816729227218953,137.08,9.979802198317312
2020-05-01,2019-2020,2015-16,12,00,Misc. goods and services,137.02,Misc. goods & services,228.22333333333333,0.43816729227218953,137.02,9.581109203256588
2020-06-01,2019-2020,2015-16,12,00,Misc. goods and services,138.14,Misc. goods & services,228.22333333333333,0.43816729227218953,138.14,8.844368260544332
2020-07-01,2020-2021,2015-16,12,00,Misc. goods and services,140.4,Misc. goods & services,228.22333333333333,0.43816729227218953,140.4,10.351332232963916
2020-08-01,2020-2021,2015-16,12,00,Misc. goods and services,145.22,Misc. goods & services,228.22333333333333,0.43816729227218953,145.22,12.599829417694043
2020-09-01,2020-2021,2015-16,12,00,Misc. goods and services,144.68,Misc. goods & services,228.22333333333333,0.43816729227218953,144.68,10.527119938884644
2020-10-01,2020-2021,2015-16,12,00,Misc. goods and services,144.4,Misc. goods & services,228.22333333333333,0.43816729227218953,144.4,9.743122055023544
2020-11-01,2020-2021,2015-16,12,00,Misc. goods and services,145.64,Misc. goods & services,228.22333333333333,0.43816729227218953,145.64,10.433727631179845
2020-12-01,2020-2021,2015-16,12,00,Misc. goods and services,146.15,Misc. goods & services,228.22333333333333,0.43816729227218953,146.15,10.577286827570575
2021-01-01,2020-2021,2015-16,12,00,Misc. goods and services,147.67,Misc. goods & services,228.22333333333333,0.43816729227218953,147.67,10.382717895051563
2021-02-01,2020-2021,2015-16,12,00,Misc. goods and services,150.08,Misc. goods & services,228.22333333333333,0.43816729227218953,150.08,11.833084947839057
2021-03-01,2020-2021,2015-16,12,00,Misc. goods and services,149.64,Misc. goods & services,228.22333333333333,0.43816729227218953,149.64,10.30517470145953
2021-04-01,2020-2021,2015-16,12,00,Misc. goods and services,150.56,Misc. goods & services,228.22333333333333,0.43816729227218953,150.56,9.833673767143258
2021-05-01,2020-2021,2015-16,12,00,Misc. goods and services,151.81,Misc. goods & services,228.22333333333333,0.43816729227218953,151.81,10.794044665012393
2021-06-01,2020-2021,2015-16,12,00,Misc. goods and services,153.41,Misc. goods & services,228.22333333333333,0.43816729227218953,153.41,11.054003185174466
2021-07-01,2021-2022,2015-16,12,00,Misc. goods and services,153.38,Misc. goods & services,228.22333333333333,0.43816729227218953,153.38,9.245014245014227
2021-08-01,2021-2022,2015-16,12,00,Misc. goods and services,154.1,Misc. goods & services,228.22333333333333,0.43816729227218953,154.1,6.114860212091999
2021-09-01,2021-2022,2015-16,12,00,Misc. goods and services,156.29,Misc. goods & services,228.22333333333333,0.43816729227218953,156.29,8.024606027094272
2021-10-01,2021-2022,2015-16,12,00,Misc. goods and services,157.79,Misc. goods & services,228.22333333333333,0.43816729227218953,157.79,9.272853185595565
2021-11-01,2021-2022,2015-16,12,00,Misc. goods and services,160.41,Misc. goods & services,228.22333333333333,0.43816729227218953,160.41,10.141444658060973
2021-12-01,2021-2022,2015-16,12,00,Misc. goods and services,161.4,Misc. goods & services,228.22333333333333,0.43816729227218953,161.4,10.434485118029425
2022-01-01,2021-2022,2015-16,12,00,Misc. goods and services,162.52,Misc. goods & services,228.22333333333333,0.43816729227218953,162.52,10.05620640617595
2022-02-01,2021-2022,2015-16,12,00,Misc. goods and services,164.52,Misc. goods & services,228.22333333333333,0.43816729227218953,164.52,9.621535181236673
2022-03-01,2021-2022,2015-16,12,00,Misc. goods and services,167.48,Misc. goods & services,228.22333333333333,0.43816729227218953,167.48,11.921946003742324
2022-04-01,2021-2022,2015-16,12,00,Misc. goods and services,168.57,Misc. goods & services,228.22333333333333,0.43816729227218953,168.57,11.962008501594035
2022-05-01,2021-2022,2015-16,12,00,Misc. goods and services,170.38,Misc. goods & services,228.22333333333333,0.43816729227218953,170.38,12.232395757855219
2022-06-01,2021-2022,2015-16,12,00,Misc. goods and services,176.62,Misc. goods & services,228.22333333333333,0.43816729227218953,176.62,15.129391825826222
2022-07-01,2022-2023,2015-16,12,00,Misc. goods and services,179.12,Misc. goods & services,228.22333333333333,0.43816729227218953,179.12,16.78184900247752
2022-08-01,2022-2023,2015-16,12,00,Misc. goods and services,185.12,Misc. goods & services,228.22333333333333,0.43816729227218953,185.12,20.129785853341996
2022-09-01,2022-2023,2015-16,12,00,Misc. goods and services,192.34,Misc. goods & services,228.22333333333333,0.43816729227218953,192.34,23.066095079659622
2022-10-01,2022-2023,2015-16,12,00,Misc. goods and services,195.11,Misc. goods & services,228.22333333333333,0.43816729227218953,195.11,23.651688953672622
2022-11-01,2022-2023,2015-16,12,00,Misc. goods and services,198.51,Misc. goods & services,228.22333333333333,0.43816729227218953,198.51,23.75163643164391
2022-12-01,2022-2023,2015-16,12,00,Misc. goods and services,203.2,Misc. goods & services,228.22333333333333,0.43816729227218953,203.2,25.89838909541511
2023-01-01,2022-2023,2015-16,12,00,Misc. goods and services,209.39,Misc. goods & services,228.22333333333333,0.43816729227218953,209.39,28.839527442776248
2023-02-01,2022-2023,2015-16,12,00,Misc. goods and services,219.3,Misc. goods & services,228.22333333333333,0.43816729227218953,219.3,33.29686360320934
2023-03-01,2022-2023,2015-16,12,00,Misc. goods and services,224.93,Misc. goods & services,228.22333333333333,0.43816729227218953,224.93,34.302603295915944
2023-04-01,2022-2023,2015-16,12,00,Misc. goods and services,234.41,Misc. goods & services,228.22333333333333,0.43816729227218953,234.41,39.057958118289136
2023-05-01,2022-2023,2015-16,12,00,Misc. goods and services,243.64,Misc. goods & services,228.22333333333333,0.43816729227218953,243.64,42.99800446061744
2023-06-01,2022-2023,2015-16,12,00,Misc. goods and services,246.46,Misc. goods & services,228.22333333333333,0.43816729227218953,246.46,39.54252066583626
2023-07-01,2023-2024,2015-16,12,00,Misc. goods and services,249.16,Misc. goods & services,228.22333333333333,0.43816729227218953,249.16,39.102277802590436
2023-08-01,2023-2024,2015-16,12,00,Misc. goods and services,257.91,Misc. goods & services,228.22333333333333,0.43816729227218953,257.91,39.320440795159904
2023-09-01,2023-2024,2015-16,12,00,Misc. goods and services,259.03,Misc. goods & services,228.22333333333333,0.43816729227218953,259.03,34.672974940210025
2023-10-01,2023-2024,2015-16,12,00,Misc. goods and services,258.91,Misc. goods & services,228.22333333333333,0.43816729227218953,258.91,32.69950284454923
2023-11-01,2023-2024,2015-16,12,00,Misc. goods and services,262.84,Misc. goods & services,228.22333333333333,0.43816729227218953,262.84,32.40642788776385
2023-12-01,2023-2024,2015-16,12,00,Misc. goods and services,265.25,Misc. goods & services,228.22333333333333,0.43816729227218953,265.25,30.53641732283465
2024-01-01,2023-2024,2015-16,12,00,Misc. goods and services,267.64,Misc. goods & services,228.22333333333333,0.43816729227218953,267.64,27.818902526386168
2024-02-01,2023-2024,2015-16,12,00,Misc. goods and services,269.89,Misc. goods & services,228.22333333333333,0.43816729227218953,269.89,23.068855449156402
2024-03-01,2023-2024,2015-16,12,00,Misc. goods and services,271.71,Misc. goods & services,228.22333333333333,0.43816729227218953,271.71,20.797581469790583
2024-04-01,2023-2024,2015-16,12,00,Misc. goods and services,275.96,Misc. goods & services,228.22333333333333,0.43816729227218953,275.96,17.725353013949906
2024-05-01,2023-2024,2015-16,12,00,Misc. goods and services,276.03,Misc. goods & services,228.22333333333333,0.43816729227218953,276.03,13.29420456411099
2024-06-01,2023-2024,2015-16,12,00,Misc. goods and services,277.61,Misc. goods & services,228.22333333333333,0.43816729227218953,277.61,12.638967783818877
2024-07-01,2024-2025,2015-16,12,00,Misc. goods and services,281.53,Misc. goods & services,228.22333333333333,0.43816729227218953,281.53,12.991651950553852
2024-08-01,2024-2025,2015-16,12,00,Misc. goods and services,283.85,Misc. goods & services,228.22333333333333,0.43816729227218953,283.85,10.057772091039507
2024-09-01,2024-2025,2015-16,12,00,Misc. goods and services,286.58,Misc. goods & services,228.22333333333333,0.43816729227218953,286.58,10.6358336872177
2024-10-01,2024-2025,2015-16,12,00,Misc. goods and services,289.03,Misc. goods & services,228.22333333333333,0.43816729227218953,289.03,11.633386118728485
2024-11-01,2024-2025,2015-16,12,00,Misc. goods and services,291.88,Misc. goods & services,228.22333333333333,0.43816729227218953,291.88,11.04854664434638
2024-12-01,2024-2025,2015-16,12,00,Misc. goods and services,292.4,Misc. goods & services,228.22333333333333,0.43816729227218953,292.4,10.235626767200756
2025-01-01,2024-2025,2015-16,12,00,Misc. goods and services,294.76,Misc. goods & services,228.22333333333333,0.43816729227218953,294.76,10.133014497085636
2025-02-01,2024-2025,2015-16,12,00,Misc. goods and services,299.81,Misc. goods & services,228.22333333333333,0.43816729227218953,299.81,11.08599799918486
2025-03-01,2024-2025,2015-16,12,00,Misc. goods and services,304.14,Misc. goods & services,228.22333333333333,0.43816729227218953,304.14,11.935519487689096
2025-04-01,2024-2025,2015-16,12,00,Misc. goods and services,311.43,Misc. goods & services,228.22333333333333,0.43816729227218953,311.43,12.853312074213674
2025-05-01,2024-2025,2015-16,12,00,Misc. goods and services,316.36,Misc. goods & services,228.22333333333333,0.43816729227218953,316.36,14.610730717675624
2025-06-01,2024-2025,2015-16,12,00,Misc. goods and services,317.53,Misc. goods & services,228.22333333333333,0.43816729227218953,317.53,14.37988545081228
2025-07-01,2025-2026,2015-16,12,00,Misc. goods and services,321,Misc. goods & services,228.22333333333333,0.43816729227218953,321,14.019820267822269
2025-08-01,2025-2026,2015-16,12,00,Misc. goods and services,323.39,Misc. goods & services,228.22333333333333,0.43816729227218953,323.39,13.92989254888144
2025-09-01,2025-2026,2015-16,12,00,Misc. goods and services,328.68,Misc. goods & services,228.22333333333333,0.43816729227218953,328.68,14.690487821899655
2025-10-01,2025-2026,2015-16,12,00,Misc. goods and services,341.17,Misc. goods & services,228.22333333333333,0.43816729227218953,341.17,18.039649863335995
2025-11-01,2025-2026,2015-16,12,00,Misc. goods and services,343.1,Misc. goods & services,228.22333333333333,0.43816729227218953,343.1,17.54830752363987
2025-12-01,2025-2026,2015-16,12,00,Misc. goods and services,347.83,Misc. goods & services,228.22333333333333,0.43816729227218953,347.83,18.956908344733247
2026-01-01,2025-2026,2015-16,12,00,Misc. goods and services,356.81,Misc. goods & services,228.22333333333333,0.43816729227218953,356.81,21.051024562355813
2026-02-01,2025-2026,2015-16,12,00,Misc. goods and services,369.72,Misc. goods & services,228.22333333333333,0.43816729227218953,369.72,23.3181014642607
2026-03-01,2025-2026,2015-16,12,00,Misc. goods and services,369.43,Misc. goods & services,228.22333333333333,0.43816729227218953,369.43,21.4670875254817
2026-04-01,2025-2026,2015-16,12,00,Misc. goods and services,367.68,Misc. goods & services,228.22333333333333,0.43816729227218953,367.68,18.061843753010297
2026-05-01,2025-2026,2015-16,12,00,Misc. goods and services,363.87,Misc. goods & services,228.22333333333333,0.43816729227218953,363.87,15.017701352889112
2026-06-01,2025-2026,2015-16,12,00,Misc. goods and services,356.59,Misc. goods & services,228.22333333333333,0.43816729227218953,356.59,12.30119988662488
2016-07-01,2016-2017,2007-08,09,00,Recreation and culture,195.67,Recreation & culture,194.19833333333332,0.5149374780078786,100.7578163218016,1.378166934355729
2016-08-01,2016-2017,2007-08,09,00,Recreation and culture,195.77,Recreation & culture,194.19833333333332,0.5149374780078786,100.8093100696024,1.419468476402641
2016-09-01,2016-2017,2007-08,09,00,Recreation and culture,196.15,Recreation & culture,194.19833333333332,0.5149374780078786,101.00498631124539,1.416679592575365
2016-10-01,2016-2017,2007-08,09,00,Recreation and culture,196.21,Recreation & culture,194.19833333333332,0.5149374780078786,101.03588255992587,1.374321880650986
2016-11-01,2016-2017,2007-08,09,00,Recreation and culture,196.4,Recreation & culture,194.19833333333332,0.5149374780078786,101.13372068074736,1.4148507693896528
2016-12-01,2016-2017,2007-08,09,00,Recreation and culture,196.5,Recreation & culture,194.19833333333332,0.5149374780078786,101.18521442854815,1.4664876587834552
2017-01-01,2016-2017,2007-08,09,00,Recreation and culture,196.73,Recreation & culture,194.19833333333332,0.5149374780078786,101.30365004848996,1.5118679050567518
2017-02-01,2016-2017,2007-08,09,00,Recreation and culture,196.88,Recreation & culture,194.19833333333332,0.5149374780078786,101.38089067019114,1.286140549439252
2017-03-01,2016-2017,2007-08,09,00,Recreation and culture,197.14,Recreation & culture,194.19833333333332,0.5149374780078786,101.51477441447318,1.248009860818633
2017-04-01,2016-2017,2007-08,09,00,Recreation and culture,196.02,Recreation & culture,194.19833333333332,0.5149374780078786,100.93804443910436,0.1737530662305753
2017-05-01,2016-2017,2007-08,09,00,Recreation and culture,196.12,Recreation & culture,194.19833333333332,0.5149374780078786,100.98953818690515,0.16854793401093193
2017-06-01,2016-2017,2007-08,09,00,Recreation and culture,196.15,Recreation & culture,194.19833333333332,0.5149374780078786,101.00498631124539,0.22994379151763944
2017-07-01,2017-2018,2007-08,09,00,Recreation and culture,196.09,Recreation & culture,194.19833333333332,0.5149374780078786,100.97409006256491,0.21464710992997738
2017-08-01,2017-2018,2007-08,09,00,Recreation and culture,196.33,Recreation & culture,194.19833333333332,0.5149374780078786,101.0976750572868,0.28604995658170207
2017-09-01,2017-2018,2007-08,09,00,Recreation and culture,196.78,Recreation & culture,194.19833333333332,0.5149374780078786,101.32939692239034,0.32118276828956294
2017-10-01,2017-2018,2007-08,09,00,Recreation and culture,196.83,Recreation & culture,194.19833333333332,0.5149374780078786,101.35514379629075,0.31598797207073037
2017-11-01,2017-2018,2007-08,09,00,Recreation and culture,197.14,Recreation & culture,194.19833333333332,0.5149374780078786,101.51477441447318,0.37678207739306746
2017-12-01,2017-2018,2007-08,09,00,Recreation and culture,197.65,Recreation & culture,194.19833333333332,0.5149374780078786,101.77739252825721,0.5852417302798951
2018-01-01,2017-2018,2007-08,09,00,Recreation and culture,198.46,Recreation & culture,194.19833333333332,0.5149374780078786,102.19449188544358,0.8793778274792885
2018-02-01,2017-2018,2007-08,09,00,Recreation and culture,198.62,Recreation & culture,194.19833333333332,0.5149374780078786,102.27688188192485,0.8837870784234036
2018-03-01,2017-2018,2007-08,09,00,Recreation and culture,200.38,Recreation & culture,194.19833333333332,0.5149374780078786,103.18317184321872,1.6435020797402888
2018-04-01,2017-2018,2007-08,09,00,Recreation and culture,207.96,Recreation & culture,194.19833333333332,0.5149374780078786,107.08639792651843,6.091215182124277
2018-05-01,2017-2018,2007-08,09,00,Recreation and culture,208.32,Recreation & culture,194.19833333333332,0.5149374780078786,107.27177541860127,6.220681215582302
2018-06-01,2017-2018,2007-08,09,00,Recreation and culture,208.37,Recreation & culture,194.19833333333332,0.5149374780078786,107.29752229250167,6.229926076981895
2018-07-01,2018-2019,2007-08,09,00,Recreation and culture,208.71,Recreation & culture,194.19833333333332,0.5149374780078786,107.47260103502434,6.4358202866031
2018-08-01,2018-2019,2007-08,09,00,Recreation and culture,209.89,Recreation & culture,194.19833333333332,0.5149374780078786,108.08022725907362,6.90673865430651
2018-09-01,2018-2019,2007-08,09,00,Recreation and culture,210.12,Recreation & culture,194.19833333333332,0.5149374780078786,108.19866287901546,6.779144221973787
2018-10-01,2018-2019,2007-08,09,00,Recreation and culture,213.73,Recreation & culture,194.19833333333332,0.5149374780078786,110.05758717462389,8.58608951887414
2018-11-01,2018-2019,2007-08,09,00,Recreation and culture,214.34,Recreation & culture,194.19833333333332,0.5149374780078786,110.3716990362087,8.72476412701635
2018-12-01,2018-2019,2007-08,09,00,Recreation and culture,214.51,Recreation & culture,194.19833333333332,0.5149374780078786,110.45923840747002,8.53023020490764
2019-01-01,2018-2019,2007-08,09,00,Recreation and culture,215.3,Recreation & culture,194.19833333333332,0.5149374780078786,110.86603901509626,8.485337095636414
2019-02-01,2018-2019,2007-08,09,00,Recreation and culture,215.79,Recreation & culture,194.19833333333332,0.5149374780078786,111.11835837932011,8.644648071694672
2019-03-01,2018-2019,2007-08,09,00,Recreation and culture,219.77,Recreation & culture,194.19833333333332,0.5149374780078786,113.16780954179148,9.676614432578102
2019-04-01,2018-2019,2007-08,09,00,Recreation and culture,222.37,Recreation & culture,194.19833333333332,0.5149374780078786,114.50664698461196,6.929217157145606
2019-05-01,2018-2019,2007-08,09,00,Recreation and culture,223.08,Recreation & culture,194.19833333333332,0.5149374780078786,114.87225259399756,7.085253456221197
2019-06-01,2018-2019,2007-08,09,00,Recreation and culture,223.19,Recreation & culture,194.19833333333332,0.5149374780078786,114.92889571657842,7.112348226712095
2019-07-01,2019-2020,2015-16,09,00,Recreation and culture,115.31,Recreation & culture,194.19833333333332,0.5149374780078786,115.31,7.29246234807468
2019-08-01,2019-2020,2015-16,09,00,Recreation and culture,116.23,Recreation & culture,194.19833333333332,0.5149374780078786,116.23,7.540484460114039
2019-09-01,2019-2020,2015-16,09,00,Recreation and culture,116.63,Recreation & culture,194.19833333333332,0.5149374780078786,116.63,7.792459626245307
2019-10-01,2019-2020,2015-16,09,00,Recreation and culture,116.89,Recreation & culture,194.19833333333332,0.5149374780078786,116.89,6.208034357990599
2019-11-01,2019-2020,2015-16,09,00,Recreation and culture,117.14,Recreation & culture,194.19833333333332,0.5149374780078786,117.14,6.1322794003296766
2019-12-01,2019-2020,2015-16,09,00,Recreation and culture,117.22,Recreation & culture,194.19833333333332,0.5149374780078786,117.22,6.120594067098661
2020-01-01,2019-2020,2015-16,09,00,Recreation and culture,117.24,Recreation & culture,194.19833333333332,0.5149374780078786,117.24,5.749245703669281
2020-02-01,2019-2020,2015-16,09,00,Recreation and culture,117.38,Recreation & culture,194.19833333333332,0.5149374780078786,117.38,5.635109906235991
2020-03-01,2019-2020,2015-16,09,00,Recreation and culture,118.01,Recreation & culture,194.19833333333332,0.5149374780078786,118.01,4.278770153645461
2020-04-01,2019-2020,2015-16,09,00,Recreation and culture,118.08,Recreation & culture,194.19833333333332,0.5149374780078786,118.08,3.1206511669739534
2020-05-01,2019-2020,2015-16,09,00,Recreation and culture,118.12,Recreation & culture,194.19833333333332,0.5149374780078786,118.12,2.8272688422688264
2020-06-01,2019-2020,2015-16,09,00,Recreation and culture,118.29,Recreation & culture,194.19833333333332,0.5149374780078786,118.29,2.924507594426262
2020-07-01,2020-2021,2015-16,09,00,Recreation and culture,118.86,Recreation & culture,194.19833333333332,0.5149374780078786,118.86,3.078657531870599
2020-08-01,2020-2021,2015-16,09,00,Recreation and culture,119.36,Recreation & culture,194.19833333333332,0.5149374780078786,119.36,2.6929364191688787
2020-09-01,2020-2021,2015-16,09,00,Recreation and culture,120.03,Recreation & culture,194.19833333333332,0.5149374780078786,120.03,2.915201920603616
2020-10-01,2020-2021,2015-16,09,00,Recreation and culture,120.33,Recreation & culture,194.19833333333332,0.5149374780078786,120.33,2.9429378047737265
2020-11-01,2020-2021,2015-16,09,00,Recreation and culture,120.84,Recreation & culture,194.19833333333332,0.5149374780078786,120.84,3.1586136247225616
2020-12-01,2020-2021,2015-16,09,00,Recreation and culture,121.05,Recreation & culture,194.19833333333332,0.5149374780078786,121.05,3.267360518682816
2021-01-01,2020-2021,2015-16,09,00,Recreation and culture,121.14,Recreation & culture,194.19833333333332,0.5149374780078786,121.14,3.3265097236438113
2021-02-01,2020-2021,2015-16,09,00,Recreation and culture,121.56,Recreation & culture,194.19833333333332,0.5149374780078786,121.56,3.561083659907993
2021-03-01,2020-2021,2015-16,09,00,Recreation and culture,121.89,Recreation & culture,194.19833333333332,0.5149374780078786,121.89,3.2878569612744712
2021-04-01,2020-2021,2015-16,09,00,Recreation and culture,121.91,Recreation & culture,194.19833333333332,0.5149374780078786,121.91,3.243563685636852
2021-05-01,2020-2021,2015-16,09,00,Recreation and culture,122.15,Recreation & culture,194.19833333333332,0.5149374780078786,122.15,3.4117846258042706
2021-06-01,2020-2021,2015-16,09,00,Recreation and culture,124.35,Recreation & culture,194.19833333333332,0.5149374780078786,124.35,5.123002789753994
2021-07-01,2021-2022,2015-16,09,00,Recreation and culture,125.24,Recreation & culture,194.19833333333332,0.5149374780078786,125.24,5.367659431263672
2021-08-01,2021-2022,2015-16,09,00,Recreation and culture,125.93,Recreation & culture,194.19833333333332,0.5149374780078786,125.93,5.50435656836461
2021-09-01,2021-2022,2015-16,09,00,Recreation and culture,127.58,Recreation & culture,194.19833333333332,0.5149374780078786,127.58,6.2900941431308866
2021-10-01,2021-2022,2015-16,09,00,Recreation and culture,129.48,Recreation & culture,194.19833333333332,0.5149374780078786,129.48,7.604088755921201
2021-11-01,2021-2022,2015-16,09,00,Recreation and culture,129.92,Recreation & culture,194.19833333333332,0.5149374780078786,129.92,7.514068189341261
2021-12-01,2021-2022,2015-16,09,00,Recreation and culture,130.62,Recreation & culture,194.19833333333332,0.5149374780078786,130.62,7.905824039653053
2022-01-01,2021-2022,2015-16,09,00,Recreation and culture,130.97,Recreation & culture,194.19833333333332,0.5149374780078786,130.97,8.11457817401353
2022-02-01,2021-2022,2015-16,09,00,Recreation and culture,131.23,Recreation & culture,194.19833333333332,0.5149374780078786,131.23,7.954919381375447
2022-03-01,2021-2022,2015-16,09,00,Recreation and culture,132.47,Recreation & culture,194.19833333333332,0.5149374780078786,132.47,8.679957338583977
2022-04-01,2021-2022,2015-16,09,00,Recreation and culture,132.71,Recreation & culture,194.19833333333332,0.5149374780078786,132.71,8.858994340086968
2022-05-01,2021-2022,2015-16,09,00,Recreation and culture,136.64,Recreation & culture,194.19833333333332,0.5149374780078786,136.64,11.862464183381082
2022-06-01,2021-2022,2015-16,09,00,Recreation and culture,140.84,Recreation & culture,194.19833333333332,0.5149374780078786,140.84,13.260956976276649
2022-07-01,2022-2023,2015-16,09,00,Recreation and culture,142.58,Recreation & culture,194.19833333333332,0.5149374780078786,142.58,13.845416799744514
2022-08-01,2022-2023,2015-16,09,00,Recreation and culture,151.58,Recreation & culture,194.19833333333332,0.5149374780078786,151.58,20.36845866751371
2022-09-01,2022-2023,2015-16,09,00,Recreation and culture,154.54,Recreation & culture,194.19833333333332,0.5149374780078786,154.54,21.131838846214144
2022-10-01,2022-2023,2015-16,09,00,Recreation and culture,157.14,Recreation & culture,194.19833333333332,0.5149374780078786,157.14,21.362372567191844
2022-11-01,2022-2023,2015-16,09,00,Recreation and culture,158.91,Recreation & culture,194.19833333333332,0.5149374780078786,158.91,22.313731527093594
2022-12-01,2022-2023,2015-16,09,00,Recreation and culture,180.24,Recreation & culture,194.19833333333332,0.5149374780078786,180.24,37.98805695911804
2023-01-01,2022-2023,2015-16,09,00,Recreation and culture,188.05,Recreation & culture,194.19833333333332,0.5149374780078786,188.05,43.58249980911659
2023-02-01,2022-2023,2015-16,09,00,Recreation and culture,194.76,Recreation & culture,194.19833333333332,0.5149374780078786,194.76,48.41118646650919
2023-03-01,2022-2023,2015-16,09,00,Recreation and culture,200.57,Recreation & culture,194.19833333333332,0.5149374780078786,200.57,51.407865931909114
2023-04-01,2022-2023,2015-16,09,00,Recreation and culture,223.56,Recreation & culture,194.19833333333332,0.5149374780078786,223.56,68.4575389948007
2023-05-01,2022-2023,2015-16,09,00,Recreation and culture,234.43,Recreation & culture,194.19833333333332,0.5149374780078786,234.43,71.56762295081968
2023-06-01,2022-2023,2015-16,09,00,Recreation and culture,235.57,Recreation & culture,194.19833333333332,0.5149374780078786,235.57,67.26072138596987
2023-07-01,2023-2024,2015-16,09,00,Recreation and culture,236.46,Recreation & culture,194.19833333333332,0.5149374780078786,236.46,65.84373684948798
2023-08-01,2023-2024,2015-16,09,00,Recreation and culture,245.05,Recreation & culture,194.19833333333332,0.5149374780078786,245.05,61.66380789022299
2023-09-01,2023-2024,2015-16,09,00,Recreation and culture,245.62,Recreation & culture,194.19833333333332,0.5149374780078786,245.62,58.93619774815584
2023-10-01,2023-2024,2015-16,09,00,Recreation and culture,245.87,Recreation & culture,194.19833333333332,0.5149374780078786,245.87,56.465572101310954
2023-11-01,2023-2024,2015-16,09,00,Recreation and culture,245.81,Recreation & culture,194.19833333333332,0.5149374780078786,245.81,54.68504184758669
2023-12-01,2023-2024,2015-16,09,00,Recreation and culture,245.92,Recreation & culture,194.19833333333332,0.5149374780078786,245.92,36.440301819795806
2024-01-01,2023-2024,2015-16,09,00,Recreation and culture,246.06,Recreation & culture,194.19833333333332,0.5149374780078786,246.06,30.848178675884075
2024-02-01,2023-2024,2015-16,09,00,Recreation and culture,246,Recreation & culture,194.19833333333332,0.5149374780078786,246,26.30930375847198
2024-03-01,2023-2024,2015-16,09,00,Recreation and culture,246.16,Recreation & culture,194.19833333333332,0.5149374780078786,246.16,22.730218876202834
2024-04-01,2023-2024,2015-16,09,00,Recreation and culture,247.36,Recreation & culture,194.19833333333332,0.5149374780078786,247.36,10.645911612095183
2024-05-01,2023-2024,2015-16,09,00,Recreation and culture,251.25,Recreation & culture,194.19833333333332,0.5149374780078786,251.25,7.174849635285585
2024-06-01,2023-2024,2015-16,09,00,Recreation and culture,255.02,Recreation & culture,194.19833333333332,0.5149374780078786,255.02,8.25656917264508
2024-07-01,2024-2025,2015-16,09,00,Recreation and culture,256.42,Recreation & culture,194.19833333333332,0.5149374780078786,256.42,8.441173982914663
2024-08-01,2024-2025,2015-16,09,00,Recreation and culture,259.63,Recreation & culture,194.19833333333332,0.5149374780078786,259.63,5.949806162007754
2024-09-01,2024-2025,2015-16,09,00,Recreation and culture,259.42,Recreation & culture,194.19833333333332,0.5149374780078786,259.42,5.618434980864762
2024-10-01,2024-2025,2015-16,09,00,Recreation and culture,259.72,Recreation & culture,194.19833333333332,0.5149374780078786,259.72,5.633058120144807
2024-11-01,2024-2025,2015-16,09,00,Recreation and culture,260.05,Recreation & culture,194.19833333333332,0.5149374780078786,260.05,5.7930922257027895
2024-12-01,2024-2025,2015-16,09,00,Recreation and culture,260.51,Recreation & culture,194.19833333333332,0.5149374780078786,260.51,5.932823682498367
2025-01-01,2024-2025,2015-16,09,00,Recreation and culture,260.67,Recreation & culture,194.19833333333332,0.5149374780078786,260.67,5.937576200926609
2025-02-01,2024-2025,2015-16,09,00,Recreation and culture,260.96,Recreation & culture,194.19833333333332,0.5149374780078786,260.96,6.081300813008128
2025-03-01,2024-2025,2015-16,09,00,Recreation and culture,258.99,Recreation & culture,194.19833333333332,0.5149374780078786,258.99,5.21205719857003
2025-04-01,2024-2025,2015-16,09,00,Recreation and culture,261.43,Recreation & culture,194.19833333333332,0.5149374780078786,261.43,5.688065976714096
2025-05-01,2024-2025,2015-16,09,00,Recreation and culture,250.5,Recreation & culture,194.19833333333332,0.5149374780078786,250.5,-0.29850746268657025
2025-06-01,2024-2025,2015-16,09,00,Recreation and culture,250.36,Recreation & culture,194.19833333333332,0.5149374780078786,250.36,-1.8273076621441398
2025-07-01,2025-2026,2015-16,09,00,Recreation and culture,250.53,Recreation & culture,194.19833333333332,0.5149374780078786,250.53,-2.2970127135168883
2025-08-01,2025-2026,2015-16,09,00,Recreation and culture,251.61,Recreation & culture,194.19833333333332,0.5149374780078786,251.61,-3.0890112852905993
2025-09-01,2025-2026,2015-16,09,00,Recreation and culture,250.7,Recreation & culture,194.19833333333332,0.5149374780078786,250.7,-3.3613445378151363
2025-10-01,2025-2026,2015-16,09,00,Recreation and culture,248.77,Recreation & culture,194.19833333333332,0.5149374780078786,248.77,-4.216078854150629
2025-11-01,2025-2026,2015-16,09,00,Recreation and culture,248.81,Recreation & culture,194.19833333333332,0.5149374780078786,248.81,-4.3222457219765476
2025-12-01,2025-2026,2015-16,09,00,Recreation and culture,249.17,Recreation & culture,194.19833333333332,0.5149374780078786,249.17,-4.35299988484128
2026-01-01,2025-2026,2015-16,09,00,Recreation and culture,249.18,Recreation & culture,194.19833333333332,0.5149374780078786,249.18,-4.407872022096903
2026-02-01,2025-2026,2015-16,09,00,Recreation and culture,249.21,Recreation & culture,194.19833333333332,0.5149374780078786,249.21,-4.5026057633353656
2026-03-01,2025-2026,2015-16,09,00,Recreation and culture,249.7,Recreation & culture,194.19833333333332,0.5149374780078786,249.7,-3.5870110815089506
2026-04-01,2025-2026,2015-16,09,00,Recreation and culture,249.8,Recreation & culture,194.19833333333332,0.5149374780078786,249.8,-4.4486095704394994
2026-05-01,2025-2026,2015-16,09,00,Recreation and culture,250.24,Recreation & culture,194.19833333333332,0.5149374780078786,250.24,-0.10379241516965676
2026-06-01,2025-2026,2015-16,09,00,Recreation and culture,252.1,Recreation & culture,194.19833333333332,0.5149374780078786,252.1,0.6949992011503259
2016-07-01,2016-2017,2007-08,11,00,Restaurants and hotels,264.37,Restaurants & hotels,256.7866666666667,0.3894283192273742,102.95316475414091,5.875050060072096
2016-08-01,2016-2017,2007-08,11,00,Restaurants and hotels,265.77,Restaurants & hotels,256.7866666666667,0.3894283192273742,103.49836440105923,6.197554543274997
2016-09-01,2016-2017,2007-08,11,00,Restaurants and hotels,266.11,Restaurants & hotels,256.7866666666667,0.3894283192273742,103.63077002959655,5.897568546301102
2016-10-01,2016-2017,2007-08,11,00,Restaurants and hotels,266.35,Restaurants & hotels,256.7866666666667,0.3894283192273742,103.72423282621112,5.151993683379397
2016-11-01,2016-2017,2007-08,11,00,Restaurants and hotels,267.68,Restaurants & hotels,256.7866666666667,0.3894283192273742,104.24217249078353,5.23667243277246
2016-12-01,2016-2017,2007-08,11,00,Restaurants and hotels,268.22,Restaurants & hotels,256.7866666666667,0.3894283192273742,104.45246378316632,4.867654533369836
2017-01-01,2016-2017,2007-08,11,00,Restaurants and hotels,268.9,Restaurants & hotels,256.7866666666667,0.3894283192273742,104.7172750402409,4.585585935980685
2017-02-01,2016-2017,2007-08,11,00,Restaurants and hotels,269.63,Restaurants & hotels,256.7866666666667,0.3894283192273742,105.00155771327691,3.947723505146694
2017-03-01,2016-2017,2007-08,11,00,Restaurants and hotels,271.02,Restaurants & hotels,256.7866666666667,0.3894283192273742,105.54286307700295,3.5217723453017546
2017-04-01,2016-2017,2007-08,11,00,Restaurants and hotels,275.88,Restaurants & hotels,256.7866666666667,0.3894283192273742,107.43548470844799,5.341937454656542
2017-05-01,2016-2017,2007-08,11,00,Restaurants and hotels,277.29,Restaurants & hotels,256.7866666666667,0.3894283192273742,107.9845786385586,5.36935704514363
2017-06-01,2016-2017,2007-08,11,00,Restaurants and hotels,277.76,Restaurants & hotels,256.7866666666667,0.3894283192273742,108.16760994859546,5.4477810257772985
2017-07-01,2017-2018,2007-08,11,00,Restaurants and hotels,278.44,Restaurants & hotels,256.7866666666667,0.3894283192273742,108.43242120567007,5.322086469720455
2017-08-01,2017-2018,2007-08,11,00,Restaurants and hotels,278.44,Restaurants & hotels,256.7866666666667,0.3894283192273742,108.43242120567007,4.767279978929162
2017-09-01,2017-2018,2007-08,11,00,Restaurants and hotels,281.08,Restaurants & hotels,256.7866666666667,0.3894283192273742,109.46051196843034,5.625493217090671
2017-10-01,2017-2018,2007-08,11,00,Restaurants and hotels,283.85,Restaurants & hotels,256.7866666666667,0.3894283192273742,110.53922841269018,6.570302233902758
2017-11-01,2017-2018,2007-08,11,00,Restaurants and hotels,284.76,Restaurants & hotels,256.7866666666667,0.3894283192273742,110.89360818318707,6.38075313807529
2017-12-01,2017-2018,2007-08,11,00,Restaurants and hotels,285.32,Restaurants & hotels,256.7866666666667,0.3894283192273742,111.11168804195441,6.375363507568399
2018-01-01,2017-2018,2007-08,11,00,Restaurants and hotels,286.89,Restaurants & hotels,256.7866666666667,0.3894283192273742,111.72309050314138,6.6902194124209835
2018-02-01,2017-2018,2007-08,11,00,Restaurants and hotels,287.21,Restaurants & hotels,256.7866666666667,0.3894283192273742,111.84770756529413,6.520045988947798
2018-03-01,2017-2018,2007-08,11,00,Restaurants and hotels,287.84,Restaurants & hotels,256.7866666666667,0.3894283192273742,112.09304740640738,6.2061840454578965
2018-04-01,2017-2018,2007-08,11,00,Restaurants and hotels,291.05,Restaurants & hotels,256.7866666666667,0.3894283192273742,113.34311231112727,5.4987675801073
2018-05-01,2017-2018,2007-08,11,00,Restaurants and hotels,292.77,Restaurants & hotels,256.7866666666667,0.3894283192273742,114.01292902019834,5.58260305095748
2018-06-01,2017-2018,2007-08,11,00,Restaurants and hotels,292.9,Restaurants & hotels,256.7866666666667,0.3894283192273742,114.0635547016979,5.450748847926268
2018-07-01,2018-2019,2007-08,11,00,Restaurants and hotels,293.25,Restaurants & hotels,256.7866666666667,0.3894283192273742,114.19985461342749,5.318919695446067
2018-08-01,2018-2019,2007-08,11,00,Restaurants and hotels,295.01,Restaurants & hotels,256.7866666666667,0.3894283192273742,114.88524845526766,5.951012785519327
2018-09-01,2018-2019,2007-08,11,00,Restaurants and hotels,295.86,Restaurants & hotels,256.7866666666667,0.3894283192273742,115.21626252661093,5.258289454959453
2018-10-01,2018-2019,2007-08,11,00,Restaurants and hotels,297.39,Restaurants & hotels,256.7866666666667,0.3894283192273742,115.8120878550288,4.770125066056008
2018-11-01,2018-2019,2007-08,11,00,Restaurants and hotels,298.18,Restaurants & hotels,256.7866666666667,0.3894283192273742,116.11973622721844,4.7127405534485245
2018-12-01,2018-2019,2007-08,11,00,Restaurants and hotels,301.38,Restaurants & hotels,256.7866666666667,0.3894283192273742,117.36590684874604,5.628767699425197
2019-01-01,2018-2019,2007-08,11,00,Restaurants and hotels,302.94,Restaurants & hotels,256.7866666666667,0.3894283192273742,117.97341502674074,5.594478720066931
2019-02-01,2018-2019,2007-08,11,00,Restaurants and hotels,303.57,Restaurants & hotels,256.7866666666667,0.3894283192273742,118.21875486785399,5.696180495108116
2019-03-01,2018-2019,2007-08,11,00,Restaurants and hotels,306.48,Restaurants & hotels,256.7866666666667,0.3894283192273742,119.35199127680565,6.475819899944435
2019-04-01,2018-2019,2007-08,11,00,Restaurants and hotels,308.62,Restaurants & hotels,256.7866666666667,0.3894283192273742,120.18536787995222,6.036763442707427
2019-05-01,2018-2019,2007-08,11,00,Restaurants and hotels,309.79,Restaurants & hotels,256.7866666666667,0.3894283192273742,120.64099901344827,5.81343716910887
2019-06-01,2018-2019,2007-08,11,00,Restaurants and hotels,311.97,Restaurants & hotels,256.7866666666667,0.3894283192273742,121.48995274936394,6.510754523728246
2019-07-01,2019-2020,2015-16,11,00,Restaurants and hotels,122.67,Restaurants & hotels,256.7866666666667,0.3894283192273742,122.67,7.4169493606138115
2019-08-01,2019-2020,2015-16,11,00,Restaurants and hotels,123.22,Restaurants & hotels,256.7866666666667,0.3894283192273742,123.22,7.254849214150938
2019-09-01,2019-2020,2015-16,11,00,Restaurants and hotels,124.01,Restaurants & hotels,256.7866666666667,0.3894283192273742,124.01,7.632375222515164
2019-10-01,2019-2020,2015-16,11,00,Restaurants and hotels,124.31,Restaurants & hotels,256.7866666666667,0.3894283192273742,124.31,7.337672865036948
2019-11-01,2019-2020,2015-16,11,00,Restaurants and hotels,124.95,Restaurants & hotels,256.7866666666667,0.3894283192273742,124.95,7.604446978335244
2019-12-01,2019-2020,2015-16,11,00,Restaurants and hotels,124.97,Restaurants & hotels,256.7866666666667,0.3894283192273742,124.97,6.478962550047562
2020-01-01,2019-2020,2015-16,11,00,Restaurants and hotels,127.33,Restaurants & hotels,256.7866666666667,0.3894283192273742,127.33,7.931096146651706
2020-02-01,2019-2020,2015-16,11,00,Restaurants and hotels,128.88,Restaurants & hotels,256.7866666666667,0.3894283192273742,128.88,9.018235003458841
2020-03-01,2019-2020,2015-16,11,00,Restaurants and hotels,129.7,Restaurants & hotels,256.7866666666667,0.3894283192273742,129.7,8.670160097450609
2020-04-01,2019-2020,2015-16,11,00,Restaurants and hotels,129.74,Restaurants & hotels,256.7866666666667,0.3894283192273742,129.74,7.9499129458017626
2020-05-01,2019-2020,2015-16,11,00,Restaurants and hotels,129.8,Restaurants & hotels,256.7866666666667,0.3894283192273742,129.8,7.591947233071861
2020-06-01,2019-2020,2015-16,11,00,Restaurants and hotels,130.52,Restaurants & hotels,256.7866666666667,0.3894283192273742,130.52,7.4327522945582425
2020-07-01,2020-2021,2015-16,11,00,Restaurants and hotels,130.92,Restaurants & hotels,256.7866666666667,0.3894283192273742,130.92,6.725360723893359
2020-08-01,2020-2021,2015-16,11,00,Restaurants and hotels,133.37,Restaurants & hotels,256.7866666666667,0.3894283192273742,133.37,8.237299139750043
2020-09-01,2020-2021,2015-16,11,00,Restaurants and hotels,134.14,Restaurants & hotels,256.7866666666667,0.3894283192273742,134.14,8.16869607289734
2020-10-01,2020-2021,2015-16,11,00,Restaurants and hotels,135.28,Restaurants & hotels,256.7866666666667,0.3894283192273742,135.28,8.8247124125171
2020-11-01,2020-2021,2015-16,11,00,Restaurants and hotels,136.53,Restaurants & hotels,256.7866666666667,0.3894283192273742,136.53,9.267707082833132
2020-12-01,2020-2021,2015-16,11,00,Restaurants and hotels,137.47,Restaurants & hotels,256.7866666666667,0.3894283192273742,137.47,10.002400576138282
2021-01-01,2020-2021,2015-16,11,00,Restaurants and hotels,138.39,Restaurants & hotels,256.7866666666667,0.3894283192273742,138.39,8.68609125893347
2021-02-01,2020-2021,2015-16,11,00,Restaurants and hotels,139,Restaurants & hotels,256.7866666666667,0.3894283192273742,139,7.852265673494729
2021-03-01,2020-2021,2015-16,11,00,Restaurants and hotels,140.53,Restaurants & hotels,256.7866666666667,0.3894283192273742,140.53,8.35003855050116
2021-04-01,2020-2021,2015-16,11,00,Restaurants and hotels,140.81,Restaurants & hotels,256.7866666666667,0.3894283192273742,140.81,8.532449514413432
2021-05-01,2020-2021,2015-16,11,00,Restaurants and hotels,141.66,Restaurants & hotels,256.7866666666667,0.3894283192273742,141.66,9.137134052388273
2021-06-01,2020-2021,2015-16,11,00,Restaurants and hotels,142.77,Restaurants & hotels,256.7866666666667,0.3894283192273742,142.77,9.385534783941152
2021-07-01,2021-2022,2015-16,11,00,Restaurants and hotels,143.31,Restaurants & hotels,256.7866666666667,0.3894283192273742,143.31,9.46379468377636
2021-08-01,2021-2022,2015-16,11,00,Restaurants and hotels,143.47,Restaurants & hotels,256.7866666666667,0.3894283192273742,143.47,7.572917447701877
2021-09-01,2021-2022,2015-16,11,00,Restaurants and hotels,145.51,Restaurants & hotels,256.7866666666667,0.3894283192273742,145.51,8.476218875801411
2021-10-01,2021-2022,2015-16,11,00,Restaurants and hotels,146.92,Restaurants & hotels,256.7866666666667,0.3894283192273742,146.92,8.604376108811351
2021-11-01,2021-2022,2015-16,11,00,Restaurants and hotels,152.1,Restaurants & hotels,256.7866666666667,0.3894283192273742,152.1,11.4040870138431
2021-12-01,2021-2022,2015-16,11,00,Restaurants and hotels,155.66,Restaurants & hotels,256.7866666666667,0.3894283192273742,155.66,13.231977886084234
2022-01-01,2021-2022,2015-16,11,00,Restaurants and hotels,156.62,Restaurants & hotels,256.7866666666667,0.3894283192273742,156.62,13.172917118288918
2022-02-01,2021-2022,2015-16,11,00,Restaurants and hotels,159.82,Restaurants & hotels,256.7866666666667,0.3894283192273742,159.82,14.97841726618705
2022-03-01,2021-2022,2015-16,11,00,Restaurants and hotels,160.94,Restaurants & hotels,256.7866666666667,0.3894283192273742,160.94,14.523589269195192
2022-04-01,2021-2022,2015-16,11,00,Restaurants and hotels,161.24,Restaurants & hotels,256.7866666666667,0.3894283192273742,161.24,14.508912719267109
2022-05-01,2021-2022,2015-16,11,00,Restaurants and hotels,162.26,Restaurants & hotels,256.7866666666667,0.3894283192273742,162.26,14.541860793449102
2022-06-01,2021-2022,2015-16,11,00,Restaurants and hotels,173.02,Restaurants & hotels,256.7866666666667,0.3894283192273742,173.02,21.187924634026743
2022-07-01,2022-2023,2015-16,11,00,Restaurants and hotels,178.75,Restaurants & hotels,256.7866666666667,0.3894283192273742,178.75,24.72960714534924
2022-08-01,2022-2023,2015-16,11,00,Restaurants and hotels,182.8,Restaurants & hotels,256.7866666666667,0.3894283192273742,182.8,27.413396528891077
2022-09-01,2022-2023,2015-16,11,00,Restaurants and hotels,187.9,Restaurants & hotels,256.7866666666667,0.3894283192273742,187.9,29.132018417978166
2022-10-01,2022-2023,2015-16,11,00,Restaurants and hotels,193.58,Restaurants & hotels,256.7866666666667,0.3894283192273742,193.58,31.758780288592448
2022-11-01,2022-2023,2015-16,11,00,Restaurants and hotels,196.97,Restaurants & hotels,256.7866666666667,0.3894283192273742,196.97,29.50032873109796
2022-12-01,2022-2023,2015-16,11,00,Restaurants and hotels,200.18,Restaurants & hotels,256.7866666666667,0.3894283192273742,200.18,28.600796607991775
2023-01-01,2022-2023,2015-16,11,00,Restaurants and hotels,207.39,Restaurants & hotels,256.7866666666667,0.3894283192273742,207.39,32.41603882007404
2023-02-01,2022-2023,2015-16,11,00,Restaurants and hotels,216.08,Restaurants & hotels,256.7866666666667,0.3894283192273742,216.08,35.20210236516081
2023-03-01,2022-2023,2015-16,11,00,Restaurants and hotels,225.06,Restaurants & hotels,256.7866666666667,0.3894283192273742,225.06,39.840934509755186
2023-04-01,2022-2023,2015-16,11,00,Restaurants and hotels,226.36,Restaurants & hotels,256.7866666666667,0.3894283192273742,226.36,40.3870007442322
2023-05-01,2022-2023,2015-16,11,00,Restaurants and hotels,237.02,Restaurants & hotels,256.7866666666667,0.3894283192273742,237.02,46.074201898188115
2023-06-01,2022-2023,2015-16,11,00,Restaurants and hotels,240.11,Restaurants & hotels,256.7866666666667,0.3894283192273742,240.11,38.77586406195817
2023-07-01,2023-2024,2015-16,11,00,Restaurants and hotels,242.65,Restaurants & hotels,256.7866666666667,0.3894283192273742,242.65,35.74825174825176
2023-08-01,2023-2024,2015-16,11,00,Restaurants and hotels,247.58,Restaurants & hotels,256.7866666666667,0.3894283192273742,247.58,35.437636761487965
2023-09-01,2023-2024,2015-16,11,00,Restaurants and hotels,252.06,Restaurants & hotels,256.7866666666667,0.3894283192273742,252.06,34.14582224587546
2023-10-01,2023-2024,2015-16,11,00,Restaurants and hotels,256.43,Restaurants & hotels,256.7866666666667,0.3894283192273742,256.43,32.467197024486
2023-11-01,2023-2024,2015-16,11,00,Restaurants and hotels,258.07,Restaurants & hotels,256.7866666666667,0.3894283192273742,258.07,31.0199522769965
2023-12-01,2023-2024,2015-16,11,00,Restaurants and hotels,260.11,Restaurants & hotels,256.7866666666667,0.3894283192273742,260.11,29.938055749825153
2024-01-01,2023-2024,2015-16,11,00,Restaurants and hotels,262.77,Restaurants & hotels,256.7866666666667,0.3894283192273742,262.77,26.703312599450314
2024-02-01,2023-2024,2015-16,11,00,Restaurants and hotels,263.47,Restaurants & hotels,256.7866666666667,0.3894283192273742,263.47,21.931691965938537
2024-03-01,2023-2024,2015-16,11,00,Restaurants and hotels,265.74,Restaurants & hotels,256.7866666666667,0.3894283192273742,265.74,18.0751799520128
2024-04-01,2023-2024,2015-16,11,00,Restaurants and hotels,268.67,Restaurants & hotels,256.7866666666667,0.3894283192273742,268.67,18.691464923131296
2024-05-01,2023-2024,2015-16,11,00,Restaurants and hotels,265.2,Restaurants & hotels,256.7866666666667,0.3894283192273742,265.2,11.889292042865574
2024-06-01,2023-2024,2015-16,11,00,Restaurants and hotels,263.73,Restaurants & hotels,256.7866666666667,0.3894283192273742,263.73,9.837157969264098
2024-07-01,2024-2025,2015-16,11,00,Restaurants and hotels,265.28,Restaurants & hotels,256.7866666666667,0.3894283192273742,265.28,9.326189985575928
2024-08-01,2024-2025,2015-16,11,00,Restaurants and hotels,266.75,Restaurants & hotels,256.7866666666667,0.3894283192273742,266.75,7.7429517731642195
2024-09-01,2024-2025,2015-16,11,00,Restaurants and hotels,271.99,Restaurants & hotels,256.7866666666667,0.3894283192273742,271.99,7.906847575973974
2024-10-01,2024-2025,2015-16,11,00,Restaurants and hotels,272.98,Restaurants & hotels,256.7866666666667,0.3894283192273742,272.98,6.454003041765799
2024-11-01,2024-2025,2015-16,11,00,Restaurants and hotels,276.36,Restaurants & hotels,256.7866666666667,0.3894283192273742,276.36,7.087224396481573
2024-12-01,2024-2025,2015-16,11,00,Restaurants and hotels,277.24,Restaurants & hotels,256.7866666666667,0.3894283192273742,277.24,6.585675291222937
2025-01-01,2024-2025,2015-16,11,00,Restaurants and hotels,279.39,Restaurants & hotels,256.7866666666667,0.3894283192273742,279.39,6.324922936408273
2025-02-01,2024-2025,2015-16,11,00,Restaurants and hotels,280.26,Restaurants & hotels,256.7866666666667,0.3894283192273742,280.26,6.372642046532806
2025-03-01,2024-2025,2015-16,11,00,Restaurants and hotels,280.73,Restaurants & hotels,256.7866666666667,0.3894283192273742,280.73,5.640851960562965
2025-04-01,2024-2025,2015-16,11,00,Restaurants and hotels,282.36,Restaurants & hotels,256.7866666666667,0.3894283192273742,282.36,5.095470279525061
2025-05-01,2024-2025,2015-16,11,00,Restaurants and hotels,282.75,Restaurants & hotels,256.7866666666667,0.3894283192273742,282.75,6.617647058823528
2025-06-01,2024-2025,2015-16,11,00,Restaurants and hotels,283.57,Restaurants & hotels,256.7866666666667,0.3894283192273742,283.57,7.522845334243344
2025-07-01,2025-2026,2015-16,11,00,Restaurants and hotels,283.97,Restaurants & hotels,256.7866666666667,0.3894283192273742,283.97,7.045386007237653
2025-08-01,2025-2026,2015-16,11,00,Restaurants and hotels,284.54,Restaurants & hotels,256.7866666666667,0.3894283192273742,284.54,6.669165885660733
2025-09-01,2025-2026,2015-16,11,00,Restaurants and hotels,286.84,Restaurants & hotels,256.7866666666667,0.3894283192273742,286.84,5.459759549983434
2025-10-01,2025-2026,2015-16,11,00,Restaurants and hotels,288.06,Restaurants & hotels,256.7866666666667,0.3894283192273742,288.06,5.524214228148572
2025-11-01,2025-2026,2015-16,11,00,Restaurants and hotels,288.7,Restaurants & hotels,256.7866666666667,0.3894283192273742,288.7,4.465190331451718
2025-12-01,2025-2026,2015-16,11,00,Restaurants and hotels,290.95,Restaurants & hotels,256.7866666666667,0.3894283192273742,290.95,4.945173856586349
2026-01-01,2025-2026,2015-16,11,00,Restaurants and hotels,291.46,Restaurants & hotels,256.7866666666667,0.3894283192273742,291.46,4.320125988761236
2026-02-01,2025-2026,2015-16,11,00,Restaurants and hotels,292.5,Restaurants & hotels,256.7866666666667,0.3894283192273742,292.5,4.367373153500331
2026-03-01,2025-2026,2015-16,11,00,Restaurants and hotels,294.18,Restaurants & hotels,256.7866666666667,0.3894283192273742,294.18,4.791080397534997
2026-04-01,2025-2026,2015-16,11,00,Restaurants and hotels,296.83,Restaurants & hotels,256.7866666666667,0.3894283192273742,296.83,5.124663550077901
2026-05-01,2025-2026,2015-16,11,00,Restaurants and hotels,299.09,Restaurants & hotels,256.7866666666667,0.3894283192273742,299.09,5.778956675508384
2026-06-01,2025-2026,2015-16,11,00,Restaurants and hotels,298.29,Restaurants & hotels,256.7866666666667,0.3894283192273742,298.29,5.190958140847068
2016-07-01,2016-2017,2007-08,07,00,Transport,169.78,Transport,174.255,0.573871624917506,97.43192447849417,-4.949053857350805
2016-08-01,2016-2017,2007-08,07,00,Transport,170.1,Transport,174.255,0.573871624917506,97.61556339846777,-4.448938321536911
2016-09-01,2016-2017,2007-08,07,00,Transport,170.31,Transport,174.255,0.573871624917506,97.73607643970044,-3.012528473804099
2016-10-01,2016-2017,2007-08,07,00,Transport,170.4,Transport,174.255,0.573871624917506,97.78772488594302,-3.0716723549488067
2016-11-01,2016-2017,2007-08,07,00,Transport,170.65,Transport,174.255,0.573871624917506,97.9311927921724,-3.636568976226784
2016-12-01,2016-2017,2007-08,07,00,Transport,172.01,Transport,174.255,0.573871624917506,98.71165820206019,-3.196578310540843
2017-01-01,2016-2017,2007-08,07,00,Transport,172.81,Transport,174.255,0.573871624917506,99.17075550199421,-2.8939087435378763
2017-02-01,2016-2017,2007-08,07,00,Transport,174.75,Transport,174.255,0.573871624917506,100.28406645433417,0.40218328066645714
2017-03-01,2016-2017,2007-08,07,00,Transport,175.69,Transport,174.255,0.573871624917506,100.82350578175662,4.421991084695387
2017-04-01,2016-2017,2007-08,07,00,Transport,176.33,Transport,174.255,0.573871624917506,101.19078362170384,4.13393964448121
2017-05-01,2016-2017,2007-08,07,00,Transport,176.43,Transport,174.255,0.573871624917506,101.24817078419558,4.205303880455968
2017-06-01,2016-2017,2007-08,07,00,Transport,175.87,Transport,174.255,0.573871624917506,100.92680267424178,3.856147395771825
2017-07-01,2017-2018,2007-08,07,00,Transport,175.18,Transport,174.255,0.573871624917506,100.5308312530487,3.1805866415361095
2017-08-01,2017-2018,2007-08,07,00,Transport,174.61,Transport,174.255,0.573871624917506,100.20372442684572,2.6513815402704255
2017-09-01,2017-2018,2007-08,07,00,Transport,175.74,Transport,174.255,0.573871624917506,100.85219936300251,3.1883036815219423
2017-10-01,2017-2018,2007-08,07,00,Transport,177.05,Transport,174.255,0.573871624917506,101.60397119164445,3.9025821596244237
2017-11-01,2017-2018,2007-08,07,00,Transport,178.51,Transport,174.255,0.573871624917506,102.441823764024,4.60591854673309
2017-12-01,2017-2018,2007-08,07,00,Transport,179.67,Transport,174.255,0.573871624917506,103.10751484892829,4.4532294634032965
2018-01-01,2017-2018,2007-08,07,00,Transport,182.63,Transport,174.255,0.573871624917506,104.80617485868412,5.68254151958798
2018-02-01,2017-2018,2007-08,07,00,Transport,184.47,Transport,174.255,0.573871624917506,105.86209864853232,5.562231759656644
2018-03-01,2017-2018,2007-08,07,00,Transport,186.98,Transport,174.255,0.573871624917506,107.30251642707526,6.426091411008028
2018-04-01,2017-2018,2007-08,07,00,Transport,187.48,Transport,174.255,0.573871624917506,107.58945223953401,6.323370952191887
2018-05-01,2017-2018,2007-08,07,00,Transport,189.16,Transport,174.255,0.573871624917506,108.55355656939543,7.215326191690741
2018-06-01,2017-2018,2007-08,07,00,Transport,194.64,Transport,174.255,0.573871624917506,111.69837307394336,10.672655939045871
2018-07-01,2018-2019,2007-08,07,00,Transport,202.71,Transport,174.255,0.573871624917506,116.32951708702764,15.71526429957757
2018-08-01,2018-2019,2007-08,07,00,Transport,204.74,Transport,174.255,0.573871624917506,117.49447648561018,17.255598190252552
2018-09-01,2018-2019,2007-08,07,00,Transport,204.94,Transport,174.255,0.573871624917506,117.60925081059368,16.615454648913165
2018-10-01,2018-2019,2007-08,07,00,Transport,210,Transport,174.255,0.573871624917506,120.51304123267626,18.61056198813893
2018-11-01,2018-2019,2007-08,07,00,Transport,213.89,Transport,174.255,0.573871624917506,122.74540185360534,19.819617948574297
2018-12-01,2018-2019,2007-08,07,00,Transport,212.38,Transport,174.255,0.573871624917506,121.87885569997992,18.20559915400457
2019-01-01,2018-2019,2007-08,07,00,Transport,209.96,Transport,174.255,0.573871624917506,120.49008636767957,14.964682691781217
2019-02-01,2018-2019,2007-08,07,00,Transport,209.05,Transport,174.255,0.573871624917506,119.96786318900463,13.324659836287744
2019-03-01,2018-2019,2007-08,07,00,Transport,211.31,Transport,174.255,0.573871624917506,121.2648130613182,13.012086854209027
2019-04-01,2018-2019,2007-08,07,00,Transport,214.61,Transport,174.255,0.573871624917506,123.15858942354596,14.470876893535323
2019-05-01,2018-2019,2007-08,07,00,Transport,220.7,Transport,174.255,0.573871624917506,126.65346761929356,16.673715373229015
2019-06-01,2018-2019,2007-08,07,00,Transport,223.75,Transport,174.255,0.573871624917506,128.40377607529197,14.955815865187017
2019-07-01,2019-2020,2015-16,07,00,Transport,141.72,Transport,174.255,0.573871624917506,141.72,21.826346011543585
2019-08-01,2019-2020,2015-16,07,00,Transport,144.36,Transport,174.255,0.573871624917506,144.36,22.865350200253975
2019-09-01,2019-2020,2015-16,07,00,Transport,142.32,Transport,174.255,0.573871624917506,142.32,21.010889040694813
2019-10-01,2019-2020,2015-16,07,00,Transport,142.96,Transport,174.255,0.573871624917506,142.96,18.626165714285705
2019-11-01,2019-2020,2015-16,07,00,Transport,143.6,Transport,174.255,0.573871624917506,143.6,16.990125765580434
2019-12-01,2019-2020,2015-16,07,00,Transport,145.01,Transport,174.255,0.573871624917506,145.01,18.97880002825123
2020-01-01,2019-2020,2015-16,07,00,Transport,146.34,Transport,174.255,0.573871624917506,146.34,21.453975519146496
2020-02-01,2019-2020,2015-16,07,00,Transport,146.55,Transport,174.255,0.573871624917506,146.55,22.15771466156422
2020-03-01,2019-2020,2015-16,07,00,Transport,139.85,Transport,174.255,0.573871624917506,139.85,15.326116842553583
2020-04-01,2019-2020,2015-16,07,00,Transport,133.49,Transport,174.255,0.573871624917506,133.49,8.388704859978557
2020-05-01,2019-2020,2015-16,07,00,Transport,124.89,Transport,174.255,0.573871624917506,124.89,-1.3923563661078386
2020-06-01,2019-2020,2015-16,07,00,Transport,123.36,Transport,174.255,0.573871624917506,123.36,-3.928058994413419
2020-07-01,2020-2021,2015-16,07,00,Transport,134.88,Transport,174.255,0.573871624917506,134.88,-4.826418289585099
2020-08-01,2020-2021,2015-16,07,00,Transport,139.08,Transport,174.255,0.573871624917506,139.08,-3.65752285951787
2020-09-01,2020-2021,2015-16,07,00,Transport,140.06,Transport,174.255,0.573871624917506,140.06,-1.587970770095548
2020-10-01,2020-2021,2015-16,07,00,Transport,140.58,Transport,174.255,0.573871624917506,140.58,-1.6648013430330177
2020-11-01,2020-2021,2015-16,07,00,Transport,137.2,Transport,174.255,0.573871624917506,137.2,-4.456824512534818
2020-12-01,2020-2021,2015-16,07,00,Transport,139.79,Transport,174.255,0.573871624917506,139.79,-3.5997517412592273
2021-01-01,2020-2021,2015-16,07,00,Transport,142.26,Transport,174.255,0.573871624917506,142.26,-2.7880278802788094
2021-02-01,2020-2021,2015-16,07,00,Transport,145.36,Transport,174.255,0.573871624917506,145.36,-0.8120095530535609
2021-03-01,2020-2021,2015-16,07,00,Transport,144.34,Transport,174.255,0.573871624917506,144.34,3.210582767250636
2021-04-01,2020-2021,2015-16,07,00,Transport,142.56,Transport,174.255,0.573871624917506,142.56,6.794516443179255
2021-05-01,2020-2021,2015-16,07,00,Transport,142.67,Transport,174.255,0.573871624917506,142.67,14.23652814476739
2021-06-01,2020-2021,2015-16,07,00,Transport,144.31,Transport,174.255,0.573871624917506,144.31,16.982814526588854
2021-07-01,2021-2022,2015-16,07,00,Transport,150.24,Transport,174.255,0.573871624917506,150.24,11.387900355871894
2021-08-01,2021-2022,2015-16,07,00,Transport,151.29,Transport,174.255,0.573871624917506,151.29,8.779119930974954
2021-09-01,2021-2022,2015-16,07,00,Transport,153.57,Transport,174.255,0.573871624917506,153.57,9.645866057403962
2021-10-01,2021-2022,2015-16,07,00,Transport,161.7,Transport,174.255,0.573871624917506,161.7,15.023474178403728
2021-11-01,2021-2022,2015-16,07,00,Transport,172.43,Transport,174.255,0.573871624917506,172.43,25.677842565597686
2021-12-01,2021-2022,2015-16,07,00,Transport,174.72,Transport,174.255,0.573871624917506,174.72,24.987481221832763
2022-01-01,2021-2022,2015-16,07,00,Transport,175.48,Transport,174.255,0.573871624917506,175.48,23.351609728665835
2022-02-01,2021-2022,2015-16,07,00,Transport,181.41,Transport,174.255,0.573871624917506,181.41,24.80049532195927
2022-03-01,2021-2022,2015-16,07,00,Transport,182.29,Transport,174.255,0.573871624917506,182.29,26.292088125259806
2022-04-01,2021-2022,2015-16,07,00,Transport,183.31,Transport,174.255,0.573871624917506,183.31,28.584455667789
2022-05-01,2021-2022,2015-16,07,00,Transport,188.65,Transport,174.255,0.573871624917506,188.65,32.228218966846576
2022-06-01,2021-2022,2015-16,07,00,Transport,233.01,Transport,174.255,0.573871624917506,233.01,61.464901947197006
2022-07-01,2022-2023,2015-16,07,00,Transport,246.08,Transport,174.255,0.573871624917506,246.08,63.791267305644304
2022-08-01,2022-2023,2015-16,07,00,Transport,245.69,Transport,174.255,0.573871624917506,245.69,62.39672152819089
2022-09-01,2022-2023,2015-16,07,00,Transport,250.71,Transport,174.255,0.573871624917506,250.71,63.254541902715374
2022-10-01,2022-2023,2015-16,07,00,Transport,245.33,Transport,174.255,0.573871624917506,245.33,51.7192331478046
2022-11-01,2022-2023,2015-16,07,00,Transport,245.03,Transport,174.255,0.573871624917506,245.03,42.1040422200313
2022-12-01,2022-2023,2015-16,07,00,Transport,243.22,Transport,174.255,0.573871624917506,243.22,39.20558608058609
2023-01-01,2022-2023,2015-16,07,00,Transport,242.19,Transport,174.255,0.573871624917506,242.19,38.01572828812401
2023-02-01,2022-2023,2015-16,07,00,Transport,271.89,Transport,174.255,0.573871624917506,271.89,49.87597155614354
2023-03-01,2022-2023,2015-16,07,00,Transport,281.79,Transport,174.255,0.573871624917506,281.79,54.583356190685194
2023-04-01,2022-2023,2015-16,07,00,Transport,285.69,Transport,174.255,0.573871624917506,285.69,55.85074464022695
2023-05-01,2022-2023,2015-16,07,00,Transport,285.67,Transport,174.255,0.573871624917506,285.67,51.42857142857142
2023-06-01,2022-2023,2015-16,07,00,Transport,279.52,Transport,174.255,0.573871624917506,279.52,19.96051671602077
2023-07-01,2023-2024,2015-16,07,00,Transport,279.49,Transport,174.255,0.573871624917506,279.49,13.576885565669695
2023-08-01,2023-2024,2015-16,07,00,Transport,296.49,Transport,174.255,0.573871624917506,296.49,20.6764622084741
2023-09-01,2023-2024,2015-16,07,00,Transport,319.47,Transport,174.255,0.573871624917506,319.47,27.4261098480316
2023-10-01,2023-2024,2015-16,07,00,Transport,310.68,Transport,174.255,0.573871624917506,310.68,26.63759018464924
2023-11-01,2023-2024,2015-16,07,00,Transport,302.48,Transport,174.255,0.573871624917506,302.48,23.4461086397584
2023-12-01,2023-2024,2015-16,07,00,Transport,305.96,Transport,174.255,0.573871624917506,305.96,25.795576021708744
2024-01-01,2023-2024,2015-16,07,00,Transport,300.26,Transport,174.255,0.573871624917506,300.26,23.977042817622518
2024-02-01,2023-2024,2015-16,07,00,Transport,306.81,Transport,174.255,0.573871624917506,306.81,12.843429328037082
2024-03-01,2023-2024,2015-16,07,00,Transport,305.33,Transport,174.255,0.573871624917506,305.33,8.353738599666393
2024-04-01,2023-2024,2015-16,07,00,Transport,312.92,Transport,174.255,0.573871624917506,312.92,9.531310161363727
2024-05-01,2023-2024,2015-16,07,00,Transport,309.36,Transport,174.255,0.573871624917506,309.36,8.29278538173417
2024-06-01,2023-2024,2015-16,07,00,Transport,303.14,Transport,174.255,0.573871624917506,303.14,8.450200343445902
2024-07-01,2024-2025,2015-16,07,00,Transport,307.43,Transport,174.255,0.573871624917506,307.43,9.996779849010707
2024-08-01,2024-2025,2015-16,07,00,Transport,305.69,Transport,174.255,0.573871624917506,305.69,3.1029714324260382
2024-09-01,2024-2025,2015-16,07,00,Transport,299.64,Transport,174.255,0.573871624917506,299.64,-6.207155601464942
2024-10-01,2024-2025,2015-16,07,00,Transport,294.62,Transport,174.255,0.573871624917506,294.62,-5.169306038367449
2024-11-01,2024-2025,2015-16,07,00,Transport,296.81,Transport,174.255,0.573871624917506,296.81,-1.874504099444596
2024-12-01,2024-2025,2015-16,07,00,Transport,300.02,Transport,174.255,0.573871624917506,300.02,-1.941430252320564
2025-01-01,2024-2025,2015-16,07,00,Transport,302.43,Transport,174.255,0.573871624917506,302.43,0.7227069872776992
2025-02-01,2024-2025,2015-16,07,00,Transport,303.09,Transport,174.255,0.573871624917506,303.09,-1.212476777158511
2025-03-01,2024-2025,2015-16,07,00,Transport,302.14,Transport,174.255,0.573871624917506,302.14,-1.044771231126973
2025-04-01,2024-2025,2015-16,07,00,Transport,301.84,Transport,174.255,0.573871624917506,301.84,-3.5408411095487757
2025-05-01,2024-2025,2015-16,07,00,Transport,301.57,Transport,174.255,0.573871624917506,301.57,-2.518101887768298
2025-06-01,2024-2025,2015-16,07,00,Transport,304.52,Transport,174.255,0.573871624917506,304.52,0.4552352048558417
2025-07-01,2025-2026,2015-16,07,00,Transport,315.95,Transport,174.255,0.573871624917506,315.95,2.771362586605064
2025-08-01,2025-2026,2015-16,07,00,Transport,312.8,Transport,174.255,0.573871624917506,312.8,2.3258857012005585
2025-09-01,2025-2026,2015-16,07,00,Transport,311.84,Transport,174.255,0.573871624917506,311.84,4.071552529702305
2025-10-01,2025-2026,2015-16,07,00,Transport,314.95,Transport,174.255,0.573871624917506,314.95,6.900414092729612
2025-11-01,2025-2026,2015-16,07,00,Transport,315.13,Transport,174.255,0.573871624917506,315.13,6.1722987769953885
2025-12-01,2025-2026,2015-16,07,00,Transport,315.14,Transport,174.255,0.573871624917506,315.14,5.0396640223985045
2026-01-01,2025-2026,2015-16,07,00,Transport,310.77,Transport,174.255,0.573871624917506,310.77,2.757662930264848
2026-02-01,2025-2026,2015-16,07,00,Transport,303.91,Transport,174.255,0.573871624917506,303.91,0.2705467022996677
2026-03-01,2025-2026,2015-16,07,00,Transport,340.79,Transport,174.255,0.573871624917506,340.79,12.792083140266119
2026-04-01,2025-2026,2015-16,07,00,Transport,398.87,Transport,174.255,0.573871624917506,398.87,32.14617015637424
2026-05-01,2025-2026,2015-16,07,00,Transport,420.75,Transport,174.255,0.573871624917506,420.75,39.519846138541624
2026-06-01,2025-2026,2015-16,07,00,Transport,390.16,Transport,174.255,0.573871624917506,390.16,28.122947589649307
