commodity,date,unit_std,price_pkr,price_usd,n_markets,mom,yoy
Beans(mash),2004-01-15,NA,NA,NA,NA,NA,NA
Beans(mash),2004-02-15,NA,NA,NA,NA,NA,NA
Beans(mash),2004-03-15,NA,NA,NA,NA,NA,NA
Beans(mash),2004-04-15,NA,NA,NA,NA,NA,NA
Beans(mash),2004-05-15,NA,NA,NA,NA,NA,NA
Beans(mash),2004-06-15,NA,NA,NA,NA,NA,NA
Beans(mash),2004-07-15,NA,NA,NA,NA,NA,NA
Beans(mash),2004-08-15,NA,NA,NA,NA,NA,NA
Beans(mash),2004-09-15,NA,NA,NA,NA,NA,NA
Beans(mash),2004-10-15,NA,NA,NA,NA,NA,NA
Beans(mash),2004-11-15,NA,NA,NA,NA,NA,NA
Beans(mash),2004-12-15,NA,NA,NA,NA,NA,NA
Beans(mash),2005-01-15,NA,NA,NA,NA,NA,NA
Beans(mash),2005-02-15,NA,NA,NA,NA,NA,NA
Beans(mash),2005-03-15,NA,NA,NA,NA,NA,NA
Beans(mash),2005-04-15,NA,NA,NA,NA,NA,NA
Beans(mash),2005-05-15,NA,NA,NA,NA,NA,NA
Beans(mash),2005-06-15,NA,NA,NA,NA,NA,NA
Beans(mash),2005-07-15,NA,NA,NA,NA,NA,NA
Beans(mash),2005-08-15,NA,NA,NA,NA,NA,NA
Beans(mash),2005-09-15,NA,NA,NA,NA,NA,NA
Beans(mash),2005-10-15,NA,NA,NA,NA,NA,NA
Beans(mash),2005-11-15,NA,NA,NA,NA,NA,NA
Beans(mash),2005-12-15,NA,NA,NA,NA,NA,NA
Beans(mash),2006-01-15,NA,NA,NA,NA,NA,NA
Beans(mash),2006-02-15,NA,NA,NA,NA,NA,NA
Beans(mash),2006-03-15,NA,NA,NA,NA,NA,NA
Beans(mash),2006-04-15,NA,NA,NA,NA,NA,NA
Beans(mash),2006-05-15,NA,NA,NA,NA,NA,NA
Beans(mash),2006-06-15,NA,NA,NA,NA,NA,NA
Beans(mash),2006-07-15,NA,NA,NA,NA,NA,NA
Beans(mash),2006-08-15,NA,NA,NA,NA,NA,NA
Beans(mash),2006-09-15,NA,NA,NA,NA,NA,NA
Beans(mash),2006-10-15,NA,NA,NA,NA,NA,NA
Beans(mash),2006-11-15,NA,NA,NA,NA,NA,NA
Beans(mash),2006-12-15,NA,NA,NA,NA,NA,NA
Beans(mash),2007-01-15,NA,NA,NA,NA,NA,NA
Beans(mash),2007-02-15,NA,NA,NA,NA,NA,NA
Beans(mash),2007-03-15,NA,NA,NA,NA,NA,NA
Beans(mash),2007-04-15,NA,NA,NA,NA,NA,NA
Beans(mash),2007-05-15,NA,NA,NA,NA,NA,NA
Beans(mash),2007-06-15,NA,NA,NA,NA,NA,NA
Beans(mash),2007-07-15,NA,NA,NA,NA,NA,NA
Beans(mash),2007-08-15,NA,NA,NA,NA,NA,NA
Beans(mash),2007-09-15,NA,NA,NA,NA,NA,NA
Beans(mash),2007-10-15,NA,NA,NA,NA,NA,NA
Beans(mash),2007-11-15,NA,NA,NA,NA,NA,NA
Beans(mash),2007-12-15,NA,NA,NA,NA,NA,NA
Beans(mash),2008-01-15,NA,NA,NA,NA,NA,NA
Beans(mash),2008-02-15,NA,NA,NA,NA,NA,NA
Beans(mash),2008-03-15,NA,NA,NA,NA,NA,NA
Beans(mash),2008-04-15,NA,NA,NA,NA,NA,NA
Beans(mash),2008-05-15,NA,NA,NA,NA,NA,NA
Beans(mash),2008-06-15,NA,NA,NA,NA,NA,NA
Beans(mash),2008-07-15,NA,NA,NA,NA,NA,NA
Beans(mash),2008-08-15,NA,NA,NA,NA,NA,NA
Beans(mash),2008-09-15,NA,NA,NA,NA,NA,NA
Beans(mash),2008-10-15,NA,NA,NA,NA,NA,NA
Beans(mash),2008-11-15,NA,NA,NA,NA,NA,NA
Beans(mash),2008-12-15,NA,NA,NA,NA,NA,NA
Beans(mash),2009-01-15,NA,NA,NA,NA,NA,NA
Beans(mash),2009-02-15,NA,NA,NA,NA,NA,NA
Beans(mash),2009-03-15,NA,NA,NA,NA,NA,NA
Beans(mash),2009-04-15,NA,NA,NA,NA,NA,NA
Beans(mash),2009-05-15,NA,NA,NA,NA,NA,NA
Beans(mash),2009-06-15,NA,NA,NA,NA,NA,NA
Beans(mash),2009-07-15,NA,NA,NA,NA,NA,NA
Beans(mash),2009-08-15,NA,NA,NA,NA,NA,NA
Beans(mash),2009-09-15,NA,NA,NA,NA,NA,NA
Beans(mash),2009-10-15,NA,NA,NA,NA,NA,NA
Beans(mash),2009-11-15,NA,NA,NA,NA,NA,NA
Beans(mash),2009-12-15,NA,NA,NA,NA,NA,NA
Beans(mash),2010-01-15,NA,NA,NA,NA,NA,NA
Beans(mash),2010-02-15,NA,NA,NA,NA,NA,NA
Beans(mash),2010-03-15,NA,NA,NA,NA,NA,NA
Beans(mash),2010-04-15,NA,NA,NA,NA,NA,NA
Beans(mash),2010-05-15,NA,NA,NA,NA,NA,NA
Beans(mash),2010-06-15,NA,NA,NA,NA,NA,NA
Beans(mash),2010-07-15,NA,NA,NA,NA,NA,NA
Beans(mash),2010-08-15,NA,NA,NA,NA,NA,NA
Beans(mash),2010-09-15,NA,NA,NA,NA,NA,NA
Beans(mash),2010-10-15,NA,NA,NA,NA,NA,NA
Beans(mash),2010-11-15,NA,NA,NA,NA,NA,NA
Beans(mash),2010-12-15,NA,NA,NA,NA,NA,NA
Beans(mash),2011-01-15,NA,NA,NA,NA,NA,NA
Beans(mash),2011-02-15,NA,NA,NA,NA,NA,NA
Beans(mash),2011-03-15,NA,NA,NA,NA,NA,NA
Beans(mash),2011-04-15,NA,NA,NA,NA,NA,NA
Beans(mash),2011-05-15,NA,NA,NA,NA,NA,NA
Beans(mash),2011-06-15,NA,NA,NA,NA,NA,NA
Beans(mash),2011-07-15,NA,NA,NA,NA,NA,NA
Beans(mash),2011-08-15,NA,NA,NA,NA,NA,NA
Beans(mash),2011-09-15,NA,NA,NA,NA,NA,NA
Beans(mash),2011-10-15,NA,NA,NA,NA,NA,NA
Beans(mash),2011-11-15,NA,NA,NA,NA,NA,NA
Beans(mash),2011-12-15,NA,NA,NA,NA,NA,NA
Beans(mash),2012-01-15,NA,NA,NA,NA,NA,NA
Beans(mash),2012-02-15,NA,NA,NA,NA,NA,NA
Beans(mash),2012-03-15,NA,NA,NA,NA,NA,NA
Beans(mash),2012-04-15,NA,NA,NA,NA,NA,NA
Beans(mash),2012-05-15,NA,NA,NA,NA,NA,NA
Beans(mash),2012-06-15,NA,NA,NA,NA,NA,NA
Beans(mash),2012-07-15,NA,NA,NA,NA,NA,NA
Beans(mash),2012-08-15,NA,NA,NA,NA,NA,NA
Beans(mash),2012-09-15,NA,NA,NA,NA,NA,NA
Beans(mash),2012-10-15,NA,NA,NA,NA,NA,NA
Beans(mash),2012-11-15,NA,NA,NA,NA,NA,NA
Beans(mash),2012-12-15,NA,NA,NA,NA,NA,NA
Beans(mash),2013-01-15,NA,NA,NA,NA,NA,NA
Beans(mash),2013-02-15,NA,NA,NA,NA,NA,NA
Beans(mash),2013-03-15,NA,NA,NA,NA,NA,NA
Beans(mash),2013-04-15,NA,NA,NA,NA,NA,NA
Beans(mash),2013-05-15,NA,NA,NA,NA,NA,NA
Beans(mash),2013-06-15,NA,NA,NA,NA,NA,NA
Beans(mash),2013-07-15,NA,NA,NA,NA,NA,NA
Beans(mash),2013-08-15,NA,NA,NA,NA,NA,NA
Beans(mash),2013-09-15,NA,NA,NA,NA,NA,NA
Beans(mash),2013-10-15,NA,NA,NA,NA,NA,NA
Beans(mash),2013-11-15,NA,NA,NA,NA,NA,NA
Beans(mash),2013-12-15,NA,NA,NA,NA,NA,NA
Beans(mash),2014-01-15,per kg,133.246,1.264,5,NA,NA
Beans(mash),2014-02-15,per kg,132.706,1.264,5,-0.004052654488690299,NA
Beans(mash),2014-03-15,per kg,129.3125,1.3025,4,-0.025571564209606157,NA
Beans(mash),2014-04-15,per kg,129.645,1.35,4,0.0025712904784920276,NA
Beans(mash),2014-05-15,per kg,144.372,1.464,5,0.11359481661460147,NA
Beans(mash),2014-06-15,per kg,150.238,1.526,5,0.0406311473138834,NA
Beans(mash),2014-07-15,per kg,153.536,1.556,5,0.021951836419547677,NA
Beans(mash),2014-08-15,per kg,157.075,1.5725,4,0.023049968736973625,NA
Beans(mash),2014-09-15,per kg,155.4575,1.51,4,-0.01029762852140681,NA
Beans(mash),2014-10-15,per kg,161.708,1.572,5,0.04020713056623193,NA
Beans(mash),2014-11-15,per kg,166.374,1.6360000000000001,5,0.02885447844262501,NA
Beans(mash),2014-12-15,NA,NA,NA,NA,NA,NA
Beans(mash),2015-01-15,NA,NA,NA,NA,NA,NA
Beans(mash),2015-02-15,NA,NA,NA,NA,NA,NA
Beans(mash),2015-03-15,NA,NA,NA,NA,NA,NA
Beans(mash),2015-04-15,per kg,174.02,1.7075,4,NA,0.34228084384280155
Beans(mash),2015-05-15,per kg,186.486,1.832,5,0.07163544420181567,0.2917047626963676
Beans(mash),2015-06-15,per kg,188.53,1.8525,4,0.010960608303036246,0.2548755973854817
Beans(mash),2015-07-15,per kg,191.122,1.876,5,0.013748475043759756,0.24480252188411855
Beans(mash),2015-08-15,per kg,192.94,1.8960000000000001,5,0.009512248720712435,0.228330415406653
Beans(mash),2015-09-15,NA,NA,NA,NA,NA,NA
Beans(mash),2015-10-15,per kg,226.55,2.1679999999999997,5,NA,0.4009820169688576
Beans(mash),2015-11-15,per kg,238.814,2.268,5,0.05413374531008608,0.4354045704256675
Beans(mash),2015-12-15,per kg,249.52249999999998,2.385,4,0.044840335993702185,NA
Beans(mash),2016-01-15,per kg,259.13,2.472,5,0.03850354176477078,NA
Beans(mash),2016-02-15,per kg,260.875,2.495,4,0.006734071701462563,NA
Beans(mash),2016-03-15,per kg,262.21,2.5066666666666664,3,0.005117393387637614,NA
Beans(mash),2016-04-15,per kg,272.432,2.606,5,0.03898402044163096,0.5655212044592575
Beans(mash),2016-05-15,per kg,279.332,2.67,5,0.025327421154636598,0.49787115386677816
Beans(mash),2016-06-15,per kg,272.532,2.608,5,-0.02434379161714384,0.44556304036492866
Beans(mash),2016-07-15,per kg,272.068,2.6,5,-0.001702552360823728,0.4235305197727104
Beans(mash),2016-08-15,per kg,270.62,2.588,5,-0.005322198862049099,0.4026122110500674
Beans(mash),2016-09-15,per kg,247.54,2.3675,4,-0.08528564038134656,NA
Beans(mash),2016-10-15,per kg,232.4825,2.225,4,-0.06082855296113765,0.026186272346060413
Beans(mash),2016-11-15,per kg,218.875,2.09,4,-0.05853128730119461,-0.08349175508973505
Beans(mash),2016-12-15,per kg,201.4975,1.925,4,-0.07939463163906335,-0.1924676131410994
Beans(mash),2017-01-15,per kg,197.972,1.892,5,-0.0174964949937344,-0.23601281210203373
Beans(mash),2017-02-15,per kg,176.38333333333333,1.6833333333333333,3,-0.10904909111726246,-0.3238779747644147
Beans(mash),2017-03-15,per kg,170.88666666666666,1.6333333333333333,3,-0.03116318624208636,-0.3482831826907187
Beans(mash),2017-04-15,per kg,183.948,1.758,5,0.07643272344243757,-0.3247929758618665
Beans(mash),2017-05-15,per kg,180.42000000000002,1.7225,4,-0.01917933328984278,-0.3541019288874887
Beans(mash),2017-06-15,per kg,193.61,1.8479999999999999,5,0.0731071943243542,-0.2895880116830316
Beans(mash),2017-07-15,per kg,188.082,1.79,5,-0.028552244202262433,-0.30869488510225385
Beans(mash),2017-08-15,per kg,173.9725,1.6525,4,-0.07501781138014274,-0.3571336190968887
Beans(mash),2017-09-15,per kg,176.814,1.68,5,0.016333041141559645,-0.28571543992890036
Beans(mash),2017-10-15,per kg,169.66,1.615,4,-0.040460597011548805,-0.2702246405643435
Beans(mash),2017-11-15,per kg,160.02,1.5225,4,-0.05681952139573254,-0.26889777270131354
Beans(mash),2017-12-15,per kg,162.038,1.478,5,0.012610923634545745,-0.19583121378677149
Beans(mash),2018-01-15,per kg,168.42000000000002,1.525,4,0.03938582307853711,-0.14927363465540577
Beans(mash),2018-02-15,per kg,157.44400000000002,1.426,5,-0.06517040731504575,-0.10737598034583751
Beans(mash),2018-03-15,per kg,150.53,1.3619999999999999,5,-0.04391402657452814,-0.1191237857449381
Beans(mash),2018-04-15,per kg,148.332,1.284,5,-0.0146017405168406,-0.19361993606888905
Beans(mash),2018-05-15,per kg,149.216,1.29,5,0.005959604131273277,-0.17295200088681972
Beans(mash),2018-06-15,per kg,145.01,1.2175,4,-0.028187325755951176,-0.25102009193740005
Beans(mash),2018-07-15,per kg,145.9225,1.1875,4,0.0062926694710712106,-0.22415488988845278
Beans(mash),2018-08-15,per kg,145.9125,1.1875,4,-6.85295276603437e-5,-0.16128985902944437
Beans(mash),2018-09-15,per kg,146.558,1.192,5,0.004423884177160886,-0.17111767167758207
Beans(mash),2018-10-15,per kg,142.856,1.082,5,-0.025259624176094064,-0.15798656135801015
Beans(mash),2018-11-15,per kg,145.658,1.088,5,0.0196141569132553,-0.08975128108986385
Beans(mash),2018-12-15,per kg,151.3475,1.09,4,0.03906067637891497,-0.06597526506128204
Beans(mash),2019-01-15,per kg,142.7875,1.0275,4,-0.05655858207106168,-0.15219391996199982
Beans(mash),2019-02-15,per kg,153.82666666666665,1.11,3,0.07731185619656245,-0.022975364785786434
Beans(mash),2019-03-15,per kg,155.42666666666668,1.1166666666666667,3,0.010401317500216889,0.03252950685356182
Beans(mash),2019-04-15,per kg,156.7325,1.1075,4,0.00840160418632574,0.056633093331176054
Beans(mash),2019-05-15,per kg,174.195,1.23,4,0.11141594755395334,0.16740161912931573
Beans(mash),2019-06-15,per kg,177.674,1.1420000000000001,5,0.019971870604782005,0.2252534307978762
Beans(mash),2019-07-15,per kg,187.14749999999998,1.1775,4,0.05331956279478134,0.2825129777793003
Beans(mash),2019-08-15,per kg,186.27249999999998,1.1625,4,-0.004675456524933508,0.2766041291870127
Beans(mash),2019-09-15,per kg,188,1.2125000000000001,4,0.009274047430511967,0.282768596733034
Beans(mash),2019-10-15,per kg,195.0425,1.2525,4,0.0374601063829787,0.3653084224673797
Beans(mash),2019-11-15,per kg,211.142,1.364,5,0.08254354820103305,0.449573658844691
Beans(mash),2019-12-15,per kg,217.475,1.4125,4,0.029994032452093755,0.43692495746543547
Beans(mash),2020-01-15,per kg,230.32,1.4925,4,0.05906426025979994,0.6130263503457936
Beans(mash),2020-02-15,per kg,238.16,1.5474999999999999,4,0.03403959708232018,0.548236109907255
Beans(mash),2020-03-15,per kg,229.41,1.46,5,-0.03674000671817268,0.47600154413657014
Beans(mash),2020-04-15,per kg,255.414,1.54,5,0.11335164116647056,0.6296173416489881
Beans(mash),2020-05-15,per kg,262.398,1.652,5,0.02734384176278537,0.5063463360027558
Beans(mash),2020-06-15,per kg,253.632,1.548,5,-0.033407266823680115,0.42751331089523514
Beans(mash),2020-07-15,per kg,246.994,1.484,5,-0.026171776431995974,0.3197825244793546
Beans(mash),2020-08-15,per kg,241.29999999999998,1.44,5,-0.023053191575503895,0.29541397683501325
Beans(mash),2020-09-15,per kg,241.765,1.4625,4,0.0019270617488602593,0.28598404255319143
Beans(mash),2020-10-15,per kg,242.51999999999998,1.49,4,0.003122867247120187,0.2434213056128791
Beans(mash),2020-11-15,per kg,247.362,1.568,5,0.019965363681345938,0.17154332155610907
Beans(mash),2020-12-15,per kg,244.2,1.526,5,-0.012782885002546873,0.1228876882400276
Beans(mash),2021-01-15,per kg,250.57,1.565,4,0.02608517608517613,0.08792115317818694
Beans(mash),2021-02-15,per kg,252.49,1.59,4,0.007662529432893139,0.06016963385959029
Beans(mash),2021-03-15,per kg,262.0175,1.6725,4,0.037734167689809306,0.14213634976679312
Beans(mash),2021-04-15,per kg,259.8125,1.7025,4,-0.008415468432452,0.01722106070927998
Beans(mash),2021-05-15,per kg,264.006,1.738,5,0.01614048592735129,0.006128095488532548
Beans(mash),2021-06-15,per kg,264.19,1.692,5,6.969538571093281e-4,0.041627239465051646
Beans(mash),2021-07-15,per kg,253.03,1.592,5,-0.04224232559900065,0.02443784059531806
Beans(mash),2021-08-15,per kg,252.21,1.544,5,-0.003240722443978994,0.04521342726895994
Beans(mash),2021-09-15,per kg,248.85500000000002,1.4675,4,-0.01330240672455485,0.02932599838686345
Beans(mash),2021-10-15,per kg,254.214,1.486,5,0.021534628598983252,0.048218703612073366
Beans(mash),2021-11-15,per kg,256.274,1.472,5,0.008103408938925583,0.036028169241839825
Beans(mash),2021-12-15,per kg,272.338,1.53,5,0.06268290969821377,0.11522522522522527
Beans(mash),2022-01-15,per kg,276.7375,1.575,4,0.016154557939031644,0.1044318952787644
Beans(mash),2022-02-15,per kg,272.3525,1.55,4,-0.015845340801300845,0.07866648184086511
Beans(mash),2022-03-15,per kg,269.255,1.5025,4,-0.01137312857418249,0.027622200807198016
Beans(mash),2022-04-15,per kg,273.8275,1.51,4,0.016982043044697415,0.053942747173442385
Beans(mash),2022-05-15,per kg,283.2025,1.47,4,0.03423688270900471,0.07271236259781988
Beans(mash),2022-06-15,per kg,313.3075,1.5175,4,0.1063020277010267,0.18591733222302143
Beans(mash),2022-07-15,per kg,340.85,1.62,4,0.08790884354827133,0.34707346954906537
Beans(mash),2022-08-15,per kg,376.99399999999997,1.766,5,0.1060407804019361,0.4947623012568889
Beans(mash),2022-09-15,per kg,396.365,1.6824999999999999,4,0.05138278062780843,0.5927548170621446
Beans(mash),2022-10-15,per kg,393.322,1.794,5,-0.00767726716536532,0.5472082576097304
Beans(mash),2022-11-15,per kg,381.355,1.7225,4,-0.03042545293677945,0.4880752631948617
Beans(mash),2022-12-15,per kg,382.02750000000003,1.7,4,0.0017634487550970412,0.40276971998031863
Beans(mash),2023-01-15,per kg,398.4175,1.7425,4,0.042902670619261674,0.43969465648854955
Beans(mash),2023-02-15,per kg,428.8666666666667,1.6133333333333333,3,0.0764252741575524,0.5746749769753046
Beans(mash),2023-03-15,per kg,443.2625,1.565,4,0.03356715373853558,0.6462554084418117
Beans(mash),2023-04-15,per kg,451.3175,1.59,4,0.01817207636558482,0.6481817932822671
Beans(mash),2023-05-15,per kg,466.92499999999995,1.645,4,0.03458208467431456,0.6487319144428456
Beans(mash),2023-06-15,per kg,475.6375,1.655,4,0.01865931359426032,0.5181171851934601
Beans(mash),2023-07-15,per kg,487.3325,1.76,4,0.024588052876402644,0.42975649112512815
Beans(mash),2023-08-15,per kg,516.6625,1.78,4,0.060184781437724766,0.3704793710244727
Beans(mash),2023-09-15,per kg,550.79,1.858,5,0.06605375849805228,0.3896030174208116
Beans(mash),2023-10-15,per kg,548.325,1.9775,4,-0.004475389894515014,0.3940867787715918
Beans(mash),2023-11-15,per kg,540.2040000000001,1.8760000000000001,5,-0.014810559430994408,0.4165383959827458
Beans(mash),2023-12-15,per kg,550.225,1.9449999999999998,4,0.018550399478715285,0.4402758963687168
Beans(mash),2024-01-15,per kg,550.985,1.9649999999999999,4,0.0013812531237220593,0.38293373157554567
Beans(mash),2024-02-15,per kg,549.8575000000001,1.9725,4,-0.0020463351996877766,0.28211759676667203
Beans(mash),2024-03-15,per kg,548.315,1.9675,4,-0.002805272275089532,0.23699839260032163
Beans(mash),2024-04-15,per kg,552.2075,1.9875,4,0.007099021547832818,0.22354550842810217
Beans(mash),2024-05-15,per kg,558.524,2.006,5,0.01143863493342634,0.1961749745676502
Beans(mash),2024-06-15,per kg,576.74,2.068,5,0.03261453402181469,0.2125620877243699
Beans(mash),2024-07-15,per kg,593.2425,2.13,4,0.02861341332316103,0.21732595301975555
Beans(mash),2024-08-15,per kg,603.3924999999999,2.1574999999999998,4,0.017109360843162724,0.16786586988604735
Beans(mash),2024-09-15,per kg,594.995134,2.142,5,-0.013916921406878502,0.08025769167922436
Beans(mash),2024-10-15,per kg,559.898,2.016,5,-0.05898726223868578,0.021106095837322814
Beans(mash),2024-11-15,per kg,518.02,1.866,5,-0.07479576637173202,-0.041065967671472414
Beans(mash),2024-12-15,per kg,495.035,1.7799999999999998,4,-0.04437087371143966,-0.10030442091871505
Beans(mash),2025-01-15,per kg,494.06,1.7725,4,-0.001969557708040859,-0.10331497227692221
Beans(mash),2025-02-15,per kg,474.3533333333333,1.6966666666666665,3,-0.03988719318841172,-0.1373158803265696
Beans(mash),2025-03-15,per kg,464.5,1.66,5,-0.02077213891192209,-0.15285921413785875
Beans(mash),2025-04-15,per kg,457.8125,1.6325,4,-0.014397201291711514,-0.17094117700320977
Beans(mash),2025-05-15,per kg,447.4425,1.5875,4,-0.02265119453924913,-0.19888402288890006
Beans(mash),2025-06-15,per kg,457.3325,1.615,4,0.02210339876073464,-0.20703870028088922
Beans(mash),2025-07-15,per kg,457.08,1.6025,4,-5.521147086637868e-4,-0.22952249712385742
Beans(mash),2025-08-15,per kg,449.524,1.59,5,-0.01653102301566467,-0.2550056555227318
Beans(mash),2025-09-15,per kg,448.28,1.5825,4,-0.0027673717087408622,-0.24658207372835428
Beans(mash),2025-10-15,per kg,449.412,1.592,5,0.0025252074596233687,-0.19733237125333547
Beans(mash),2025-11-15,per kg,445.6,1.58,5,-0.008482194511939989,-0.13980155206362677
Beans(mash),2025-12-15,per kg,443.64,1.582,5,-0.004398563734290928,-0.10382094195359937
Beans(mash),2026-01-15,per kg,434.5,1.5525,4,-0.020602290145162683,-0.12055215965672184
Beans(mash),2026-02-15,per kg,451.25,1.6125,4,0.038550057537399374,-0.04870490351777146
Beans(mash),2026-03-15,per kg,468.4,1.676,5,0.03800554016620494,0.008396124865446719
Beans(mash),2026-04-15,per kg,485.6,1.742,5,0.0367207514944492,0.06069624573378851
Beans(mash),2026-05-15,per kg,482.2,1.732,5,-0.007001647446458037,0.07768037233834524
Ghee (artificial),2004-01-15,NA,NA,NA,NA,NA,NA
Ghee (artificial),2004-02-15,NA,NA,NA,NA,NA,NA
Ghee (artificial),2004-03-15,NA,NA,NA,NA,NA,NA
Ghee (artificial),2004-04-15,NA,NA,NA,NA,NA,NA
Ghee (artificial),2004-05-15,NA,NA,NA,NA,NA,NA
Ghee (artificial),2004-06-15,NA,NA,NA,NA,NA,NA
Ghee (artificial),2004-07-15,NA,NA,NA,NA,NA,NA
Ghee (artificial),2004-08-15,NA,NA,NA,NA,NA,NA
Ghee (artificial),2004-09-15,NA,NA,NA,NA,NA,NA
Ghee (artificial),2004-10-15,NA,NA,NA,NA,NA,NA
Ghee (artificial),2004-11-15,NA,NA,NA,NA,NA,NA
Ghee (artificial),2004-12-15,NA,NA,NA,NA,NA,NA
Ghee (artificial),2005-01-15,NA,NA,NA,NA,NA,NA
Ghee (artificial),2005-02-15,NA,NA,NA,NA,NA,NA
Ghee (artificial),2005-03-15,NA,NA,NA,NA,NA,NA
Ghee (artificial),2005-04-15,NA,NA,NA,NA,NA,NA
Ghee (artificial),2005-05-15,NA,NA,NA,NA,NA,NA
Ghee (artificial),2005-06-15,NA,NA,NA,NA,NA,NA
Ghee (artificial),2005-07-15,NA,NA,NA,NA,NA,NA
Ghee (artificial),2005-08-15,NA,NA,NA,NA,NA,NA
Ghee (artificial),2005-09-15,NA,NA,NA,NA,NA,NA
Ghee (artificial),2005-10-15,NA,NA,NA,NA,NA,NA
Ghee (artificial),2005-11-15,NA,NA,NA,NA,NA,NA
Ghee (artificial),2005-12-15,NA,NA,NA,NA,NA,NA
Ghee (artificial),2006-01-15,NA,NA,NA,NA,NA,NA
Ghee (artificial),2006-02-15,NA,NA,NA,NA,NA,NA
Ghee (artificial),2006-03-15,NA,NA,NA,NA,NA,NA
Ghee (artificial),2006-04-15,NA,NA,NA,NA,NA,NA
Ghee (artificial),2006-05-15,NA,NA,NA,NA,NA,NA
Ghee (artificial),2006-06-15,NA,NA,NA,NA,NA,NA
Ghee (artificial),2006-07-15,NA,NA,NA,NA,NA,NA
Ghee (artificial),2006-08-15,NA,NA,NA,NA,NA,NA
Ghee (artificial),2006-09-15,NA,NA,NA,NA,NA,NA
Ghee (artificial),2006-10-15,NA,NA,NA,NA,NA,NA
Ghee (artificial),2006-11-15,NA,NA,NA,NA,NA,NA
Ghee (artificial),2006-12-15,NA,NA,NA,NA,NA,NA
Ghee (artificial),2007-01-15,NA,NA,NA,NA,NA,NA
Ghee (artificial),2007-02-15,NA,NA,NA,NA,NA,NA
Ghee (artificial),2007-03-15,NA,NA,NA,NA,NA,NA
Ghee (artificial),2007-04-15,NA,NA,NA,NA,NA,NA
Ghee (artificial),2007-05-15,NA,NA,NA,NA,NA,NA
Ghee (artificial),2007-06-15,NA,NA,NA,NA,NA,NA
Ghee (artificial),2007-07-15,NA,NA,NA,NA,NA,NA
Ghee (artificial),2007-08-15,NA,NA,NA,NA,NA,NA
Ghee (artificial),2007-09-15,NA,NA,NA,NA,NA,NA
Ghee (artificial),2007-10-15,NA,NA,NA,NA,NA,NA
Ghee (artificial),2007-11-15,NA,NA,NA,NA,NA,NA
Ghee (artificial),2007-12-15,NA,NA,NA,NA,NA,NA
Ghee (artificial),2008-01-15,NA,NA,NA,NA,NA,NA
Ghee (artificial),2008-02-15,NA,NA,NA,NA,NA,NA
Ghee (artificial),2008-03-15,NA,NA,NA,NA,NA,NA
Ghee (artificial),2008-04-15,NA,NA,NA,NA,NA,NA
Ghee (artificial),2008-05-15,NA,NA,NA,NA,NA,NA
Ghee (artificial),2008-06-15,NA,NA,NA,NA,NA,NA
Ghee (artificial),2008-07-15,NA,NA,NA,NA,NA,NA
Ghee (artificial),2008-08-15,NA,NA,NA,NA,NA,NA
Ghee (artificial),2008-09-15,NA,NA,NA,NA,NA,NA
Ghee (artificial),2008-10-15,NA,NA,NA,NA,NA,NA
Ghee (artificial),2008-11-15,NA,NA,NA,NA,NA,NA
Ghee (artificial),2008-12-15,NA,NA,NA,NA,NA,NA
Ghee (artificial),2009-01-15,NA,NA,NA,NA,NA,NA
Ghee (artificial),2009-02-15,NA,NA,NA,NA,NA,NA
Ghee (artificial),2009-03-15,NA,NA,NA,NA,NA,NA
Ghee (artificial),2009-04-15,NA,NA,NA,NA,NA,NA
Ghee (artificial),2009-05-15,NA,NA,NA,NA,NA,NA
Ghee (artificial),2009-06-15,NA,NA,NA,NA,NA,NA
Ghee (artificial),2009-07-15,NA,NA,NA,NA,NA,NA
Ghee (artificial),2009-08-15,NA,NA,NA,NA,NA,NA
Ghee (artificial),2009-09-15,NA,NA,NA,NA,NA,NA
Ghee (artificial),2009-10-15,NA,NA,NA,NA,NA,NA
Ghee (artificial),2009-11-15,NA,NA,NA,NA,NA,NA
Ghee (artificial),2009-12-15,NA,NA,NA,NA,NA,NA
Ghee (artificial),2010-01-15,NA,NA,NA,NA,NA,NA
Ghee (artificial),2010-02-15,NA,NA,NA,NA,NA,NA
Ghee (artificial),2010-03-15,NA,NA,NA,NA,NA,NA
Ghee (artificial),2010-04-15,NA,NA,NA,NA,NA,NA
Ghee (artificial),2010-05-15,NA,NA,NA,NA,NA,NA
Ghee (artificial),2010-06-15,NA,NA,NA,NA,NA,NA
Ghee (artificial),2010-07-15,NA,NA,NA,NA,NA,NA
Ghee (artificial),2010-08-15,NA,NA,NA,NA,NA,NA
Ghee (artificial),2010-09-15,NA,NA,NA,NA,NA,NA
Ghee (artificial),2010-10-15,NA,NA,NA,NA,NA,NA
Ghee (artificial),2010-11-15,NA,NA,NA,NA,NA,NA
Ghee (artificial),2010-12-15,NA,NA,NA,NA,NA,NA
Ghee (artificial),2011-01-15,NA,NA,NA,NA,NA,NA
Ghee (artificial),2011-02-15,NA,NA,NA,NA,NA,NA
Ghee (artificial),2011-03-15,NA,NA,NA,NA,NA,NA
Ghee (artificial),2011-04-15,NA,NA,NA,NA,NA,NA
Ghee (artificial),2011-05-15,NA,NA,NA,NA,NA,NA
Ghee (artificial),2011-06-15,NA,NA,NA,NA,NA,NA
Ghee (artificial),2011-07-15,NA,NA,NA,NA,NA,NA
Ghee (artificial),2011-08-15,NA,NA,NA,NA,NA,NA
Ghee (artificial),2011-09-15,NA,NA,NA,NA,NA,NA
Ghee (artificial),2011-10-15,NA,NA,NA,NA,NA,NA
Ghee (artificial),2011-11-15,NA,NA,NA,NA,NA,NA
Ghee (artificial),2011-12-15,NA,NA,NA,NA,NA,NA
Ghee (artificial),2012-01-15,NA,NA,NA,NA,NA,NA
Ghee (artificial),2012-02-15,NA,NA,NA,NA,NA,NA
Ghee (artificial),2012-03-15,NA,NA,NA,NA,NA,NA
Ghee (artificial),2012-04-15,NA,NA,NA,NA,NA,NA
Ghee (artificial),2012-05-15,NA,NA,NA,NA,NA,NA
Ghee (artificial),2012-06-15,NA,NA,NA,NA,NA,NA
Ghee (artificial),2012-07-15,NA,NA,NA,NA,NA,NA
Ghee (artificial),2012-08-15,NA,NA,NA,NA,NA,NA
Ghee (artificial),2012-09-15,NA,NA,NA,NA,NA,NA
Ghee (artificial),2012-10-15,NA,NA,NA,NA,NA,NA
Ghee (artificial),2012-11-15,NA,NA,NA,NA,NA,NA
Ghee (artificial),2012-12-15,NA,NA,NA,NA,NA,NA
Ghee (artificial),2013-01-15,per kg,209.84,2.154,5,NA,NA
Ghee (artificial),2013-02-15,per kg,202.7,2.068,5,-0.034025924513915395,NA
Ghee (artificial),2013-03-15,per kg,202,2.06,5,-0.00345337937839163,NA
Ghee (artificial),2013-04-15,per kg,202,2.06,5,0,NA
Ghee (artificial),2013-05-15,per kg,202,2.05,5,0,NA
Ghee (artificial),2013-06-15,NA,NA,NA,NA,NA,NA
Ghee (artificial),2013-07-15,per kg,208,2.08,5,NA,NA
Ghee (artificial),2013-08-15,per kg,208,2.03,5,0,NA
Ghee (artificial),2013-09-15,per kg,208,1.986,5,0,NA
Ghee (artificial),2013-10-15,NA,NA,NA,NA,NA,NA
Ghee (artificial),2013-11-15,NA,NA,NA,NA,NA,NA
Ghee (artificial),2013-12-15,NA,NA,NA,NA,NA,NA
Ghee (artificial),2014-01-15,per kg,205.408,1.952,5,NA,-0.021120853983987886
Ghee (artificial),2014-02-15,per kg,205.7,1.964,5,0.0014215609908085902,0.014800197335964382
Ghee (artificial),2014-03-15,per kg,206,2.08,5,0.001458434613514914,0.01980198019801982
Ghee (artificial),2014-04-15,per kg,206,2.15,5,0,0.01980198019801982
Ghee (artificial),2014-05-15,per kg,204.8,2.078,5,-0.005825242718446533,0.013861386138613874
Ghee (artificial),2014-06-15,per kg,203.2,2.062,5,-0.007812500000000111,NA
Ghee (artificial),2014-07-15,per kg,203,2.0599999999999996,4,-9.842519685039353e-4,-0.024038461538461564
Ghee (artificial),2014-08-15,per kg,203.2,2.032,5,9.852216748766907e-4,-0.023076923076923106
Ghee (artificial),2014-09-15,per kg,203.1,1.972,5,-4.921259842519676e-4,-0.023557692307692335
Ghee (artificial),2014-10-15,per kg,202.5,1.9649999999999999,4,-0.002954209748892156,NA
Ghee (artificial),2014-11-15,per kg,202.4,1.994,5,-4.938271604938427e-4,NA
Ghee (artificial),2014-12-15,per kg,201.5,2.006,5,-0.0044466403162055634,NA
Ghee (artificial),2015-01-15,per kg,194.78,1.938,5,-0.03334987593052108,-0.05174092537778463
Ghee (artificial),2015-02-15,per kg,197.76,1.952,5,0.015299312044357638,-0.03859990277102576
Ghee (artificial),2015-03-15,per kg,194.78,1.918,5,-0.015068770226537187,-0.05446601941747575
Ghee (artificial),2015-04-15,per kg,187.52,1.844,5,-0.037272820618133196,-0.08970873786407763
Ghee (artificial),2015-05-15,per kg,183.84,1.808,5,-0.019624573378839605,-0.10234375000000007
Ghee (artificial),2015-06-15,per kg,183.44,1.804,5,-0.0021758050478677404,-0.09724409448818894
Ghee (artificial),2015-07-15,per kg,182,1.79,5,-0.007849978194505058,-0.10344827586206895
Ghee (artificial),2015-08-15,per kg,180.26,1.7725,4,-0.009560439560439615,-0.11289370078740157
Ghee (artificial),2015-09-15,per kg,179.905,1.725,4,-0.0019693775657383394,-0.11420482520925646
Ghee (artificial),2015-10-15,per kg,178.8,1.7125,4,-0.00614213056891133,-0.11703703703703694
Ghee (artificial),2015-11-15,per kg,179.04,1.7,5,0.0013422818791946067,-0.11541501976284596
Ghee (artificial),2015-12-15,per kg,179.84,1.718,5,0.0044682752457552155,-0.10749379652605462
Ghee (artificial),2016-01-15,per kg,178.64,1.706,5,-0.0066725978647688144,-0.08286271691138725
Ghee (artificial),2016-02-15,per kg,177.44,1.694,5,-0.00671742051052393,-0.10275080906148859
Ghee (artificial),2016-03-15,per kg,176.24,1.682,5,-0.006762849413886274,-0.09518431050415854
Ghee (artificial),2016-04-15,per kg,176.24,1.682,5,0,-0.060153583617747475
Ghee (artificial),2016-05-15,per kg,176.24,1.682,5,0,-0.04134029590948651
Ghee (artificial),2016-06-15,per kg,176.24,1.69,5,0,-0.03924989097252507
Ghee (artificial),2016-07-15,per kg,176.24,1.682,5,0,-0.03164835164835156
Ghee (artificial),2016-08-15,per kg,176.3,1.6824999999999999,4,3.4044484793471774e-4,-0.021968268057250495
Ghee (artificial),2016-09-15,per kg,175.538,1.682,5,-0.00432217810550195,-0.02427392234790582
Ghee (artificial),2016-10-15,per kg,176.24,1.684,5,0.003999134090624246,-0.014317673378076101
Ghee (artificial),2016-11-15,per kg,176.24,1.682,5,0,-0.01563896336014292
Ghee (artificial),2016-12-15,per kg,178.96,1.71,5,0.015433499773036763,-0.0048932384341636714
Ghee (artificial),2017-01-15,per kg,180.24,1.722,5,0.007152436298614173,0.008956560680698722
Ghee (artificial),2017-02-15,per kg,181.44,1.734,5,0.0066577896138482195,0.02254283137962121
Ghee (artificial),2017-03-15,per kg,182.32,1.742,5,0.004850088183421475,0.034498411257376294
Ghee (artificial),2017-04-15,per kg,182.64,1.746,5,0.001755155770074568,0.036314117113027455
Ghee (artificial),2017-05-15,per kg,182.64,1.746,5,0,0.036314117113027455
Ghee (artificial),2017-06-15,per kg,182.64,1.744,5,0,0.036314117113027455
Ghee (artificial),2017-07-15,per kg,183.52,1.746,5,0.004818221638195563,0.041307308216069094
Ghee (artificial),2017-08-15,per kg,184,1.746,5,0.0026155187445509043,0.04367555303460002
Ghee (artificial),2017-09-15,per kg,184,1.75,5,0,0.048206086431427986
Ghee (artificial),2017-10-15,per kg,183,1.7425,4,-0.005434782608695676,0.03835678620063554
Ghee (artificial),2017-11-15,per kg,184.64,1.756,5,0.008961748633879774,0.047662278710848716
Ghee (artificial),2017-12-15,per kg,184.8,1.684,5,8.665511265166792e-4,0.032632990612427415
Ghee (artificial),2018-01-15,per kg,185.58,1.68,5,0.004220779220779125,0.029627163781624555
Ghee (artificial),2018-02-15,per kg,185.306,1.676,5,-0.0014764522039012462,0.021307319223985877
Ghee (artificial),2018-03-15,per kg,185.52,1.678,5,0.0011548465780923944,0.017551557700746123
Ghee (artificial),2018-04-15,per kg,186.44,1.6139999999999999,5,0.0049590340664078525,0.02080595707402555
Ghee (artificial),2018-05-15,per kg,188.92,1.634,5,0.01330186655224197,0.034384581690757754
Ghee (artificial),2018-06-15,per kg,189.68,1.594,5,0.004022866821935311,0.03854577310556295
Ghee (artificial),2018-07-15,per kg,189.88,1.542,5,0.001054407423028092,0.03465562336530059
Ghee (artificial),2018-08-15,per kg,190.1,1.545,4,0.0011586265009480012,0.03315217391304337
Ghee (artificial),2018-09-15,per kg,190.48,1.548,5,0.001998947922146277,0.03521739130434787
Ghee (artificial),2018-10-15,per kg,189.55,1.435,4,-0.004882402351952808,0.03579234972677603
Ghee (artificial),2018-11-15,per kg,192,1.434,5,0.012925349512002082,0.03986135181975747
Ghee (artificial),2018-12-15,per kg,194.4,1.4,5,0.012499999999999956,0.051948051948051965
Ghee (artificial),2019-01-15,per kg,192,1.384,5,-0.012345679012345734,0.03459424506951181
Ghee (artificial),2019-02-15,per kg,197.2,1.422,5,0.027083333333333348,0.06418572523285793
Ghee (artificial),2019-03-15,per kg,197.8,1.426,5,0.0030425963488844854,0.06619232427770583
Ghee (artificial),2019-04-15,per kg,202.7,1.434,5,0.02477249747219412,0.08721304441107058
Ghee (artificial),2019-05-15,per kg,205.2,1.452,5,0.012333497779970504,0.086174041922507
Ghee (artificial),2019-06-15,per kg,205.2,1.322,5,0,0.08182201602699268
Ghee (artificial),2019-07-15,per kg,206.3,1.298,5,0.005360623781676566,0.08647566884348024
Ghee (artificial),2019-08-15,per kg,213.1,1.3325,4,0.03296170625302941,0.12098895318253544
Ghee (artificial),2019-09-15,per kg,216.25,1.39,4,0.014781792585640607,0.13528979420411602
Ghee (artificial),2019-10-15,per kg,217.944,1.4,5,0.007833526011560732,0.14979688736481123
Ghee (artificial),2019-11-15,per kg,219.718,1.42,5,0.00813970561245081,0.14436458333333335
Ghee (artificial),2019-12-15,per kg,223.7,1.448,5,0.018123230686607483,0.15072016460905346
Ghee (artificial),2020-01-15,per kg,229.636,1.488,5,0.026535538667858738,0.1960208333333333
Ghee (artificial),2020-02-15,per kg,260.648,1.692,5,0.13504851155742137,0.32174442190669383
Ghee (artificial),2020-03-15,per kg,262,1.67,5,0.005187072220005362,0.3245702730030333
Ghee (artificial),2020-04-15,per kg,260.19,1.568,5,-0.006908396946564865,0.2836211149481993
Ghee (artificial),2020-05-15,per kg,257.536,1.6199999999999999,5,-0.01020023828740535,0.25504873294346986
Ghee (artificial),2020-06-15,per kg,256.42,1.5625,4,-0.0043333747514909815,0.24961013645224184
Ghee (artificial),2020-07-15,per kg,254.9025,1.5325,4,-0.005918025115045689,0.2355913717886573
Ghee (artificial),2020-08-15,per kg,252.1975,1.5075,4,-0.010611900628671789,0.1834702017832004
Ghee (artificial),2020-09-15,per kg,251.91,1.52,4,-0.0011399795794961864,0.16490173410404618
Ghee (artificial),2020-10-15,per kg,252.878,1.554,5,0.003842642213488956,0.1602888815475536
Ghee (artificial),2020-11-15,per kg,253.2,1.602,5,0.0012733412950118872,0.1523862405446983
Ghee (artificial),2020-12-15,per kg,259.016,1.616,5,0.022969984202211746,0.1578721502011624
Ghee (artificial),2021-01-15,per kg,275.108,1.72,5,0.06212743614294092,0.1980177324112944
Ghee (artificial),2021-02-15,per kg,295.43,1.858,5,0.07386917137996707,0.1334443387250237
Ghee (artificial),2021-03-15,per kg,304.596,1.944,5,0.031025962156856046,0.16258015267175563
Ghee (artificial),2021-04-15,per kg,308.316,2.02,5,0.012212898396564587,0.18496483339098346
Ghee (artificial),2021-05-15,per kg,308.8,2.032,5,0.0015698179789567224,0.19905566600397617
Ghee (artificial),2021-06-15,per kg,310.184,1.984,5,0.004481865284974074,0.20967163247796594
Ghee (artificial),2021-07-15,per kg,327.69599999999997,2.062,5,0.056456812730508066,0.28557389590137383
Ghee (artificial),2021-08-15,per kg,339.334,2.078,5,0.0355146233094088,0.34550897610008025
Ghee (artificial),2021-09-15,per kg,351.086,2.074,5,0.03463254492623791,0.3936961613274583
Ghee (artificial),2021-10-15,per kg,360.9475,2.11,4,0.028088559498242516,0.42735825180521836
Ghee (artificial),2021-11-15,per kg,385.884,2.216,5,0.06908622445092427,0.5240284360189575
Ghee (artificial),2021-12-15,per kg,404.87,2.274,5,0.04920131438463371,0.5631080705439044
Ghee (artificial),2022-01-15,per kg,408.982,2.326,5,0.010156346481586809,0.48662343516001005
Ghee (artificial),2022-02-15,per kg,418.546,2.378,5,0.02338489224464646,0.4167349287479267
Ghee (artificial),2022-03-15,per kg,468.958,2.618,5,0.12044554242544425,0.5396065608215472
Ghee (artificial),2022-04-15,per kg,491.2,2.706,5,0.04742855436947435,0.5931706431064234
Ghee (artificial),2022-05-15,per kg,492.908,2.556,5,0.0034771986970685287,0.5962046632124351
Ghee (artificial),2022-06-15,per kg,523.422,2.536,5,0.061906075778847214,0.6874564774456451
Ghee (artificial),2022-07-15,per kg,576.626,2.736,5,0.10164647263584636,0.7596369806161809
Ghee (artificial),2022-08-15,per kg,579.35,2.715,4,0.004724032561833846,0.707314916866568
Ghee (artificial),2022-09-15,per kg,560.842,2.38,5,-0.03194614654354022,0.5974490580655452
Ghee (artificial),2022-10-15,per kg,551.2,2.516,5,-0.017192007731232528,0.52709189009482
Ghee (artificial),2022-11-15,per kg,547.6800000000001,2.472,5,-0.0063860667634252355,0.4192866249961129
Ghee (artificial),2022-12-15,per kg,534.9780000000001,2.382,5,-0.023192375109552965,0.32135747276903714
Ghee (artificial),2023-01-15,per kg,524,2.29,5,-0.020520470000635616,0.28122998078155015
Ghee (artificial),2023-02-15,per kg,563.864,2.122,5,0.07607633587786267,0.34719720174126634
Ghee (artificial),2023-03-15,per kg,629.1139999999999,2.222,5,0.11571939332888759,0.34151459192507616
Ghee (artificial),2023-04-15,per kg,624.184486,2.204,5,-0.007835645050022655,0.27073388843648205
Ghee (artificial),2023-05-15,per kg,623.354,2.192,5,-0.0013305136840583431,0.26464573510675415
Ghee (artificial),2023-06-15,per kg,603.105,2.1025,4,-0.03248394973000901,0.15223471692057267
Ghee (artificial),2023-07-15,per kg,577.985,2.0875,4,-0.04165112210974875,0.0023568136018841113
Ghee (artificial),2023-08-15,per kg,572.49,1.974,5,-0.009507167141015738,-0.011840856131871913
Ghee (artificial),2023-09-15,per kg,564.394,1.908,5,-0.014141731733305352,0.006333334522022227
Ghee (artificial),2023-10-15,per kg,557.936,2.014,5,-0.011442361187397387,0.012220609579100206
Ghee (artificial),2023-11-15,per kg,544.3720000000001,1.892,5,-0.024311032089701978,-0.006040023371311709
Ghee (artificial),2023-12-15,per kg,524.572,1.854,5,-0.036372186666470796,-0.01945126715491119
Ghee (artificial),2024-01-15,per kg,523.2,1.868,5,-0.0026154655604949673,-0.0015267175572518665
Ghee (artificial),2024-02-15,per kg,519.924,1.864,5,-0.006261467889908334,-0.0779265922279132
Ghee (artificial),2024-03-15,per kg,515.492,1.846,5,-0.008524322785637972,-0.18060637658675527
Ghee (artificial),2024-04-15,per kg,513.6,1.848,5,-0.0036702800431431815,-0.17716634821968325
Ghee (artificial),2024-05-15,per kg,518.388,1.8659999999999999,5,0.009322429906541974,-0.16838906945331222
Ghee (artificial),2024-06-15,per kg,518.5,1.8625,4,2.1605438397487298e-4,-0.1402823720579336
Ghee (artificial),2024-07-15,per kg,519.9975,1.8675,4,0.002888138862102041,-0.10032699810548729
Ghee (artificial),2024-08-15,per kg,525.5875,1.88,4,0.010750051682940853,-0.08192719523485137
Ghee (artificial),2024-09-15,per kg,530,1.9,4,0.008395367089209627,-0.060939698154126365
Ghee (artificial),2024-10-15,per kg,530.64,1.912,5,0.0012075471698111961,-0.048923173984112944
Ghee (artificial),2024-11-15,per kg,543.142,1.956,5,0.023560229157244317,-0.0022594843232202066
Ghee (artificial),2024-12-15,per kg,571.452,2.058,5,0.05212264932559063,0.08936809437026749
Ghee (artificial),2025-01-15,per kg,585.092,2.1,5,0.02386902137012381,0.1182951070336391
Ghee (artificial),2025-02-15,per kg,588.12,2.106,5,0.0051752544898922,0.1311653241627624
Ghee (artificial),2025-03-15,per kg,579,2.07,5,-0.015507039379718424,0.12319880812893325
Ghee (artificial),2025-04-15,per kg,578.49,2.058,5,-8.808290155439824e-4,0.1263434579439251
Ghee (artificial),2025-05-15,per kg,570.582,2.028,5,-0.013670072084219331,0.1006852010463204
Ghee (artificial),2025-06-15,per kg,566.752,2.002,5,-0.006712444486506874,0.0930607521697202
Ghee (artificial),2025-07-15,per kg,582.665,2.045,4,0.028077536559200533,0.12051500247597358
Ghee (artificial),2025-08-15,per kg,582.665,2.0575,4,0,0.1085975218208195
Ghee (artificial),2025-09-15,per kg,582.932,2.056,5,4.5823929702315525e-4,0.09987169811320751
Ghee (artificial),2025-10-15,per kg,593.0559999999999,2.1,5,0.01736737732702931,0.11762400120609073
Ghee (artificial),2025-11-15,per kg,600,2.13,5,0.011708843684238968,0.1046834897687896
Ghee (artificial),2025-12-15,per kg,612.74,2.186,5,0.021233333333333437,0.07225103770745411
Ghee (artificial),2026-01-15,per kg,623.8,2.23,5,0.018050070176583777,0.06615711717131667
Ghee (artificial),2026-02-15,per kg,616.8,2.206,5,-0.011221545367104846,0.048765558049377544
Ghee (artificial),2026-03-15,per kg,611.2,2.1879999999999997,5,-0.009079118028534228,0.05561312607944746
Ghee (artificial),2026-04-15,per kg,608.2,2.178,5,-0.00490837696335078,0.051357845425158644
Ghee (artificial),2026-05-15,per kg,608.8,2.188,5,9.865175928969183e-4,0.06698073195439047
Lentils (gram),2004-01-15,NA,NA,NA,NA,NA,NA
Lentils (gram),2004-02-15,NA,NA,NA,NA,NA,NA
Lentils (gram),2004-03-15,NA,NA,NA,NA,NA,NA
Lentils (gram),2004-04-15,NA,NA,NA,NA,NA,NA
Lentils (gram),2004-05-15,NA,NA,NA,NA,NA,NA
Lentils (gram),2004-06-15,NA,NA,NA,NA,NA,NA
Lentils (gram),2004-07-15,NA,NA,NA,NA,NA,NA
Lentils (gram),2004-08-15,NA,NA,NA,NA,NA,NA
Lentils (gram),2004-09-15,NA,NA,NA,NA,NA,NA
Lentils (gram),2004-10-15,NA,NA,NA,NA,NA,NA
Lentils (gram),2004-11-15,NA,NA,NA,NA,NA,NA
Lentils (gram),2004-12-15,NA,NA,NA,NA,NA,NA
Lentils (gram),2005-01-15,NA,NA,NA,NA,NA,NA
Lentils (gram),2005-02-15,NA,NA,NA,NA,NA,NA
Lentils (gram),2005-03-15,NA,NA,NA,NA,NA,NA
Lentils (gram),2005-04-15,NA,NA,NA,NA,NA,NA
Lentils (gram),2005-05-15,NA,NA,NA,NA,NA,NA
Lentils (gram),2005-06-15,NA,NA,NA,NA,NA,NA
Lentils (gram),2005-07-15,NA,NA,NA,NA,NA,NA
Lentils (gram),2005-08-15,NA,NA,NA,NA,NA,NA
Lentils (gram),2005-09-15,NA,NA,NA,NA,NA,NA
Lentils (gram),2005-10-15,NA,NA,NA,NA,NA,NA
Lentils (gram),2005-11-15,NA,NA,NA,NA,NA,NA
Lentils (gram),2005-12-15,NA,NA,NA,NA,NA,NA
Lentils (gram),2006-01-15,NA,NA,NA,NA,NA,NA
Lentils (gram),2006-02-15,NA,NA,NA,NA,NA,NA
Lentils (gram),2006-03-15,NA,NA,NA,NA,NA,NA
Lentils (gram),2006-04-15,NA,NA,NA,NA,NA,NA
Lentils (gram),2006-05-15,NA,NA,NA,NA,NA,NA
Lentils (gram),2006-06-15,NA,NA,NA,NA,NA,NA
Lentils (gram),2006-07-15,NA,NA,NA,NA,NA,NA
Lentils (gram),2006-08-15,NA,NA,NA,NA,NA,NA
Lentils (gram),2006-09-15,NA,NA,NA,NA,NA,NA
Lentils (gram),2006-10-15,NA,NA,NA,NA,NA,NA
Lentils (gram),2006-11-15,NA,NA,NA,NA,NA,NA
Lentils (gram),2006-12-15,NA,NA,NA,NA,NA,NA
Lentils (gram),2007-01-15,NA,NA,NA,NA,NA,NA
Lentils (gram),2007-02-15,NA,NA,NA,NA,NA,NA
Lentils (gram),2007-03-15,NA,NA,NA,NA,NA,NA
Lentils (gram),2007-04-15,NA,NA,NA,NA,NA,NA
Lentils (gram),2007-05-15,NA,NA,NA,NA,NA,NA
Lentils (gram),2007-06-15,NA,NA,NA,NA,NA,NA
Lentils (gram),2007-07-15,NA,NA,NA,NA,NA,NA
Lentils (gram),2007-08-15,NA,NA,NA,NA,NA,NA
Lentils (gram),2007-09-15,NA,NA,NA,NA,NA,NA
Lentils (gram),2007-10-15,NA,NA,NA,NA,NA,NA
Lentils (gram),2007-11-15,NA,NA,NA,NA,NA,NA
Lentils (gram),2007-12-15,NA,NA,NA,NA,NA,NA
Lentils (gram),2008-01-15,NA,NA,NA,NA,NA,NA
Lentils (gram),2008-02-15,NA,NA,NA,NA,NA,NA
Lentils (gram),2008-03-15,NA,NA,NA,NA,NA,NA
Lentils (gram),2008-04-15,NA,NA,NA,NA,NA,NA
Lentils (gram),2008-05-15,NA,NA,NA,NA,NA,NA
Lentils (gram),2008-06-15,NA,NA,NA,NA,NA,NA
Lentils (gram),2008-07-15,NA,NA,NA,NA,NA,NA
Lentils (gram),2008-08-15,NA,NA,NA,NA,NA,NA
Lentils (gram),2008-09-15,NA,NA,NA,NA,NA,NA
Lentils (gram),2008-10-15,NA,NA,NA,NA,NA,NA
Lentils (gram),2008-11-15,NA,NA,NA,NA,NA,NA
Lentils (gram),2008-12-15,NA,NA,NA,NA,NA,NA
Lentils (gram),2009-01-15,NA,NA,NA,NA,NA,NA
Lentils (gram),2009-02-15,NA,NA,NA,NA,NA,NA
Lentils (gram),2009-03-15,NA,NA,NA,NA,NA,NA
Lentils (gram),2009-04-15,NA,NA,NA,NA,NA,NA
Lentils (gram),2009-05-15,NA,NA,NA,NA,NA,NA
Lentils (gram),2009-06-15,NA,NA,NA,NA,NA,NA
Lentils (gram),2009-07-15,NA,NA,NA,NA,NA,NA
Lentils (gram),2009-08-15,NA,NA,NA,NA,NA,NA
Lentils (gram),2009-09-15,NA,NA,NA,NA,NA,NA
Lentils (gram),2009-10-15,NA,NA,NA,NA,NA,NA
Lentils (gram),2009-11-15,NA,NA,NA,NA,NA,NA
Lentils (gram),2009-12-15,NA,NA,NA,NA,NA,NA
Lentils (gram),2010-01-15,NA,NA,NA,NA,NA,NA
Lentils (gram),2010-02-15,NA,NA,NA,NA,NA,NA
Lentils (gram),2010-03-15,NA,NA,NA,NA,NA,NA
Lentils (gram),2010-04-15,NA,NA,NA,NA,NA,NA
Lentils (gram),2010-05-15,NA,NA,NA,NA,NA,NA
Lentils (gram),2010-06-15,NA,NA,NA,NA,NA,NA
Lentils (gram),2010-07-15,NA,NA,NA,NA,NA,NA
Lentils (gram),2010-08-15,NA,NA,NA,NA,NA,NA
Lentils (gram),2010-09-15,NA,NA,NA,NA,NA,NA
Lentils (gram),2010-10-15,NA,NA,NA,NA,NA,NA
Lentils (gram),2010-11-15,NA,NA,NA,NA,NA,NA
Lentils (gram),2010-12-15,NA,NA,NA,NA,NA,NA
Lentils (gram),2011-01-15,NA,NA,NA,NA,NA,NA
Lentils (gram),2011-02-15,NA,NA,NA,NA,NA,NA
Lentils (gram),2011-03-15,NA,NA,NA,NA,NA,NA
Lentils (gram),2011-04-15,NA,NA,NA,NA,NA,NA
Lentils (gram),2011-05-15,NA,NA,NA,NA,NA,NA
Lentils (gram),2011-06-15,NA,NA,NA,NA,NA,NA
Lentils (gram),2011-07-15,NA,NA,NA,NA,NA,NA
Lentils (gram),2011-08-15,NA,NA,NA,NA,NA,NA
Lentils (gram),2011-09-15,NA,NA,NA,NA,NA,NA
Lentils (gram),2011-10-15,NA,NA,NA,NA,NA,NA
Lentils (gram),2011-11-15,NA,NA,NA,NA,NA,NA
Lentils (gram),2011-12-15,NA,NA,NA,NA,NA,NA
Lentils (gram),2012-01-15,NA,NA,NA,NA,NA,NA
Lentils (gram),2012-02-15,NA,NA,NA,NA,NA,NA
Lentils (gram),2012-03-15,NA,NA,NA,NA,NA,NA
Lentils (gram),2012-04-15,NA,NA,NA,NA,NA,NA
Lentils (gram),2012-05-15,NA,NA,NA,NA,NA,NA
Lentils (gram),2012-06-15,NA,NA,NA,NA,NA,NA
Lentils (gram),2012-07-15,NA,NA,NA,NA,NA,NA
Lentils (gram),2012-08-15,NA,NA,NA,NA,NA,NA
Lentils (gram),2012-09-15,NA,NA,NA,NA,NA,NA
Lentils (gram),2012-10-15,NA,NA,NA,NA,NA,NA
Lentils (gram),2012-11-15,NA,NA,NA,NA,NA,NA
Lentils (gram),2012-12-15,NA,NA,NA,NA,NA,NA
Lentils (gram),2013-01-15,NA,NA,NA,NA,NA,NA
Lentils (gram),2013-02-15,NA,NA,NA,NA,NA,NA
Lentils (gram),2013-03-15,NA,NA,NA,NA,NA,NA
Lentils (gram),2013-04-15,NA,NA,NA,NA,NA,NA
Lentils (gram),2013-05-15,NA,NA,NA,NA,NA,NA
Lentils (gram),2013-06-15,NA,NA,NA,NA,NA,NA
Lentils (gram),2013-07-15,NA,NA,NA,NA,NA,NA
Lentils (gram),2013-08-15,NA,NA,NA,NA,NA,NA
Lentils (gram),2013-09-15,NA,NA,NA,NA,NA,NA
Lentils (gram),2013-10-15,NA,NA,NA,NA,NA,NA
Lentils (gram),2013-11-15,NA,NA,NA,NA,NA,NA
Lentils (gram),2013-12-15,NA,NA,NA,NA,NA,NA
Lentils (gram),2014-01-15,NA,NA,NA,NA,NA,NA
Lentils (gram),2014-02-15,NA,NA,NA,NA,NA,NA
Lentils (gram),2014-03-15,NA,NA,NA,NA,NA,NA
Lentils (gram),2014-04-15,NA,NA,NA,NA,NA,NA
Lentils (gram),2014-05-15,NA,NA,NA,NA,NA,NA
Lentils (gram),2014-06-15,NA,NA,NA,NA,NA,NA
Lentils (gram),2014-07-15,NA,NA,NA,NA,NA,NA
Lentils (gram),2014-08-15,NA,NA,NA,NA,NA,NA
Lentils (gram),2014-09-15,NA,NA,NA,NA,NA,NA
Lentils (gram),2014-10-15,NA,NA,NA,NA,NA,NA
Lentils (gram),2014-11-15,NA,NA,NA,NA,NA,NA
Lentils (gram),2014-12-15,NA,NA,NA,NA,NA,NA
Lentils (gram),2015-01-15,NA,NA,NA,NA,NA,NA
Lentils (gram),2015-02-15,NA,NA,NA,NA,NA,NA
Lentils (gram),2015-03-15,NA,NA,NA,NA,NA,NA
Lentils (gram),2015-04-15,NA,NA,NA,NA,NA,NA
Lentils (gram),2015-05-15,NA,NA,NA,NA,NA,NA
Lentils (gram),2015-06-15,NA,NA,NA,NA,NA,NA
Lentils (gram),2015-07-15,NA,NA,NA,NA,NA,NA
Lentils (gram),2015-08-15,NA,NA,NA,NA,NA,NA
Lentils (gram),2015-09-15,NA,NA,NA,NA,NA,NA
Lentils (gram),2015-10-15,NA,NA,NA,NA,NA,NA
Lentils (gram),2015-11-15,NA,NA,NA,NA,NA,NA
Lentils (gram),2015-12-15,NA,NA,NA,NA,NA,NA
Lentils (gram),2016-01-15,NA,NA,NA,NA,NA,NA
Lentils (gram),2016-02-15,NA,NA,NA,NA,NA,NA
Lentils (gram),2016-03-15,NA,NA,NA,NA,NA,NA
Lentils (gram),2016-04-15,NA,NA,NA,NA,NA,NA
Lentils (gram),2016-05-15,NA,NA,NA,NA,NA,NA
Lentils (gram),2016-06-15,NA,NA,NA,NA,NA,NA
Lentils (gram),2016-07-15,NA,NA,NA,NA,NA,NA
Lentils (gram),2016-08-15,NA,NA,NA,NA,NA,NA
Lentils (gram),2016-09-15,NA,NA,NA,NA,NA,NA
Lentils (gram),2016-10-15,NA,NA,NA,NA,NA,NA
Lentils (gram),2016-11-15,NA,NA,NA,NA,NA,NA
Lentils (gram),2016-12-15,NA,NA,NA,NA,NA,NA
Lentils (gram),2017-01-15,NA,NA,NA,NA,NA,NA
Lentils (gram),2017-02-15,NA,NA,NA,NA,NA,NA
Lentils (gram),2017-03-15,NA,NA,NA,NA,NA,NA
Lentils (gram),2017-04-15,NA,NA,NA,NA,NA,NA
Lentils (gram),2017-05-15,NA,NA,NA,NA,NA,NA
Lentils (gram),2017-06-15,NA,NA,NA,NA,NA,NA
Lentils (gram),2017-07-15,NA,NA,NA,NA,NA,NA
Lentils (gram),2017-08-15,NA,NA,NA,NA,NA,NA
Lentils (gram),2017-09-15,NA,NA,NA,NA,NA,NA
Lentils (gram),2017-10-15,NA,NA,NA,NA,NA,NA
Lentils (gram),2017-11-15,NA,NA,NA,NA,NA,NA
Lentils (gram),2017-12-15,NA,NA,NA,NA,NA,NA
Lentils (gram),2018-01-15,NA,NA,NA,NA,NA,NA
Lentils (gram),2018-02-15,NA,NA,NA,NA,NA,NA
Lentils (gram),2018-03-15,NA,NA,NA,NA,NA,NA
Lentils (gram),2018-04-15,NA,NA,NA,NA,NA,NA
Lentils (gram),2018-05-15,NA,NA,NA,NA,NA,NA
Lentils (gram),2018-06-15,NA,NA,NA,NA,NA,NA
Lentils (gram),2018-07-15,NA,NA,NA,NA,NA,NA
Lentils (gram),2018-08-15,NA,NA,NA,NA,NA,NA
Lentils (gram),2018-09-15,NA,NA,NA,NA,NA,NA
Lentils (gram),2018-10-15,NA,NA,NA,NA,NA,NA
Lentils (gram),2018-11-15,NA,NA,NA,NA,NA,NA
Lentils (gram),2018-12-15,NA,NA,NA,NA,NA,NA
Lentils (gram),2019-01-15,NA,NA,NA,NA,NA,NA
Lentils (gram),2019-02-15,NA,NA,NA,NA,NA,NA
Lentils (gram),2019-03-15,NA,NA,NA,NA,NA,NA
Lentils (gram),2019-04-15,NA,NA,NA,NA,NA,NA
Lentils (gram),2019-05-15,NA,NA,NA,NA,NA,NA
Lentils (gram),2019-06-15,NA,NA,NA,NA,NA,NA
Lentils (gram),2019-07-15,NA,NA,NA,NA,NA,NA
Lentils (gram),2019-08-15,NA,NA,NA,NA,NA,NA
Lentils (gram),2019-09-15,NA,NA,NA,NA,NA,NA
Lentils (gram),2019-10-15,NA,NA,NA,NA,NA,NA
Lentils (gram),2019-11-15,NA,NA,NA,NA,NA,NA
Lentils (gram),2019-12-15,NA,NA,NA,NA,NA,NA
Lentils (gram),2020-01-15,NA,NA,NA,NA,NA,NA
Lentils (gram),2020-02-15,NA,NA,NA,NA,NA,NA
Lentils (gram),2020-03-15,NA,NA,NA,NA,NA,NA
Lentils (gram),2020-04-15,NA,NA,NA,NA,NA,NA
Lentils (gram),2020-05-15,NA,NA,NA,NA,NA,NA
Lentils (gram),2020-06-15,NA,NA,NA,NA,NA,NA
Lentils (gram),2020-07-15,NA,NA,NA,NA,NA,NA
Lentils (gram),2020-08-15,NA,NA,NA,NA,NA,NA
Lentils (gram),2020-09-15,NA,NA,NA,NA,NA,NA
Lentils (gram),2020-10-15,NA,NA,NA,NA,NA,NA
Lentils (gram),2020-11-15,NA,NA,NA,NA,NA,NA
Lentils (gram),2020-12-15,NA,NA,NA,NA,NA,NA
Lentils (gram),2021-01-15,NA,NA,NA,NA,NA,NA
Lentils (gram),2021-02-15,NA,NA,NA,NA,NA,NA
Lentils (gram),2021-03-15,NA,NA,NA,NA,NA,NA
Lentils (gram),2021-04-15,NA,NA,NA,NA,NA,NA
Lentils (gram),2021-05-15,NA,NA,NA,NA,NA,NA
Lentils (gram),2021-06-15,NA,NA,NA,NA,NA,NA
Lentils (gram),2021-07-15,NA,NA,NA,NA,NA,NA
Lentils (gram),2021-08-15,NA,NA,NA,NA,NA,NA
Lentils (gram),2021-09-15,NA,NA,NA,NA,NA,NA
Lentils (gram),2021-10-15,NA,NA,NA,NA,NA,NA
Lentils (gram),2021-11-15,NA,NA,NA,NA,NA,NA
Lentils (gram),2021-12-15,NA,NA,NA,NA,NA,NA
Lentils (gram),2022-01-15,NA,NA,NA,NA,NA,NA
Lentils (gram),2022-02-15,NA,NA,NA,NA,NA,NA
Lentils (gram),2022-03-15,NA,NA,NA,NA,NA,NA
Lentils (gram),2022-04-15,NA,NA,NA,NA,NA,NA
Lentils (gram),2022-05-15,NA,NA,NA,NA,NA,NA
Lentils (gram),2022-06-15,NA,NA,NA,NA,NA,NA
Lentils (gram),2022-07-15,NA,NA,NA,NA,NA,NA
Lentils (gram),2022-08-15,NA,NA,NA,NA,NA,NA
Lentils (gram),2022-09-15,NA,NA,NA,NA,NA,NA
Lentils (gram),2022-10-15,NA,NA,NA,NA,NA,NA
Lentils (gram),2022-11-15,NA,NA,NA,NA,NA,NA
Lentils (gram),2022-12-15,NA,NA,NA,NA,NA,NA
Lentils (gram),2023-01-15,NA,NA,NA,NA,NA,NA
Lentils (gram),2023-02-15,NA,NA,NA,NA,NA,NA
Lentils (gram),2023-03-15,NA,NA,NA,NA,NA,NA
Lentils (gram),2023-04-15,NA,NA,NA,NA,NA,NA
Lentils (gram),2023-05-15,NA,NA,NA,NA,NA,NA
Lentils (gram),2023-06-15,NA,NA,NA,NA,NA,NA
Lentils (gram),2023-07-15,NA,NA,NA,NA,NA,NA
Lentils (gram),2023-08-15,NA,NA,NA,NA,NA,NA
Lentils (gram),2023-09-15,NA,NA,NA,NA,NA,NA
Lentils (gram),2023-10-15,NA,NA,NA,NA,NA,NA
Lentils (gram),2023-11-15,NA,NA,NA,NA,NA,NA
Lentils (gram),2023-12-15,NA,NA,NA,NA,NA,NA
Lentils (gram),2024-01-15,NA,NA,NA,NA,NA,NA
Lentils (gram),2024-02-15,NA,NA,NA,NA,NA,NA
Lentils (gram),2024-03-15,NA,NA,NA,NA,NA,NA
Lentils (gram),2024-04-15,NA,NA,NA,NA,NA,NA
Lentils (gram),2024-05-15,NA,NA,NA,NA,NA,NA
Lentils (gram),2024-06-15,NA,NA,NA,NA,NA,NA
Lentils (gram),2024-07-15,NA,NA,NA,NA,NA,NA
Lentils (gram),2024-08-15,NA,NA,NA,NA,NA,NA
Lentils (gram),2024-09-15,NA,NA,NA,NA,NA,NA
Lentils (gram),2024-10-15,NA,NA,NA,NA,NA,NA
Lentils (gram),2024-11-15,NA,NA,NA,NA,NA,NA
Lentils (gram),2024-12-15,NA,NA,NA,NA,NA,NA
Lentils (gram),2025-01-15,NA,NA,NA,NA,NA,NA
Lentils (gram),2025-02-15,NA,NA,NA,NA,NA,NA
Lentils (gram),2025-03-15,NA,NA,NA,NA,NA,NA
Lentils (gram),2025-04-15,NA,NA,NA,NA,NA,NA
Lentils (gram),2025-05-15,NA,NA,NA,NA,NA,NA
Lentils (gram),2025-06-15,NA,NA,NA,NA,NA,NA
Lentils (gram),2025-07-15,NA,NA,NA,NA,NA,NA
Lentils (gram),2025-08-15,NA,NA,NA,NA,NA,NA
Lentils (gram),2025-09-15,NA,NA,NA,NA,NA,NA
Lentils (gram),2025-10-15,NA,NA,NA,NA,NA,NA
Lentils (gram),2025-11-15,NA,NA,NA,NA,NA,NA
Lentils (gram),2025-12-15,NA,NA,NA,NA,NA,NA
Lentils (gram),2026-01-15,per kg,264.552,0.9440000000000001,5,NA,NA
Lentils (gram),2026-02-15,per kg,253.6,0.906,5,-0.041398288427228036,NA
Lentils (gram),2026-03-15,per kg,252.2,0.902,5,-0.0055205047318612754,NA
Lentils (gram),2026-04-15,per kg,253.2,0.908,5,0.003965107057890549,NA
Lentils (gram),2026-05-15,per kg,250.2,0.898,5,-0.011848341232227444,NA
Lentils (masur),2004-01-15,NA,NA,NA,NA,NA,NA
Lentils (masur),2004-02-15,NA,NA,NA,NA,NA,NA
Lentils (masur),2004-03-15,NA,NA,NA,NA,NA,NA
Lentils (masur),2004-04-15,NA,NA,NA,NA,NA,NA
Lentils (masur),2004-05-15,NA,NA,NA,NA,NA,NA
Lentils (masur),2004-06-15,NA,NA,NA,NA,NA,NA
Lentils (masur),2004-07-15,NA,NA,NA,NA,NA,NA
Lentils (masur),2004-08-15,NA,NA,NA,NA,NA,NA
Lentils (masur),2004-09-15,NA,NA,NA,NA,NA,NA
Lentils (masur),2004-10-15,NA,NA,NA,NA,NA,NA
Lentils (masur),2004-11-15,NA,NA,NA,NA,NA,NA
Lentils (masur),2004-12-15,NA,NA,NA,NA,NA,NA
Lentils (masur),2005-01-15,NA,NA,NA,NA,NA,NA
Lentils (masur),2005-02-15,NA,NA,NA,NA,NA,NA
Lentils (masur),2005-03-15,NA,NA,NA,NA,NA,NA
Lentils (masur),2005-04-15,NA,NA,NA,NA,NA,NA
Lentils (masur),2005-05-15,NA,NA,NA,NA,NA,NA
Lentils (masur),2005-06-15,NA,NA,NA,NA,NA,NA
Lentils (masur),2005-07-15,NA,NA,NA,NA,NA,NA
Lentils (masur),2005-08-15,NA,NA,NA,NA,NA,NA
Lentils (masur),2005-09-15,NA,NA,NA,NA,NA,NA
Lentils (masur),2005-10-15,NA,NA,NA,NA,NA,NA
Lentils (masur),2005-11-15,NA,NA,NA,NA,NA,NA
Lentils (masur),2005-12-15,NA,NA,NA,NA,NA,NA
Lentils (masur),2006-01-15,NA,NA,NA,NA,NA,NA
Lentils (masur),2006-02-15,NA,NA,NA,NA,NA,NA
Lentils (masur),2006-03-15,NA,NA,NA,NA,NA,NA
Lentils (masur),2006-04-15,NA,NA,NA,NA,NA,NA
Lentils (masur),2006-05-15,NA,NA,NA,NA,NA,NA
Lentils (masur),2006-06-15,NA,NA,NA,NA,NA,NA
Lentils (masur),2006-07-15,NA,NA,NA,NA,NA,NA
Lentils (masur),2006-08-15,NA,NA,NA,NA,NA,NA
Lentils (masur),2006-09-15,NA,NA,NA,NA,NA,NA
Lentils (masur),2006-10-15,NA,NA,NA,NA,NA,NA
Lentils (masur),2006-11-15,NA,NA,NA,NA,NA,NA
Lentils (masur),2006-12-15,NA,NA,NA,NA,NA,NA
Lentils (masur),2007-01-15,NA,NA,NA,NA,NA,NA
Lentils (masur),2007-02-15,NA,NA,NA,NA,NA,NA
Lentils (masur),2007-03-15,NA,NA,NA,NA,NA,NA
Lentils (masur),2007-04-15,NA,NA,NA,NA,NA,NA
Lentils (masur),2007-05-15,NA,NA,NA,NA,NA,NA
Lentils (masur),2007-06-15,NA,NA,NA,NA,NA,NA
Lentils (masur),2007-07-15,NA,NA,NA,NA,NA,NA
Lentils (masur),2007-08-15,NA,NA,NA,NA,NA,NA
Lentils (masur),2007-09-15,NA,NA,NA,NA,NA,NA
Lentils (masur),2007-10-15,NA,NA,NA,NA,NA,NA
Lentils (masur),2007-11-15,NA,NA,NA,NA,NA,NA
Lentils (masur),2007-12-15,NA,NA,NA,NA,NA,NA
Lentils (masur),2008-01-15,NA,NA,NA,NA,NA,NA
Lentils (masur),2008-02-15,NA,NA,NA,NA,NA,NA
Lentils (masur),2008-03-15,NA,NA,NA,NA,NA,NA
Lentils (masur),2008-04-15,NA,NA,NA,NA,NA,NA
Lentils (masur),2008-05-15,NA,NA,NA,NA,NA,NA
Lentils (masur),2008-06-15,NA,NA,NA,NA,NA,NA
Lentils (masur),2008-07-15,NA,NA,NA,NA,NA,NA
Lentils (masur),2008-08-15,NA,NA,NA,NA,NA,NA
Lentils (masur),2008-09-15,NA,NA,NA,NA,NA,NA
Lentils (masur),2008-10-15,NA,NA,NA,NA,NA,NA
Lentils (masur),2008-11-15,NA,NA,NA,NA,NA,NA
Lentils (masur),2008-12-15,NA,NA,NA,NA,NA,NA
Lentils (masur),2009-01-15,NA,NA,NA,NA,NA,NA
Lentils (masur),2009-02-15,NA,NA,NA,NA,NA,NA
Lentils (masur),2009-03-15,NA,NA,NA,NA,NA,NA
Lentils (masur),2009-04-15,NA,NA,NA,NA,NA,NA
Lentils (masur),2009-05-15,NA,NA,NA,NA,NA,NA
Lentils (masur),2009-06-15,NA,NA,NA,NA,NA,NA
Lentils (masur),2009-07-15,NA,NA,NA,NA,NA,NA
Lentils (masur),2009-08-15,NA,NA,NA,NA,NA,NA
Lentils (masur),2009-09-15,NA,NA,NA,NA,NA,NA
Lentils (masur),2009-10-15,NA,NA,NA,NA,NA,NA
Lentils (masur),2009-11-15,NA,NA,NA,NA,NA,NA
Lentils (masur),2009-12-15,NA,NA,NA,NA,NA,NA
Lentils (masur),2010-01-15,NA,NA,NA,NA,NA,NA
Lentils (masur),2010-02-15,NA,NA,NA,NA,NA,NA
Lentils (masur),2010-03-15,NA,NA,NA,NA,NA,NA
Lentils (masur),2010-04-15,NA,NA,NA,NA,NA,NA
Lentils (masur),2010-05-15,NA,NA,NA,NA,NA,NA
Lentils (masur),2010-06-15,NA,NA,NA,NA,NA,NA
Lentils (masur),2010-07-15,NA,NA,NA,NA,NA,NA
Lentils (masur),2010-08-15,NA,NA,NA,NA,NA,NA
Lentils (masur),2010-09-15,NA,NA,NA,NA,NA,NA
Lentils (masur),2010-10-15,NA,NA,NA,NA,NA,NA
Lentils (masur),2010-11-15,NA,NA,NA,NA,NA,NA
Lentils (masur),2010-12-15,NA,NA,NA,NA,NA,NA
Lentils (masur),2011-01-15,NA,NA,NA,NA,NA,NA
Lentils (masur),2011-02-15,NA,NA,NA,NA,NA,NA
Lentils (masur),2011-03-15,NA,NA,NA,NA,NA,NA
Lentils (masur),2011-04-15,NA,NA,NA,NA,NA,NA
Lentils (masur),2011-05-15,NA,NA,NA,NA,NA,NA
Lentils (masur),2011-06-15,NA,NA,NA,NA,NA,NA
Lentils (masur),2011-07-15,NA,NA,NA,NA,NA,NA
Lentils (masur),2011-08-15,NA,NA,NA,NA,NA,NA
Lentils (masur),2011-09-15,NA,NA,NA,NA,NA,NA
Lentils (masur),2011-10-15,NA,NA,NA,NA,NA,NA
Lentils (masur),2011-11-15,NA,NA,NA,NA,NA,NA
Lentils (masur),2011-12-15,NA,NA,NA,NA,NA,NA
Lentils (masur),2012-01-15,NA,NA,NA,NA,NA,NA
Lentils (masur),2012-02-15,NA,NA,NA,NA,NA,NA
Lentils (masur),2012-03-15,NA,NA,NA,NA,NA,NA
Lentils (masur),2012-04-15,NA,NA,NA,NA,NA,NA
Lentils (masur),2012-05-15,NA,NA,NA,NA,NA,NA
Lentils (masur),2012-06-15,NA,NA,NA,NA,NA,NA
Lentils (masur),2012-07-15,NA,NA,NA,NA,NA,NA
Lentils (masur),2012-08-15,NA,NA,NA,NA,NA,NA
Lentils (masur),2012-09-15,NA,NA,NA,NA,NA,NA
Lentils (masur),2012-10-15,NA,NA,NA,NA,NA,NA
Lentils (masur),2012-11-15,NA,NA,NA,NA,NA,NA
Lentils (masur),2012-12-15,NA,NA,NA,NA,NA,NA
Lentils (masur),2013-01-15,NA,NA,NA,NA,NA,NA
Lentils (masur),2013-02-15,NA,NA,NA,NA,NA,NA
Lentils (masur),2013-03-15,NA,NA,NA,NA,NA,NA
Lentils (masur),2013-04-15,NA,NA,NA,NA,NA,NA
Lentils (masur),2013-05-15,NA,NA,NA,NA,NA,NA
Lentils (masur),2013-06-15,NA,NA,NA,NA,NA,NA
Lentils (masur),2013-07-15,NA,NA,NA,NA,NA,NA
Lentils (masur),2013-08-15,NA,NA,NA,NA,NA,NA
Lentils (masur),2013-09-15,per kg,110.67,1.06,1,NA,NA
Lentils (masur),2013-10-15,per kg,110.3,1.04,1,-0.0033432727929881834,NA
Lentils (masur),2013-11-15,per kg,110.84,1.03,1,0.004895738893925694,NA
Lentils (masur),2013-12-15,NA,NA,NA,NA,NA,NA
Lentils (masur),2014-01-15,per kg,123.284,1.17,5,NA,NA
Lentils (masur),2014-02-15,per kg,127.506,1.216,5,0.03424613088478634,NA
Lentils (masur),2014-03-15,per kg,128.714,1.298,5,0.00947406396561723,NA
Lentils (masur),2014-04-15,NA,NA,NA,NA,NA,NA
Lentils (masur),2014-05-15,NA,NA,NA,NA,NA,NA
Lentils (masur),2014-06-15,NA,NA,NA,NA,NA,NA
Lentils (masur),2014-07-15,NA,NA,NA,NA,NA,NA
Lentils (masur),2014-08-15,NA,NA,NA,NA,NA,NA
Lentils (masur),2014-09-15,NA,NA,NA,NA,NA,NA
Lentils (masur),2014-10-15,NA,NA,NA,NA,NA,NA
Lentils (masur),2014-11-15,NA,NA,NA,NA,NA,NA
Lentils (masur),2014-12-15,per kg,140.9075,1.4075,4,NA,NA
Lentils (masur),2015-01-15,per kg,140.54,1.3980000000000001,5,-0.0026080939623512878,0.13996950131403896
Lentils (masur),2015-02-15,per kg,139.02,1.372,5,-0.010815426213177659,0.09030163286433579
Lentils (masur),2015-03-15,per kg,140.54,1.3820000000000001,5,0.010933678607394581,0.09187811737650908
Lentils (masur),2015-04-15,per kg,138.614,1.362,5,-0.013704283478013335,NA
Lentils (masur),2015-05-15,per kg,141.92000000000002,1.3960000000000001,5,0.023850404721023954,NA
Lentils (masur),2015-06-15,per kg,144.008,1.416,5,0.01471251409244645,NA
Lentils (masur),2015-07-15,per kg,144.258,1.416,5,0.001736014665851826,NA
Lentils (masur),2015-08-15,per kg,143.126,1.406,5,-0.0078470518099516,NA
Lentils (masur),2015-09-15,per kg,142.258,1.362,5,-0.00606458644830421,NA
Lentils (masur),2015-10-15,per kg,142.90800000000002,1.368,5,0.004569163069915172,NA
Lentils (masur),2015-11-15,per kg,143.318,1.36,5,0.002868978643602915,NA
Lentils (masur),2015-12-15,per kg,144.892,1.3820000000000001,5,0.010982570228442956,0.028277416035342284
Lentils (masur),2016-01-15,per kg,148.2175,1.4125,4,0.02295157772685874,0.05462857549452127
Lentils (masur),2016-02-15,per kg,145.5375,1.3900000000000001,4,-0.018081535581156105,0.04688174363400943
Lentils (masur),2016-03-15,per kg,141.934,1.356,5,-0.024759941595808632,0.009918884303401265
Lentils (masur),2016-04-15,per kg,147.91400000000002,1.4140000000000001,5,0.042132258655431576,0.06709279005006707
Lentils (masur),2016-05-15,per kg,152.96,1.462,5,0.034114417837392,0.07779030439684331
Lentils (masur),2016-06-15,per kg,153.758,1.47,5,0.005217050209205043,0.06770457196822388
Lentils (masur),2016-07-15,per kg,154.098,1.472,5,0.0022112670560230363,0.06821112174021549
Lentils (masur),2016-08-15,per kg,154.89,1.482,5,0.00513958649690438,0.08219331218646486
Lentils (masur),2016-09-15,per kg,152.672,1.46,5,-0.014319839886370866,0.07320502186168776
Lentils (masur),2016-10-15,per kg,150.79399999999998,1.442,5,-0.012300880318591556,0.05518235508159064
Lentils (masur),2016-11-15,per kg,149.114,1.424,5,-0.011141026831306133,0.040441535606134504
Lentils (masur),2016-12-15,per kg,142.332,1.358,5,-0.04548198022989125,-0.017668332275073917
Lentils (masur),2017-01-15,per kg,135.004,1.292,5,-0.05148525981508023,-0.08914939194089777
Lentils (masur),2017-02-15,per kg,126.39800000000001,1.208,5,-0.0637462593700926,-0.13150906123851236
Lentils (masur),2017-03-15,per kg,124.345,1.19,4,-0.01624234560673432,-0.12392379556695365
Lentils (masur),2017-04-15,per kg,118.152,1.1300000000000001,5,-0.04980497808516626,-0.20121151479914012
Lentils (masur),2017-05-15,per kg,119.632,1.144,5,0.01252623738912595,-0.21788702928870296
Lentils (masur),2017-06-15,per kg,118.12,1.128,5,-0.012638758860505583,-0.2317798098310332
Lentils (masur),2017-07-15,per kg,113.47800000000001,1.078,5,-0.039299017947849624,-0.26359848927305995
Lentils (masur),2017-08-15,per kg,109.768,1.042,5,-0.03269356174765159,-0.2913164181031699
Lentils (masur),2017-09-15,per kg,110.52799999999999,1.048,5,0.0069236936083374445,-0.27604275833158676
Lentils (masur),2017-10-15,per kg,112.582,1.072,5,0.018583526346265256,-0.25340530790349747
Lentils (masur),2017-11-15,per kg,111.47,1.06,5,-0.009877245030288972,-0.2524511447617259
Lentils (masur),2017-12-15,per kg,110.266,1.006,5,-0.010801112406925606,-0.22529016665261492
Lentils (masur),2018-01-15,per kg,118.3775,1.0699999999999998,4,0.07356302033265005,-0.12315561020414201
Lentils (masur),2018-02-15,per kg,111.114,1.008,5,-0.06135878862114841,-0.1209196348043482
Lentils (masur),2018-03-15,per kg,114.46000000000001,1.035,4,0.0301132170563565,-0.07949656198480026
Lentils (masur),2018-04-15,per kg,108.732,0.942,5,-0.050043683382841264,-0.07972780824700387
Lentils (masur),2018-05-15,per kg,109.11,0.942,5,0.0034764374793068153,-0.08795305603851822
Lentils (masur),2018-06-15,per kg,109.144,0.916,5,3.1161213454322656e-4,-0.07599051811716895
Lentils (masur),2018-07-15,per kg,108.952,0.888,5,-0.0017591438833102213,-0.039884382875976065
Lentils (masur),2018-08-15,per kg,110.436,0.898,5,0.01362067699537417,0.006085562276802126
Lentils (masur),2018-09-15,per kg,108.924,0.886,5,-0.013691187656199033,-0.014512159814707437
Lentils (masur),2018-10-15,per kg,108.914,0.8240000000000001,5,-9.180713157808107e-5,-0.0325806967366008
Lentils (masur),2018-11-15,per kg,109.93,0.8200000000000001,5,0.009328460987568121,-0.013815376334439633
Lentils (masur),2018-12-15,per kg,113.212,0.8160000000000001,5,0.029855362503411254,0.02671721110768499
Lentils (masur),2019-01-15,per kg,115.2475,0.83,4,0.01797954280464964,-0.026440835462820167
Lentils (masur),2019-02-15,per kg,122.545,0.88,4,0.06332024555847204,0.10287632521554446
Lentils (masur),2019-03-15,per kg,114.956,0.832,5,-0.06192827124729694,0.004333391577843848
Lentils (masur),2019-04-15,per kg,116.292,0.824,5,0.011621837920595679,0.06952874958613853
Lentils (masur),2019-05-15,per kg,118.878,0.842,5,0.02223712723145188,0.08952433324168263
Lentils (masur),2019-06-15,per kg,119.936,0.772,5,0.008899880549807504,0.0988785457743897
Lentils (masur),2019-07-15,per kg,124.524,0.782,5,0.0382537353255068,0.14292532491372345
Lentils (masur),2019-08-15,per kg,127.944,0.802,5,0.027464585140213993,0.15853526024122555
Lentils (masur),2019-09-15,per kg,128.026,0.824,5,6.409053961109468e-4,0.17536998274025928
Lentils (masur),2019-10-15,per kg,129.242,0.83,5,0.009498070704387906,0.18664267220008446
Lentils (masur),2019-11-15,per kg,132.852,0.858,5,0.027932096377338844,0.2085145092331484
Lentils (masur),2019-12-15,per kg,136.42,0.886,5,0.02685695360250495,0.20499593682648465
Lentils (masur),2020-01-15,per kg,141.086,0.912,5,0.03420319601231503,0.2242000911082671
Lentils (masur),2020-02-15,per kg,141.52,0.9175,4,0.0030761379584083315,0.1548410787873844
Lentils (masur),2020-03-15,per kg,135.2475,0.86,4,-0.04432235726399103,0.1765153623995268
Lentils (masur),2020-04-15,per kg,160.968,0.97,5,0.19017357067598284,0.38417088019812184
Lentils (masur),2020-05-15,per kg,159.634,1.006,5,-0.008287361463148013,0.34283887683170966
Lentils (masur),2020-06-15,per kg,155.982,0.952,5,-0.022877331896713704,0.3005436232657417
Lentils (masur),2020-07-15,per kg,151.56199999999998,0.91,5,-0.028336602941365086,0.2171308342166971
Lentils (masur),2020-08-15,per kg,147.29999999999998,0.882,5,-0.028120505139810792,0.15128493716000735
Lentils (masur),2020-09-15,per kg,150.636,0.912,5,0.022647657841140534,0.17660475215971738
Lentils (masur),2020-10-15,per kg,154.056,0.946,5,0.02270373615868726,0.191996409835812
Lentils (masur),2020-11-15,per kg,154.654,0.978,5,0.0038817053538970914,0.1641074278144099
Lentils (masur),2020-12-15,per kg,153.68,0.96,5,-0.006297929571818295,0.12652103797097225
Lentils (masur),2021-01-15,per kg,153.8225,0.96,4,9.272514315459279e-4,0.09027472605361253
Lentils (masur),2021-02-15,per kg,157.4475,0.99,4,0.02356612329145613,0.11254592990390044
Lentils (masur),2021-03-15,per kg,159.49,1.0175,4,0.012972578160974413,0.17924545740217024
Lentils (masur),2021-04-15,per kg,156.476,1.028,5,-0.01889773653520599,-0.027906167685502692
Lentils (masur),2021-05-15,per kg,153.924,1.012,5,-0.016309210358137927,-0.03576932232481789
Lentils (masur),2021-06-15,per kg,159.52,1.02,5,0.03635560406434357,0.022682104345373322
Lentils (masur),2021-07-15,per kg,157.75,0.994,5,-0.011095787362086273,0.04082817592800314
Lentils (masur),2021-08-15,per kg,162.082,0.992,5,0.027461172741679807,0.10035302104548549
Lentils (masur),2021-09-15,per kg,179.12199999999999,1.056,5,0.10513197023728726,0.18910486205156807
Lentils (masur),2021-10-15,per kg,179.534,1.05,5,0.0023001083060707472,0.16538141974346976
Lentils (masur),2021-11-15,per kg,184.286,1.056,5,0.026468524067864596,0.19160189843133701
Lentils (masur),2021-12-15,per kg,202.136,1.136,5,0.09686031494524805,0.3153045288912024
Lentils (masur),2022-01-15,per kg,217.465,1.2375,4,0.07583508133138084,0.41373986250385997
Lentils (masur),2022-02-15,per kg,219.175,1.2475,4,0.007863334329662353,0.3920513186935328
Lentils (masur),2022-03-15,per kg,221.175,1.2349999999999999,4,0.009125128322116982,0.386764060442661
Lentils (masur),2022-04-15,per kg,225.044,1.24,5,0.017492935458347514,0.43820138551598986
Lentils (masur),2022-05-15,per kg,243.908,1.266,5,0.08382360782780252,0.5846001923026947
Lentils (masur),2022-06-15,per kg,282.74,1.372,5,0.1592075700674025,0.7724423269809428
Lentils (masur),2022-07-15,per kg,306.612,1.456,5,0.08443092593902524,0.9436576862123616
Lentils (masur),2022-08-15,per kg,331.96999999999997,1.554,5,0.08270387329915319,1.0481608074925037
Lentils (masur),2022-09-15,per kg,317.54,1.3479999999999999,5,-0.043467783233424595,0.772758231819654
Lentils (masur),2022-10-15,per kg,279.32,1.276,5,-0.1203627889399761,0.5558055855715351
Lentils (masur),2022-11-15,per kg,260.25,1.178,5,-0.06827294858943145,0.41220711285718936
Lentils (masur),2022-12-15,per kg,256.372,1.14,5,-0.014901056676272728,0.26831440218466795
Lentils (masur),2023-01-15,per kg,260.31,1.1380000000000001,5,0.015360491785374242,0.19702021014875948
Lentils (masur),2023-02-15,per kg,279.972,1.054,5,0.07553301832430548,0.27739021329987446
Lentils (masur),2023-03-15,per kg,285.3175,1.0075,4,0.019092980726644226,0.2900079122866508
Lentils (masur),2023-04-15,per kg,283.106,0.996,5,-0.0077510142209994415,0.25800287943691
Lentils (masur),2023-05-15,per kg,292.354,1.026,5,0.03266620982953383,0.19862407137117266
Lentils (masur),2023-06-15,per kg,282.746,0.984,5,-0.03286426729239211,2.122090966949486e-5
Lentils (masur),2023-07-15,per kg,273.318,0.986,5,-0.03334441512877284,-0.10858674807248259
Lentils (masur),2023-08-15,per kg,283.542,0.978,5,0.03740697648892488,-0.14588065186613253
Lentils (masur),2023-09-15,per kg,331.296,1.1199999999999999,5,0.16841949340838402,0.04332052654783647
Lentils (masur),2023-10-15,per kg,322.87800000000004,1.164,5,-0.02540930165169497,0.15594300443935283
Lentils (masur),2023-11-15,per kg,318.692,1.11,5,-0.012964649186380073,0.2245609990393853
Lentils (masur),2023-12-15,per kg,339.37,1.2,4,0.06488396319957834,0.3237405020829107
Lentils (masur),2024-01-15,per kg,342.76,1.226,5,0.009989097445266104,0.31673773577657394
Lentils (masur),2024-02-15,per kg,341.826,1.226,5,-0.0027249387326407915,0.2209292357807211
Lentils (masur),2024-03-15,per kg,342.42,1.228,5,0.001737726211581414,0.20013668982799881
Lentils (masur),2024-04-15,per kg,337.26024,1.216,5,-0.015068512353250463,0.19128609072220315
Lentils (masur),2024-05-15,per kg,322.442,1.158,5,-0.04393710921868521,0.1029163274660172
Lentils (masur),2024-06-15,per kg,317.288,1.1400000000000001,5,-0.015984270039262838,0.12216618449067362
Lentils (masur),2024-07-15,per kg,335.008,1.202,5,0.05584831446509164,0.2257077836073731
Lentils (masur),2024-08-15,per kg,330.9,1.182,5,-0.01226239373388105,0.1670228749180016
Lentils (masur),2024-09-15,per kg,314.214,1.13,5,-0.05042611060743418,-0.05156114169805848
Lentils (masur),2024-10-15,per kg,305.544,1.1,5,-0.02759265977964065,-0.05368591232601805
Lentils (masur),2024-11-15,per kg,304.438,1.098,5,-0.003619773256879566,-0.044726569854279474
Lentils (masur),2024-12-15,per kg,303.9575,1.0975000000000001,4,-0.0015783180811856923,-0.10434776202964324
Lentils (masur),2025-01-15,per kg,307.236,1.1,5,0.010786047391493803,-0.10364103162562721
Lentils (masur),2025-02-15,per kg,306.762,1.1,5,-0.0015427879545365508,-0.10257850485334652
Lentils (masur),2025-03-15,per kg,303.156,1.082,5,-0.011755041367574881,-0.11466619940424039
Lentils (masur),2025-04-15,per kg,304.752,1.084,5,0.0052646162371847716,-0.09638918598883761
Lentils (masur),2025-05-15,per kg,305.686,1.086,5,0.0030647871055808906,-0.05196593495884538
Lentils (masur),2025-06-15,per kg,305.574,1.08,5,-3.663890397335168e-4,-0.03691913970903404
Lentils (masur),2025-07-15,per kg,306.29,1.076,5,0.002343131287347866,-0.085723326010125
Lentils (masur),2025-08-15,per kg,305.506,1.082,5,-0.0025596656763199332,-0.07674221819280747
Lentils (masur),2025-09-15,per kg,304.052,1.07,5,-0.00475931732928303,-0.032341015995468014
Lentils (masur),2025-10-15,per kg,306.264,1.084,5,0.007275071369371,0.002356452753122351
Lentils (masur),2025-11-15,per kg,299.4,1.062,5,-0.022412036674241964,-0.01654852547973651
Lentils (masur),2025-12-15,per kg,295.775,1.055,4,-0.012107548430193682,-0.026919881891382835
Lentils (masur),2026-01-15,per kg,287,1.025,4,-0.029667821824021612,-0.065864677316460285
Lentils (masur),2026-02-15,per kg,276,0.9850000000000001,4,-0.0383275261324042,-0.10027969565982753
Lentils (masur),2026-03-15,per kg,267.6,0.9580000000000001,5,-0.030434782608695587,-0.11728614970510232
Lentils (masur),2026-04-15,per kg,270.6,0.972,5,0.011210762331838486,-0.11206489210899351
Lentils (masur),2026-05-15,per kg,270.4,0.972,5,-7.390983000741258e-4,-0.11543217550035001
Lentils (moong),2004-01-15,NA,NA,NA,NA,NA,NA
Lentils (moong),2004-02-15,NA,NA,NA,NA,NA,NA
Lentils (moong),2004-03-15,NA,NA,NA,NA,NA,NA
Lentils (moong),2004-04-15,NA,NA,NA,NA,NA,NA
Lentils (moong),2004-05-15,NA,NA,NA,NA,NA,NA
Lentils (moong),2004-06-15,NA,NA,NA,NA,NA,NA
Lentils (moong),2004-07-15,NA,NA,NA,NA,NA,NA
Lentils (moong),2004-08-15,NA,NA,NA,NA,NA,NA
Lentils (moong),2004-09-15,NA,NA,NA,NA,NA,NA
Lentils (moong),2004-10-15,NA,NA,NA,NA,NA,NA
Lentils (moong),2004-11-15,NA,NA,NA,NA,NA,NA
Lentils (moong),2004-12-15,NA,NA,NA,NA,NA,NA
Lentils (moong),2005-01-15,NA,NA,NA,NA,NA,NA
Lentils (moong),2005-02-15,NA,NA,NA,NA,NA,NA
Lentils (moong),2005-03-15,NA,NA,NA,NA,NA,NA
Lentils (moong),2005-04-15,NA,NA,NA,NA,NA,NA
Lentils (moong),2005-05-15,NA,NA,NA,NA,NA,NA
Lentils (moong),2005-06-15,NA,NA,NA,NA,NA,NA
Lentils (moong),2005-07-15,NA,NA,NA,NA,NA,NA
Lentils (moong),2005-08-15,NA,NA,NA,NA,NA,NA
Lentils (moong),2005-09-15,NA,NA,NA,NA,NA,NA
Lentils (moong),2005-10-15,NA,NA,NA,NA,NA,NA
Lentils (moong),2005-11-15,NA,NA,NA,NA,NA,NA
Lentils (moong),2005-12-15,NA,NA,NA,NA,NA,NA
Lentils (moong),2006-01-15,NA,NA,NA,NA,NA,NA
Lentils (moong),2006-02-15,NA,NA,NA,NA,NA,NA
Lentils (moong),2006-03-15,NA,NA,NA,NA,NA,NA
Lentils (moong),2006-04-15,NA,NA,NA,NA,NA,NA
Lentils (moong),2006-05-15,NA,NA,NA,NA,NA,NA
Lentils (moong),2006-06-15,NA,NA,NA,NA,NA,NA
Lentils (moong),2006-07-15,NA,NA,NA,NA,NA,NA
Lentils (moong),2006-08-15,NA,NA,NA,NA,NA,NA
Lentils (moong),2006-09-15,NA,NA,NA,NA,NA,NA
Lentils (moong),2006-10-15,NA,NA,NA,NA,NA,NA
Lentils (moong),2006-11-15,NA,NA,NA,NA,NA,NA
Lentils (moong),2006-12-15,NA,NA,NA,NA,NA,NA
Lentils (moong),2007-01-15,NA,NA,NA,NA,NA,NA
Lentils (moong),2007-02-15,NA,NA,NA,NA,NA,NA
Lentils (moong),2007-03-15,NA,NA,NA,NA,NA,NA
Lentils (moong),2007-04-15,NA,NA,NA,NA,NA,NA
Lentils (moong),2007-05-15,NA,NA,NA,NA,NA,NA
Lentils (moong),2007-06-15,NA,NA,NA,NA,NA,NA
Lentils (moong),2007-07-15,NA,NA,NA,NA,NA,NA
Lentils (moong),2007-08-15,NA,NA,NA,NA,NA,NA
Lentils (moong),2007-09-15,NA,NA,NA,NA,NA,NA
Lentils (moong),2007-10-15,NA,NA,NA,NA,NA,NA
Lentils (moong),2007-11-15,NA,NA,NA,NA,NA,NA
Lentils (moong),2007-12-15,NA,NA,NA,NA,NA,NA
Lentils (moong),2008-01-15,NA,NA,NA,NA,NA,NA
Lentils (moong),2008-02-15,NA,NA,NA,NA,NA,NA
Lentils (moong),2008-03-15,NA,NA,NA,NA,NA,NA
Lentils (moong),2008-04-15,NA,NA,NA,NA,NA,NA
Lentils (moong),2008-05-15,NA,NA,NA,NA,NA,NA
Lentils (moong),2008-06-15,NA,NA,NA,NA,NA,NA
Lentils (moong),2008-07-15,NA,NA,NA,NA,NA,NA
Lentils (moong),2008-08-15,NA,NA,NA,NA,NA,NA
Lentils (moong),2008-09-15,NA,NA,NA,NA,NA,NA
Lentils (moong),2008-10-15,NA,NA,NA,NA,NA,NA
Lentils (moong),2008-11-15,NA,NA,NA,NA,NA,NA
Lentils (moong),2008-12-15,NA,NA,NA,NA,NA,NA
Lentils (moong),2009-01-15,NA,NA,NA,NA,NA,NA
Lentils (moong),2009-02-15,NA,NA,NA,NA,NA,NA
Lentils (moong),2009-03-15,NA,NA,NA,NA,NA,NA
Lentils (moong),2009-04-15,NA,NA,NA,NA,NA,NA
Lentils (moong),2009-05-15,NA,NA,NA,NA,NA,NA
Lentils (moong),2009-06-15,NA,NA,NA,NA,NA,NA
Lentils (moong),2009-07-15,NA,NA,NA,NA,NA,NA
Lentils (moong),2009-08-15,NA,NA,NA,NA,NA,NA
Lentils (moong),2009-09-15,NA,NA,NA,NA,NA,NA
Lentils (moong),2009-10-15,NA,NA,NA,NA,NA,NA
Lentils (moong),2009-11-15,NA,NA,NA,NA,NA,NA
Lentils (moong),2009-12-15,NA,NA,NA,NA,NA,NA
Lentils (moong),2010-01-15,NA,NA,NA,NA,NA,NA
Lentils (moong),2010-02-15,NA,NA,NA,NA,NA,NA
Lentils (moong),2010-03-15,NA,NA,NA,NA,NA,NA
Lentils (moong),2010-04-15,NA,NA,NA,NA,NA,NA
Lentils (moong),2010-05-15,NA,NA,NA,NA,NA,NA
Lentils (moong),2010-06-15,NA,NA,NA,NA,NA,NA
Lentils (moong),2010-07-15,NA,NA,NA,NA,NA,NA
Lentils (moong),2010-08-15,NA,NA,NA,NA,NA,NA
Lentils (moong),2010-09-15,NA,NA,NA,NA,NA,NA
Lentils (moong),2010-10-15,NA,NA,NA,NA,NA,NA
Lentils (moong),2010-11-15,NA,NA,NA,NA,NA,NA
Lentils (moong),2010-12-15,NA,NA,NA,NA,NA,NA
Lentils (moong),2011-01-15,NA,NA,NA,NA,NA,NA
Lentils (moong),2011-02-15,NA,NA,NA,NA,NA,NA
Lentils (moong),2011-03-15,NA,NA,NA,NA,NA,NA
Lentils (moong),2011-04-15,NA,NA,NA,NA,NA,NA
Lentils (moong),2011-05-15,NA,NA,NA,NA,NA,NA
Lentils (moong),2011-06-15,NA,NA,NA,NA,NA,NA
Lentils (moong),2011-07-15,NA,NA,NA,NA,NA,NA
Lentils (moong),2011-08-15,NA,NA,NA,NA,NA,NA
Lentils (moong),2011-09-15,NA,NA,NA,NA,NA,NA
Lentils (moong),2011-10-15,NA,NA,NA,NA,NA,NA
Lentils (moong),2011-11-15,NA,NA,NA,NA,NA,NA
Lentils (moong),2011-12-15,NA,NA,NA,NA,NA,NA
Lentils (moong),2012-01-15,NA,NA,NA,NA,NA,NA
Lentils (moong),2012-02-15,NA,NA,NA,NA,NA,NA
Lentils (moong),2012-03-15,NA,NA,NA,NA,NA,NA
Lentils (moong),2012-04-15,NA,NA,NA,NA,NA,NA
Lentils (moong),2012-05-15,NA,NA,NA,NA,NA,NA
Lentils (moong),2012-06-15,NA,NA,NA,NA,NA,NA
Lentils (moong),2012-07-15,NA,NA,NA,NA,NA,NA
Lentils (moong),2012-08-15,NA,NA,NA,NA,NA,NA
Lentils (moong),2012-09-15,NA,NA,NA,NA,NA,NA
Lentils (moong),2012-10-15,NA,NA,NA,NA,NA,NA
Lentils (moong),2012-11-15,NA,NA,NA,NA,NA,NA
Lentils (moong),2012-12-15,NA,NA,NA,NA,NA,NA
Lentils (moong),2013-01-15,NA,NA,NA,NA,NA,NA
Lentils (moong),2013-02-15,NA,NA,NA,NA,NA,NA
Lentils (moong),2013-03-15,NA,NA,NA,NA,NA,NA
Lentils (moong),2013-04-15,NA,NA,NA,NA,NA,NA
Lentils (moong),2013-05-15,NA,NA,NA,NA,NA,NA
Lentils (moong),2013-06-15,NA,NA,NA,NA,NA,NA
Lentils (moong),2013-07-15,NA,NA,NA,NA,NA,NA
Lentils (moong),2013-08-15,NA,NA,NA,NA,NA,NA
Lentils (moong),2013-09-15,NA,NA,NA,NA,NA,NA
Lentils (moong),2013-10-15,NA,NA,NA,NA,NA,NA
Lentils (moong),2013-11-15,NA,NA,NA,NA,NA,NA
Lentils (moong),2013-12-15,NA,NA,NA,NA,NA,NA
Lentils (moong),2014-01-15,NA,NA,NA,NA,NA,NA
Lentils (moong),2014-02-15,NA,NA,NA,NA,NA,NA
Lentils (moong),2014-03-15,NA,NA,NA,NA,NA,NA
Lentils (moong),2014-04-15,NA,NA,NA,NA,NA,NA
Lentils (moong),2014-05-15,NA,NA,NA,NA,NA,NA
Lentils (moong),2014-06-15,NA,NA,NA,NA,NA,NA
Lentils (moong),2014-07-15,NA,NA,NA,NA,NA,NA
Lentils (moong),2014-08-15,NA,NA,NA,NA,NA,NA
Lentils (moong),2014-09-15,NA,NA,NA,NA,NA,NA
Lentils (moong),2014-10-15,NA,NA,NA,NA,NA,NA
Lentils (moong),2014-11-15,NA,NA,NA,NA,NA,NA
Lentils (moong),2014-12-15,NA,NA,NA,NA,NA,NA
Lentils (moong),2015-01-15,NA,NA,NA,NA,NA,NA
Lentils (moong),2015-02-15,NA,NA,NA,NA,NA,NA
Lentils (moong),2015-03-15,NA,NA,NA,NA,NA,NA
Lentils (moong),2015-04-15,per kg,170.825,1.6800000000000002,4,NA,NA
Lentils (moong),2015-05-15,per kg,171.90200000000002,1.69,5,0.0063046977901362045,NA
Lentils (moong),2015-06-15,per kg,170.40200000000002,1.674,5,-0.008725901967400085,NA
Lentils (moong),2015-07-15,per kg,162.0625,1.5925,4,-0.0489401532845859,NA
Lentils (moong),2015-08-15,per kg,157.3325,1.545,4,-0.029186270728885355,NA
Lentils (moong),2015-09-15,per kg,154.7425,1.4825,4,-0.016461951599319957,NA
Lentils (moong),2015-10-15,per kg,155.43,1.49,5,0.004442864759196752,NA
Lentils (moong),2015-11-15,per kg,156.394,1.482,5,0.006202148877308078,NA
Lentils (moong),2015-12-15,per kg,158.16,1.512,5,0.011291993298975678,NA
Lentils (moong),2016-01-15,per kg,158.015,1.51,4,-9.167931208903246e-4,NA
Lentils (moong),2016-02-15,per kg,156.0775,1.4925,4,-0.012261494161946662,NA
Lentils (moong),2016-03-15,per kg,155.46,1.486,5,-0.00395636783008424,NA
Lentils (moong),2016-04-15,per kg,155.7225,1.49,4,0.0016885372443071756,-0.08840919069222886
Lentils (moong),2016-05-15,per kg,157.988,1.51,5,0.014548315111817534,-0.08094146664960278
Lentils (moong),2016-06-15,per kg,155.8425,1.49,4,-0.013580145327493187,-0.08544207227614709
Lentils (moong),2016-07-15,per kg,154.766,1.48,5,-0.006907615060076755,-0.04502275356729657
Lentils (moong),2016-08-15,per kg,153.256,1.464,5,-0.009756664900559486,-0.02591009486279061
Lentils (moong),2016-09-15,per kg,145.44,1.392,5,-0.05099963459831913,-0.06011599915989474
Lentils (moong),2016-10-15,per kg,142.642,1.3619999999999999,5,-0.0192381738173818,-0.08227497909026582
Lentils (moong),2016-11-15,per kg,137.995,1.3175,4,-0.032578062562218624,-0.11764517820376741
Lentils (moong),2016-12-15,per kg,133.05,1.268,5,-0.03583463168955392,-0.15876327769347487
Lentils (moong),2017-01-15,per kg,129.524,1.236,5,-0.026501315295001993,-0.18030566718349517
Lentils (moong),2017-02-15,per kg,125.928,1.204,5,-0.027763194465890484,-0.19317005974595947
Lentils (moong),2017-03-15,per kg,117.4175,1.1225,4,-0.06758226923321253,-0.24470924996783738
Lentils (moong),2017-04-15,per kg,121.07600000000001,1.156,5,0.031158047139481004,-0.2224887219252195
Lentils (moong),2017-05-15,per kg,123.182,1.174,5,0.0173940334996201,-0.22030787148391018
Lentils (moong),2017-06-15,per kg,122.14,1.164,5,-0.008459028104755628,-0.21626000609589813
Lentils (moong),2017-07-15,per kg,117.0875,1.1125,4,-0.04136646471262484,-0.24345463473889606
Lentils (moong),2017-08-15,per kg,114.632,1.09,5,-0.020971495676310403,-0.25202275930469276
Lentils (moong),2017-09-15,per kg,110.94749999999999,1.0550000000000002,4,-0.0321419847860982,-0.23715965346534662
Lentils (moong),2017-10-15,per kg,110.8675,1.0550000000000002,4,-7.21061763446551e-4,-0.2227569719998317
Lentils (moong),2017-11-15,per kg,107.16,1.02,4,-0.0334408189956481,-0.2234501250045292
Lentils (moong),2017-12-15,per kg,114.144,1.038,5,0.06517357222844344,-0.14209695603156713
Lentils (moong),2018-01-15,per kg,121.995,1.105,4,0.0687815391084945,-0.058128223340847995
Lentils (moong),2018-02-15,per kg,122.78999999999999,1.1125,4,0.006516660518873563,-0.024919001334095747
Lentils (moong),2018-03-15,per kg,119.486,1.08,5,-0.026907728642397544,0.01761662443843548
Lentils (moong),2018-04-15,per kg,119.56,1.0350000000000001,4,6.193194181745021e-4,-0.012521061151673396
Lentils (moong),2018-05-15,per kg,119.946,1.038,5,0.0032285045165607595,-0.026270071926093097
Lentils (moong),2018-06-15,per kg,120.696,1.012,5,0.006252813766194798,-0.011822498771901113
Lentils (moong),2018-07-15,per kg,120.065,0.975,4,-0.005228010870285682,0.025429700010675793
Lentils (moong),2018-08-15,per kg,120.25,0.9775,4,0.0015408320493066618,0.049009002721753125
Lentils (moong),2018-09-15,per kg,112.14500000000001,0.9125,4,-0.06740124740124731,0.010793393271592677
Lentils (moong),2018-10-15,per kg,119.376,0.906,5,0.06447902269383388,0.0767447628926421
Lentils (moong),2018-11-15,per kg,121.61,0.912,5,0.018713979359335164,0.13484509145203427
Lentils (moong),2018-12-15,per kg,124.39,0.896,5,0.022859962174163417,0.08976380712082976
Lentils (moong),2019-01-15,per kg,121.61,0.876,5,-0.02234906342953613,-0.0031558670437313863
Lentils (moong),2019-02-15,per kg,128.0675,0.9225,4,0.05310007400707173,0.042979884355403675
Lentils (moong),2019-03-15,per kg,137.338,0.988,5,0.0723876080972925,0.1494066250439381
Lentils (moong),2019-04-15,per kg,144.546,1.024,5,0.05248365346808592,0.2089829374372698
Lentils (moong),2019-05-15,per kg,157.96800000000002,1.116,5,0.09285625337262893,0.3169926466910111
Lentils (moong),2019-06-15,per kg,165.8175,1.0675,4,0.04969044363415365,0.3738442036190097
Lentils (moong),2019-07-15,per kg,170.97,1.076,5,0.031073318558053398,0.42397867821596646
Lentils (moong),2019-08-15,per kg,171.956,1.076,5,0.005767093642159438,0.4299875259875259
Lentils (moong),2019-09-15,per kg,166.525,1.0725,4,-0.03158366093651854,0.48490793169557267
Lentils (moong),2019-10-15,per kg,179.068,1.1500000000000001,5,0.07532202372016217,0.5000335075727114
Lentils (moong),2019-11-15,per kg,189.63400000000001,1.226,5,0.0590055174570554,0.5593618945810379
Lentils (moong),2019-12-15,per kg,199.6,1.296,5,0.052553866922598225,0.6046305973148967
Lentils (moong),2020-01-15,per kg,228.988,1.48,5,0.14723446893787573,0.8829701504810459
Lentils (moong),2020-02-15,per kg,238.8225,1.5525,4,0.04294766537984529,0.8648173814589963
Lentils (moong),2020-03-15,per kg,237.384,1.514,5,-0.006023301824576888,0.72846553757882
Lentils (moong),2020-04-15,per kg,281.46999999999997,1.696,5,0.18571597074781776,0.9472693813734034
Lentils (moong),2020-05-15,per kg,285.435,1.8,4,0.01408675880200394,0.806916590701914
Lentils (moong),2020-06-15,per kg,281.4325,1.7175,4,-0.014022456951670259,0.6972424502841981
Lentils (moong),2020-07-15,per kg,254.922,1.534,5,-0.09419843124017302,0.4910335146516933
Lentils (moong),2020-08-15,per kg,236.1125,1.4124999999999999,4,-0.07378531472371941,0.3730983507408874
Lentils (moong),2020-09-15,per kg,238.036,1.44,5,0.008146540314468709,0.42943101636390923
Lentils (moong),2020-10-15,per kg,237.764,1.46,5,-0.0011426842998537579,0.3277860924341591
Lentils (moong),2020-11-15,per kg,229.432,1.452,5,-0.03504315203310859,0.20986742883660092
Lentils (moong),2020-12-15,per kg,227.26,1.418,5,-0.009466857282331986,0.13857715430861717
Lentils (moong),2021-01-15,per kg,233.34,1.458,5,0.026753498195899006,0.019005362726431052
Lentils (moong),2021-02-15,per kg,238.708,1.502,5,0.02300505699837152,-4.7943556406948584e-4
Lentils (moong),2021-03-15,per kg,240.66,1.534,5,0.00817735475979009,0.013800424628450214
Lentils (moong),2021-04-15,per kg,233.34,1.528,5,-0.030416355023684893,-0.17099513269620203
Lentils (moong),2021-05-15,per kg,229.36,1.506,5,-0.01705665552412783,-0.19645453430728532
Lentils (moong),2021-06-15,per kg,221.092,1.4140000000000001,5,-0.03604813393791417,-0.21440487505885064
Lentils (moong),2021-07-15,per kg,201.0725,1.2650000000000001,4,-0.09054827854467828,-0.21123912412424195
Lentils (moong),2021-08-15,per kg,192.216,1.178,5,-0.04404630170709567,-0.1859134946265022
Lentils (moong),2021-09-15,per kg,182.994,1.08,5,-0.04797727556498943,-0.23123393100203327
Lentils (moong),2021-10-15,per kg,176.596,1.034,5,-0.034962894958304624,-0.25726350498813955
Lentils (moong),2021-11-15,per kg,176.56,1.012,5,-2.0385512695642038e-4,-0.23044736566825896
Lentils (moong),2021-12-15,per kg,178.038,1,5,0.008371091980063472,-0.2165889289800228
Lentils (moong),2022-01-15,per kg,173.962,0.99,5,-0.022893988923713082,-0.25446987228936324
Lentils (moong),2022-02-15,per kg,169.752,0.966,5,-0.024200687506466867,-0.28887175963939205
Lentils (moong),2022-03-15,per kg,169.836,0.9480000000000001,5,4.9483953060947e-4,-0.294290700573423
Lentils (moong),2022-04-15,per kg,174.508,0.96,5,0.027508890930073804,-0.2521299391445958
Lentils (moong),2022-05-15,per kg,174.59,0.905,4,4.698924977650787e-4,-0.23879490756888733
Lentils (moong),2022-06-15,per kg,182.1625,0.88,4,0.043373045420699974,-0.17607828415320326
Lentils (moong),2022-07-15,per kg,190.568,0.906,5,0.04614286694572156,-0.052242350396001336
Lentils (moong),2022-08-15,per kg,215.764,1.01,5,0.13221527223878082,0.1225080118200359
Lentils (moong),2022-09-15,per kg,251.7125,1.065,4,0.16661027789621996,0.37552324119916514
Lentils (moong),2022-10-15,per kg,254.435,1.1625,4,0.010815911009584234,0.44077442297673786
Lentils (moong),2022-11-15,per kg,258.796,1.17,5,0.017139937508597436,0.46576801087449016
Lentils (moong),2022-12-15,per kg,257.34,1.1460000000000001,5,-0.005626052952905081,0.4454217638931013
Lentils (moong),2023-01-15,per kg,270.654,1.184,5,0.05173700163208217,0.5558225359561284
Lentils (moong),2023-02-15,per kg,287.794,1.082,5,0.06332808678238622,0.6953791413355952
Lentils (moong),2023-03-15,per kg,290.528,1.026,5,0.009499850587573189,0.7106384983160225
Lentils (moong),2023-04-15,per kg,288.368,1.016,5,-0.007434739508756505,0.65246292433584685
Lentils (moong),2023-05-15,per kg,297.91,1.0474999999999999,4,0.03308966320812301,0.706340569333868
Lentils (moong),2023-06-15,per kg,276.3975,0.9625,4,-0.07221140612936805,0.5173128388115007
Lentils (moong),2023-07-15,per kg,259.5375,0.935,4,-0.060999104550511385,0.3619154317618909
Lentils (moong),2023-08-15,per kg,269.686,0.926,5,0.03910224919327643,0.24991194082423362
Lentils (moong),2023-09-15,per kg,283.5075,0.9575,4,0.051250342991479014,0.12631474400357545
Lentils (moong),2023-10-15,per kg,273.8925,0.9875,4,-0.033914446707759116,0.07647336254839154
Lentils (moong),2023-11-15,per kg,283.164,0.984,5,0.03385087214874449,0.09415910601400324
Lentils (moong),2023-12-15,per kg,292.928,1.038,5,0.034481784407622396,0.1382917540996349
Lentils (moong),2024-01-15,per kg,301.132,1.076,5,0.028006882237273434,0.11260871814198214
Lentils (moong),2024-02-15,per kg,317.96000000000004,1.1400000000000001,4,0.05588247014598258,0.1048180295628125
Lentils (moong),2024-03-15,per kg,317.132,1.1380000000000001,5,-0.0026041011447981433,0.09157120828285037
Lentils (moong),2024-04-15,per kg,317.476,1.1440000000000001,5,0.001084721819305523,0.10094046496143827
Lentils (moong),2024-05-15,per kg,318.8825,1.145,4,0.004430256145346423,0.07039877815447615
Lentils (moong),2024-06-15,per kg,320.4325,1.15,4,0.004860724561554841,0.15931764939986803
Lentils (moong),2024-07-15,per kg,348.3125,1.2525,4,0.08700740405545626,0.3420507633771612
Lentils (moong),2024-08-15,per kg,339.17,1.2125,4,-0.026247981338596738,0.25764778297724034
Lentils (moong),2024-09-15,per kg,331.92,1.1925000000000001,4,-0.021375711295220645,0.17076267823602564
Lentils (moong),2024-10-15,per kg,364.598,1.312,5,0.09845143408050139,0.33117190138466746
Lentils (moong),2024-11-15,per kg,383.288,1.3800000000000001,5,0.0512619378054735,0.3535901456399826
Lentils (moong),2024-12-15,per kg,372.58,1.3425,4,-0.02793721692304485,0.27191664845968977
Lentils (moong),2025-01-15,per kg,416.864,1.496,5,0.11885769499167953,0.3843231539657026
Lentils (moong),2025-02-15,per kg,415.888,1.488,5,-0.002341291164504433,0.30798842621713396
Lentils (moong),2025-03-15,per kg,410.315,1.4649999999999999,4,-0.013400242372946458,0.2938303293265896
Lentils (moong),2025-04-15,per kg,413.725,1.4725,4,0.008310688129851584,0.3031693734329526
Lentils (moong),2025-05-15,per kg,405.102,1.438,5,-0.02084234696960552,0.2703801556999834
Lentils (moong),2025-06-15,per kg,411.5475,1.455,4,0.015910807648444214,0.28435005812456593
Lentils (moong),2025-07-15,per kg,405.945,1.425,4,-0.013613252419222621,0.16546204916562002
Lentils (moong),2025-08-15,per kg,380.575,1.345,4,-0.06249615095641037,0.12207742430049828
Lentils (moong),2025-09-15,per kg,381.08,1.345,4,0.0013269394994415151,0.14810797782598195
Lentils (moong),2025-10-15,per kg,378.1825,1.3375,4,-0.007603390364227969,0.03725884398707624
Lentils (moong),2025-11-15,per kg,372.25,1.32,4,-0.015686870756843607,-0.028798188307486816
Lentils (moong),2025-12-15,per kg,370.9,1.3250000000000002,4,-0.0036265950302216687,-0.004509098717054072
Lentils (moong),2026-01-15,per kg,395.4893075,1.415,4,0.06629632650310069,-0.05127497817033844
Lentils (moong),2026-02-15,per kg,398.25,1.425,4,0.006980447884801455,-0.042410456661408746
Lentils (moong),2026-03-15,per kg,398.25,1.425,4,0,-0.029404238207231037
Lentils (moong),2026-04-15,per kg,403.5,1.4475,4,0.013182674199623268,-0.024714484258867686
Lentils (moong),2026-05-15,per kg,403.25,1.4475,4,-6.195786864932051e-4,-0.004571688118054196
Oil (cooking),2004-01-15,NA,NA,NA,NA,NA,NA
Oil (cooking),2004-02-15,NA,NA,NA,NA,NA,NA
Oil (cooking),2004-03-15,NA,NA,NA,NA,NA,NA
Oil (cooking),2004-04-15,NA,NA,NA,NA,NA,NA
Oil (cooking),2004-05-15,NA,NA,NA,NA,NA,NA
Oil (cooking),2004-06-15,NA,NA,NA,NA,NA,NA
Oil (cooking),2004-07-15,NA,NA,NA,NA,NA,NA
Oil (cooking),2004-08-15,NA,NA,NA,NA,NA,NA
Oil (cooking),2004-09-15,NA,NA,NA,NA,NA,NA
Oil (cooking),2004-10-15,NA,NA,NA,NA,NA,NA
Oil (cooking),2004-11-15,NA,NA,NA,NA,NA,NA
Oil (cooking),2004-12-15,NA,NA,NA,NA,NA,NA
Oil (cooking),2005-01-15,NA,NA,NA,NA,NA,NA
Oil (cooking),2005-02-15,NA,NA,NA,NA,NA,NA
Oil (cooking),2005-03-15,NA,NA,NA,NA,NA,NA
Oil (cooking),2005-04-15,NA,NA,NA,NA,NA,NA
Oil (cooking),2005-05-15,NA,NA,NA,NA,NA,NA
Oil (cooking),2005-06-15,NA,NA,NA,NA,NA,NA
Oil (cooking),2005-07-15,NA,NA,NA,NA,NA,NA
Oil (cooking),2005-08-15,NA,NA,NA,NA,NA,NA
Oil (cooking),2005-09-15,NA,NA,NA,NA,NA,NA
Oil (cooking),2005-10-15,NA,NA,NA,NA,NA,NA
Oil (cooking),2005-11-15,NA,NA,NA,NA,NA,NA
Oil (cooking),2005-12-15,NA,NA,NA,NA,NA,NA
Oil (cooking),2006-01-15,NA,NA,NA,NA,NA,NA
Oil (cooking),2006-02-15,NA,NA,NA,NA,NA,NA
Oil (cooking),2006-03-15,NA,NA,NA,NA,NA,NA
Oil (cooking),2006-04-15,NA,NA,NA,NA,NA,NA
Oil (cooking),2006-05-15,NA,NA,NA,NA,NA,NA
Oil (cooking),2006-06-15,NA,NA,NA,NA,NA,NA
Oil (cooking),2006-07-15,NA,NA,NA,NA,NA,NA
Oil (cooking),2006-08-15,NA,NA,NA,NA,NA,NA
Oil (cooking),2006-09-15,NA,NA,NA,NA,NA,NA
Oil (cooking),2006-10-15,NA,NA,NA,NA,NA,NA
Oil (cooking),2006-11-15,NA,NA,NA,NA,NA,NA
Oil (cooking),2006-12-15,NA,NA,NA,NA,NA,NA
Oil (cooking),2007-01-15,NA,NA,NA,NA,NA,NA
Oil (cooking),2007-02-15,NA,NA,NA,NA,NA,NA
Oil (cooking),2007-03-15,NA,NA,NA,NA,NA,NA
Oil (cooking),2007-04-15,NA,NA,NA,NA,NA,NA
Oil (cooking),2007-05-15,NA,NA,NA,NA,NA,NA
Oil (cooking),2007-06-15,NA,NA,NA,NA,NA,NA
Oil (cooking),2007-07-15,NA,NA,NA,NA,NA,NA
Oil (cooking),2007-08-15,NA,NA,NA,NA,NA,NA
Oil (cooking),2007-09-15,NA,NA,NA,NA,NA,NA
Oil (cooking),2007-10-15,NA,NA,NA,NA,NA,NA
Oil (cooking),2007-11-15,NA,NA,NA,NA,NA,NA
Oil (cooking),2007-12-15,NA,NA,NA,NA,NA,NA
Oil (cooking),2008-01-15,NA,NA,NA,NA,NA,NA
Oil (cooking),2008-02-15,NA,NA,NA,NA,NA,NA
Oil (cooking),2008-03-15,NA,NA,NA,NA,NA,NA
Oil (cooking),2008-04-15,NA,NA,NA,NA,NA,NA
Oil (cooking),2008-05-15,NA,NA,NA,NA,NA,NA
Oil (cooking),2008-06-15,NA,NA,NA,NA,NA,NA
Oil (cooking),2008-07-15,NA,NA,NA,NA,NA,NA
Oil (cooking),2008-08-15,NA,NA,NA,NA,NA,NA
Oil (cooking),2008-09-15,NA,NA,NA,NA,NA,NA
Oil (cooking),2008-10-15,NA,NA,NA,NA,NA,NA
Oil (cooking),2008-11-15,NA,NA,NA,NA,NA,NA
Oil (cooking),2008-12-15,NA,NA,NA,NA,NA,NA
Oil (cooking),2009-01-15,NA,NA,NA,NA,NA,NA
Oil (cooking),2009-02-15,NA,NA,NA,NA,NA,NA
Oil (cooking),2009-03-15,NA,NA,NA,NA,NA,NA
Oil (cooking),2009-04-15,NA,NA,NA,NA,NA,NA
Oil (cooking),2009-05-15,NA,NA,NA,NA,NA,NA
Oil (cooking),2009-06-15,NA,NA,NA,NA,NA,NA
Oil (cooking),2009-07-15,NA,NA,NA,NA,NA,NA
Oil (cooking),2009-08-15,NA,NA,NA,NA,NA,NA
Oil (cooking),2009-09-15,NA,NA,NA,NA,NA,NA
Oil (cooking),2009-10-15,NA,NA,NA,NA,NA,NA
Oil (cooking),2009-11-15,NA,NA,NA,NA,NA,NA
Oil (cooking),2009-12-15,NA,NA,NA,NA,NA,NA
Oil (cooking),2010-01-15,NA,NA,NA,NA,NA,NA
Oil (cooking),2010-02-15,NA,NA,NA,NA,NA,NA
Oil (cooking),2010-03-15,NA,NA,NA,NA,NA,NA
Oil (cooking),2010-04-15,NA,NA,NA,NA,NA,NA
Oil (cooking),2010-05-15,NA,NA,NA,NA,NA,NA
Oil (cooking),2010-06-15,NA,NA,NA,NA,NA,NA
Oil (cooking),2010-07-15,NA,NA,NA,NA,NA,NA
Oil (cooking),2010-08-15,NA,NA,NA,NA,NA,NA
Oil (cooking),2010-09-15,NA,NA,NA,NA,NA,NA
Oil (cooking),2010-10-15,NA,NA,NA,NA,NA,NA
Oil (cooking),2010-11-15,NA,NA,NA,NA,NA,NA
Oil (cooking),2010-12-15,NA,NA,NA,NA,NA,NA
Oil (cooking),2011-01-15,NA,NA,NA,NA,NA,NA
Oil (cooking),2011-02-15,NA,NA,NA,NA,NA,NA
Oil (cooking),2011-03-15,NA,NA,NA,NA,NA,NA
Oil (cooking),2011-04-15,NA,NA,NA,NA,NA,NA
Oil (cooking),2011-05-15,NA,NA,NA,NA,NA,NA
Oil (cooking),2011-06-15,NA,NA,NA,NA,NA,NA
Oil (cooking),2011-07-15,NA,NA,NA,NA,NA,NA
Oil (cooking),2011-08-15,NA,NA,NA,NA,NA,NA
Oil (cooking),2011-09-15,NA,NA,NA,NA,NA,NA
Oil (cooking),2011-10-15,NA,NA,NA,NA,NA,NA
Oil (cooking),2011-11-15,NA,NA,NA,NA,NA,NA
Oil (cooking),2011-12-15,NA,NA,NA,NA,NA,NA
Oil (cooking),2012-01-15,NA,NA,NA,NA,NA,NA
Oil (cooking),2012-02-15,NA,NA,NA,NA,NA,NA
Oil (cooking),2012-03-15,NA,NA,NA,NA,NA,NA
Oil (cooking),2012-04-15,NA,NA,NA,NA,NA,NA
Oil (cooking),2012-05-15,NA,NA,NA,NA,NA,NA
Oil (cooking),2012-06-15,NA,NA,NA,NA,NA,NA
Oil (cooking),2012-07-15,NA,NA,NA,NA,NA,NA
Oil (cooking),2012-08-15,NA,NA,NA,NA,NA,NA
Oil (cooking),2012-09-15,NA,NA,NA,NA,NA,NA
Oil (cooking),2012-10-15,NA,NA,NA,NA,NA,NA
Oil (cooking),2012-11-15,NA,NA,NA,NA,NA,NA
Oil (cooking),2012-12-15,NA,NA,NA,NA,NA,NA
Oil (cooking),2013-01-15,per litre,213.1,2.19,4,NA,NA
Oil (cooking),2013-02-15,per litre,210.7,2.148,5,-0.01126231816048806,NA
Oil (cooking),2013-03-15,per litre,211,2.1500000000000004,4,0.0014238253440912452,NA
Oil (cooking),2013-04-15,per litre,212,2.16,5,0.004739336492890933,NA
Oil (cooking),2013-05-15,per litre,213.04,2.162,5,0.004905660377358512,NA
Oil (cooking),2013-06-15,NA,NA,NA,NA,NA,NA
Oil (cooking),2013-07-15,per litre,216,2.16,5,NA,NA
Oil (cooking),2013-08-15,per litre,216,2.11,5,0,NA
Oil (cooking),2013-09-15,per litre,216.5,2.065,4,0.0023148148148148806,NA
Oil (cooking),2013-10-15,per litre,214,2.02,1,-0.011547344110854452,NA
Oil (cooking),2013-11-15,per litre,214,1.99,1,0,NA
Oil (cooking),2013-12-15,NA,NA,NA,NA,NA,NA
Oil (cooking),2014-01-15,per litre,214.3,2.0324999999999998,4,NA,0.00563115908024403
Oil (cooking),2014-02-15,per litre,214.5,2.045,4,9.332711152589823e-4,0.018035121025154366
Oil (cooking),2014-03-15,per litre,214.75,2.1675,4,0.0011655011655011815,0.017772511848341166
Oil (cooking),2014-04-15,per litre,214.8,2.238,5,2.328288707800219e-4,0.013207547169811429
Oil (cooking),2014-05-15,per litre,215.1,2.182,5,0.0013966480446927498,0.009669545625234699
Oil (cooking),2014-06-15,per litre,216,2.198,5,0.004184100418409997,NA
Oil (cooking),2014-07-15,per litre,216,2.19,5,0,0
Oil (cooking),2014-08-15,per litre,216,2.16,5,0,0
Oil (cooking),2014-09-15,per litre,216,2.1,4,0,-0.002309468822170868
Oil (cooking),2014-10-15,per litre,216,2.1,5,0,0.0093457943925232545
Oil (cooking),2014-11-15,per litre,216,2.13,4,0,0.0093457943925232545
Oil (cooking),2014-12-15,per litre,210,2.092,5,-0.02777777777777779,NA
Oil (cooking),2015-01-15,per litre,200.875,1.9975,4,-0.04345238095238091,-0.0626458236117593
Oil (cooking),2015-02-15,per litre,204.4,2.0149999999999997,4,0.01754822650902299,-0.04708624708624709
Oil (cooking),2015-03-15,per litre,200.875,1.9775,4,-0.017245596868884605,-0.06461001164144353
Oil (cooking),2015-04-15,per litre,192.624,1.896,5,-0.04107529558182954,-0.10324022346368722
Oil (cooking),2015-05-15,per litre,187.44,1.844,5,-0.02691253426364315,-0.12859135285913526
Oil (cooking),2015-06-15,per litre,187.04,1.84,5,-0.0021340162185232714,-0.13407407407407412
Oil (cooking),2015-07-15,per litre,185.6,1.826,5,-0.007698887938408894,-0.14074074074074072
Oil (cooking),2015-08-15,per litre,184.12,1.81,5,-0.007974137931034408,-0.1475925925925926
Oil (cooking),2015-09-15,per litre,182,1.742,5,-0.011514229850097757,-0.15740740740740744
Oil (cooking),2015-10-15,per litre,180.4,1.724,5,-0.00879120879120876,-0.16481481481481475
Oil (cooking),2015-11-15,per litre,181.46,1.724,5,0.005875831485587568,-0.1599074074074074
Oil (cooking),2015-12-15,per litre,184,1.76,5,0.013997575223189562,-0.12380952380952381
Oil (cooking),2016-01-15,per litre,185.3,1.7675,4,0.00706521739130439,-0.07753578095830738
Oil (cooking),2016-02-15,per litre,183.84,1.758,5,-0.007879114948731836,-0.10058708414872797
Oil (cooking),2016-03-15,per litre,182.96,1.75,5,-0.004786771105308896,-0.08918481642812692
Oil (cooking),2016-04-15,per litre,181.44,1.734,5,-0.008307826847398392,-0.05806130077248939
Oil (cooking),2016-05-15,per litre,181.44,1.734,5,0,-0.03201024327784896
Oil (cooking),2016-06-15,per litre,181.44,1.734,5,0,-0.029940119760479056
Oil (cooking),2016-07-15,per litre,181.44,1.734,5,0,-0.022413793103448265
Oil (cooking),2016-08-15,per litre,181.44,1.734,5,0,-0.014555724527482106
Oil (cooking),2016-09-15,per litre,181.5725,1.7375,4,7.302689594355094e-4,-0.0023489010989011794
Oil (cooking),2016-10-15,per litre,182.3,1.7425,4,0.004006664004736482,0.010532150776053184
Oil (cooking),2016-11-15,per litre,182.3,1.7425,4,0,0.0046291193651493145
Oil (cooking),2016-12-15,per litre,182.4,1.744,5,5.485463521668343e-4,-0.008695652173912993
Oil (cooking),2017-01-15,per litre,183.04,1.75,5,0.0035087719298245723,-0.012196438208310956
Oil (cooking),2017-02-15,per litre,184.54,1.764,5,0.008194930069929995,0.0038076588337683237
Oil (cooking),2017-03-15,per litre,185.52,1.774,5,0.005310501788230226,0.013992129427197186
Oil (cooking),2017-04-15,per litre,185.84,1.776,5,0.0017248814144026348,0.024250440917107596
Oil (cooking),2017-05-15,per litre,185.84,1.776,5,0,0.024250440917107596
Oil (cooking),2017-06-15,per litre,185.84,1.774,5,0,0.024250440917107596
Oil (cooking),2017-07-15,per litre,186.62,1.776,5,0.004197158846319438,0.028549382716049454
Oil (cooking),2017-08-15,per litre,186.8,1.772,5,9.645268459972378e-4,0.029541446208112943
Oil (cooking),2017-09-15,per litre,186.8,1.776,5,0,0.028790152693827675
Oil (cooking),2017-10-15,per litre,186.5,1.775,4,-0.0016059957173447659,0.02303894679100371
Oil (cooking),2017-11-15,per litre,186.9,1.7775,4,0.002144772117962601,0.025233132199670827
Oil (cooking),2017-12-15,per litre,187,1.7025000000000001,4,5.350454788657366e-4,0.025219298245614086
Oil (cooking),2018-01-15,per litre,187.98,1.702,5,0.005240641711229843,0.026988636363636243
Oil (cooking),2018-02-15,per litre,187.54,1.696,5,-0.002340674539844656,0.016256638127235323
Oil (cooking),2018-03-15,per litre,187.52,1.696,5,-1.066439159644883e-4,0.010780508840017244
Oil (cooking),2018-04-15,per litre,188.44,1.63,5,0.004906143344709735,0.013990529487731385
Oil (cooking),2018-05-15,per litre,190.62,1.648,5,0.011568669072383742,0.025721050365906217
Oil (cooking),2018-06-15,per litre,191.28,1.606,5,0.0034623858986464473,0.02927249246663788
Oil (cooking),2018-07-15,per litre,191.68,1.558,5,0.002091175240485077,0.027113921337477143
Oil (cooking),2018-08-15,per litre,192.48,1.566,5,0.004173622704507496,0.03040685224839379
Oil (cooking),2018-09-15,per litre,192.88,1.568,5,0.0020781379883625384,0.032548179871520366
Oil (cooking),2018-10-15,per litre,192.44,1.456,5,-0.0022812111157196613,0.03184986595174255
Oil (cooking),2018-11-15,per litre,194.56,1.454,5,0.011016420702556706,0.04098448368111285
Oil (cooking),2018-12-15,per litre,201.5,1.455,4,0.035670230263157965,0.07754010695187175
Oil (cooking),2019-01-15,per litre,196.1,1.415,4,-0.026799007444168743,0.04319608468986069
Oil (cooking),2019-02-15,per litre,206.64,1.49,5,0.05374808771035178,0.10184493974618736
Oil (cooking),2019-03-15,per litre,207.14,1.494,5,0.002419667053813468,0.10462883959044356
Oil (cooking),2019-04-15,per litre,211.44,1.494,5,0.02075890701940719,0.1220547654425812
Oil (cooking),2019-05-15,per litre,212.64,1.504,5,0.00567536889897835,0.11551778407302482
Oil (cooking),2019-06-15,per litre,212.64,1.366,5,0,0.11166875784190711
Oil (cooking),2019-07-15,per litre,213.88,1.344,5,0.0058314522197140395,0.11581803005008351
Oil (cooking),2019-08-15,per litre,224.64,1.408,5,0.05030858425285212,0.16708229426433907
Oil (cooking),2019-09-15,per litre,227.2,1.462,5,0.01139601139601143,0.17793446702613025
Oil (cooking),2019-10-15,per litre,227.2,1.46,5,0,0.18062772812305128
Oil (cooking),2019-11-15,per litre,230.432,1.488,5,0.01422535211267606,0.18437499999999996
Oil (cooking),2019-12-15,per litre,233.5,1.516,5,0.013314123038467018,0.15880893300248133
Oil (cooking),2020-01-15,per litre,235.2,1.522,5,0.007280513918629605,0.19938806731259562
Oil (cooking),2020-02-15,per litre,260,1.69,4,0.1054421768707483,0.25822686798296557
Oil (cooking),2020-03-15,per litre,260,1.66,5,0,0.25518972675485196
Oil (cooking),2020-04-15,per litre,258.052,1.558,5,-0.007492307692307576,0.2204502459326525
Oil (cooking),2020-05-15,per litre,255.2,1.6079999999999999,5,-0.01105203602374727,0.20015048908954114
Oil (cooking),2020-06-15,per litre,255.2,1.552,5,0,0.20015048908954114
Oil (cooking),2020-07-15,per litre,253.986,1.526,5,-0.004757053291536084,0.18751636431643903
Oil (cooking),2020-08-15,per litre,249.8275,1.4925,4,-0.01637294969014047,0.11212384259259256
Oil (cooking),2020-09-15,per litre,252.708,1.528,5,0.011529955669411951,0.11227112676056339
Oil (cooking),2020-10-15,per litre,252.3475,1.5475,4,-0.001426547636006803,0.11068441901408455
Oil (cooking),2020-11-15,per litre,253,1.6,4,0.0025857200883703246,0.09793778641855311
Oil (cooking),2020-12-15,per litre,256.895,1.605,4,0.015395256916995947,0.10019271948608122
Oil (cooking),2021-01-15,per litre,273.7425,1.7075,4,0.06558126861168967,0.16387117346938784
Oil (cooking),2021-02-15,per litre,295.37,1.8599999999999999,4,0.07900673077801224,0.13603846153846155
Oil (cooking),2021-03-15,per litre,300.34000000000003,1.918,5,0.016826353387277004,0.1551538461538462
Oil (cooking),2021-04-15,per litre,306.91,2.014,5,0.02187520809748955,0.18933393269573573
Oil (cooking),2021-05-15,per litre,308,2.02,5,0.0035515297644259647,0.2068965517241379
Oil (cooking),2021-06-15,per litre,311.006,1.99,5,0.009759740259740246,0.21867554858934168
Oil (cooking),2021-07-15,per litre,327.602,2.0620000000000003,5,0.053362314553417,0.2898427472380367
Oil (cooking),2021-08-15,per litre,333.422,2.042,5,0.017765459307330422,0.33460888012728796
Oil (cooking),2021-09-15,per litre,345.666,2.04,5,0.03672223188631807,0.367847476138468
Oil (cooking),2021-10-15,per litre,354.806,2.076,5,0.026441709627212262,0.40602145850464133
Oil (cooking),2021-11-15,per litre,391.3325,2.245,4,0.10294780809794646,0.5467687747035572
Oil (cooking),2021-12-15,per litre,412,2.32,4,0.052813144832080106,0.6037680764514686
Oil (cooking),2022-01-15,per litre,412.496,2.344,5,0.0012038834951455524,0.5068759874699762
Oil (cooking),2022-02-15,per litre,421.456,2.398,5,0.021721422753190334,0.4268747672410875
Oil (cooking),2022-03-15,per litre,451.794,2.5220000000000002,5,0.07198378952963047,0.5042751548245319
Oil (cooking),2022-04-15,per litre,493,2.716,5,0.0912052838240438,0.606334104460591
Oil (cooking),2022-05-15,per litre,494.708,2.566,5,0.0034645030425963785,0.6061948051948052
Oil (cooking),2022-06-15,per litre,524.1320000000001,2.536,5,0.05947750996547474,0.6852793836774858
Oil (cooking),2022-07-15,per litre,567.9979999999999,2.696,5,0.08369265757480915,0.7338050439252506
Oil (cooking),2022-08-15,per litre,589.042,2.76,5,0.037049426230374216,0.7666560694855169
Oil (cooking),2022-09-15,per litre,574.6,2.44,5,-0.02451777632155261,0.6622982879426962
Oil (cooking),2022-10-15,per litre,560.75,2.5625,4,-0.024103724329968768,0.5804411424834981
Oil (cooking),2022-11-15,per litre,553.575,2.5,4,-0.012795363352652633,0.4145898947825699
Oil (cooking),2022-12-15,per litre,544.9725,2.4250000000000003,4,-0.015539899742582408,0.32274878640776694
Oil (cooking),2023-01-15,per litre,542,2.37,5,-0.0054544036625701064,0.31395213529343313
Oil (cooking),2023-02-15,per litre,602.115,2.2649999999999997,4,0.1109132841328413,0.42865447401389467
Oil (cooking),2023-03-15,per litre,671.1320000000001,2.37,5,0.11462428273668657,0.4854823215890429
Oil (cooking),2023-04-15,per litre,664.4228720000001,2.35,5,-0.009996733876495134,0.3477137363083167
Oil (cooking),2023-05-15,per litre,663.09,2.33,5,-0.002006059779350977,0.3403664383838547
Oil (cooking),2023-06-15,per litre,637.608,2.2239999999999998,5,-0.03842917251051903,0.21650271305701585
Oil (cooking),2023-07-15,per litre,628.482,2.268,5,-0.014312869349192625,0.10648629044468483
Oil (cooking),2023-08-15,per litre,618.605,2.13,4,-0.0157156449985838,0.050188271804047835
Oil (cooking),2023-09-15,per litre,600.1,2.025,4,-0.02991408087551828,0.044378698224851965
Oil (cooking),2023-10-15,per litre,594.5,2.1475,4,-0.00933177803699392,0.060187249219795014
Oil (cooking),2023-11-15,per litre,571.6600000000001,1.9899999999999998,4,-0.038418839360807255,0.03266946664860226
Oil (cooking),2023-12-15,per litre,562.5,1.9849999999999999,4,-0.016023510478256453,0.03216217332067228
Oil (cooking),2024-01-15,per litre,545.8625,1.95,4,-0.029577777777777814,0.007126383763837563
Oil (cooking),2024-02-15,per litre,542.25,1.9449999999999998,4,-0.006617966978863632,-0.09942452853690742
Oil (cooking),2024-03-15,per litre,529.968,1.902,5,-0.022650069156293307,-0.2103371616909938
Oil (cooking),2024-04-15,per litre,526.132,1.892,5,-0.007238172870814852,-0.20813683247195636
Oil (cooking),2024-05-15,per litre,531.236,1.908,5,0.009700987584864817,-0.19884781854650202
Oil (cooking),2024-06-15,per litre,532.532,1.916,5,0.002439593702234122,-0.16479717945822503
Oil (cooking),2024-07-15,per litre,534.12,1.922,5,0.0029819804255892812,-0.1501427248513083
Oil (cooking),2024-08-15,per litre,537.38,1.9249999999999998,4,0.006103497341421349,-0.13130349738524583
Oil (cooking),2024-09-15,per litre,528.7125,1.9,4,-0.016129182329078118,-0.11895934010998177
Oil (cooking),2024-10-15,per litre,528.2475,1.9,4,-8.794949996454582e-4,-0.11144238856181676
Oil (cooking),2024-11-15,per litre,539.998,1.944,5,0.02224430782919007,-0.05538606864219997
Oil (cooking),2024-12-15,per litre,555.35,1.998,5,0.02842973492494405,-0.012711111111111117
Oil (cooking),2025-01-15,per litre,578.766,2.076,5,0.042164400828306414,0.06027800041219167
Oil (cooking),2025-02-15,per litre,588.03,2.1075,4,0.016006468935632068,0.08442600276625178
Oil (cooking),2025-03-15,per litre,584.5600000000001,2.086,5,-0.005901059469754832,0.10300999305618475
Oil (cooking),2025-04-15,per litre,582.448,2.078,5,-0.003612973860681712,0.10703777759193511
Oil (cooking),2025-05-15,per litre,576.4639999999999,2.046,5,-0.010273878526495084,0.08513730244185247
Oil (cooking),2025-06-15,per litre,575.18,2.0300000000000002,5,-0.0022273723944600254,0.08008532820562886
Oil (cooking),2025-07-15,per litre,572.716,2.012,5,-0.004283876351750648,0.07226091515015343
Oil (cooking),2025-08-15,per litre,571.11,2.022,5,-0.00280418217755396,0.0627675015817486
Oil (cooking),2025-09-15,per litre,571.11,2.0140000000000002,5,0,0.08019008440314934
Oil (cooking),2025-10-15,per litre,575.682,2.036,5,0.008005463045647865,0.08979597631791925
Oil (cooking),2025-11-15,per litre,586.6,2.08,5,0.018965331554573472,0.08630031963081342
Oil (cooking),2025-12-15,per litre,608.38,2.172,5,0.03712921922945789,0.09548933105248936
Oil (cooking),2026-01-15,per litre,610,2.18,4,0.0026628094283178694,0.05396654260962119
Oil (cooking),2026-02-15,per litre,607,2.17,5,-0.004918032786885296,0.03226025883033179
Oil (cooking),2026-03-15,per litre,599,2.148,5,-0.01317957166392092,0.024702340221705033
Oil (cooking),2026-04-15,per litre,596.2,2.138,5,-0.004674457429048373,0.023610691426530828
Oil (cooking),2026-05-15,per litre,597,2.142,5,0.0013418316001341246,0.03562408060173761
Poultry,2004-01-15,NA,NA,NA,NA,NA,NA
Poultry,2004-02-15,NA,NA,NA,NA,NA,NA
Poultry,2004-03-15,NA,NA,NA,NA,NA,NA
Poultry,2004-04-15,NA,NA,NA,NA,NA,NA
Poultry,2004-05-15,NA,NA,NA,NA,NA,NA
Poultry,2004-06-15,NA,NA,NA,NA,NA,NA
Poultry,2004-07-15,NA,NA,NA,NA,NA,NA
Poultry,2004-08-15,NA,NA,NA,NA,NA,NA
Poultry,2004-09-15,NA,NA,NA,NA,NA,NA
Poultry,2004-10-15,NA,NA,NA,NA,NA,NA
Poultry,2004-11-15,NA,NA,NA,NA,NA,NA
Poultry,2004-12-15,NA,NA,NA,NA,NA,NA
Poultry,2005-01-15,NA,NA,NA,NA,NA,NA
Poultry,2005-02-15,NA,NA,NA,NA,NA,NA
Poultry,2005-03-15,NA,NA,NA,NA,NA,NA
Poultry,2005-04-15,NA,NA,NA,NA,NA,NA
Poultry,2005-05-15,NA,NA,NA,NA,NA,NA
Poultry,2005-06-15,NA,NA,NA,NA,NA,NA
Poultry,2005-07-15,NA,NA,NA,NA,NA,NA
Poultry,2005-08-15,NA,NA,NA,NA,NA,NA
Poultry,2005-09-15,NA,NA,NA,NA,NA,NA
Poultry,2005-10-15,NA,NA,NA,NA,NA,NA
Poultry,2005-11-15,NA,NA,NA,NA,NA,NA
Poultry,2005-12-15,NA,NA,NA,NA,NA,NA
Poultry,2006-01-15,NA,NA,NA,NA,NA,NA
Poultry,2006-02-15,NA,NA,NA,NA,NA,NA
Poultry,2006-03-15,NA,NA,NA,NA,NA,NA
Poultry,2006-04-15,NA,NA,NA,NA,NA,NA
Poultry,2006-05-15,NA,NA,NA,NA,NA,NA
Poultry,2006-06-15,NA,NA,NA,NA,NA,NA
Poultry,2006-07-15,NA,NA,NA,NA,NA,NA
Poultry,2006-08-15,NA,NA,NA,NA,NA,NA
Poultry,2006-09-15,NA,NA,NA,NA,NA,NA
Poultry,2006-10-15,NA,NA,NA,NA,NA,NA
Poultry,2006-11-15,NA,NA,NA,NA,NA,NA
Poultry,2006-12-15,NA,NA,NA,NA,NA,NA
Poultry,2007-01-15,NA,NA,NA,NA,NA,NA
Poultry,2007-02-15,NA,NA,NA,NA,NA,NA
Poultry,2007-03-15,NA,NA,NA,NA,NA,NA
Poultry,2007-04-15,NA,NA,NA,NA,NA,NA
Poultry,2007-05-15,NA,NA,NA,NA,NA,NA
Poultry,2007-06-15,NA,NA,NA,NA,NA,NA
Poultry,2007-07-15,NA,NA,NA,NA,NA,NA
Poultry,2007-08-15,NA,NA,NA,NA,NA,NA
Poultry,2007-09-15,NA,NA,NA,NA,NA,NA
Poultry,2007-10-15,NA,NA,NA,NA,NA,NA
Poultry,2007-11-15,NA,NA,NA,NA,NA,NA
Poultry,2007-12-15,NA,NA,NA,NA,NA,NA
Poultry,2008-01-15,NA,NA,NA,NA,NA,NA
Poultry,2008-02-15,NA,NA,NA,NA,NA,NA
Poultry,2008-03-15,NA,NA,NA,NA,NA,NA
Poultry,2008-04-15,NA,NA,NA,NA,NA,NA
Poultry,2008-05-15,NA,NA,NA,NA,NA,NA
Poultry,2008-06-15,NA,NA,NA,NA,NA,NA
Poultry,2008-07-15,NA,NA,NA,NA,NA,NA
Poultry,2008-08-15,NA,NA,NA,NA,NA,NA
Poultry,2008-09-15,NA,NA,NA,NA,NA,NA
Poultry,2008-10-15,NA,NA,NA,NA,NA,NA
Poultry,2008-11-15,NA,NA,NA,NA,NA,NA
Poultry,2008-12-15,NA,NA,NA,NA,NA,NA
Poultry,2009-01-15,NA,NA,NA,NA,NA,NA
Poultry,2009-02-15,NA,NA,NA,NA,NA,NA
Poultry,2009-03-15,NA,NA,NA,NA,NA,NA
Poultry,2009-04-15,NA,NA,NA,NA,NA,NA
Poultry,2009-05-15,NA,NA,NA,NA,NA,NA
Poultry,2009-06-15,NA,NA,NA,NA,NA,NA
Poultry,2009-07-15,NA,NA,NA,NA,NA,NA
Poultry,2009-08-15,NA,NA,NA,NA,NA,NA
Poultry,2009-09-15,NA,NA,NA,NA,NA,NA
Poultry,2009-10-15,NA,NA,NA,NA,NA,NA
Poultry,2009-11-15,NA,NA,NA,NA,NA,NA
Poultry,2009-12-15,NA,NA,NA,NA,NA,NA
Poultry,2010-01-15,NA,NA,NA,NA,NA,NA
Poultry,2010-02-15,NA,NA,NA,NA,NA,NA
Poultry,2010-03-15,NA,NA,NA,NA,NA,NA
Poultry,2010-04-15,NA,NA,NA,NA,NA,NA
Poultry,2010-05-15,NA,NA,NA,NA,NA,NA
Poultry,2010-06-15,NA,NA,NA,NA,NA,NA
Poultry,2010-07-15,NA,NA,NA,NA,NA,NA
Poultry,2010-08-15,NA,NA,NA,NA,NA,NA
Poultry,2010-09-15,NA,NA,NA,NA,NA,NA
Poultry,2010-10-15,NA,NA,NA,NA,NA,NA
Poultry,2010-11-15,NA,NA,NA,NA,NA,NA
Poultry,2010-12-15,NA,NA,NA,NA,NA,NA
Poultry,2011-01-15,NA,NA,NA,NA,NA,NA
Poultry,2011-02-15,NA,NA,NA,NA,NA,NA
Poultry,2011-03-15,NA,NA,NA,NA,NA,NA
Poultry,2011-04-15,NA,NA,NA,NA,NA,NA
Poultry,2011-05-15,NA,NA,NA,NA,NA,NA
Poultry,2011-06-15,NA,NA,NA,NA,NA,NA
Poultry,2011-07-15,NA,NA,NA,NA,NA,NA
Poultry,2011-08-15,NA,NA,NA,NA,NA,NA
Poultry,2011-09-15,NA,NA,NA,NA,NA,NA
Poultry,2011-10-15,NA,NA,NA,NA,NA,NA
Poultry,2011-11-15,NA,NA,NA,NA,NA,NA
Poultry,2011-12-15,NA,NA,NA,NA,NA,NA
Poultry,2012-01-15,NA,NA,NA,NA,NA,NA
Poultry,2012-02-15,NA,NA,NA,NA,NA,NA
Poultry,2012-03-15,NA,NA,NA,NA,NA,NA
Poultry,2012-04-15,NA,NA,NA,NA,NA,NA
Poultry,2012-05-15,NA,NA,NA,NA,NA,NA
Poultry,2012-06-15,NA,NA,NA,NA,NA,NA
Poultry,2012-07-15,NA,NA,NA,NA,NA,NA
Poultry,2012-08-15,NA,NA,NA,NA,NA,NA
Poultry,2012-09-15,NA,NA,NA,NA,NA,NA
Poultry,2012-10-15,NA,NA,NA,NA,NA,NA
Poultry,2012-11-15,NA,NA,NA,NA,NA,NA
Poultry,2012-12-15,NA,NA,NA,NA,NA,NA
Poultry,2013-01-15,per kg,154.19,1.5825,4,NA,NA
Poultry,2013-02-15,per kg,151.35,1.545,4,-0.018418833906219567,NA
Poultry,2013-03-15,per kg,128.17,1.305,4,-0.15315493888338294,NA
Poultry,2013-04-15,per kg,133.23,1.358,5,0.03947881719591173,NA
Poultry,2013-05-15,per kg,142.752,1.45,5,0.07147038955190288,NA
Poultry,2013-06-15,NA,NA,NA,NA,NA,NA
Poultry,2013-07-15,per kg,165.758,1.6540000000000001,5,NA,NA
Poultry,2013-08-15,per kg,173.866,1.694,5,0.04891468285090306,NA
Poultry,2013-09-15,per kg,148.526,1.414,5,-0.14574442386665598,NA
Poultry,2013-10-15,NA,NA,NA,NA,NA,NA
Poultry,2013-11-15,NA,NA,NA,NA,NA,NA
Poultry,2013-12-15,NA,NA,NA,NA,NA,NA
Poultry,2014-01-15,per kg,186.13,1.77,4,NA,0.2071470263960049
Poultry,2014-02-15,per kg,165.9,1.5825,4,-0.10868747649492283,0.09613478691774047
Poultry,2014-03-15,per kg,167.056,1.684,5,0.006968053044002387,0.3033939299368029
Poultry,2014-04-15,per kg,169.766,1.772,5,0.016222105162340572,0.27423253021091343
Poultry,2014-05-15,per kg,167.666,1.7,5,-0.012369968073701387,0.1745264514682805
Poultry,2014-06-15,per kg,165.04,1.676,5,-0.015662090107714133,NA
Poultry,2014-07-15,per kg,168.302,1.708,5,0.019764905477460015,0.015347675526973026
Poultry,2014-08-15,per kg,159.842,1.6,5,-0.05026678233176063,-0.08065981848089909
Poultry,2014-09-15,per kg,134.546,1.308,5,-0.15825627807459874,-0.09412493435492786
Poultry,2014-10-15,per kg,133.09,1.296,5,-0.010821577750360412,NA
Poultry,2014-11-15,per kg,146.5275,1.4425,4,0.10096551205950854,NA
Poultry,2014-12-15,per kg,161.066,1.6059999999999999,5,0.09922028288205276,NA
Poultry,2015-01-15,per kg,130.455,1.3,4,-0.190052525051842,-0.29911889539569114
Poultry,2015-02-15,per kg,162.0625,1.6025,4,0.24228661224176906,-0.023131404460518423
Poultry,2015-03-15,per kg,130.455,1.2825,4,-0.1950327805630543,-0.21909419595824153
Poultry,2015-04-15,per kg,149.418,1.468,5,0.14536046912728517,-0.11985910017317947
Poultry,2015-05-15,per kg,176.63,1.736,5,0.18211995877337395,0.05346343325420766
Poultry,2015-06-15,per kg,188.88,1.856,5,0.06935401687142617,0.14444983034415904
Poultry,2015-07-15,per kg,190.464,1.87,5,0.008386277001270592,0.1316799562690878
Poultry,2015-08-15,per kg,156.868,1.542,5,-0.17639028897849462,-0.018605873299883724
Poultry,2015-09-15,per kg,131.53,1.262,5,-0.16152433893464568,-0.022416125340032345
Poultry,2015-10-15,per kg,121.61500000000001,1.1625,4,-0.07538204211966848,-0.08621985122849196
Poultry,2015-11-15,per kg,136.482,1.296,5,0.12224643341693042,-0.06855709679070487
Poultry,2015-12-15,per kg,147.074,1.404,5,0.07760730352720513,-0.0868712204934623
Poultry,2016-01-15,per kg,146.528,1.4000000000000001,5,-0.003712416878578262,0.12320723621172025
Poultry,2016-02-15,per kg,126.6175,1.21,4,-0.13588187923127315,-0.2187119166988044
Poultry,2016-03-15,per kg,155.872,1.49,5,0.23104626137777173,0.19483346747920738
Poultry,2016-04-15,per kg,186.852,1.788,5,0.19875282282898787,0.2505320644099105
Poultry,2016-05-15,per kg,172.696,1.652,5,-0.07576049493716952,-0.02227254713242366
Poultry,2016-06-15,per kg,162.084,1.55,5,-0.061449020243665164,-0.14186785260482837
Poultry,2016-07-15,per kg,148.628,1.42,5,-0.08301868167123228,-0.219653057795699
Poultry,2016-08-15,per kg,133.226,1.272,5,-0.10362784939580694,-0.1507127011245123
Poultry,2016-09-15,per kg,129.992,1.246,5,-0.02427454100550952,-0.011693149851744966
Poultry,2016-10-15,per kg,157.582,1.504,5,0.2122438303895624,0.2957447683262755
Poultry,2016-11-15,per kg,147.6525,1.41,4,-0.06301163838509471,0.08184595770870895
Poultry,2016-12-15,per kg,128.915,1.2325,4,-0.1269026938250284,-0.12346845805512885
Poultry,2017-01-15,per kg,123.77,1.182,5,-0.03991001822906559,-0.15531502511465378
Poultry,2017-02-15,per kg,133.77,1.2775,4,0.0807950230265817,0.05648903192686627
Poultry,2017-03-15,per kg,175.044,1.672,5,0.30854451670778205,0.12299835762677058
Poultry,2017-04-15,per kg,171.106,1.6320000000000001,5,-0.022497200703823106,-0.08426990345300034
Poultry,2017-05-15,per kg,159.652,1.524,5,-0.06694096057414711,-0.07553156992634458
Poultry,2017-06-15,per kg,156.73,1.496,5,-0.018302307518853533,-0.033032254880185685
Poultry,2017-07-15,per kg,153.86599999999999,1.464,5,-0.018273463918841326,0.035242350028258373
Poultry,2017-08-15,per kg,138.774,1.318,5,-0.09808534699023819,0.04164352303604413
Poultry,2017-09-15,per kg,121.902,1.1600000000000001,5,-0.1215789701240867,-0.06223459905224926
Poultry,2017-10-15,per kg,127.868,1.218,5,0.04894095256845654,-0.18856214542270056
Poultry,2017-11-15,per kg,132.0575,1.2550000000000001,4,0.0327642568899178,-0.10561961361981675
Poultry,2017-12-15,per kg,169.536,1.544,5,0.2838044033848892,0.3150990963037661
Poultry,2018-01-15,per kg,180.056,1.6300000000000001,5,0.06205171762929407,0.45476286660741705
Poultry,2018-02-15,per kg,163.86,1.4825,4,-0.08994979339760967,0.2249383269791434
Poultry,2018-03-15,per kg,168.872,1.53,5,0.030587086537287922,-0.03525970613102991
Poultry,2018-04-15,per kg,177.07,1.532,5,0.04854564403808781,0.034855586595443855
Poultry,2018-05-15,per kg,192.332,1.664,5,0.08619190150787825,0.20469521208628771
Poultry,2018-06-15,per kg,201.632,1.692,5,0.04835388806854812,0.2864926944426722
Poultry,2018-07-15,per kg,163.952,1.332,5,-0.18687509919060474,0.06555054397982674
Poultry,2018-08-15,per kg,129.462,1.054,5,-0.21036644871669763,-0.06710190669722005
Poultry,2018-09-15,per kg,120.212,0.974,5,-0.07144953731596904,-0.013863595347082036
Poultry,2018-10-15,per kg,158.224,1.198,5,0.3162080324759591,0.23740106985328624
Poultry,2018-11-15,per kg,189.966,1.418,5,0.20061431894023674,0.43850974007534593
Poultry,2018-12-15,per kg,177.336,1.278,5,-0.06648558163039697,0.04600792751981886
Poultry,2019-01-15,per kg,190.8575,1.375,4,0.07624791356520944,0.0599896698804816
Poultry,2019-02-15,per kg,155.77,1.124,5,-0.18384134760226856,-0.049371414622238485
Poultry,2019-03-15,per kg,184.298,1.328,5,0.18314181164537446,0.0913472926239991
Poultry,2019-04-15,per kg,198.284,1.4040000000000001,5,0.07588796405820997,0.1198057265488226
Poultry,2019-05-15,per kg,190.944,1.35,5,-0.03701761110326607,-0.00721668781066076
Poultry,2019-06-15,per kg,167.74,1.078,5,-0.12152254064018764,-0.1680883986668783
Poultry,2019-07-15,per kg,155.502,0.98,5,-0.07295814951710977,-0.05153947496828337
Poultry,2019-08-15,per kg,183.808,1.148,5,0.18202981312137445,0.41978341134850394
Poultry,2019-09-15,per kg,203.644,1.312,5,0.10791695682451263,0.694040528399827
Poultry,2019-10-15,per kg,169.26749999999998,1.085,4,-0.1688068393863803,0.06979661745373655
Poultry,2019-11-15,per kg,161.502,1.044,5,-0.04587708804111823,-0.14983733931335075
Poultry,2019-12-15,per kg,150.504,0.976,5,-0.06809822788572284,-0.1513059953985656
Poultry,2020-01-15,per kg,173.624,1.122,5,0.15361717960984422,-0.090295115465727
Poultry,2020-02-15,per kg,169.46,1.1,5,-0.02398285951250967,0.0878859857482186
Poultry,2020-03-15,per kg,154.67,0.986,5,-0.08727723356544326,-0.16076137559821602
Poultry,2020-04-15,per kg,141.882,0.856,5,-0.08267925260231446,-0.28445058602812123
Poultry,2020-05-15,per kg,212.96200000000002,1.342,5,0.5009796873458228,0.11531129545835439
Poultry,2020-06-15,per kg,204.61,1.246,5,-0.03921826429128206,0.2198044592822226
Poultry,2020-07-15,per kg,196.714,1.184,5,-0.03859048922340069,0.2650255302182607
Poultry,2020-08-15,per kg,140.412,0.84,5,-0.286212470896835,-0.23609418523676873
Poultry,2020-09-15,per kg,153.194,0.9239999999999999,5,0.09103210551804675,-0.24773624560507557
Poultry,2020-10-15,per kg,188.978,1.16,5,0.23358617178218477,0.11644586231851961
Poultry,2020-11-15,per kg,220.2475,1.395,4,0.16546635058049075,0.3637447214275984
Poultry,2020-12-15,per kg,221.505,1.3825,4,0.0057094859192499126,0.47175490352415883
Poultry,2021-01-15,per kg,185.485,1.16,4,-0.16261483939414456,0.06831428834723319
Poultry,2021-02-15,per kg,239.23000000000002,1.5050000000000001,4,0.28975388845459205,0.4117195798418507
Poultry,2021-03-15,per kg,260.7,1.664,5,0.08974626928060858,0.6855240188789036
Poultry,2021-04-15,per kg,265.634,1.74,5,0.01892596854622175,0.8722177584189679
Poultry,2021-05-15,per kg,309.52799999999996,2.0340000000000003,5,0.16524240119864153,0.45344239817432186
Poultry,2021-06-15,per kg,218.492,1.3980000000000001,5,-0.2941123258638959,0.06784614632715891
Poultry,2021-07-15,per kg,192.052,1.208,5,-0.12101129560807722,-0.023699380826987415
Poultry,2021-08-15,per kg,163.61,1.002,5,-0.14809530752087963,0.1652137993903655
Poultry,2021-09-15,per kg,217.252,1.284,5,0.32786504492390445,0.4181495358826066
Poultry,2021-10-15,per kg,261.26,1.528,5,0.20256660468027898,0.38248896696970003
Poultry,2021-11-15,per kg,257.824,1.48,5,-0.013151649697619172,0.17061033609916132
Poultry,2021-12-15,per kg,199.9425,1.125,4,-0.22450004654337852,-0.09734543238301618
Poultry,2022-01-15,per kg,190.6825,1.085,4,-0.04631331507808489,0.028021133784402963
Poultry,2022-02-15,per kg,224.935,1.28,4,0.17963106210585655,-0.05975421142833259
Poultry,2022-03-15,per kg,293.77,1.6400000000000001,5,0.30602173961366597,0.12685078634445723
Poultry,2022-04-15,per kg,279.21,1.538,5,-0.04956258297307414,0.051107915402395676
Poultry,2022-05-15,per kg,320.336,1.662,5,0.14729415135561053,0.03491768111447113
Poultry,2022-06-15,per kg,294.226,1.424,5,-0.08150816642525349,0.3466213865953902
Poultry,2022-07-15,per kg,289.22200000000004,1.372,5,-0.017007334497970872,0.5059567200549853
Poultry,2022-08-15,per kg,268.552,1.258,5,-0.0714675923684921,0.6414155613960026
Poultry,2022-09-15,per kg,306.342,1.3,5,0.14071762638148266,0.41007677719882896
Poultry,2022-10-15,per kg,295.774,1.35,5,-0.03449739180393152,0.1321059480976805
Poultry,2022-11-15,per kg,283.472,1.28,5,-0.041592567298004646,0.09947871416159848
Poultry,2022-12-15,per kg,315.136,1.404,5,0.11170062651690493,0.5761331382772548
Poultry,2023-01-15,per kg,385.71000000000004,1.685,4,0.22394775588952065,1.0227865692971303
Poultry,2023-02-15,per kg,439.2475,1.6525,4,0.13880246817557218,0.9527752461822303
Poultry,2023-03-15,per kg,400.88599999999997,1.4180000000000001,5,-0.08733458926914783,0.36462538720767945
Poultry,2023-04-15,per kg,395.388,1.3940000000000001,5,-0.013714622112021901,0.4160954120554421
Poultry,2023-05-15,per kg,434.998,1.532,5,0.10018007627950265,0.35794290994455813
Poultry,2023-06-15,per kg,459.158,1.6,5,0.05554048524361033,0.5605622888527866
Poultry,2023-07-15,per kg,437.704,1.58,5,-0.046724656871926507,0.5133841823927638
Poultry,2023-08-15,per kg,416.532,1.434,5,-0.04837058834280705,0.551029223390628
Poultry,2023-09-15,per kg,391.21,1.32,5,-0.06079244811923212,0.27703677589099773
Poultry,2023-10-15,per kg,352.3375,1.27,4,-0.09936479128856623,0.19123891890429845
Poultry,2023-11-15,per kg,363.728,1.264,5,0.032328378330436,0.2831179093525993
Poultry,2023-12-15,per kg,350.72,1.24,4,-0.03576298772709274,0.11291632818846464
Poultry,2024-01-15,per kg,442.524,1.578,5,0.26175866788321156,0.14729719219102422
Poultry,2024-02-15,per kg,463.6325,1.6625,4,0.04770023772721932,0.05551539849401532
Poultry,2024-03-15,per kg,433.64,1.556,5,-0.06469024496772768,0.081704025583333
Poultry,2024-04-15,per kg,484.250892,1.742,5,0.1167117701319067,0.22474858114055074
Poultry,2024-05-15,per kg,355.772,1.278,5,-0.2653147245002907,-0.18212957300953103
Poultry,2024-06-15,per kg,344.24,1.236,5,-0.03241401796656285,-0.2502798600917331
Poultry,2024-07-15,per kg,381.466,1.368,5,0.10813966999767599,-0.1284840897044578
Poultry,2024-08-15,per kg,458.536,1.6420000000000001,5,0.2020363544850654,0.10084219219651791
Poultry,2024-09-15,per kg,445.846,1.602,5,-0.027675035329832287,0.13965900667160858
Poultry,2024-10-15,per kg,439.90999999999997,1.585,4,-0.013314014256043616,0.24854720261113283
Poultry,2024-11-15,per kg,366.175,1.3175,4,-0.16761383010161157,0.006727554656226653
Poultry,2024-12-15,per kg,341.6025,1.2275,4,-0.06710589199153405,-0.025996521441605802
Poultry,2025-01-15,per kg,448.55400000000003,1.61,5,0.31308757986255964,0.01362637958619195
Poultry,2025-02-15,per kg,463.7425,1.6600000000000001,4,0.033861028995394005,2.3725687910136628e-4
Poultry,2025-03-15,per kg,501.054,1.79,5,0.08045736588731889,0.1554607508532424
Poultry,2025-04-15,per kg,466.654,1.6620000000000001,5,-0.06865527468097243,-0.03633837808191387
Poultry,2025-05-15,per kg,461.25600000000003,1.6380000000000001,5,-0.011567456830971046,0.29649325972814067
Poultry,2025-06-15,per kg,348.06,1.23,5,-0.24540818981216506,0.011096909133162969
Poultry,2025-07-15,per kg,410.944,1.444,5,0.18066999942538642,0.07727556322188622
Poultry,2025-08-15,per kg,449.314,1.59,5,0.09337038623267402,-0.020111834185320143
Poultry,2025-09-15,per kg,419.62,1.48,4,-0.06608741325665346,-0.058823001664251806
Poultry,2025-10-15,per kg,324.10249999999996,1.1475,4,-0.2276285687050189,-0.26325271078175083
Poultry,2025-11-15,per kg,355.4,1.26,5,0.09656667258043372,-0.02942582098723301
Poultry,2025-12-15,per kg,384.7,1.372,5,0.08244231851435013,0.12616271836418047
Poultry,2026-01-15,per kg,407.75,1.4575,4,0.059916818299974084,-0.09096786563044812
Poultry,2026-02-15,per kg,360.25,1.2875,4,-0.11649294911097485,-0.22316802967163896
Poultry,2026-03-15,per kg,404.6,1.448,5,0.12310895211658579,-0.19250220535111973
Poultry,2026-04-15,per kg,423.8,1.518,5,0.04745427582797812,-0.09183249259622761
Poultry,2026-05-15,per kg,402.2,1.444,5,-0.05096743747050503,-0.1280330228766673
"Rice (basmati, broken)",2004-01-15,per kg,18.59,0.3275,4,NA,NA
"Rice (basmati, broken)",2004-02-15,per kg,18.754,0.326,5,0.008821947283485843,NA
"Rice (basmati, broken)",2004-03-15,per kg,18.655,0.325,4,-0.005278873840247389,NA
"Rice (basmati, broken)",2004-04-15,per kg,19.15,0.336,5,0.026534441168587275,NA
"Rice (basmati, broken)",2004-05-15,per kg,19.03,0.3275,4,-0.0062663185378588615,NA
"Rice (basmati, broken)",2004-06-15,per kg,19.198,0.332,5,0.008828166053599595,NA
"Rice (basmati, broken)",2004-07-15,per kg,19.674,0.338,5,0.024794249400979185,NA
"Rice (basmati, broken)",2004-08-15,per kg,20.288,0.344,5,0.031208701839991804,NA
"Rice (basmati, broken)",2004-09-15,per kg,20.9425,0.355,4,0.03226044952681373,NA
"Rice (basmati, broken)",2004-10-15,per kg,20.9425,0.3525,4,0,NA
"Rice (basmati, broken)",2004-11-15,per kg,20.28,0.34199999999999997,5,-0.031634236600214805,NA
"Rice (basmati, broken)",2004-12-15,per kg,20.018,0.338,5,-0.012919132149901369,NA
"Rice (basmati, broken)",2005-01-15,per kg,20.268,0.342,5,0.012488760115895614,0.09026358257127498
"Rice (basmati, broken)",2005-02-15,per kg,20.684,0.35000000000000003,5,0.020524965462798583,0.10291137890583335
"Rice (basmati, broken)",2005-03-15,per kg,21.13,0.35800000000000004,5,0.021562560433185052,0.13267220584293749
"Rice (basmati, broken)",2005-04-15,per kg,21.13,0.35800000000000004,5,0,0.10339425587467366
"Rice (basmati, broken)",2005-05-15,per kg,21.13,0.35800000000000004,5,0,0.11035207566999472
"Rice (basmati, broken)",2005-06-15,per kg,20.686,0.34800000000000003,5,-0.02101277804070034,0.07750807375768298
"Rice (basmati, broken)",2005-07-15,per kg,20.8025,0.35,4,0.0056318282896643534,0.05735996746975691
"Rice (basmati, broken)",2005-08-15,per kg,20.846,0.35,5,0.002091094820334094,0.027503943217665583
"Rice (basmati, broken)",2005-09-15,per kg,20.846,0.346,5,0,-0.004607854840634973
"Rice (basmati, broken)",2005-10-15,per kg,19.636,0.328,5,-0.05804470881703927,-0.062385102065178444
"Rice (basmati, broken)",2005-11-15,per kg,20.206,0.338,5,0.02902831533917305,-0.0036489151873767556
"Rice (basmati, broken)",2005-12-15,per kg,20.478,0.342,5,0.013461348114421456,0.02297931861324809
"Rice (basmati, broken)",2006-01-15,per kg,20.6575,0.3425,4,0.008765504443793315,0.01921748569173065
"Rice (basmati, broken)",2006-02-15,per kg,20.6575,0.3425,4,0,-0.0012811835234964875
"Rice (basmati, broken)",2006-03-15,per kg,20.6575,0.3425,4,0,-0.022361571225745447
"Rice (basmati, broken)",2006-04-15,per kg,20.426,0.34,5,-0.011206583565291028,-0.03331755797444391
"Rice (basmati, broken)",2006-05-15,per kg,20.5325,0.3425,4,0.005213943013806066,-0.02827733080927597
"Rice (basmati, broken)",2006-06-15,per kg,20.316,0.336,5,-0.010544259101424536,-0.017886493280479643
"Rice (basmati, broken)",2006-07-15,per kg,20.464,0.34,5,0.007284898602087031,-0.016272082682369904
"Rice (basmati, broken)",2006-08-15,per kg,20.7325,0.34500000000000003,4,0.013120602032838269,-0.005444689628705701
"Rice (basmati, broken)",2006-09-15,per kg,20.82,0.34750000000000003,4,0.004220426866031524,-0.0012472416770603623
"Rice (basmati, broken)",2006-10-15,per kg,20.7025,0.33999999999999997,4,-0.005643611911623436,0.05431350580566319
"Rice (basmati, broken)",2006-11-15,per kg,20.778,0.342,5,0.003646902548001263,0.02830842324062166
"Rice (basmati, broken)",2006-12-15,per kg,21.036,0.34600000000000003,5,0.0124169794975455,0.027248754761207028
"Rice (basmati, broken)",2007-01-15,per kg,21.566,0.354,5,0.025194903974139482,0.043979184315623865
"Rice (basmati, broken)",2007-02-15,per kg,24.076,0.39799999999999996,5,0.11638690531392015,0.16548469079027006
"Rice (basmati, broken)",2007-03-15,per kg,26.462,0.438,5,0.09910284100348887,0.28098753479365857
"Rice (basmati, broken)",2007-04-15,per kg,27.012,0.444,5,0.02078452120021157,0.32243219426221503
"Rice (basmati, broken)",2007-05-15,per kg,31.936,0.526,5,0.18228935288020143,0.5553877998295387
"Rice (basmati, broken)",2007-06-15,per kg,33.226,0.546,5,0.040393286573146225,0.6354597361685372
"Rice (basmati, broken)",2007-07-15,per kg,33.266,0.552,5,0.0012038764822728254,0.6255863956215795
"Rice (basmati, broken)",2007-08-15,per kg,33.066,0.546,5,-0.006012144531954422,0.5948872543108645
"Rice (basmati, broken)",2007-09-15,per kg,33.316,0.548,5,0.007560636303151291,0.6001921229586937
"Rice (basmati, broken)",2007-10-15,per kg,33.608,0.556,5,0.008764557569936215,0.6233788189832143
"Rice (basmati, broken)",2007-11-15,per kg,34.2,0.556,5,0.017614853606284342,0.6459717008374244
"Rice (basmati, broken)",2007-12-15,per kg,35.296,0.5800000000000001,5,0.03204678362573099,0.6778855295683588
"Rice (basmati, broken)",2008-01-15,per kg,36.16,0.5800000000000001,4,0.024478694469628248,0.6767133450802187
"Rice (basmati, broken)",2008-02-15,per kg,37.418,0.594,5,0.034789823008849696,0.5541618209004817
"Rice (basmati, broken)",2008-03-15,per kg,40.4725,0.6475,4,0.08163183494574788,0.5294573350464817
"Rice (basmati, broken)",2008-04-15,per kg,48.934,0.772,5,0.20906788560133438,0.811565230268029
"Rice (basmati, broken)",2008-05-15,per kg,55.978,0.8180000000000001,5,0.14394899252053794,0.7528181362725452
"Rice (basmati, broken)",2008-06-15,per kg,55.728,0.838,5,-0.00446604023009034,0.6772407151026305
"Rice (basmati, broken)",2008-07-15,per kg,54.44,0.78,4,-0.023112259546368086,0.636505741598028
"Rice (basmati, broken)",2008-08-15,per kg,55.184,0.726,5,0.01366642174871413,0.6689046150123992
"Rice (basmati, broken)",2008-09-15,per kg,53.6625,0.7050000000000001,4,-0.0275713975065236,0.6107125705366789
"Rice (basmati, broken)",2008-10-15,per kg,50.375,0.63,4,-0.061262520382017294,0.49889907164960734
"Rice (basmati, broken)",2008-11-15,per kg,50.614,0.638,5,0.004744416873449175,0.4799415204678361
"Rice (basmati, broken)",2008-12-15,per kg,49.036,0.62,5,-0.03117714466353172,0.3892792384406165
"Rice (basmati, broken)",2009-01-15,per kg,48.475,0.615,4,-0.011440574271963433,0.3405696902654869
"Rice (basmati, broken)",2009-02-15,per kg,47.226,0.596,5,-0.02576585869004644,0.2621198353733498
"Rice (basmati, broken)",2009-03-15,per kg,46.606,0.584,5,-0.013128361495786112,0.15154734696398808
"Rice (basmati, broken)",2009-04-15,per kg,46.197500000000005,0.575,4,-0.008764965884220821,-0.05592226263947342
"Rice (basmati, broken)",2009-05-15,per kg,45.228,0.56,5,-0.02098598409004826,-0.19203972989388685
"Rice (basmati, broken)",2009-06-15,per kg,45.628,0.568,5,0.008844078889183704,-0.18123743898937694
"Rice (basmati, broken)",2009-07-15,per kg,46.074,0.562,5,0.009774699745770166,-0.1536737692872887
"Rice (basmati, broken)",2009-08-15,per kg,46.154,0.562,5,0.001736337196683646,-0.1636343867787764
"Rice (basmati, broken)",2009-09-15,per kg,44.71,0.545,4,-0.03128656237812544,-0.16682972280456554
"Rice (basmati, broken)",2009-10-15,per kg,45.49,0.5475,4,0.017445761574591767,-0.09697270471464015
"Rice (basmati, broken)",2009-11-15,per kg,46.034,0.554,5,0.011958672235656165,-0.09048879756589079
"Rice (basmati, broken)",2009-12-15,per kg,45.102000000000004,0.534,5,-0.020245905200503844,-0.08022677216738716
"Rice (basmati, broken)",2010-01-15,per kg,47.307500000000005,0.56,4,0.0489002704979824,-0.024084579680247464
"Rice (basmati, broken)",2010-02-15,per kg,47.6425,0.5625,4,0.007081329598900732,0.00881929445644336
"Rice (basmati, broken)",2010-03-15,per kg,47.485,0.5625,4,-0.003305871858109821,0.018860232588078674
"Rice (basmati, broken)",2010-04-15,per kg,47.7,0.5725,4,0.004527745603875033,0.03252340494615513
"Rice (basmati, broken)",2010-05-15,per kg,47.1725,0.5575,4,-0.011058700209643724,0.042993278500044196
"Rice (basmati, broken)",2010-06-15,per kg,45.396,0.534,5,-0.03765965339975619,-0.005084597177171912
"Rice (basmati, broken)",2010-07-15,per kg,45.396,0.53,5,0,-0.014715457741893423
"Rice (basmati, broken)",2010-08-15,per kg,45.896,0.536,5,0.011014186271918192,-0.005589981366728836
"Rice (basmati, broken)",2010-09-15,per kg,46.928,0.548,5,0.022485619661844147,0.04960858868262119
"Rice (basmati, broken)",2010-10-15,per kg,48.1125,0.56,4,0.025240794408455614,0.05765003297427995
"Rice (basmati, broken)",2010-11-15,per kg,49.45,0.578,5,0.02779942842296723,0.07420602163618195
"Rice (basmati, broken)",2010-12-15,per kg,50.334,0.588,5,0.017876643073811982,0.1160037248902488
"Rice (basmati, broken)",2011-01-15,per kg,53.13,0.622,5,0.05554893312671361,0.12307773608835793
"Rice (basmati, broken)",2011-02-15,per kg,53.202,0.624,5,0.0013551665725577422,0.11669202917563104
"Rice (basmati, broken)",2011-03-15,per kg,52.56,0.616,5,-0.012067215518213548,0.10687585553332646
"Rice (basmati, broken)",2011-04-15,per kg,53.044000000000004,0.63,5,0.00920852359208535,0.11203354297693924
"Rice (basmati, broken)",2011-05-15,per kg,53.9375,0.63,4,0.016844506447477592,0.14340982563993854
"Rice (basmati, broken)",2011-06-15,per kg,53.71,0.626,5,-0.004217844727694042,0.18314388932945636
"Rice (basmati, broken)",2011-07-15,per kg,55.396,0.646,5,0.03139080245764281,0.22028372543836472
"Rice (basmati, broken)",2011-08-15,per kg,56.485,0.6525,4,0.019658459094519465,0.23071727383649998
"Rice (basmati, broken)",2011-09-15,per kg,58.567499999999995,0.6675,4,0.03686819509604322,0.24802889532901462
"Rice (basmati, broken)",2011-10-15,per kg,59.402,0.688,5,0.014248516668801114,0.23464796050922332
"Rice (basmati, broken)",2011-11-15,per kg,60.25,0.694,5,0.014275613615703175,0.21840242669362997
"Rice (basmati, broken)",2011-12-15,per kg,60.638,0.676,5,0.00643983402489634,0.2047125203639686
"Rice (basmati, broken)",2012-01-15,per kg,61.202,0.68,5,0.009301098321184753,0.15192923019009963
"Rice (basmati, broken)",2012-02-15,per kg,61.69,0.68,5,0.007973595634129582,0.1595428743280327
"Rice (basmati, broken)",2012-03-15,per kg,63.582,0.702,5,0.03066947641432982,0.20970319634703194
"Rice (basmati, broken)",2012-04-15,per kg,65.78999999999999,0.726,5,0.03472680947437934,0.24029107910413972
"Rice (basmati, broken)",2012-05-15,per kg,67.186,0.74,5,0.021219030247758175,0.24562688296639634
"Rice (basmati, broken)",2012-06-15,per kg,68.908,0.73,5,0.025630339654094447,0.2829640662818842
"Rice (basmati, broken)",2012-07-15,per kg,67.83250000000001,0.72,4,-0.015607766877575813,0.22450176908080022
"Rice (basmati, broken)",2012-08-15,per kg,69.02,0.73,5,0.017506357571960063,0.22191732318314594
"Rice (basmati, broken)",2012-09-15,per kg,70.492,0.746,5,0.021327151550275314,0.2036026806676059
"Rice (basmati, broken)",2012-10-15,per kg,71.566,0.752,5,0.015235771435056389,0.20477425002525163
"Rice (basmati, broken)",2012-11-15,per kg,72.19800000000001,0.752,5,0.008831009138417834,0.19830705394190873
"Rice (basmati, broken)",2012-12-15,per kg,72.232,0.74,5,4.7092717249763716e-4,0.1912002374748507
"Rice (basmati, broken)",2013-01-15,per kg,72.69200000000001,0.746,5,0.006368368590098594,0.18773896277899427
"Rice (basmati, broken)",2013-02-15,per kg,73.2,0.748,5,0.006988389368843828,0.18657805154806306
"Rice (basmati, broken)",2013-03-15,per kg,74.68,0.762,5,0.020218579234972722,0.17454625522946765
"Rice (basmati, broken)",2013-04-15,per kg,75.26,0.766,5,0.00776647027316546,0.1439428484572125
"Rice (basmati, broken)",2013-05-15,per kg,76.905,0.7825,4,0.021857560457082092,0.14465811329741296
"Rice (basmati, broken)",2013-06-15,per kg,77.696,0.79,5,0.010285417073012226,0.1275323619898996
"Rice (basmati, broken)",2013-07-15,per kg,79.1,0.7875,4,0.01807042833607908,0.16610769174068452
"Rice (basmati, broken)",2013-08-15,per kg,79.5425,0.7775,4,0.005594184576485528,0.15245580991017116
"Rice (basmati, broken)",2013-09-15,per kg,80.20750000000001,0.765,4,0.008360310525819648,0.1378241502581854
"Rice (basmati, broken)",2013-10-15,per kg,79.83200000000001,0.752,5,-0.004681607081632011,0.11550177458569721
"Rice (basmati, broken)",2013-11-15,per kg,79.83200000000001,0.742,5,0,0.1057370010249592
"Rice (basmati, broken)",2013-12-15,per kg,79.83200000000001,0.746,5,0,0.10521652453206354
"Rice (basmati, broken)",2014-01-15,per kg,79.83200000000001,0.758,5,0,0.09822263797941999
"Rice (basmati, broken)",2014-02-15,per kg,79.83200000000001,0.762,5,0,0.0906010928961749
"Rice (basmati, broken)",2014-03-15,per kg,79.83200000000001,0.804,5,0,0.0689876807712908
"Rice (basmati, broken)",2014-04-15,per kg,79.83200000000001,0.834,5,0,0.06074940207281432
"Rice (basmati, broken)",2014-05-15,per kg,79.9675,0.8150000000000001,4,0.001697314360156188,0.03982185813666206
"Rice (basmati, broken)",2014-06-15,per kg,79.458,0.808,5,-0.00637133835620729,0.022678130148270137
"Rice (basmati, broken)",2014-07-15,per kg,79.666,0.808,5,0.002617735155679757,0.00715549936788884
"Rice (basmati, broken)",2014-08-15,per kg,79.416,0.796,5,-0.0031381015740717944,-0.0015903447842349205
"Rice (basmati, broken)",2014-09-15,per kg,80.20750000000001,0.7775,4,0.009966505490077715,0
"Rice (basmati, broken)",2014-10-15,per kg,80.33200000000001,0.78,5,0.0015522239192096166,0.006263152620503032
"Rice (basmati, broken)",2014-11-15,per kg,80.22800000000001,0.79,5,-0.0012946272967185868,0.004960416875438467
"Rice (basmati, broken)",2014-12-15,per kg,78.642,0.784,5,-0.019768659320935522,-0.014906303236797425
"Rice (basmati, broken)",2015-01-15,per kg,76.898,0.766,5,-0.022176445156532165,-0.036752179577112076
"Rice (basmati, broken)",2015-02-15,per kg,77.088,0.762,5,0.0024708054825872683,-0.03437218158132094
"Rice (basmati, broken)",2015-03-15,per kg,76.898,0.756,5,-0.00246471564964712,-0.036752179577112076
"Rice (basmati, broken)",2015-04-15,per kg,74.172,0.728,5,-0.03544955655543702,-0.07089888766409469
"Rice (basmati, broken)",2015-05-15,per kg,72.996,0.718,5,-0.015855039637599155,-0.08717916653640545
"Rice (basmati, broken)",2015-06-15,per kg,72.818,0.716,5,-0.0024384897802618433,-0.0835661607390068
"Rice (basmati, broken)",2015-07-15,per kg,72.64,0.716,5,-0.0024444505479414014,-0.08819320663771235
"Rice (basmati, broken)",2015-08-15,per kg,72.64,0.716,5,0,-0.0853228568550417
"Rice (basmati, broken)",2015-09-15,per kg,72.64,0.696,5,0,-0.09434903219773727
"Rice (basmati, broken)",2015-10-15,per kg,71.24,0.682,5,-0.01927312775330403,-0.11318030174774696
"Rice (basmati, broken)",2015-11-15,per kg,67.336,0.638,5,-0.054800673778775955,-0.16069202772099522
"Rice (basmati, broken)",2015-12-15,per kg,65.718,0.624,5,-0.024028751336580667,-0.16433966582742032
"Rice (basmati, broken)",2016-01-15,per kg,69.7475,0.6625,4,0.06131501262972083,-0.09298681370126649
"Rice (basmati, broken)",2016-02-15,per kg,68.16,0.6525,4,-0.022760672425535033,-0.11581569115815693
"Rice (basmati, broken)",2016-03-15,per kg,65.1325,0.6225,4,-0.04441754694835687,-0.15300137844937456
"Rice (basmati, broken)",2016-04-15,per kg,65.705,0.63,4,0.00878977469005493,-0.11415358895540095
"Rice (basmati, broken)",2016-05-15,per kg,65.72749999999999,0.63,4,3.4243969256508855e-4,-0.09957394925749363
"Rice (basmati, broken)",2016-06-15,per kg,64.118,0.614,5,-0.02448746719409678,-0.11947595374769981
"Rice (basmati, broken)",2016-07-15,per kg,64.684,0.618,5,0.008827474344177855,-0.10952643171806176
"Rice (basmati, broken)",2016-08-15,per kg,66.1625,0.6325000000000001,4,0.02285727536948845,-0.08917263215859039
"Rice (basmati, broken)",2016-09-15,per kg,66.035,0.6325000000000001,4,-0.001927073493293019,-0.09092786343612336
"Rice (basmati, broken)",2016-10-15,per kg,65.626,0.628,5,-0.006193685166956842,-0.07880404267265573
"Rice (basmati, broken)",2016-11-15,per kg,65.626,0.624,5,0,-0.025395033860045046
"Rice (basmati, broken)",2016-12-15,per kg,65.96000000000001,0.628,5,0.005089446256057117,0.0036824005599684906
"Rice (basmati, broken)",2017-01-15,per kg,67.46000000000001,0.645,4,0.0227410551849605,-0.032796874439943946
"Rice (basmati, broken)",2017-02-15,per kg,68.176,0.648,5,0.010613697005632972,2.3474178403759538e-4
"Rice (basmati, broken)",2017-03-15,per kg,69.408,0.664,5,0.01807087538136587,0.06564311211760665
"Rice (basmati, broken)",2017-04-15,per kg,71.654,0.682,5,0.03235938220378043,0.09054105471425311
"Rice (basmati, broken)",2017-05-15,per kg,74.6725,0.715,4,0.04212605018561422,0.13609219885131818
"Rice (basmati, broken)",2017-06-15,per kg,75.54599999999999,0.72,5,0.01169774682781477,0.1782338812813875
"Rice (basmati, broken)",2017-07-15,per kg,77.25999999999999,0.7375,4,0.022688163503031156,0.19442211366025597
"Rice (basmati, broken)",2017-08-15,per kg,79.0325,0.75,4,0.022942013978773046,0.19452106555828452
"Rice (basmati, broken)",2017-09-15,per kg,79.4075,0.7575,4,0.004744883434030234,0.20250624668736283
"Rice (basmati, broken)",2017-10-15,per kg,78.902,0.752,5,-0.006365897427824785,0.20229786974674657
"Rice (basmati, broken)",2017-11-15,per kg,79.55,0.758,5,0.00821271957618297,0.21217200499801891
"Rice (basmati, broken)",2017-12-15,per kg,79.742,0.726,5,0.0024135763670647403,0.20894481503941775
"Rice (basmati, broken)",2018-01-15,per kg,84.355,0.7625,4,0.057849063228913256,0.2504447079750962
"Rice (basmati, broken)",2018-02-15,per kg,82.622,0.748,5,-0.020544128978720932,0.2118927481811781
"Rice (basmati, broken)",2018-03-15,per kg,82.926,0.748,5,0.003679407421752101,0.19476141078838172
"Rice (basmati, broken)",2018-04-15,per kg,83.006,0.72,5,9.647155295082754e-4,0.15842800122812406
"Rice (basmati, broken)",2018-05-15,per kg,85.065,0.7375,4,0.0248054357516323,0.13917439485754457
"Rice (basmati, broken)",2018-06-15,per kg,82.532,0.692,5,-0.02977722917768766,0.09247345987874933
"Rice (basmati, broken)",2018-07-15,per kg,82.04599999999999,0.668,5,-0.005888625018174776,0.061946673569764465
"Rice (basmati, broken)",2018-08-15,per kg,82.45,0.67,5,0.00492406698681247,0.043241704362129596
"Rice (basmati, broken)",2018-09-15,per kg,82.5925,0.6699999999999999,4,0.001728320194056998,0.04010956143941069
"Rice (basmati, broken)",2018-10-15,per kg,83.136,0.628,5,0.006580500650785526,0.05366150414438153
"Rice (basmati, broken)",2018-11-15,per kg,83.494,0.624,5,0.004306197074672946,0.04957888120678833
"Rice (basmati, broken)",2018-12-15,per kg,83.03999999999999,0.598,5,-0.005437516468249304,0.04135838077800891
"Rice (basmati, broken)",2019-01-15,per kg,87.55250000000001,0.6325000000000001,4,0.05434128131021221,0.03790528125185233
"Rice (basmati, broken)",2019-02-15,per kg,88.0625,0.635,4,0.005825076382741656,0.06584807920408609
"Rice (basmati, broken)",2019-03-15,per kg,88.14,0.635,4,8.800567778566304e-4,0.06287533463569939
"Rice (basmati, broken)",2019-04-15,per kg,85.994,0.61,5,-0.024347628772407592,0.03599739777847377
"Rice (basmati, broken)",2019-05-15,per kg,90.025,0.6375,4,0.04687536339744636,0.058308352436372335
"Rice (basmati, broken)",2019-06-15,per kg,87.638,0.5640000000000001,5,-0.02651485698417111,0.06186691222798446
"Rice (basmati, broken)",2019-07-15,per kg,91.15599999999999,0.5740000000000001,5,0.040142403980008456,0.1110352728956927
"Rice (basmati, broken)",2019-08-15,per kg,88.865,0.5575,4,-0.025132739479573396,0.07780473013947842
"Rice (basmati, broken)",2019-09-15,per kg,89.015,0.575,4,0.0016879536375402626,0.07776129793867481
"Rice (basmati, broken)",2019-10-15,per kg,88.438,0.568,5,-0.006482053586474135,0.0637750192455735
"Rice (basmati, broken)",2019-11-15,per kg,88.968,0.574,5,0.005992898980076378,0.06556159724052035
"Rice (basmati, broken)",2019-12-15,per kg,90.44800000000001,0.586,5,0.016635194676737797,0.0892100192678229
"Rice (basmati, broken)",2020-01-15,per kg,93.905,0.6074999999999999,4,0.03822085618255788,0.07255646612032773
"Rice (basmati, broken)",2020-02-15,per kg,94.8275,0.615,4,0.009823758053351783,0.07682044002838895
"Rice (basmati, broken)",2020-03-15,per kg,91.32600000000001,0.582,5,-0.03692494265903867,0.03614703880190606
"Rice (basmati, broken)",2020-04-15,per kg,91.402,0.55,5,8.321836059828058e-4,0.06288810847268422
"Rice (basmati, broken)",2020-05-15,per kg,91.66,0.576,5,0.0028226953458347914,0.018161621771729974
"Rice (basmati, broken)",2020-06-15,per kg,92.358,0.5640000000000001,5,0.007615099279947746,0.05385791551610031
"Rice (basmati, broken)",2020-07-15,per kg,93.394,0.56,5,0.011217219948461477,0.024551318618631912
"Rice (basmati, broken)",2020-08-15,per kg,95.0125,0.5675,4,0.017329807053986235,0.06917796657851816
"Rice (basmati, broken)",2020-09-15,per kg,95.3225,0.575,4,0.003262728588343755,0.07085884401505371
"Rice (basmati, broken)",2020-10-15,per kg,94.31400000000001,0.578,5,-0.010579873587033495,0.06644202718288517
"Rice (basmati, broken)",2020-11-15,per kg,90.994,0.576,5,-0.03520156074389813,0.02277223271288542
"Rice (basmati, broken)",2020-12-15,per kg,90.994,0.57,5,0,0.006036617725101667
"Rice (basmati, broken)",2021-01-15,per kg,94.7225,0.5925,4,0.04097522913598706,0.00870560673020604
"Rice (basmati, broken)",2021-02-15,per kg,93.3,0.586,5,-0.015017551268178053,-0.016108196461996793
"Rice (basmati, broken)",2021-03-15,per kg,98.0975,0.6275,4,0.05142015005359046,0.07414646431465277
"Rice (basmati, broken)",2021-04-15,per kg,97.18,0.635,4,-0.009352939677361727,0.06321524693113934
"Rice (basmati, broken)",2021-05-15,per kg,97.3625,0.64,4,0.0018779584276598094,0.06221361553567539
"Rice (basmati, broken)",2021-06-15,per kg,97.094,0.622,5,-0.0027577352676851907,0.05127871976439491
"Rice (basmati, broken)",2021-07-15,per kg,101.72,0.64,4,0.0476445506416463,0.08914919587982095
"Rice (basmati, broken)",2021-08-15,per kg,102.2675,0.625,4,0.0053824223358238665,0.07635837389817124
"Rice (basmati, broken)",2021-09-15,per kg,102.7875,0.6074999999999999,4,0.005084704329332279,0.07831309501953876
"Rice (basmati, broken)",2021-10-15,per kg,101.71600000000001,0.594,5,-0.010424419311686584,0.07848251585130517
"Rice (basmati, broken)",2021-11-15,per kg,102.298,0.588,5,0.005721813677297405,0.12422797107501604
"Rice (basmati, broken)",2021-12-15,per kg,104.934,0.59,5,0.025767854699016546,0.15319691408224712
"Rice (basmati, broken)",2022-01-15,per kg,107.918,0.614,5,0.028436922255894226,0.1393069228535988
"Rice (basmati, broken)",2022-02-15,per kg,113.735,0.645,4,0.05390203673159233,0.2190246516613077
"Rice (basmati, broken)",2022-03-15,per kg,114.0325,0.635,4,0.002615729546753487,0.16244042916486157
"Rice (basmati, broken)",2022-04-15,per kg,109.518,0.602,5,-0.03958959068686552,0.1269602798929821
"Rice (basmati, broken)",2022-05-15,per kg,116.34,0.605,4,0.06229113022516852,0.19491590704840167
"Rice (basmati, broken)",2022-06-15,per kg,125.71199999999999,0.608,5,0.08055698813821555,0.2947452983706511
"Rice (basmati, broken)",2022-07-15,per kg,128.62800000000001,0.612,5,0.023195876288659933,0.2645300825796306
"Rice (basmati, broken)",2022-08-15,per kg,129.772,0.606,5,0.008893864477407476,0.26894663505023586
"Rice (basmati, broken)",2022-09-15,per kg,132.764,0.562,5,0.023055820978331365,0.2916356560865865
"Rice (basmati, broken)",2022-10-15,per kg,134.848,0.616,5,0.015697026302310846,0.32573046521687843
"Rice (basmati, broken)",2022-11-15,per kg,135.78,0.612,5,0.006911485524442318,0.3272986764159611
"Rice (basmati, broken)",2022-12-15,per kg,141.882,0.632,5,0.04494034467520991,0.35210703871004645
"Rice (basmati, broken)",2023-01-15,per kg,165.076,0.722,5,0.16347387265474111,0.529642876999203
"Rice (basmati, broken)",2023-02-15,per kg,184.025,0.6925,4,0.11478955147931869,0.6180155624917572
"Rice (basmati, broken)",2023-03-15,per kg,199.92000000000002,0.7075,4,0.08637413394919169,0.7531843991844431
"Rice (basmati, broken)",2023-04-15,per kg,211.07,0.7424999999999999,4,0.055772308923569325,0.9272630983034751
"Rice (basmati, broken)",2023-05-15,per kg,222.89,0.7825,4,0.056000379021177826,0.9158500945504553
"Rice (basmati, broken)",2023-06-15,per kg,228.58,0.796,5,0.025528287496074498,0.8182830596919946
"Rice (basmati, broken)",2023-07-15,per kg,236.322,0.854,5,0.033869979875754685,0.8372516092919113
"Rice (basmati, broken)",2023-08-15,per kg,239.70600000000002,0.826,5,0.014319445502323225,0.8471318928582439
"Rice (basmati, broken)",2023-09-15,per kg,244.606,0.8240000000000001,5,0.020441707758670935,0.8424120996655717
"Rice (basmati, broken)",2023-10-15,per kg,243.318,0.878,5,-0.005265610819031319,0.8043871618414806
"Rice (basmati, broken)",2023-11-15,per kg,242.274,0.844,5,-0.004290681330604396,0.784312859036677
"Rice (basmati, broken)",2023-12-15,per kg,238.554,0.842,5,-0.015354515961267023,0.6813549287436038
"Rice (basmati, broken)",2024-01-15,per kg,241.9775,0.865,4,0.014351048399942945,0.4658551212774722
"Rice (basmati, broken)",2024-02-15,per kg,243.97500000000002,0.875,4,0.008254899732413223,0.3257709550332837
"Rice (basmati, broken)",2024-03-15,per kg,241.314,0.866,5,-0.010906855210574995,0.20705282112845125
"Rice (basmati, broken)",2024-04-15,per kg,241.094,0.87,5,-9.116752447019261e-4,0.1422466480314588
"Rice (basmati, broken)",2024-05-15,per kg,235.332,0.844,5,-0.02389939193841406,0.05582125712234731
"Rice (basmati, broken)",2024-06-15,per kg,229.68,0.826,5,-0.024017133241548083,0.004812319538017196
"Rice (basmati, broken)",2024-07-15,per kg,232.5875,0.835,4,0.01265891675374431,-0.015802591379558417
"Rice (basmati, broken)",2024-08-15,per kg,233.8875,0.8374999999999999,4,0.005589294351588059,-0.02427348501914861
"Rice (basmati, broken)",2024-09-15,per kg,238.02,0.855,4,0.017668751002084537,-0.02692493234017146
"Rice (basmati, broken)",2024-10-15,per kg,230.89,0.834,5,-0.029955465927233083,-0.051077191165470825
"Rice (basmati, broken)",2024-11-15,per kg,225.334,0.8119999999999999,5,-0.024063406817098953,-0.06992083343652222
"Rice (basmati, broken)",2024-12-15,per kg,220.616,0.792,5,-0.020937807876308057,-0.07519471482347806
"Rice (basmati, broken)",2025-01-15,per kg,230.88500000000002,0.8274999999999999,4,0.04654694129165615,-0.0458410389395707
"Rice (basmati, broken)",2025-02-15,per kg,239.6775,0.86,4,0.038081728999285414,-0.017614509683369306
"Rice (basmati, broken)",2025-03-15,per kg,239.96,0.855,4,0.0011786671673394977,-0.005610946733301758
"Rice (basmati, broken)",2025-04-15,per kg,235.97250000000003,0.84,4,-0.016617352892148607,-0.021242751789758207
"Rice (basmati, broken)",2025-05-15,per kg,223.378,0.794,5,-0.053372744705421304,-0.05079632179219151
"Rice (basmati, broken)",2025-06-15,per kg,227.92000000000002,0.804,5,0.020333246783479364,-0.007662835249042099
"Rice (basmati, broken)",2025-07-15,per kg,229.88400000000001,0.8099999999999999,5,0.008617058617058637,-0.011623582522706455
"Rice (basmati, broken)",2025-08-15,per kg,232.0775,0.8200000000000001,4,0.00954176889213687,-0.0077387632943188844
"Rice (basmati, broken)",2025-09-15,per kg,239.846,0.846,5,0.03347373183527069,0.0076716242332577345
"Rice (basmati, broken)",2025-10-15,per kg,244.064,0.864,5,0.017586284532574936,0.057057473255662794
"Rice (basmati, broken)",2025-11-15,per kg,241,0.852,5,-0.012554084174642655,0.06952346294833456
"Rice (basmati, broken)",2025-12-15,per kg,238.04,0.848,5,-0.012282157676348548,0.07897885919425596
"Rice (basmati, broken)",2026-01-15,per kg,240.2,0.858,5,0.009074105192404591,0.0403447603785434
"Rice (basmati, broken)",2026-02-15,per kg,247,0.8825000000000001,4,0.02830974188176527,0.03055147020475424
"Rice (basmati, broken)",2026-03-15,per kg,244.5,0.875,4,-0.010121457489878583,0.018919819969994922
"Rice (basmati, broken)",2026-04-15,per kg,243.5,0.8725,4,-0.004089979550102263,0.03189990359046058
"Rice (basmati, broken)",2026-05-15,per kg,237.2,0.852,5,-0.02587268993839842,0.0618771768034454
Rice (coarse),2004-01-15,NA,NA,NA,NA,NA,NA
Rice (coarse),2004-02-15,NA,NA,NA,NA,NA,NA
Rice (coarse),2004-03-15,NA,NA,NA,NA,NA,NA
Rice (coarse),2004-04-15,NA,NA,NA,NA,NA,NA
Rice (coarse),2004-05-15,NA,NA,NA,NA,NA,NA
Rice (coarse),2004-06-15,NA,NA,NA,NA,NA,NA
Rice (coarse),2004-07-15,NA,NA,NA,NA,NA,NA
Rice (coarse),2004-08-15,NA,NA,NA,NA,NA,NA
Rice (coarse),2004-09-15,NA,NA,NA,NA,NA,NA
Rice (coarse),2004-10-15,NA,NA,NA,NA,NA,NA
Rice (coarse),2004-11-15,NA,NA,NA,NA,NA,NA
Rice (coarse),2004-12-15,NA,NA,NA,NA,NA,NA
Rice (coarse),2005-01-15,NA,NA,NA,NA,NA,NA
Rice (coarse),2005-02-15,NA,NA,NA,NA,NA,NA
Rice (coarse),2005-03-15,NA,NA,NA,NA,NA,NA
Rice (coarse),2005-04-15,NA,NA,NA,NA,NA,NA
Rice (coarse),2005-05-15,NA,NA,NA,NA,NA,NA
Rice (coarse),2005-06-15,NA,NA,NA,NA,NA,NA
Rice (coarse),2005-07-15,NA,NA,NA,NA,NA,NA
Rice (coarse),2005-08-15,NA,NA,NA,NA,NA,NA
Rice (coarse),2005-09-15,NA,NA,NA,NA,NA,NA
Rice (coarse),2005-10-15,NA,NA,NA,NA,NA,NA
Rice (coarse),2005-11-15,NA,NA,NA,NA,NA,NA
Rice (coarse),2005-12-15,NA,NA,NA,NA,NA,NA
Rice (coarse),2006-01-15,per kg,16.26,0.272,5,NA,NA
Rice (coarse),2006-02-15,per kg,16.26,0.272,5,0,NA
Rice (coarse),2006-03-15,per kg,22.98,0.384,5,0.41328413284132837,NA
Rice (coarse),2006-04-15,per kg,16.26,0.272,5,-0.29242819843342027,NA
Rice (coarse),2006-05-15,per kg,16.34,0.274,5,0.004920049200491938,NA
Rice (coarse),2006-06-15,per kg,16.34,0.272,5,0,NA
Rice (coarse),2006-07-15,per kg,16.26,0.272,5,-0.004895960832313251,NA
Rice (coarse),2006-08-15,per kg,15.725,0.2625,4,-0.03290282902829045,NA
Rice (coarse),2006-09-15,per kg,15.75,0.2625,4,0.0015898251192369983,NA
Rice (coarse),2006-10-15,per kg,16.26,0.272,5,0.0323809523809524,NA
Rice (coarse),2006-11-15,per kg,15.7,0.2625,4,-0.03444034440344412,NA
Rice (coarse),2006-12-15,per kg,15.7,0.2625,4,0,NA
Rice (coarse),2007-01-15,per kg,16.580000000000002,0.27,5,0.05605095541401295,0.019680196801967975
Rice (coarse),2007-02-15,per kg,18.32,0.302,5,0.10494571773220729,0.12669126691266897
Rice (coarse),2007-03-15,per kg,20.3,0.336,5,0.10807860262008728,-0.11662315056570927
Rice (coarse),2007-04-15,per kg,20.5,0.34,5,0.009852216748768461,0.26076260762607606
Rice (coarse),2007-05-15,per kg,22.18,0.368,5,0.0819512195121952,0.35740514075887386
Rice (coarse),2007-06-15,per kg,23.28,0.384,5,0.04959422903516697,0.42472460220318253
Rice (coarse),2007-07-15,per kg,23.64,0.39,5,0.015463917525773141,0.4538745387453873
Rice (coarse),2007-08-15,per kg,22.36,0.37,5,-0.05414551607445017,0.42193958664546893
Rice (coarse),2007-09-15,per kg,23.08,0.378,5,0.03220035778175312,0.46539682539682525
Rice (coarse),2007-10-15,per kg,22.5,0.37,4,-0.02512998266897737,0.3837638376383763
Rice (coarse),2007-11-15,per kg,24.1,0.394,5,0.07111111111111112,0.5350318471337581
Rice (coarse),2007-12-15,per kg,23.4625,0.385,4,-0.026452282157676477,0.4944267515923566
Rice (coarse),2008-01-15,per kg,25.44,0.408,5,0.08428343100692604,0.53437876960193
Rice (coarse),2008-02-15,per kg,27.07,0.43,5,0.0640723270440251,0.4776200873362446
Rice (coarse),2008-03-15,per kg,28.7,0.458,5,0.060214259327668884,0.4137931034482758
Rice (coarse),2008-04-15,per kg,42.44,0.668,5,0.478745644599303,1.0702439024390245
Rice (coarse),2008-05-15,per kg,49.94,0.73,5,0.17672007540056556,1.2515779981965736
Rice (coarse),2008-06-15,per kg,50.14,0.754,5,0.004004805766920416,1.1537800687285222
Rice (coarse),2008-07-15,per kg,48.94,0.702,5,-0.02393298763462315,1.0702199661590521
Rice (coarse),2008-08-15,per kg,47.48,0.622,5,-0.029832447895382086,1.1234347048300535
Rice (coarse),2008-09-15,per kg,45.839999999999996,0.6,5,-0.034540859309182825,0.9861351819757365
Rice (coarse),2008-10-15,per kg,43.275,0.54,4,-0.05595549738219896,0.9233333333333333
Rice (coarse),2008-11-15,per kg,42.58,0.536,5,-0.016060080878105176,0.7668049792531118
Rice (coarse),2008-12-15,per kg,38.22,0.485,4,-0.10239549084077026,0.6289824187533299
Rice (coarse),2009-01-15,per kg,40.665,0.515,4,0.06397174254317117,0.5984669811320753
Rice (coarse),2009-02-15,per kg,39.955,0.505,4,-0.017459731956227742,0.47598817879571476
Rice (coarse),2009-03-15,per kg,37.467999999999996,0.47000000000000003,5,-0.0622450256538607,0.3055052264808362
Rice (coarse),2009-04-15,per kg,35.532000000000004,0.446,5,-0.05167075904772056,-0.16277097078228075
Rice (coarse),2009-05-15,per kg,35.312,0.436,5,-0.006191601936282987,-0.2929114937925511
Rice (coarse),2009-06-15,per kg,35.48,0.442,5,0.004757589487992764,-0.292381332269645
Rice (coarse),2009-07-15,per kg,35.653999999999996,0.436,5,0.0049041713641488904,-0.27147527584797715
Rice (coarse),2009-08-15,per kg,35.3975,0.43,4,-0.007194143714590151,-0.2544755686604886
Rice (coarse),2009-09-15,per kg,35.0375,0.4275,4,-0.010170209760576254,-0.2356566317626526
Rice (coarse),2009-10-15,per kg,34.53,0.42,4,-0.01448448091330723,-0.2020797227036395
Rice (coarse),2009-11-15,per kg,34.465,0.4125,4,-0.0018824210831160926,-0.1905824330671676
Rice (coarse),2009-12-15,per kg,34.8225,0.4125,4,0.010372842013636863,-0.08889324960753531
Rice (coarse),2010-01-15,per kg,36.54,0.4325,4,0.049321559336635845,-0.1014385835485061
Rice (coarse),2010-02-15,per kg,36.088,0.426,5,-0.012370005473453682,-0.09678388186710041
Rice (coarse),2010-03-15,per kg,36.44,0.432,5,0.009753934825980748,-0.027436746023273173
Rice (coarse),2010-04-15,per kg,35.894,0.426,5,-0.014983534577387436,0.01018799954970162
Rice (coarse),2010-05-15,per kg,35.688,0.424,5,-0.005739120744413961,0.010647938377888577
Rice (coarse),2010-06-15,per kg,35.46,0.416,5,-0.00638870208473441,-5.636978579480756e-4
Rice (coarse),2010-07-15,per kg,35.51,0.414,5,0.0014100394811054073,-0.004038817523980387
Rice (coarse),2010-08-15,per kg,36.21,0.422,5,0.01971275696986763,0.022953598417967402
Rice (coarse),2010-09-15,per kg,37.410000000000004,0.436,5,0.033140016570008424,0.06771316446664288
Rice (coarse),2010-10-15,per kg,37.87,0.442,5,0.012296177492648885,0.09672748334781334
Rice (coarse),2010-11-15,per kg,38.262,0.448,5,0.010351201478743244,0.11016973741476854
Rice (coarse),2010-12-15,per kg,38.9275,0.455,4,0.017393236108933285,0.11788355230095493
Rice (coarse),2011-01-15,per kg,40.49,0.47400000000000003,5,0.0401387194142957,0.1081007115489876
Rice (coarse),2011-02-15,per kg,41.324,0.484,5,0.020597678439120637,0.14508978053646637
Rice (coarse),2011-03-15,per kg,41.224,0.482,5,-0.0024199012680282683,0.13128430296377602
Rice (coarse),2011-04-15,per kg,42.038,0.5,5,0.019745779157772203,0.1711706691926227
Rice (coarse),2011-05-15,per kg,42.39,0.496,5,0.008373376468909122,0.1877942165433759
Rice (coarse),2011-06-15,per kg,42.424,0.494,5,8.020759613116546e-4,0.1963902989283699
Rice (coarse),2011-07-15,per kg,43.372,0.504,5,0.0223458419762399,0.2214024218529993
Rice (coarse),2011-08-15,per kg,44.668,0.518,5,0.02988102923545144,0.23358188345760844
Rice (coarse),2011-09-15,per kg,45.534,0.518,5,0.019387480970717297,0.217161186848436
Rice (coarse),2011-10-15,per kg,43.86,0.5075,4,-0.03676373698774538,0.15817269606548723
Rice (coarse),2011-11-15,per kg,45.856,0.526,5,0.045508435932512636,0.19847368145941147
Rice (coarse),2011-12-15,per kg,42.93,0.47750000000000004,4,-0.06380844382414519,0.10281934365166001
Rice (coarse),2012-01-15,per kg,45.652,0.506,5,0.06340554390868869,0.12748826870832297
Rice (coarse),2012-02-15,per kg,45.652,0.504,5,0,0.10473332688026327
Rice (coarse),2012-03-15,per kg,46.629999999999995,0.516,5,0.021422938754052323,0.13113720163011844
Rice (coarse),2012-04-15,per kg,47.248,0.522,5,0.01325327042676383,0.12393548694038725
Rice (coarse),2012-05-15,per kg,47.577999999999996,0.522,5,0.0069844226210633575,0.12238735550837454
Rice (coarse),2012-06-15,per kg,48.064,0.512,5,0.010214805162049867,0.13294361682066747
Rice (coarse),2012-07-15,per kg,48.092,0.51,5,5.82556591211647e-4,0.10882597067232314
Rice (coarse),2012-08-15,per kg,47.894,0.506,5,-0.004117108874656883,0.07222172472463506
Rice (coarse),2012-09-15,per kg,46.95666666666666,0.4966666666666667,3,-0.019570997062958506,0.031244052063659433
Rice (coarse),2012-10-15,per kg,49.9675,0.525,4,0.06411940086604684,0.13924988600091193
Rice (coarse),2012-11-15,per kg,47.974,0.502,5,-0.039895932356031505,0.046188066992323584
Rice (coarse),2012-12-15,per kg,48.026,0.492,5,0.0010839204569144112,0.11870486839040306
Rice (coarse),2013-01-15,per kg,48.042,0.494,5,3.331528755257107e-4,0.0523525803907825
Rice (coarse),2013-02-15,per kg,48.042,0.492,5,0,0.0523525803907825
Rice (coarse),2013-03-15,per kg,48.186,0.494,5,0.002997377294867043,0.033369075702337714
Rice (coarse),2013-04-15,per kg,48.324,0.494,5,0.0028639023782841555,0.02277345072807324
Rice (coarse),2013-05-15,per kg,48.306,0.49,5,-3.724857213807109e-4,0.015301189625457123
Rice (coarse),2013-06-15,per kg,49.294,0.5,5,0.020452945803833833,0.025590878828228858
Rice (coarse),2013-07-15,per kg,50.528,0.504,5,0.02503347263358635,0.05065291524577886
Rice (coarse),2013-08-15,per kg,48.9675,0.4775,4,-0.03088386637112095,0.022414081095753158
Rice (coarse),2013-09-15,per kg,51.522,0.492,5,0.05216725379077958,0.09722439128274307
Rice (coarse),2013-10-15,per kg,49.02333333333333,0.4633333333333334,3,-0.04849708215260795,-0.018895615483397576
Rice (coarse),2013-11-15,per kg,47.9225,0.4475,4,-0.022455293397701803,-0.0010734981448283776
Rice (coarse),2013-12-15,per kg,47.74,0.445,4,-0.0038082320413166393,-0.005955107650022939
Rice (coarse),2014-01-15,per kg,50.806,0.484,5,0.06422287390029324,0.057532991965363545
Rice (coarse),2014-02-15,per kg,50.818,0.484,5,2.361925756799721e-4,0.05778277340660254
Rice (coarse),2014-03-15,per kg,50.822,0.512,5,7.871226730693515e-5,0.054704686008384185
Rice (coarse),2014-04-15,per kg,51.01,0.534,5,0.0036991853921528595,0.05558314709047263
Rice (coarse),2014-05-15,per kg,51.818,0.526,5,0.015840031366398666,0.0727031838694987
Rice (coarse),2014-06-15,per kg,51.822,0.528,5,7.719325330968196e-5,0.051284131943035716
Rice (coarse),2014-07-15,per kg,51.822,0.526,5,0,0.025609563014566294
Rice (coarse),2014-08-15,per kg,49.135,0.4925,4,-0.05185056539693578,0.0034206361362127957
Rice (coarse),2014-09-15,per kg,49.736666666666665,0.48333333333333334,3,0.01224517485838339,-0.034651863928677695
Rice (coarse),2014-10-15,per kg,51.806,0.506,5,0.04160579049661539,0.05676208608145772
Rice (coarse),2014-11-15,per kg,52.344,0.514,5,0.010384897502219825,0.09226355052428414
Rice (coarse),2014-12-15,per kg,51.838,0.516,5,-0.009666819501757629,0.0858399664851277
Rice (coarse),2015-01-15,per kg,52.464999999999996,0.5225,4,0.012095374049924779,0.032653623587765246
Rice (coarse),2015-02-15,per kg,50.748,0.5,5,-0.03272657962451153,-0.0013774646778700328
Rice (coarse),2015-03-15,per kg,49.372,0.484,5,-0.027114369039173858,-0.02853095116288229
Rice (coarse),2015-04-15,per kg,48.321999999999996,0.474,5,-0.021267114963947287,-0.05269554989217806
Rice (coarse),2015-05-15,per kg,48.43,0.474,5,0.002235006829187647,-0.06538268555328264
Rice (coarse),2015-06-15,per kg,48.152,0.474,5,-0.0057402436506297505,-0.07081934313611982
Rice (coarse),2015-07-15,per kg,47.126,0.46399999999999997,5,-0.02130752616713749,-0.09061788429624495
Rice (coarse),2015-08-15,per kg,46.966,0.46199999999999997,5,-0.003395153418495056,-0.04414368576371219
Rice (coarse),2015-09-15,per kg,46.966,0.44999999999999996,5,0,-0.055706722069566283
Rice (coarse),2015-10-15,per kg,41.05,0.39666666666666667,3,-0.12596346293063077,-0.20762073891055088
Rice (coarse),2015-11-15,per kg,42.575,0.40249999999999997,4,0.03714981729598055,-0.18663075042029642
Rice (coarse),2015-12-15,per kg,43.06,0.41,5,0.011391661773341166,-0.16933523669894668
Rice (coarse),2016-01-15,per kg,43.352,0.414,5,0.00678123548536913,-0.17369675021442865
Rice (coarse),2016-02-15,per kg,43.11,0.41,5,-0.00558221073998888,-0.1505083944194845
Rice (coarse),2016-03-15,per kg,43.386,0.414,5,0.006402226861517146,-0.12124280968970258
Rice (coarse),2016-04-15,per kg,43.776,0.418,5,0.008989074816761145,-0.09407723190265294
Rice (coarse),2016-05-15,per kg,44.226,0.422,5,0.010279605263157743,-0.08680569894693368
Rice (coarse),2016-06-15,per kg,44.626,0.426,5,0.009044453488897819,-0.07322644957634161
Rice (coarse),2016-07-15,per kg,44.826,0.428,5,0.004481692287007677,-0.048805330390866986
Rice (coarse),2016-08-15,per kg,46.535,0.445,4,0.038125195199214756,-0.009176851339266823
Rice (coarse),2016-09-15,per kg,45.53333333333333,0.43666666666666665,3,-0.021525017012284597,-0.030504336470354554
Rice (coarse),2016-10-15,per kg,46.925,0.45,4,0.03056368960468525,0.1431181485992692
Rice (coarse),2016-11-15,per kg,46.84,0.45,5,-0.0018114011720830048,0.10017615971814453
Rice (coarse),2016-12-15,per kg,46.706,0.446,5,-0.0028608027327070573,0.0846725499303298
Rice (coarse),2017-01-15,per kg,48.5275,0.46499999999999997,4,0.038999272042135935,0.11938318878021792
Rice (coarse),2017-02-15,per kg,47.786,0.454,5,-0.015279995878625607,0.10846671305961508
Rice (coarse),2017-03-15,per kg,47.716,0.456,5,-0.0014648641861633172,0.09980177937583545
Rice (coarse),2017-04-15,per kg,47.65,0.456,5,-0.0013831838377065253,0.0884959795321636
Rice (coarse),2017-05-15,per kg,47.65,0.456,5,0,0.0774205218649664
Rice (coarse),2017-06-15,per kg,47.656,0.456,5,1.2591815320051047e-4,0.06789763814816485
Rice (coarse),2017-07-15,per kg,47.784,0.454,5,0.0026859157293939173,0.06598848882345054
Rice (coarse),2017-08-15,per kg,47.876,0.454,5,0.0019253306546123117,0.02881701944772752
Rice (coarse),2017-09-15,per kg,48.06,0.458,5,0.0038432617595456353,0.05549048316251848
Rice (coarse),2017-10-15,per kg,44.5,0.42333333333333334,3,-0.07407407407407407,-0.05167820990942984
Rice (coarse),2017-11-15,per kg,46.4125,0.4425,4,0.04297752808988764,-0.009126814688300677
Rice (coarse),2017-12-15,per kg,46.9125,0.4275,4,0.010772959870724463,0.004421273498051548
Rice (coarse),2018-01-15,per kg,51.5575,0.4675,4,0.09901412203570459,0.062438823347586325
Rice (coarse),2018-02-15,per kg,49.324,0.446,5,-0.043320564418367846,0.032185158833131
Rice (coarse),2018-03-15,per kg,49.324,0.446,5,0,0.033699388045938417
Rice (coarse),2018-04-15,per kg,50.304,0.434,5,0.0198686237936907,0.05569779643231909
Rice (coarse),2018-05-15,per kg,51.054,0.44,5,0.014909351145038219,0.07143756558237158
Rice (coarse),2018-06-15,per kg,51.696,0.434,5,0.012574920672229428,0.08477421520899786
Rice (coarse),2018-07-15,per kg,52.12,0.424,5,0.008201795109873178,0.090741670852168
Rice (coarse),2018-08-15,per kg,53.358,0.434,5,0.02375287797390646,0.11450413568384987
Rice (coarse),2018-09-15,per kg,54.376,0.444,5,0.019078676112298076,0.13141905950894706
Rice (coarse),2018-10-15,per kg,55.057500000000005,0.415,4,0.012533102839488164,0.23724719101123615
Rice (coarse),2018-11-15,per kg,53.978,0.40199999999999997,5,-0.019606774735503874,0.16300565580393211
Rice (coarse),2018-12-15,per kg,53.942,0.388,5,-6.669383823039166e-4,0.14984279243272036
Rice (coarse),2019-01-15,per kg,56.870000000000005,0.41,4,0.05428052352526791,0.10304029481646726
Rice (coarse),2019-02-15,per kg,57.278,0.414,5,0.007174257077545265,0.16126023842348558
Rice (coarse),2019-03-15,per kg,59.676,0.43,5,0.041865986940884836,0.20987754440029205
Rice (coarse),2019-04-15,per kg,61.048,0.432,5,0.02299081707889261,0.21358142493638677
Rice (coarse),2019-05-15,per kg,61.58,0.434,5,0.008714454199973742,0.20617385513377995
Rice (coarse),2019-06-15,per kg,62.42,0.402,5,0.013640792465086093,0.20744351593933774
Rice (coarse),2019-07-15,per kg,64.326,0.404,5,0.030535084908682952,0.23419033000767464
Rice (coarse),2019-08-15,per kg,63.308,0.398,5,-0.01582563815564464,0.18647625473218632
Rice (coarse),2019-09-15,per kg,64.78,0.4175,4,0.023251405825488014,0.19133441224069458
Rice (coarse),2019-10-15,per kg,58.34,0.375,4,-0.09941339919728309,0.05961948871634193
Rice (coarse),2019-11-15,per kg,63.618,0.41200000000000003,5,0.090469660610216,0.17859127792804474
Rice (coarse),2019-12-15,per kg,64.448,0.416,5,0.013046622025212784,0.19476474732119664
Rice (coarse),2020-01-15,per kg,64.654,0.418,5,0.0031963753723933674,0.13687357130297162
Rice (coarse),2020-02-15,per kg,65.012,0.424,5,0.005537167073963012,0.13502566430392116
Rice (coarse),2020-03-15,per kg,66.074,0.42,5,0.016335445763858925,0.10721227964340763
Rice (coarse),2020-04-15,per kg,68.624,0.414,5,0.03859309259315302,0.12409906958458916
Rice (coarse),2020-05-15,per kg,70.834,0.446,5,0.03220447656796477,0.1502760636570315
Rice (coarse),2020-06-15,per kg,71.134,0.436,5,0.004235254256430565,0.13960269144504966
Rice (coarse),2020-07-15,per kg,71.134,0.428,5,0,0.10583589839256291
Rice (coarse),2020-08-15,per kg,71.55,0.428,5,0.0058481176371354415,0.1301889176723321
Rice (coarse),2020-09-15,per kg,68.94,0.41666666666666663,3,-0.03647798742138364,0.06421735103426984
Rice (coarse),2020-10-15,per kg,75.7525,0.46499999999999997,4,0.09881781259065847,0.29846588961261555
Rice (coarse),2020-11-15,per kg,74.3175,0.47,4,-0.018943269199036328,0.1681835329623691
Rice (coarse),2020-12-15,per kg,71.77,0.446,5,-0.03427860194436039,0.1136109731876862
Rice (coarse),2021-01-15,per kg,71.89,0.448,5,0.001672007802703046,0.11191882946144105
Rice (coarse),2021-02-15,per kg,73.32,0.46199999999999997,5,0.01989150090415892,0.1277917922845011
Rice (coarse),2021-03-15,per kg,75.2,0.478,5,0.025641025641025772,0.13811786784514335
Rice (coarse),2021-04-15,per kg,74.412,0.488,5,-0.010478723404255263,0.08434366985311281
Rice (coarse),2021-05-15,per kg,73.744,0.484,5,-0.008977046712895898,0.04108196628737604
Rice (coarse),2021-06-15,per kg,73.63,0.472,5,-0.0015458884790627847,0.035088705822813315
Rice (coarse),2021-07-15,per kg,73.698,0.46399999999999997,5,9.235366019284541e-4,0.036044648128883416
Rice (coarse),2021-08-15,per kg,73.406,0.45,5,-0.003962115661211851,0.025939902166317363
Rice (coarse),2021-09-15,per kg,66.47749999999999,0.39,4,-0.09438601749175834,-0.035719466202495
Rice (coarse),2021-10-15,per kg,72.5375,0.425,4,0.09115866270542661,-0.042440843536517
Rice (coarse),2021-11-15,per kg,72.72749999999999,0.4175,4,0.0026193348268137573,-0.02139469169441921
Rice (coarse),2021-12-15,per kg,74.685,0.42000000000000004,4,0.026915540888934775,0.040615856207329104
Rice (coarse),2022-01-15,per kg,73.9,0.42000000000000004,4,-0.010510812077391685,0.027959382389762144
Rice (coarse),2022-02-15,per kg,71.224,0.404,5,-0.036211096075778104,-0.02858701582105827
Rice (coarse),2022-03-15,per kg,71.93,0.4,5,0.00991238908233183,-0.04348404255319138
Rice (coarse),2022-04-15,per kg,72.928,0.402,5,0.013874600305852747,-0.019943019943020057
Rice (coarse),2022-05-15,per kg,76.686,0.39999999999999997,5,0.051530276437034006,0.03989477110002171
Rice (coarse),2022-06-15,per kg,82.074,0.396,5,0.07026054299350593,0.11468151568654084
Rice (coarse),2022-07-15,per kg,84.23,0.4,5,0.026268976777054975,0.1429075415886456
Rice (coarse),2022-08-15,per kg,85.492,0.4,5,0.014982785230915452,0.1646459417486308
Rice (coarse),2022-09-15,per kg,91.47999999999999,0.38749999999999996,4,0.0700416413231646,0.3761046970779587
Rice (coarse),2022-10-15,per kg,98.762,0.45,5,0.07960209881941416,0.36153024297777026
Rice (coarse),2022-11-15,per kg,98.628,0.444,5,-0.0013567971487009611,0.3561307620913685
Rice (coarse),2022-12-15,per kg,104.515,0.46499999999999997,4,0.05968893214908544,0.3994108589408849
Rice (coarse),2023-01-15,per kg,114.554,0.5,5,0.09605319810553503,0.5501217861975642
Rice (coarse),2023-02-15,per kg,125.364,0.47400000000000003,5,0.0943659758716413,0.7601370324609682
Rice (coarse),2023-03-15,per kg,128.92600000000002,0.456,5,0.028413260585176126,0.7923814819963855
Rice (coarse),2023-04-15,per kg,134.936,0.476,5,0.046615888183919374,0.8502632733655113
Rice (coarse),2023-05-15,per kg,141.538,0.5,5,0.048926898677891684,0.8456823931356441
Rice (coarse),2023-06-15,per kg,142.792,0.5,5,0.008859811499385195,0.7397957940395254
Rice (coarse),2023-07-15,per kg,143.532,0.52,5,0.005182363157600012,0.704048438798528
Rice (coarse),2023-08-15,per kg,147.616,0.508,5,0.02845358526321662,0.7266644832265008
Rice (coarse),2023-09-15,per kg,182.00582666666668,0.6133333333333333,3,0.23296815160054907,0.9895695962687658
Rice (coarse),2023-10-15,per kg,175.39666666666668,0.6333333333333333,3,-0.036312903389100315,0.7759529643655119
Rice (coarse),2023-11-15,per kg,172.4525,0.5975,4,-0.016785761797069587,0.7485146205945572
Rice (coarse),2023-12-15,per kg,172.58499999999998,0.61,4,7.68327510473954e-4,0.6512940726211547
Rice (coarse),2024-01-15,per kg,176.3225,0.6275,4,0.02165599559637288,0.5392085828517554
Rice (coarse),2024-02-15,per kg,175.852,0.63,5,-0.0026684059039543406,0.40273124660987203
Rice (coarse),2024-03-15,per kg,175.784,0.63,5,-3.866888064963936e-4,0.3634488000868714
Rice (coarse),2024-04-15,per kg,175.75199999999998,0.632,5,-1.8204159650481166e-4,0.3024841406296317
Rice (coarse),2024-05-15,per kg,171.752,0.614,5,-0.022759342710182318,0.21346917435600332
Rice (coarse),2024-06-15,per kg,165.954,0.594,5,-0.03375797661744839,0.16220796683287575
Rice (coarse),2024-07-15,per kg,167.47,0.6,5,0.00913506152307253,0.16677814006632663
Rice (coarse),2024-08-15,per kg,168.596,0.602,5,0.006723592285185376,0.14212551484933877
Rice (coarse),2024-09-15,per kg,170.35750000000002,0.6125,4,0.01044805333459875,-0.06399974594219948
Rice (coarse),2024-10-15,per kg,169.335,0.61,4,-0.00600208385307377,-0.03455975978258807
Rice (coarse),2024-11-15,per kg,166.722,0.602,5,-0.015430950482770878,-0.03322943999072192
Rice (coarse),2024-12-15,per kg,164.096,0.59,5,-0.01575077074411302,-0.049187356954544015
Rice (coarse),2025-01-15,per kg,163.556,0.588,5,-0.0032907566302651237,-0.07240425924087956
Rice (coarse),2025-02-15,per kg,170.58349600000003,0.618,5,0.04296691041600442,-0.029959875349725773
Rice (coarse),2025-03-15,per kg,162.552,0.58,5,-0.047082491497301926,-0.0752742001547354
Rice (coarse),2025-04-15,per kg,160.38400000000001,0.574,5,-0.013337270534967138,-0.0874413946925211
Rice (coarse),2025-05-15,per kg,154.24,0.548,5,-0.03830806065442938,-0.10196096697563928
Rice (coarse),2025-06-15,per kg,154.292,0.544,5,3.371369294604687e-4,-0.07027248514648643
Rice (coarse),2025-07-15,per kg,152.798,0.536,5,-0.009682938843232347,-0.0876097211440855
Rice (coarse),2025-08-15,per kg,151.59,0.538,5,-0.007905862642181183,-0.1008683480035113
Rice (coarse),2025-09-15,per kg,151.725,0.5375,4,8.905600633286603e-4,-0.10937293632508116
Rice (coarse),2025-10-15,per kg,156.196,0.552,5,0.029467787114845878,-0.07759175598665369
Rice (coarse),2025-11-15,per kg,154.6,0.548,5,-0.010217931317063167,-0.07270786099015136
Rice (coarse),2025-12-15,per kg,153.96,0.55,5,-0.00413971539456659,-0.061768720748829886
Rice (coarse),2026-01-15,per kg,154.2,0.55,5,0.001558846453624252,-0.057203648903128124
Rice (coarse),2026-02-15,per kg,155.5,0.5575,4,0.008430609597924743,-0.08842295036560877
Rice (coarse),2026-03-15,per kg,152,0.542,5,-0.022508038585209,-0.06491461193956394
Rice (coarse),2026-04-15,per kg,151.4,0.542,5,-0.003947368421052588,-0.056015562649640915
Rice (coarse),2026-05-15,per kg,147.6,0.53,5,-0.025099075297225992,-0.0430497925311204
Salt,2004-01-15,NA,NA,NA,NA,NA,NA
Salt,2004-02-15,NA,NA,NA,NA,NA,NA
Salt,2004-03-15,NA,NA,NA,NA,NA,NA
Salt,2004-04-15,NA,NA,NA,NA,NA,NA
Salt,2004-05-15,NA,NA,NA,NA,NA,NA
Salt,2004-06-15,NA,NA,NA,NA,NA,NA
Salt,2004-07-15,NA,NA,NA,NA,NA,NA
Salt,2004-08-15,NA,NA,NA,NA,NA,NA
Salt,2004-09-15,NA,NA,NA,NA,NA,NA
Salt,2004-10-15,NA,NA,NA,NA,NA,NA
Salt,2004-11-15,NA,NA,NA,NA,NA,NA
Salt,2004-12-15,NA,NA,NA,NA,NA,NA
Salt,2005-01-15,NA,NA,NA,NA,NA,NA
Salt,2005-02-15,NA,NA,NA,NA,NA,NA
Salt,2005-03-15,NA,NA,NA,NA,NA,NA
Salt,2005-04-15,NA,NA,NA,NA,NA,NA
Salt,2005-05-15,NA,NA,NA,NA,NA,NA
Salt,2005-06-15,NA,NA,NA,NA,NA,NA
Salt,2005-07-15,NA,NA,NA,NA,NA,NA
Salt,2005-08-15,NA,NA,NA,NA,NA,NA
Salt,2005-09-15,NA,NA,NA,NA,NA,NA
Salt,2005-10-15,NA,NA,NA,NA,NA,NA
Salt,2005-11-15,NA,NA,NA,NA,NA,NA
Salt,2005-12-15,NA,NA,NA,NA,NA,NA
Salt,2006-01-15,NA,NA,NA,NA,NA,NA
Salt,2006-02-15,NA,NA,NA,NA,NA,NA
Salt,2006-03-15,NA,NA,NA,NA,NA,NA
Salt,2006-04-15,NA,NA,NA,NA,NA,NA
Salt,2006-05-15,NA,NA,NA,NA,NA,NA
Salt,2006-06-15,NA,NA,NA,NA,NA,NA
Salt,2006-07-15,NA,NA,NA,NA,NA,NA
Salt,2006-08-15,NA,NA,NA,NA,NA,NA
Salt,2006-09-15,NA,NA,NA,NA,NA,NA
Salt,2006-10-15,NA,NA,NA,NA,NA,NA
Salt,2006-11-15,NA,NA,NA,NA,NA,NA
Salt,2006-12-15,NA,NA,NA,NA,NA,NA
Salt,2007-01-15,NA,NA,NA,NA,NA,NA
Salt,2007-02-15,NA,NA,NA,NA,NA,NA
Salt,2007-03-15,NA,NA,NA,NA,NA,NA
Salt,2007-04-15,NA,NA,NA,NA,NA,NA
Salt,2007-05-15,NA,NA,NA,NA,NA,NA
Salt,2007-06-15,NA,NA,NA,NA,NA,NA
Salt,2007-07-15,NA,NA,NA,NA,NA,NA
Salt,2007-08-15,NA,NA,NA,NA,NA,NA
Salt,2007-09-15,NA,NA,NA,NA,NA,NA
Salt,2007-10-15,NA,NA,NA,NA,NA,NA
Salt,2007-11-15,NA,NA,NA,NA,NA,NA
Salt,2007-12-15,NA,NA,NA,NA,NA,NA
Salt,2008-01-15,NA,NA,NA,NA,NA,NA
Salt,2008-02-15,NA,NA,NA,NA,NA,NA
Salt,2008-03-15,NA,NA,NA,NA,NA,NA
Salt,2008-04-15,NA,NA,NA,NA,NA,NA
Salt,2008-05-15,NA,NA,NA,NA,NA,NA
Salt,2008-06-15,NA,NA,NA,NA,NA,NA
Salt,2008-07-15,NA,NA,NA,NA,NA,NA
Salt,2008-08-15,NA,NA,NA,NA,NA,NA
Salt,2008-09-15,NA,NA,NA,NA,NA,NA
Salt,2008-10-15,NA,NA,NA,NA,NA,NA
Salt,2008-11-15,NA,NA,NA,NA,NA,NA
Salt,2008-12-15,NA,NA,NA,NA,NA,NA
Salt,2009-01-15,NA,NA,NA,NA,NA,NA
Salt,2009-02-15,NA,NA,NA,NA,NA,NA
Salt,2009-03-15,NA,NA,NA,NA,NA,NA
Salt,2009-04-15,NA,NA,NA,NA,NA,NA
Salt,2009-05-15,NA,NA,NA,NA,NA,NA
Salt,2009-06-15,NA,NA,NA,NA,NA,NA
Salt,2009-07-15,NA,NA,NA,NA,NA,NA
Salt,2009-08-15,NA,NA,NA,NA,NA,NA
Salt,2009-09-15,NA,NA,NA,NA,NA,NA
Salt,2009-10-15,NA,NA,NA,NA,NA,NA
Salt,2009-11-15,NA,NA,NA,NA,NA,NA
Salt,2009-12-15,NA,NA,NA,NA,NA,NA
Salt,2010-01-15,NA,NA,NA,NA,NA,NA
Salt,2010-02-15,NA,NA,NA,NA,NA,NA
Salt,2010-03-15,NA,NA,NA,NA,NA,NA
Salt,2010-04-15,NA,NA,NA,NA,NA,NA
Salt,2010-05-15,NA,NA,NA,NA,NA,NA
Salt,2010-06-15,NA,NA,NA,NA,NA,NA
Salt,2010-07-15,NA,NA,NA,NA,NA,NA
Salt,2010-08-15,NA,NA,NA,NA,NA,NA
Salt,2010-09-15,NA,NA,NA,NA,NA,NA
Salt,2010-10-15,NA,NA,NA,NA,NA,NA
Salt,2010-11-15,NA,NA,NA,NA,NA,NA
Salt,2010-12-15,NA,NA,NA,NA,NA,NA
Salt,2011-01-15,NA,NA,NA,NA,NA,NA
Salt,2011-02-15,NA,NA,NA,NA,NA,NA
Salt,2011-03-15,NA,NA,NA,NA,NA,NA
Salt,2011-04-15,NA,NA,NA,NA,NA,NA
Salt,2011-05-15,NA,NA,NA,NA,NA,NA
Salt,2011-06-15,NA,NA,NA,NA,NA,NA
Salt,2011-07-15,NA,NA,NA,NA,NA,NA
Salt,2011-08-15,NA,NA,NA,NA,NA,NA
Salt,2011-09-15,NA,NA,NA,NA,NA,NA
Salt,2011-10-15,NA,NA,NA,NA,NA,NA
Salt,2011-11-15,NA,NA,NA,NA,NA,NA
Salt,2011-12-15,NA,NA,NA,NA,NA,NA
Salt,2012-01-15,NA,NA,NA,NA,NA,NA
Salt,2012-02-15,NA,NA,NA,NA,NA,NA
Salt,2012-03-15,NA,NA,NA,NA,NA,NA
Salt,2012-04-15,NA,NA,NA,NA,NA,NA
Salt,2012-05-15,NA,NA,NA,NA,NA,NA
Salt,2012-06-15,NA,NA,NA,NA,NA,NA
Salt,2012-07-15,NA,NA,NA,NA,NA,NA
Salt,2012-08-15,NA,NA,NA,NA,NA,NA
Salt,2012-09-15,NA,NA,NA,NA,NA,NA
Salt,2012-10-15,NA,NA,NA,NA,NA,NA
Salt,2012-11-15,NA,NA,NA,NA,NA,NA
Salt,2012-12-15,NA,NA,NA,NA,NA,NA
Salt,2013-01-15,NA,NA,NA,NA,NA,NA
Salt,2013-02-15,NA,NA,NA,NA,NA,NA
Salt,2013-03-15,NA,NA,NA,NA,NA,NA
Salt,2013-04-15,NA,NA,NA,NA,NA,NA
Salt,2013-05-15,NA,NA,NA,NA,NA,NA
Salt,2013-06-15,NA,NA,NA,NA,NA,NA
Salt,2013-07-15,NA,NA,NA,NA,NA,NA
Salt,2013-08-15,NA,NA,NA,NA,NA,NA
Salt,2013-09-15,NA,NA,NA,NA,NA,NA
Salt,2013-10-15,NA,NA,NA,NA,NA,NA
Salt,2013-11-15,NA,NA,NA,NA,NA,NA
Salt,2013-12-15,NA,NA,NA,NA,NA,NA
Salt,2014-01-15,NA,NA,NA,NA,NA,NA
Salt,2014-02-15,NA,NA,NA,NA,NA,NA
Salt,2014-03-15,NA,NA,NA,NA,NA,NA
Salt,2014-04-15,NA,NA,NA,NA,NA,NA
Salt,2014-05-15,NA,NA,NA,NA,NA,NA
Salt,2014-06-15,NA,NA,NA,NA,NA,NA
Salt,2014-07-15,NA,NA,NA,NA,NA,NA
Salt,2014-08-15,NA,NA,NA,NA,NA,NA
Salt,2014-09-15,NA,NA,NA,NA,NA,NA
Salt,2014-10-15,NA,NA,NA,NA,NA,NA
Salt,2014-11-15,NA,NA,NA,NA,NA,NA
Salt,2014-12-15,per kg,10.2,0.10200000000000001,5,NA,NA
Salt,2015-01-15,per kg,10.2,0.10200000000000001,5,0,NA
Salt,2015-02-15,per kg,10.2,0.1012,5,0,NA
Salt,2015-03-15,per kg,10.2,0.1006,5,0,NA
Salt,2015-04-15,per kg,10.2,0.1004,5,0,NA
Salt,2015-05-15,per kg,10.2,0.1004,5,0,NA
Salt,2015-06-15,per kg,10.2,0.1004,5,0,NA
Salt,2015-07-15,per kg,10.32,0.1016,5,0.011764705882353121,NA
Salt,2015-08-15,per kg,10.4,0.1024,5,0.007751937984496138,NA
Salt,2015-09-15,per kg,10.2,0.0988,5,-0.019230769230769384,NA
Salt,2015-10-15,per kg,10.4,0.0988,5,0.019607843137255054,NA
Salt,2015-11-15,per kg,10.4,0.098,5,0,NA
Salt,2015-12-15,per kg,10.4,0.0988,5,0,0.019607843137255054
Salt,2016-01-15,per kg,10.4,0.098,5,0,0.019607843137255054
Salt,2016-02-15,per kg,10.4,0.0988,5,0,0.019607843137255054
Salt,2016-03-15,per kg,10.4,0.0988,5,0,0.019607843137255054
Salt,2016-04-15,per kg,10.4,0.0988,5,0,0.019607843137255054
Salt,2016-05-15,per kg,10.4,0.0988,5,0,0.019607843137255054
Salt,2016-06-15,per kg,10.4,0.0988,5,0,0.019607843137255054
Salt,2016-07-15,per kg,10.4,0.0988,5,0,0.007751937984496138
Salt,2016-08-15,per kg,10.4,0.0988,5,0,0
Salt,2016-09-15,per kg,10.4,0.0988,5,0,0.019607843137255054
Salt,2016-10-15,per kg,10.4,0.0988,5,0,0
Salt,2016-11-15,per kg,10.4,0.0988,5,0,0
Salt,2016-12-15,per kg,10.4,0.098,5,0,0
Salt,2017-01-15,per kg,10.4,0.0988,5,0,0
Salt,2017-02-15,per kg,10.4,0.0988,5,0,0
Salt,2017-03-15,per kg,10.4,0.0988,5,0,0
Salt,2017-04-15,per kg,10.4,0.0988,5,0,0
Salt,2017-05-15,per kg,10.4,0.0988,5,0,0
Salt,2017-06-15,per kg,10.4,0.098,5,0,0
Salt,2017-07-15,per kg,10.4,0.098,5,0,0
Salt,2017-08-15,per kg,10.4,0.098,5,0,0
Salt,2017-09-15,per kg,11.15,0.105,5,0.07211538461538458,0.07211538461538458
Salt,2017-10-15,per kg,11.4,0.107,5,0.022421524663677195,0.09615384615384626
Salt,2017-11-15,per kg,11.4,0.107,5,0,0.09615384615384626
Salt,2017-12-15,per kg,11.7,0.1066,5,0.02631578947368407,0.125
Salt,2018-01-15,per kg,11.8,0.106,5,0.008547008547008739,0.13461538461538458
Salt,2018-02-15,per kg,11.8,0.106,5,0,0.13461538461538458
Salt,2018-03-15,per kg,11.8,0.106,5,0,0.13461538461538458
Salt,2018-04-15,per kg,12.55,0.1088,5,0.06355932203389836,0.20673076923076916
Salt,2018-05-15,NA,NA,NA,NA,NA,NA
Salt,2018-06-15,NA,NA,NA,NA,NA,NA
Salt,2018-07-15,NA,NA,NA,NA,NA,NA
Salt,2018-08-15,NA,NA,NA,NA,NA,NA
Salt,2018-09-15,NA,NA,NA,NA,NA,NA
Salt,2018-10-15,NA,NA,NA,NA,NA,NA
Salt,2018-11-15,NA,NA,NA,NA,NA,NA
Salt,2018-12-15,NA,NA,NA,NA,NA,NA
Salt,2019-01-15,NA,NA,NA,NA,NA,NA
Salt,2019-02-15,NA,NA,NA,NA,NA,NA
Salt,2019-03-15,NA,NA,NA,NA,NA,NA
Salt,2019-04-15,NA,NA,NA,NA,NA,NA
Salt,2019-05-15,NA,NA,NA,NA,NA,NA
Salt,2019-06-15,NA,NA,NA,NA,NA,NA
Salt,2019-07-15,NA,NA,NA,NA,NA,NA
Salt,2019-08-15,NA,NA,NA,NA,NA,NA
Salt,2019-09-15,NA,NA,NA,NA,NA,NA
Salt,2019-10-15,NA,NA,NA,NA,NA,NA
Salt,2019-11-15,NA,NA,NA,NA,NA,NA
Salt,2019-12-15,NA,NA,NA,NA,NA,NA
Salt,2020-01-15,NA,NA,NA,NA,NA,NA
Salt,2020-02-15,NA,NA,NA,NA,NA,NA
Salt,2020-03-15,NA,NA,NA,NA,NA,NA
Salt,2020-04-15,NA,NA,NA,NA,NA,NA
Salt,2020-05-15,NA,NA,NA,NA,NA,NA
Salt,2020-06-15,NA,NA,NA,NA,NA,NA
Salt,2020-07-15,NA,NA,NA,NA,NA,NA
Salt,2020-08-15,NA,NA,NA,NA,NA,NA
Salt,2020-09-15,NA,NA,NA,NA,NA,NA
Salt,2020-10-15,NA,NA,NA,NA,NA,NA
Salt,2020-11-15,NA,NA,NA,NA,NA,NA
Salt,2020-12-15,NA,NA,NA,NA,NA,NA
Salt,2021-01-15,NA,NA,NA,NA,NA,NA
Salt,2021-02-15,NA,NA,NA,NA,NA,NA
Salt,2021-03-15,NA,NA,NA,NA,NA,NA
Salt,2021-04-15,NA,NA,NA,NA,NA,NA
Salt,2021-05-15,NA,NA,NA,NA,NA,NA
Salt,2021-06-15,NA,NA,NA,NA,NA,NA
Salt,2021-07-15,NA,NA,NA,NA,NA,NA
Salt,2021-08-15,NA,NA,NA,NA,NA,NA
Salt,2021-09-15,NA,NA,NA,NA,NA,NA
Salt,2021-10-15,NA,NA,NA,NA,NA,NA
Salt,2021-11-15,NA,NA,NA,NA,NA,NA
Salt,2021-12-15,NA,NA,NA,NA,NA,NA
Salt,2022-01-15,NA,NA,NA,NA,NA,NA
Salt,2022-02-15,NA,NA,NA,NA,NA,NA
Salt,2022-03-15,NA,NA,NA,NA,NA,NA
Salt,2022-04-15,NA,NA,NA,NA,NA,NA
Salt,2022-05-15,NA,NA,NA,NA,NA,NA
Salt,2022-06-15,NA,NA,NA,NA,NA,NA
Salt,2022-07-15,NA,NA,NA,NA,NA,NA
Salt,2022-08-15,NA,NA,NA,NA,NA,NA
Salt,2022-09-15,NA,NA,NA,NA,NA,NA
Salt,2022-10-15,NA,NA,NA,NA,NA,NA
Salt,2022-11-15,NA,NA,NA,NA,NA,NA
Salt,2022-12-15,NA,NA,NA,NA,NA,NA
Salt,2023-01-15,NA,NA,NA,NA,NA,NA
Salt,2023-02-15,NA,NA,NA,NA,NA,NA
Salt,2023-03-15,NA,NA,NA,NA,NA,NA
Salt,2023-04-15,NA,NA,NA,NA,NA,NA
Salt,2023-05-15,NA,NA,NA,NA,NA,NA
Salt,2023-06-15,NA,NA,NA,NA,NA,NA
Salt,2023-07-15,NA,NA,NA,NA,NA,NA
Salt,2023-08-15,NA,NA,NA,NA,NA,NA
Salt,2023-09-15,NA,NA,NA,NA,NA,NA
Salt,2023-10-15,NA,NA,NA,NA,NA,NA
Salt,2023-11-15,NA,NA,NA,NA,NA,NA
Salt,2023-12-15,NA,NA,NA,NA,NA,NA
Salt,2024-01-15,NA,NA,NA,NA,NA,NA
Salt,2024-02-15,NA,NA,NA,NA,NA,NA
Salt,2024-03-15,NA,NA,NA,NA,NA,NA
Salt,2024-04-15,NA,NA,NA,NA,NA,NA
Salt,2024-05-15,NA,NA,NA,NA,NA,NA
Salt,2024-06-15,NA,NA,NA,NA,NA,NA
Salt,2024-07-15,NA,NA,NA,NA,NA,NA
Salt,2024-08-15,NA,NA,NA,NA,NA,NA
Salt,2024-09-15,NA,NA,NA,NA,NA,NA
Salt,2024-10-15,NA,NA,NA,NA,NA,NA
Salt,2024-11-15,NA,NA,NA,NA,NA,NA
Salt,2024-12-15,NA,NA,NA,NA,NA,NA
Salt,2025-01-15,NA,NA,NA,NA,NA,NA
Salt,2025-02-15,NA,NA,NA,NA,NA,NA
Salt,2025-03-15,NA,NA,NA,NA,NA,NA
Salt,2025-04-15,NA,NA,NA,NA,NA,NA
Salt,2025-05-15,NA,NA,NA,NA,NA,NA
Salt,2025-06-15,NA,NA,NA,NA,NA,NA
Salt,2025-07-15,NA,NA,NA,NA,NA,NA
Salt,2025-08-15,NA,NA,NA,NA,NA,NA
Salt,2025-09-15,NA,NA,NA,NA,NA,NA
Salt,2025-10-15,NA,NA,NA,NA,NA,NA
Salt,2025-11-15,NA,NA,NA,NA,NA,NA
Salt,2025-12-15,NA,NA,NA,NA,NA,NA
Salt,2026-01-15,NA,NA,NA,NA,NA,NA
Salt,2026-02-15,NA,NA,NA,NA,NA,NA
Salt,2026-03-15,NA,NA,NA,NA,NA,NA
Salt,2026-04-15,NA,NA,NA,NA,NA,NA
Salt,2026-05-15,NA,NA,NA,NA,NA,NA
Sugar,2004-01-15,NA,NA,NA,NA,NA,NA
Sugar,2004-02-15,NA,NA,NA,NA,NA,NA
Sugar,2004-03-15,NA,NA,NA,NA,NA,NA
Sugar,2004-04-15,NA,NA,NA,NA,NA,NA
Sugar,2004-05-15,NA,NA,NA,NA,NA,NA
Sugar,2004-06-15,NA,NA,NA,NA,NA,NA
Sugar,2004-07-15,NA,NA,NA,NA,NA,NA
Sugar,2004-08-15,NA,NA,NA,NA,NA,NA
Sugar,2004-09-15,NA,NA,NA,NA,NA,NA
Sugar,2004-10-15,NA,NA,NA,NA,NA,NA
Sugar,2004-11-15,NA,NA,NA,NA,NA,NA
Sugar,2004-12-15,NA,NA,NA,NA,NA,NA
Sugar,2005-01-15,NA,NA,NA,NA,NA,NA
Sugar,2005-02-15,NA,NA,NA,NA,NA,NA
Sugar,2005-03-15,NA,NA,NA,NA,NA,NA
Sugar,2005-04-15,NA,NA,NA,NA,NA,NA
Sugar,2005-05-15,NA,NA,NA,NA,NA,NA
Sugar,2005-06-15,NA,NA,NA,NA,NA,NA
Sugar,2005-07-15,NA,NA,NA,NA,NA,NA
Sugar,2005-08-15,NA,NA,NA,NA,NA,NA
Sugar,2005-09-15,NA,NA,NA,NA,NA,NA
Sugar,2005-10-15,NA,NA,NA,NA,NA,NA
Sugar,2005-11-15,NA,NA,NA,NA,NA,NA
Sugar,2005-12-15,NA,NA,NA,NA,NA,NA
Sugar,2006-01-15,NA,NA,NA,NA,NA,NA
Sugar,2006-02-15,NA,NA,NA,NA,NA,NA
Sugar,2006-03-15,NA,NA,NA,NA,NA,NA
Sugar,2006-04-15,NA,NA,NA,NA,NA,NA
Sugar,2006-05-15,NA,NA,NA,NA,NA,NA
Sugar,2006-06-15,NA,NA,NA,NA,NA,NA
Sugar,2006-07-15,NA,NA,NA,NA,NA,NA
Sugar,2006-08-15,NA,NA,NA,NA,NA,NA
Sugar,2006-09-15,NA,NA,NA,NA,NA,NA
Sugar,2006-10-15,NA,NA,NA,NA,NA,NA
Sugar,2006-11-15,NA,NA,NA,NA,NA,NA
Sugar,2006-12-15,NA,NA,NA,NA,NA,NA
Sugar,2007-01-15,NA,NA,NA,NA,NA,NA
Sugar,2007-02-15,NA,NA,NA,NA,NA,NA
Sugar,2007-03-15,NA,NA,NA,NA,NA,NA
Sugar,2007-04-15,NA,NA,NA,NA,NA,NA
Sugar,2007-05-15,NA,NA,NA,NA,NA,NA
Sugar,2007-06-15,NA,NA,NA,NA,NA,NA
Sugar,2007-07-15,NA,NA,NA,NA,NA,NA
Sugar,2007-08-15,NA,NA,NA,NA,NA,NA
Sugar,2007-09-15,NA,NA,NA,NA,NA,NA
Sugar,2007-10-15,NA,NA,NA,NA,NA,NA
Sugar,2007-11-15,NA,NA,NA,NA,NA,NA
Sugar,2007-12-15,NA,NA,NA,NA,NA,NA
Sugar,2008-01-15,NA,NA,NA,NA,NA,NA
Sugar,2008-02-15,NA,NA,NA,NA,NA,NA
Sugar,2008-03-15,NA,NA,NA,NA,NA,NA
Sugar,2008-04-15,NA,NA,NA,NA,NA,NA
Sugar,2008-05-15,NA,NA,NA,NA,NA,NA
Sugar,2008-06-15,NA,NA,NA,NA,NA,NA
Sugar,2008-07-15,NA,NA,NA,NA,NA,NA
Sugar,2008-08-15,NA,NA,NA,NA,NA,NA
Sugar,2008-09-15,NA,NA,NA,NA,NA,NA
Sugar,2008-10-15,NA,NA,NA,NA,NA,NA
Sugar,2008-11-15,NA,NA,NA,NA,NA,NA
Sugar,2008-12-15,NA,NA,NA,NA,NA,NA
Sugar,2009-01-15,NA,NA,NA,NA,NA,NA
Sugar,2009-02-15,NA,NA,NA,NA,NA,NA
Sugar,2009-03-15,NA,NA,NA,NA,NA,NA
Sugar,2009-04-15,NA,NA,NA,NA,NA,NA
Sugar,2009-05-15,NA,NA,NA,NA,NA,NA
Sugar,2009-06-15,NA,NA,NA,NA,NA,NA
Sugar,2009-07-15,NA,NA,NA,NA,NA,NA
Sugar,2009-08-15,NA,NA,NA,NA,NA,NA
Sugar,2009-09-15,NA,NA,NA,NA,NA,NA
Sugar,2009-10-15,NA,NA,NA,NA,NA,NA
Sugar,2009-11-15,NA,NA,NA,NA,NA,NA
Sugar,2009-12-15,NA,NA,NA,NA,NA,NA
Sugar,2010-01-15,NA,NA,NA,NA,NA,NA
Sugar,2010-02-15,NA,NA,NA,NA,NA,NA
Sugar,2010-03-15,NA,NA,NA,NA,NA,NA
Sugar,2010-04-15,NA,NA,NA,NA,NA,NA
Sugar,2010-05-15,NA,NA,NA,NA,NA,NA
Sugar,2010-06-15,NA,NA,NA,NA,NA,NA
Sugar,2010-07-15,NA,NA,NA,NA,NA,NA
Sugar,2010-08-15,NA,NA,NA,NA,NA,NA
Sugar,2010-09-15,NA,NA,NA,NA,NA,NA
Sugar,2010-10-15,NA,NA,NA,NA,NA,NA
Sugar,2010-11-15,NA,NA,NA,NA,NA,NA
Sugar,2010-12-15,NA,NA,NA,NA,NA,NA
Sugar,2011-01-15,NA,NA,NA,NA,NA,NA
Sugar,2011-02-15,NA,NA,NA,NA,NA,NA
Sugar,2011-03-15,NA,NA,NA,NA,NA,NA
Sugar,2011-04-15,NA,NA,NA,NA,NA,NA
Sugar,2011-05-15,NA,NA,NA,NA,NA,NA
Sugar,2011-06-15,NA,NA,NA,NA,NA,NA
Sugar,2011-07-15,NA,NA,NA,NA,NA,NA
Sugar,2011-08-15,NA,NA,NA,NA,NA,NA
Sugar,2011-09-15,NA,NA,NA,NA,NA,NA
Sugar,2011-10-15,NA,NA,NA,NA,NA,NA
Sugar,2011-11-15,NA,NA,NA,NA,NA,NA
Sugar,2011-12-15,NA,NA,NA,NA,NA,NA
Sugar,2012-01-15,NA,NA,NA,NA,NA,NA
Sugar,2012-02-15,NA,NA,NA,NA,NA,NA
Sugar,2012-03-15,NA,NA,NA,NA,NA,NA
Sugar,2012-04-15,NA,NA,NA,NA,NA,NA
Sugar,2012-05-15,NA,NA,NA,NA,NA,NA
Sugar,2012-06-15,NA,NA,NA,NA,NA,NA
Sugar,2012-07-15,NA,NA,NA,NA,NA,NA
Sugar,2012-08-15,NA,NA,NA,NA,NA,NA
Sugar,2012-09-15,NA,NA,NA,NA,NA,NA
Sugar,2012-10-15,NA,NA,NA,NA,NA,NA
Sugar,2012-11-15,NA,NA,NA,NA,NA,NA
Sugar,2012-12-15,NA,NA,NA,NA,NA,NA
Sugar,2013-01-15,per kg,53.245,0.545,4,NA,NA
Sugar,2013-02-15,per kg,52.36,0.5325,4,-0.016621278993332655,NA
Sugar,2013-03-15,per kg,55.754999999999995,0.5700000000000001,4,0.06483957219251324,NA
Sugar,2013-04-15,per kg,53.4125,0.5425,4,-0.042014169132813084,NA
Sugar,2013-05-15,per kg,53.7775,0.545,4,0.0068336063655511925,NA
Sugar,2013-06-15,NA,NA,NA,NA,NA,NA
Sugar,2013-07-15,per kg,54.62,0.5475000000000001,4,NA,NA
Sugar,2013-08-15,per kg,54.46,0.5325,4,-0.0029293299157816532,NA
Sugar,2013-09-15,per kg,53.97,0.515,4,-0.00899742930591263,NA
Sugar,2013-10-15,per kg,55.96,0.53,1,0.036872336483231516,NA
Sugar,2013-11-15,per kg,59.08,0.55,1,0.05575411007862763,NA
Sugar,2013-12-15,NA,NA,NA,NA,NA,NA
Sugar,2014-01-15,per kg,51.468,0.49,5,NA,-0.033374025730115386
Sugar,2014-02-15,per kg,51.765,0.495,4,0.0057705758918162875,-0.011363636363636354
Sugar,2014-03-15,per kg,53.72,0.5425,4,0.03776683087027921,-0.03649896870235847
Sugar,2014-04-15,per kg,53.5475,0.56,4,-0.0032110945644080457,0.002527498244792925
Sugar,2014-05-15,per kg,53.115,0.5375000000000001,4,-0.008076941033661633,-0.012319278508669984
Sugar,2014-06-15,per kg,54.104,0.55,5,0.018619975524804655,NA
Sugar,2014-07-15,per kg,56.95,0.576,5,0.05260239538666278,0.04265836689857205
Sugar,2014-08-15,per kg,58.765,0.59,4,0.031870061457418775,0.07904884318766059
Sugar,2014-09-15,per kg,61.4675,0.5974999999999999,4,0.045988258317025466,0.1389197702427274
Sugar,2014-10-15,per kg,59.644999999999996,0.58,4,-0.029649814942856012,0.06585060757684058
Sugar,2014-11-15,per kg,56.59,0.555,4,-0.051219716656886405,-0.042146242383209076
Sugar,2014-12-15,per kg,54.168,0.54,5,-0.042799081109736736,NA
Sugar,2015-01-15,per kg,54.455,0.54,4,0.005298331118003263,0.05803606124193661
Sugar,2015-02-15,per kg,53.984,0.532,5,-0.008649343494628536,0.04286680189317105
Sugar,2015-03-15,per kg,54.455,0.535,4,0.00872480735032588,0.013682055100521229
Sugar,2015-04-15,per kg,57.274,0.564,5,0.05176751446148198,0.06959241794668292
Sugar,2015-05-15,per kg,60.455,0.595,4,0.055540035618256045,0.13819071825284746
Sugar,2015-06-15,per kg,63.256,0.62,5,0.04633198246629733,0.169155700133077
Sugar,2015-07-15,per kg,66.208,0.65,5,0.04666750980144174,0.1625636523266023
Sugar,2015-08-15,per kg,65.6325,0.6475,4,-0.008692303044949279,0.11686377946056314
Sugar,2015-09-15,per kg,64.6825,0.6174999999999999,4,-0.014474536243476721,0.05230406312278846
Sugar,2015-10-15,per kg,60.896,0.582,5,-0.05853979051520897,0.020974096739039494
Sugar,2015-11-15,per kg,58.9375,0.5575,4,-0.032161389910667415,0.04148259409789712
Sugar,2015-12-15,per kg,57.548,0.55,5,-0.023575821845174927,0.062398464037808354
Sugar,2016-01-15,per kg,59.792,0.57,5,0.03899353583095855,0.09800752915251132
Sugar,2016-02-15,per kg,63.141999999999996,0.604,5,0.05602756221568095,0.16964285714285698
Sugar,2016-03-15,per kg,63.414,0.606,5,0.004307750783947295,0.16452116426407137
Sugar,2016-04-15,per kg,64.34,0.615,4,0.014602453716844987,0.12337186157767932
Sugar,2016-05-15,per kg,64.5425,0.615,4,0.0031473422443271115,0.06761227359192801
Sugar,2016-06-15,per kg,65.1425,0.6225,4,0.009296200178177116,0.029823257872770847
Sugar,2016-07-15,per kg,68.23,0.655,4,0.04739609318033544,0.03054011599806672
Sugar,2016-08-15,per kg,72.1925,0.69,4,0.05807562655723286,0.09995048184969346
Sugar,2016-09-15,per kg,71.8075,0.6875,4,-0.005332963950548719,0.11015344181192743
Sugar,2016-10-15,per kg,71.45,0.685,4,-0.004978588587543076,0.17331187598528652
Sugar,2016-11-15,per kg,71.836,0.69,5,0.005402379286214121,0.21885047720042405
Sugar,2016-12-15,per kg,63.586,0.608,5,-0.11484492455036477,0.10492110933481613
Sugar,2017-01-15,per kg,64.234,0.614,5,0.010190922530116664,0.07429087503344922
Sugar,2017-02-15,per kg,64,0.61,4,-0.0036429305352304597,0.013588419752304404
Sugar,2017-03-15,per kg,60.942,0.584,5,-0.04778125,-0.038981928280821254
Sugar,2017-04-15,per kg,60.588,0.578,5,-0.005808801811558517,-0.05831520049735783
Sugar,2017-05-15,per kg,59.074,0.5640000000000001,5,-0.024988446557074107,-0.08472711779060316
Sugar,2017-06-15,per kg,57.7375,0.55,4,-0.022624166299895054,-0.11367386882603525
Sugar,2017-07-15,per kg,55.9975,0.5325,4,-0.03013639315869232,-0.1792833064634325
Sugar,2017-08-15,per kg,56.998,0.54,5,0.017866869056654133,-0.21047200193925963
Sugar,2017-09-15,per kg,56.379999999999995,0.5325,4,-0.01084248570125268,-0.21484524597012855
Sugar,2017-10-15,per kg,55.95,0.535,4,-0.007626818020574522,-0.2169349195241428
Sugar,2017-11-15,per kg,54.1925,0.515,4,-0.031411974977658574,-0.24560805167325572
Sugar,2017-12-15,per kg,54.135,0.4925,4,-0.0010610324306870034,-0.148633346963168
Sugar,2018-01-15,per kg,53.834,0.488,5,-0.005560173639974075,-0.16190802378802494
Sugar,2018-02-15,per kg,52.706,0.476,5,-0.020953300887914694,-0.17646874999999995
Sugar,2018-03-15,per kg,52.068,0.47,5,-0.01210488369445617,-0.14561386236093343
Sugar,2018-04-15,per kg,53.706,0.46399999999999997,5,0.03145886148882249,-0.11358684888096648
Sugar,2018-05-15,per kg,54.155,0.46749999999999997,4,0.008360332178899865,-0.08326844296983438
Sugar,2018-06-15,per kg,54.096,0.454,5,-0.0010894654233220002,-0.0630699285559645
Sugar,2018-07-15,per kg,55.154,0.448,5,0.019557823129251917,-0.015063172463056329
Sugar,2018-08-15,per kg,56.12,0.454,5,0.017514595496246788,-0.015404049264886477
Sugar,2018-09-15,per kg,55.052,0.448,5,-0.01903064861012116,-0.023554451933309628
Sugar,2018-10-15,per kg,55.415,0.4175,4,0.006593765894063797,-0.009562109025916032
Sugar,2018-11-15,per kg,54.5475,0.4075,4,-0.015654606153568507,0.006550721963371364
Sugar,2018-12-15,per kg,55.708,0.4,5,0.021275035519501273,0.029056987161725223
Sugar,2019-01-15,per kg,55.2075,0.4,4,-0.008984346951963706,0.025513615930452982
Sugar,2019-02-15,per kg,59.57,0.428,5,0.07902006068016121,0.13023185216104416
Sugar,2019-03-15,per kg,62.17,0.4475,4,0.04364613060265232,0.194015518168549
Sugar,2019-04-15,per kg,66.64500000000001,0.47,4,0.07198005468875679,0.24092280192157323
Sugar,2019-05-15,per kg,69.015,0.49,4,0.03556155750618939,0.27439756255193415
Sugar,2019-06-15,per kg,72.685,0.4675,4,0.053176845613272405,0.3436298432416447
Sugar,2019-07-15,per kg,72.698,0.458,5,1.7885395886341193e-4,0.3180911629256262
Sugar,2019-08-15,per kg,75.95,0.475,4,0.044733005034526485,0.35334996436208144
Sugar,2019-09-15,per kg,76.0275,0.49,4,0.0010204081632652073,0.3810124972753035
Sugar,2019-10-15,per kg,74.34333333333333,0.4766666666666666,3,-0.02215207216686943,0.34157418268218587
Sugar,2019-11-15,per kg,73.33200000000001,0.476,5,-0.01360355109178124,0.3443695861405198
Sugar,2019-12-15,per kg,71.994,0.468,5,-0.018245786287023558,0.29234580311624914
Sugar,2020-01-15,per kg,76.324,0.492,5,0.06014390088062882,0.3824933206538965
Sugar,2020-02-15,per kg,80.64,0.525,4,0.05654839893087371,0.3537015276145712
Sugar,2020-03-15,per kg,81.714,0.522,5,0.013318452380952417,0.3143638410809071
Sugar,2020-04-15,per kg,83.9025,0.5075000000000001,4,0.026782436302224877,0.2589466576637405
Sugar,2020-05-15,per kg,83.91,0.5275000000000001,4,8.938946992032015e-5,0.21582264725059774
Sugar,2020-06-15,per kg,82.935,0.5025,4,-0.011619592420450409,0.14101946756552253
Sugar,2020-07-15,per kg,85.4975,0.5125,4,0.03089769096280226,0.17606399075627954
Sugar,2020-08-15,per kg,96.244,0.578,5,0.12569373373490444,0.26720210664911126
Sugar,2020-09-15,per kg,95.574,0.578,5,-0.006961472922987433,0.2570977606787017
Sugar,2020-10-15,per kg,100.71333333333334,0.62,3,0.05377334142479473,0.35470564498049595
Sugar,2020-11-15,per kg,100.024,0.634,5,-0.006844509167935442,0.3639884361533845
Sugar,2020-12-15,per kg,83.964,0.526,5,-0.16056146524834047,0.16626385532127674
Sugar,2021-01-15,per kg,92.43,0.576,5,0.10082892668286414,0.21102143493527614
Sugar,2021-02-15,per kg,94.6275,0.595,4,0.02377474845829264,0.17345610119047605
Sugar,2021-03-15,per kg,100.2,0.64,4,0.058888800824284715,0.22622806373448867
Sugar,2021-04-15,per kg,98.346,0.644,5,-0.01850299401197608,0.17214624117278987
Sugar,2021-05-15,per kg,98.092,0.644,5,-0.0025827181583389924,0.16901442021213198
Sugar,2021-06-15,per kg,98.734,0.632,5,0.0065448762386330905,0.19049858322782898
Sugar,2021-07-15,per kg,103.715,0.6525000000000001,4,0.05044868029250327,0.21307640574285802
Sugar,2021-08-15,per kg,106.06,0.65,5,0.02261003712095655,0.10199077345081253
Sugar,2021-09-15,per kg,108.38499999999999,0.64,4,0.021921553837450425,0.1340427312867516
Sugar,2021-10-15,per kg,107.065,0.6275000000000001,4,-0.012178807030493122,0.06306679022969486
Sugar,2021-11-15,per kg,106.0125,0.61,4,-0.009830476813150857,0.059870631048548395
Sugar,2021-12-15,per kg,92.60000000000001,0.52,5,-0.1265180992807451,0.10285360392549192
Sugar,2022-01-15,per kg,92.734,0.528,5,0.001447084233261231,0.0032889754408740313
Sugar,2022-02-15,per kg,90.42,0.5125,4,-0.02495309163844972,-0.04446381865736704
Sugar,2022-03-15,per kg,87.956,0.49,5,-0.027250608272506027,-0.12219560878243507
Sugar,2022-04-15,per kg,87.40599999999999,0.482,5,-0.006253126563281808,-0.11123990807963735
Sugar,2022-05-15,per kg,86.5825,0.45,4,-0.009421550008008595,-0.11733372752110272
Sugar,2022-06-15,per kg,88.514,0.428,5,0.02230820315883686,-0.10351044219822958
Sugar,2022-07-15,per kg,89.226,0.426,5,0.008043925254761941,-0.13970013980619966
Sugar,2022-08-15,per kg,90.0475,0.42,4,0.009206957613251854,-0.1509758627192156
Sugar,2022-09-15,per kg,89.44333333333333,0.38,3,-0.0067094218791934335,-0.17476280543125589
Sugar,2022-10-15,per kg,88.654,0.40599999999999997,5,-0.00882495434725894,-0.17196095829636204
Sugar,2022-11-15,per kg,91.3,0.414,5,0.029846369030162245,-0.13878080415045402
Sugar,2022-12-15,per kg,95.3575,0.425,4,0.044441401971522465,0.02977861771058299
Sugar,2023-01-15,per kg,95.5025,0.4175,4,0.0015205935558293415,0.029854206655595572
Sugar,2023-02-15,per kg,95.706,0.358,5,0.0021308342713541872,0.05846051758460513
Sugar,2023-03-15,per kg,106.1375,0.3775,4,0.10899525630576967,0.2067113102005549
Sugar,2023-04-15,per kg,125.7375,0.4425,4,0.1846661170651278,0.438545408782006
Sugar,2023-05-15,per kg,125.3075,0.44,4,-0.0034198230440400934,0.4472612825917479
Sugar,2023-06-15,per kg,126.7425,0.4425,4,0.01145182850188542,0.4318921300585219
Sugar,2023-07-15,per kg,142.55,0.5125,4,0.1247213839083181,0.5976284939367451
Sugar,2023-08-15,per kg,157.442,0.542,5,0.10446860750613807,0.7484327715927706
Sugar,2023-09-15,per kg,169.018,0.57,5,0.07352548875141318,0.8896657101330452
Sugar,2023-10-15,per kg,151.5275,0.5475,4,-0.103483060975754,0.7092009384799334
Sugar,2023-11-15,per kg,142.4875,0.495,4,-0.05965913778027088,0.5606516976998905
Sugar,2023-12-15,per kg,145.66000000000003,0.5125,4,0.022265110974647007,0.5275148782214301
Sugar,2024-01-15,per kg,149.5375,0.535,4,0.02662021145132476,0.5657967068924896
Sugar,2024-02-15,per kg,147.812,0.532,5,-0.01153891164423626,0.5444381752450214
Sugar,2024-03-15,per kg,149.0525,0.5325,4,0.008392417395069351,0.4043340007066305
Sugar,2024-04-15,per kg,146.35399999999998,0.528,5,-0.018104359202294695,0.16396460880803243
Sugar,2024-05-15,per kg,147.85,0.53,4,0.010221790999904501,0.17989745226742215
Sugar,2024-06-15,per kg,145.37199999999999,0.522,5,-0.016760229962800244,0.14698700120322683
Sugar,2024-07-15,per kg,150.5525,0.5425,4,0.035636161021379786,0.05613819712381618
Sugar,2024-08-15,per kg,149.915,0.535,4,-0.0042344032812474675,-0.04780808170627926
Sugar,2024-09-15,per kg,142.63400000000001,0.514,5,-0.04856752159557065,-0.1561017169768899
Sugar,2024-10-15,per kg,136.676,0.494,5,-0.04177124668732579,-0.0980119120291697
Sugar,2024-11-15,per kg,133.002,0.48,5,-0.02688109104744052,-0.06657075182033512
Sugar,2024-12-15,per kg,136.1175,0.49,4,0.023424459782559692,-0.06551215158588508
Sugar,2025-01-15,per kg,144.236,0.516,5,0.059643322864436854,-0.03545264565744377
Sugar,2025-02-15,per kg,156.022,0.556,5,0.08171330319753745,0.05554352826563469
Sugar,2025-03-15,per kg,169.398,0.606,5,0.08573149940393021,0.13649888462119053
Sugar,2025-04-15,per kg,171.01749999999998,0.61,4,0.009560325387548696,0.16851948016453266
Sugar,2025-05-15,per kg,176.5225,0.6275,4,0.03218968818980539,0.1939296584376058
Sugar,2025-06-15,per kg,180.75199999999998,0.636,5,0.023960118398504315,0.24337561566188803
Sugar,2025-07-15,per kg,186.095,0.6525000000000001,4,0.02955983889528202,0.23608043705684056
Sugar,2025-08-15,per kg,182.71,0.6475,4,-0.018189634326553628,0.21875729580095404
Sugar,2025-09-15,per kg,184.186,0.648,5,0.008078375567839746,0.29131904034101264
Sugar,2025-10-15,per kg,188.072,0.664,5,0.021098237651069995,0.3760426117240776
Sugar,2025-11-15,per kg,190.86718,0.684,5,0.014862286783784873,0.4350699989473841
Sugar,2025-12-15,per kg,178.825,0.635,4,-0.0630919364974114,0.3137546604955277
Sugar,2026-01-15,per kg,161,0.576,5,-0.09967845659163976,0.11622618486369563
Sugar,2026-02-15,per kg,158.6,0.568,5,-0.014906832298136719,0.016523310815141468
Sugar,2026-03-15,per kg,154,0.5525,4,-0.029003783102143688,-0.0908983577137864
Sugar,2026-04-15,per kg,151.4,0.546,5,-0.016883116883116833,-0.1147104828453227
Sugar,2026-05-15,per kg,151.5,0.545,4,6.605019815058011e-4,-0.1417524678157176
Wheat,2004-01-15,NA,NA,NA,NA,NA,NA
Wheat,2004-02-15,NA,NA,NA,NA,NA,NA
Wheat,2004-03-15,NA,NA,NA,NA,NA,NA
Wheat,2004-04-15,NA,NA,NA,NA,NA,NA
Wheat,2004-05-15,NA,NA,NA,NA,NA,NA
Wheat,2004-06-15,NA,NA,NA,NA,NA,NA
Wheat,2004-07-15,NA,NA,NA,NA,NA,NA
Wheat,2004-08-15,NA,NA,NA,NA,NA,NA
Wheat,2004-09-15,NA,NA,NA,NA,NA,NA
Wheat,2004-10-15,NA,NA,NA,NA,NA,NA
Wheat,2004-11-15,NA,NA,NA,NA,NA,NA
Wheat,2004-12-15,NA,NA,NA,NA,NA,NA
Wheat,2005-01-15,NA,NA,NA,NA,NA,NA
Wheat,2005-02-15,NA,NA,NA,NA,NA,NA
Wheat,2005-03-15,NA,NA,NA,NA,NA,NA
Wheat,2005-04-15,NA,NA,NA,NA,NA,NA
Wheat,2005-05-15,NA,NA,NA,NA,NA,NA
Wheat,2005-06-15,NA,NA,NA,NA,NA,NA
Wheat,2005-07-15,NA,NA,NA,NA,NA,NA
Wheat,2005-08-15,NA,NA,NA,NA,NA,NA
Wheat,2005-09-15,NA,NA,NA,NA,NA,NA
Wheat,2005-10-15,NA,NA,NA,NA,NA,NA
Wheat,2005-11-15,NA,NA,NA,NA,NA,NA
Wheat,2005-12-15,NA,NA,NA,NA,NA,NA
Wheat,2006-01-15,per kg,12.075,0.2025,4,NA,NA
Wheat,2006-02-15,per kg,12.2,0.20500000000000002,4,0.010351966873705987,NA
Wheat,2006-03-15,per kg,12.175,0.20500000000000002,4,-0.002049180327868716,NA
Wheat,2006-04-15,per kg,11.775,0.195,4,-0.03285420944558526,NA
Wheat,2006-05-15,per kg,11.475,0.1925,4,-0.025477707006369532,NA
Wheat,2006-06-15,per kg,11.425,0.1925,4,-0.004357298474945481,NA
Wheat,2006-07-15,per kg,11.333333333333334,0.19,3,-0.008023340627279385,NA
Wheat,2006-08-15,per kg,11.875,0.2,4,0.047794117647058876,NA
Wheat,2006-09-15,per kg,11.766666666666666,0.19666666666666668,3,-0.009122807017543977,NA
Wheat,2006-10-15,per kg,12,0.195,4,0.019830028328611915,NA
Wheat,2006-11-15,per kg,12.225,0.2025,4,0.018750000000000044,NA
Wheat,2006-12-15,per kg,12.55,0.205,4,0.026584867075664764,NA
Wheat,2007-01-15,per kg,12.682500000000001,0.2075,4,0.010557768924302824,0.0503105590062114
Wheat,2007-02-15,per kg,12.72,0.2075,4,0.002956830277941913,0.04262295081967227
Wheat,2007-03-15,per kg,12.7075,0.2075,4,-9.827044025157994e-4,0.04373716632443525
Wheat,2007-04-15,per kg,12.7075,0.2075,4,0,0.07919320594479817
Wheat,2007-05-15,per kg,11.8475,0.195,4,-0.06767656895534124,0.032461873638344185
Wheat,2007-06-15,per kg,11.913333333333334,0.19666666666666668,3,0.005556727861011579,0.0427425237053245
Wheat,2007-07-15,per kg,12.9125,0.215,4,0.08386961387800773,0.13933823529411749
Wheat,2007-08-15,per kg,12.9775,0.2175,4,0.005033881897386294,0.09284210526315784
Wheat,2007-09-15,per kg,13.94,0.23,3,0.0741668272009246,0.18470254957507093
Wheat,2007-10-15,per kg,14.6575,0.2425,4,0.05147058823529416,0.2214583333333333
Wheat,2007-11-15,per kg,15.65,0.255,4,0.06771277502984807,0.2801635991820042
Wheat,2007-12-15,per kg,17.8975,0.2925,4,0.14361022364217257,0.42609561752988045
Wheat,2008-01-15,per kg,20.0525,0.3225,4,0.12040787819527843,0.5811157106248765
Wheat,2008-02-15,per kg,18.0925,0.2875,4,-0.09774342351327747,0.42236635220125796
Wheat,2008-03-15,per kg,17.64,0.2825,4,-0.025010363410252867,0.3881566004328154
Wheat,2008-04-15,per kg,18.89,0.3,4,0.07086167800453524,0.4865237064725556
Wheat,2008-05-15,per kg,21.146666666666665,0.3066666666666667,3,0.11946356096700184,0.784905394949708
Wheat,2008-06-15,per kg,20.153333333333332,0.30333333333333334,3,-0.04697351828499363,0.6916620033575824
Wheat,2008-07-15,per kg,21.7825,0.31,4,0.080838570956004,0.6869312681510165
Wheat,2008-08-15,per kg,22.0925,0.2925,4,0.01423160794215561,0.7023694856482374
Wheat,2008-09-15,per kg,22.775,0.3,4,0.030892836935611623,0.6337876614060258
Wheat,2008-10-15,per kg,26.2375,0.3275,4,0.15203073545554346,0.7900392290636193
Wheat,2008-11-15,per kg,25.7625,0.325,4,-0.018103858980466958,0.6461661341853033
Wheat,2008-12-15,per kg,25.1425,0.32,4,-0.02406598738476473,0.40480514038273485
Wheat,2009-01-15,per kg,24.675,0.3125,4,-0.018594014119518665,0.2305198853010848
Wheat,2009-02-15,per kg,24.23,0.305,4,-0.018034447821681843,0.3392289622771867
Wheat,2009-03-15,per kg,23.9875,0.3,4,-0.010008254230293057,0.3598356009070294
Wheat,2009-04-15,per kg,24.84,0.3125,4,0.03553934340802489,0.3149814716781365
Wheat,2009-05-15,per kg,23.95,0.29666666666666663,3,-0.03582930756843805,0.13256620428751575
Wheat,2009-06-15,per kg,23.166666666666664,0.29,3,-0.032707028531663296,0.14952034402911019
Wheat,2009-07-15,per kg,24.244999999999997,0.2975,4,0.04654676258992807,0.11304946631470214
Wheat,2009-08-15,per kg,25.03333333333333,0.3,3,0.03251529524987973,0.13311455622194557
Wheat,2009-09-15,per kg,25.226666666666667,0.31,3,0.007723035952063917,0.10764727405781205
Wheat,2009-10-15,per kg,25.5375,0.3075,4,0.012321617336152224,-0.02667937112910912
Wheat,2009-11-15,per kg,25.675,0.3075,4,0.00538423886441497,-0.003396409509946574
Wheat,2009-12-15,per kg,26.0425,0.3075,4,0.014313534566699149,0.035795963010838205
Wheat,2010-01-15,per kg,26.502499999999998,0.315,4,0.01766343477008725,0.074062816616008
Wheat,2010-02-15,per kg,26.6425,0.3125,4,0.005282520516932454,0.0995666529096162
Wheat,2010-03-15,per kg,26.6125,0.315,4,-0.001126020456038157,0.10943199583116203
Wheat,2010-04-15,per kg,24.9675,0.2975,4,-0.061813057773602575,0.005132850241545972
Wheat,2010-05-15,per kg,23.735,0.28,4,-0.049364173425453184,-0.008977035490605467
Wheat,2010-06-15,per kg,23.7975,0.27749999999999997,4,0.0026332420476089524,0.02723021582733831
Wheat,2010-07-15,per kg,23.33,0.2733333333333333,3,-0.019644920684945943,-0.037739740152608725
Wheat,2010-08-15,per kg,23.71,0.27666666666666667,3,0.01628804114873561,-0.05286284953395459
Wheat,2010-09-15,per kg,25.2775,0.2975,4,0.06611134542387176,0.002015063424947172
Wheat,2010-10-15,per kg,26.0775,0.305,4,0.03164869943625748,0.021145374449339283
Wheat,2010-11-15,per kg,26.2875,0.305,4,0.008052919183203944,0.02385589094449858
Wheat,2010-12-15,per kg,26.36,0.305,4,0.0027579648121729416,0.012191609868484221
Wheat,2011-01-15,per kg,27.0325,0.315,4,0.025512139605462725,0.019998113385529814
Wheat,2011-02-15,per kg,27.2175,0.32,4,0.0068436141681309515,0.021582058740733823
Wheat,2011-03-15,per kg,27.315,0.3225,4,0.003582254064480539,0.026397369657116032
Wheat,2011-04-15,per kg,26.105,0.3125,4,-0.0442980047592898,0.045559226995093516
Wheat,2011-05-15,per kg,23.916666666666668,0.28,3,-0.08382812998786948,0.007653956885050217
Wheat,2011-06-15,per kg,24.086666666666666,0.28,3,0.007108013937282109,0.01215113632384357
Wheat,2011-07-15,per kg,25.735,0.30000000000000004,4,0.06843343481871011,0.10308615516502373
Wheat,2011-08-15,per kg,25.634999999999998,0.29500000000000004,4,-0.003885758694385122,0.08118937157317574
Wheat,2011-09-15,per kg,26.2275,0.3,4,0.023112931538911585,0.03758283058055589
Wheat,2011-10-15,per kg,26.4075,0.3025,4,0.006863025450386084,0.012654587287891816
Wheat,2011-11-15,per kg,27.255,0.315,4,0.032093155353592806,0.03680456490727524
Wheat,2011-12-15,per kg,27.947499999999998,0.31,4,0.025408181984956757,0.06022382397572068
Wheat,2012-01-15,per kg,27.8675,0.31,4,-0.0028625100635119027,0.030888745029131526
Wheat,2012-02-15,per kg,27.8675,0.31,4,0,0.023881693763203815
Wheat,2012-03-15,per kg,28.015,0.31,4,0.005292903920337322,0.025626944902068516
Wheat,2012-04-15,per kg,27.8325,0.3075,4,-0.006514367303230406,0.06617506224861125
Wheat,2012-05-15,per kg,26.416666666666668,0.2866666666666667,3,-0.050869786520554405,0.1045296167247387
Wheat,2012-06-15,per kg,26.69,0.2833333333333333,3,0.010347003154574042,0.10808192637697212
Wheat,2012-07-15,per kg,26.583333333333332,0.2833333333333333,3,-0.003996503059822798,0.032964186257366634
Wheat,2012-08-15,per kg,27.916666666666668,0.29666666666666663,3,0.050156739811912265,0.08900591639035182
Wheat,2012-09-15,per kg,28.997500000000002,0.3075,4,0.038716417910447776,0.10561433609760762
Wheat,2012-10-15,per kg,29.28,0.3075,4,0.009742219156823717,0.10877591593297375
Wheat,2012-11-15,per kg,30.0275,0.3125,4,0.025529371584699367,0.101724454228582
Wheat,2012-12-15,per kg,30.987499999999997,0.3175,4,0.03197069353092985,0.10877538241345386
Wheat,2013-01-15,per kg,33.1475,0.33999999999999997,4,0.06970552642194439,0.1894680183008881
Wheat,2013-02-15,per kg,32.94,0.3375,4,-0.0062598989365715285,0.18202206871804072
Wheat,2013-03-15,per kg,33.205,0.33999999999999997,4,0.008044930176077658,0.1852578975548813
Wheat,2013-04-15,per kg,31.93,0.3225,4,-0.038397831651859615,0.1472199766460074
Wheat,2013-05-15,per kg,30.55666666666667,0.31,3,-0.043010752688172005,0.15671924290220818
Wheat,2013-06-15,per kg,32.8825,0.335,4,0.07611541398494603,0.23201573623079796
Wheat,2013-07-15,per kg,33.44,0.33333333333333337,3,0.016954307002204683,0.25793103448275856
Wheat,2013-08-15,per kg,35.0325,0.34,4,0.047622607655502414,0.25489552238805957
Wheat,2013-09-15,per kg,36.112,0.344,5,0.03081424391636345,0.24534873696008264
Wheat,2013-10-15,per kg,36.13,0.34,4,4.98449268941048e-4,0.23394808743169393
Wheat,2013-11-15,per kg,37.5625,0.34750000000000003,4,0.03964849155826178,0.25093664141203886
Wheat,2013-12-15,per kg,38.8575,0.3625,4,0.034475873544093316,0.25397337636143624
Wheat,2014-01-15,per kg,39.964,0.38,5,0.028475841214694597,0.20564145108982568
Wheat,2014-02-15,per kg,40.812,0.39,5,0.021219097187468616,0.23897996357012752
Wheat,2014-03-15,per kg,41.254,0.414,5,0.0108301479956876,0.2424032525222104
Wheat,2014-04-15,per kg,37.5,0.39,4,-0.09099723663159931,0.17444409646100856
Wheat,2014-05-15,per kg,33.8075,0.33999999999999997,4,-0.0984666666666667,0.10638704047125547
Wheat,2014-06-15,per kg,33.155,0.33999999999999997,4,-0.019300451083339443,0.008287082794799616
Wheat,2014-07-15,per kg,34.14,0.3466666666666667,3,0.029708942844216546,0.020933014354067137
Wheat,2014-08-15,per kg,35.36,0.35250000000000004,4,0.03573520796719398,0.009348462142296565
Wheat,2014-09-15,per kg,34.83,0.34,4,-0.014988687782805488,-0.035500664599025344
Wheat,2014-10-15,per kg,34.93,0.34,4,0.0028710881424061085,-0.03321339606974816
Wheat,2014-11-15,per kg,35.61,0.35,4,0.01946750644145423,-0.05198003327787026
Wheat,2014-12-15,per kg,36.074,0.358,5,0.013030047739398976,-0.07163353278002971
Wheat,2015-01-15,per kg,35.75,0.356,5,-0.008981537949769858,-0.10544490041036925
Wheat,2015-02-15,per kg,35.67,0.352,5,-0.0022377622377621753,-0.12599235518965002
Wheat,2015-03-15,per kg,35.75,0.35,5,0.0022427810485001753,-0.13341736558879136
Wheat,2015-04-15,per kg,34.806,0.342,5,-0.026405594405594424,-0.07184000000000001
Wheat,2015-05-15,per kg,34.132,0.334,5,-0.01936447738895586,0.009598461879760434
Wheat,2015-06-15,per kg,32.9,0.322,5,-0.03609515996718615,-0.007691147639873441
Wheat,2015-07-15,per kg,33.094,0.322,5,0.005896656534954525,-0.030638547158758023
Wheat,2015-08-15,per kg,33.162,0.322,5,0.0020547531274550668,-0.0621606334841629
Wheat,2015-09-15,per kg,33.124,0.32,5,-0.001145889873952033,-0.04898076370944582
Wheat,2015-10-15,per kg,34.084,0.326,5,0.02898200700398501,-0.024219868308044568
Wheat,2015-11-15,per kg,34.96,0.33,5,0.02570120877831239,-0.01825329963493394
Wheat,2015-12-15,per kg,35.354,0.336,5,0.01127002288329515,-0.01995897322171092
Wheat,2016-01-15,per kg,35.574,0.34,5,0.0062227753578094624,-0.00492307692307703
Wheat,2016-02-15,per kg,35.636,0.33999999999999997,5,0.0017428458986901152,-9.531819456125579e-4
Wheat,2016-03-15,per kg,35.384,0.34,5,-0.007071500729599389,-0.010237762237762182
Wheat,2016-04-15,per kg,34.124,0.324,5,-0.03560931494460773,-0.019594322817904852
Wheat,2016-05-15,per kg,32.655,0.315,4,-0.04304888055327627,-0.043273174733387876
Wheat,2016-06-15,per kg,32.7325,0.315,4,0.0023732965855152166,-0.005091185410334265
Wheat,2016-07-15,per kg,33.554,0.322,5,0.025097380279538672,0.013899800568078824
Wheat,2016-08-15,per kg,33.874,0.324,5,0.009536865947427975,0.021470357638260662
Wheat,2016-09-15,per kg,33.886,0.326,5,3.54254000118015e-4,0.02300446805941303
Wheat,2016-10-15,per kg,34.352000000000004,0.328,5,0.013751991973086186,0.007862926886515575
Wheat,2016-11-15,per kg,34.612,0.33,5,0.007568700512342819,-0.00995423340961099
Wheat,2016-12-15,per kg,35.134,0.334,5,0.015081474633075187,-0.0062227753578095735
Wheat,2017-01-15,per kg,35.124,0.334,5,-2.8462458017863845e-4,-0.012649687974363166
Wheat,2017-02-15,per kg,35.374,0.336,5,0.007117640359867838,-0.007352115837916728
Wheat,2017-03-15,per kg,35.324,0.336,5,-0.0014134675185165646,-0.0016956816640290029
Wheat,2017-04-15,per kg,34.538,0.328,5,-0.022251160683954274,0.012132223654905516
Wheat,2017-05-15,per kg,33.288,0.318,5,-0.0361920203833459,0.019384474046853395
Wheat,2017-06-15,per kg,33.246,0.316,5,-0.0012617159336696382,0.015687772091957486
Wheat,2017-07-15,per kg,32.53,0.3075,4,-0.02153642543463874,-0.030517971031769675
Wheat,2017-08-15,per kg,32.025,0.3025,4,-0.015524131570857747,-0.05458463718486162
Wheat,2017-09-15,per kg,32.2075,0.3075,4,0.005698672911787828,-0.04953373074426015
Wheat,2017-10-15,per kg,33.106,0.312,5,0.027897228906310634,-0.036271541686073605
Wheat,2017-11-15,per kg,34.33,0.324,5,0.036972150063432574,-0.008147463307523473
Wheat,2017-12-15,per kg,35.16,0.322,5,0.0241771045732595,7.400239084647264e-4
Wheat,2018-01-15,per kg,35.254,0.32,5,0.0026734926052331964,0.0037011729871312404
Wheat,2018-02-15,per kg,35.276,0.32,5,6.240426618258077e-4,-0.002770396336292169
Wheat,2018-03-15,per kg,35.199999999999996,0.318,5,-0.002154439278829967,-0.003510361227494152
Wheat,2018-04-15,per kg,34.35,0.298,5,-0.02414772727272707,-0.005443279865655071
Wheat,2018-05-15,per kg,32.3125,0.28,4,-0.05931586608442507,-0.029304854602258956
Wheat,2018-06-15,per kg,33.85,0.28200000000000003,5,0.04758220502901356,0.018167599109667254
Wheat,2018-07-15,per kg,33.7175,0.2725,4,-0.00391432791728219,0.036504764832462344
Wheat,2018-08-15,per kg,34.65,0.278,5,0.027656261585230046,0.08196721311475419
Wheat,2018-09-15,per kg,34.812,0.28,5,0.00467532467532461,0.0808662578591941
Wheat,2018-10-15,per kg,35.226,0.268,5,0.011892450879007255,0.06403673050202374
Wheat,2018-11-15,per kg,35.4,0.266,5,0.004939533299267662,0.03116807457034665
Wheat,2018-12-15,per kg,35.55,0.258,5,0.004237288135593209,0.011092150170648463
Wheat,2019-01-15,per kg,35.88,0.258,5,0.009282700421941126,0.01775685028649243
Wheat,2019-02-15,per kg,36.1,0.26,5,0.006131549609810438,0.023358657444154662
Wheat,2019-03-15,per kg,36.15,0.262,5,0.0013850415512464131,0.026988636363636465
Wheat,2019-04-15,per kg,35.704,0.252,5,-0.012337482710926606,0.0394177583697235
Wheat,2019-05-15,per kg,35.425,0.25,4,-0.007814250504145304,0.09632495164410049
Wheat,2019-06-15,per kg,36.788000000000004,0.23600000000000002,5,0.038475652787579584,0.08679468242245214
Wheat,2019-07-15,per kg,37.234,0.23600000000000002,5,0.012123518538653899,0.10429302291095133
Wheat,2019-08-15,per kg,37.106,0.232,5,-0.0034377182145350904,0.07088023088023099
Wheat,2019-09-15,per kg,37.0075,0.2375,4,-0.002654557214466724,0.06306733310352763
Wheat,2019-10-15,per kg,38.276,0.246,5,0.034276835776531955,0.08658377334923073
Wheat,2019-11-15,per kg,40.306,0.26,5,0.0530358449158741,0.13858757062146898
Wheat,2019-12-15,per kg,43.22,0.28,5,0.07229692849699809,0.2157524613220816
Wheat,2020-01-15,per kg,47.492,0.306,5,0.09884312818139751,0.3236343366778147
Wheat,2020-02-15,per kg,47.054,0.304,5,-0.009222605912574622,0.3034349030470913
Wheat,2020-03-15,per kg,45.714,0.29200000000000004,5,-0.02847791898669616,0.2645643153526971
Wheat,2020-04-15,per kg,43.954,0.266,5,-0.03850024062650392,0.23106654716558372
Wheat,2020-05-15,per kg,41.0325,0.26,4,-0.06646721572553127,0.15829216654904732
Wheat,2020-06-15,per kg,45.614,0.278,5,0.11165539511362943,0.23991518973578319
Wheat,2020-07-15,per kg,49.92,0.3025,4,0.09440084184680142,0.3407101036686899
Wheat,2020-08-15,per kg,52.736,0.316,5,0.05641025641025621,0.4212256777879586
Wheat,2020-09-15,per kg,54.476,0.328,5,0.032994538834951515,0.4720259406876983
Wheat,2020-10-15,per kg,57.416,0.352,5,0.05396872017035026,0.5000522520639563
Wheat,2020-11-15,per kg,56.208,0.356,5,-0.021039431517347107,0.3945318314891084
Wheat,2020-12-15,per kg,54.612,0.34,5,-0.02839453458582397,0.26358167515039344
Wheat,2021-01-15,per kg,57.432,0.36,5,0.05163700285651496,0.2092984081529521
Wheat,2021-02-15,per kg,57.622,0.362,5,0.0033082602033709385,0.22459302078463028
Wheat,2021-03-15,per kg,57.482,0.368,5,-0.0024296275728020733,0.25742660891630575
Wheat,2021-04-15,per kg,53.492,0.352,5,-0.06941303364531504,0.21699959048095718
Wheat,2021-05-15,per kg,51.8425,0.3425,4,-0.030836386749420353,0.2634497045025286
Wheat,2021-06-15,per kg,53.476,0.342,5,0.03150889714037697,0.17235936335335644
Wheat,2021-07-15,per kg,53.55,0.334,5,0.0013837983394420217,0.07271634615384603
Wheat,2021-08-15,per kg,53.035,0.3225,4,-0.009617180205415465,0.005669751213592145
Wheat,2021-09-15,per kg,55.766,0.33,5,0.051494296219477764,0.02368015272780677
Wheat,2021-10-15,per kg,59.744,0.352,5,0.07133378761252374,0.040546189215549644
Wheat,2021-11-15,per kg,60.236,0.344,5,0.0082351365827531,0.07166239681184172
Wheat,2021-12-15,per kg,60.142,0.338,5,-0.0015605285875555097,0.10125979638174765
Wheat,2022-01-15,per kg,62.354,0.356,5,0.03677962156230241,0.08570135116311461
Wheat,2022-02-15,per kg,61.846,0.352,5,-0.00814703146550344,0.07330533476797041
Wheat,2022-03-15,per kg,60.882,0.34,5,-0.015587103450506068,0.05914895097595774
Wheat,2022-04-15,per kg,61.036,0.338,5,0.002529483262704968,0.14103043445748908
Wheat,2022-05-15,per kg,63.788,0.332,5,0.045088144701487476,0.2304190577229106
Wheat,2022-06-15,per kg,70.024,0.34,5,0.09776133442026724,0.30944722866332564
Wheat,2022-07-15,per kg,73.4975,0.34750000000000003,4,0.049604421341254534,0.37250233426704016
Wheat,2022-08-15,per kg,74.785,0.35,4,0.017517602639545382,0.41010653342132564
Wheat,2022-09-15,per kg,81.8525,0.3475,4,0.09450424550377767,0.467785030305204
Wheat,2022-10-15,per kg,87.196,0.396,5,0.06528206224611344,0.45949384038564545
Wheat,2022-11-15,per kg,87.59,0.396,5,0.0045185558970595174,0.45411381897868397
Wheat,2022-12-15,per kg,92.934,0.414,5,0.06101153099668899,0.545242925077317
Wheat,2023-01-15,per kg,118.156,0.516,5,0.27139690533066485,0.8949225390512239
Wheat,2023-02-15,per kg,113.024,0.424,5,-0.043434104065811385,0.8275070335995862
Wheat,2023-03-15,per kg,121.568,0.432,5,0.07559456398640996,0.9967806576656484
Wheat,2023-04-15,per kg,119.96,0.424,5,-0.013227165043432465,0.9653974703453698
Wheat,2023-05-15,per kg,119.874,0.42,5,-7.16905635211762e-4,0.8792562864488618
Wheat,2023-06-15,per kg,116.886,0.41,5,-0.02492617248110518,0.6692276933622756
Wheat,2023-07-15,per kg,126.09500000000006,0.456,5,0.07878616771897451,0.7156365862784455
Wheat,2023-08-15,per kg,125.38300000000005,0.43,5,-0.005646536341647246,0.6765795279802107
Wheat,2023-09-15,per kg,123.174,0.414,5,-0.017618018391648338,0.5048288079166794
Wheat,2023-10-15,per kg,120.124,0.434,5,-0.024761719193985843,0.3776320014679573
Wheat,2023-11-15,per kg,121.114,0.42,5,0.00824148380007328,0.38273775545153566
Wheat,2023-12-15,per kg,125.2,0.442,5,0.03373680994765271,0.3471926313297611
Wheat,2024-01-15,per kg,126.53399999999999,0.452,5,0.010654952076677215,0.07090625952131058
Wheat,2024-02-15,per kg,125.376,0.448,5,-0.009151690454739292,0.10928652321630805
Wheat,2024-03-15,per kg,120.786,0.434,5,-0.03660987748851452,-0.006432613845748891
Wheat,2024-04-15,per kg,105.074,0.38,5,-0.13008130081300817,-0.12409136378792929
Wheat,2024-05-15,per kg,88.2375,0.3175,4,-0.16023469174105864,-0.26391461034085795
Wheat,2024-06-15,per kg,81.83,0.29250000000000004,4,-0.07261651792038526,-0.2999161576236675
Wheat,2024-07-15,per kg,85.21,0.305,4,0.041305144812415984,-0.3242396605733776
Wheat,2024-08-15,per kg,80.1175,0.28750000000000003,4,-0.059764112193404384,-0.3610178413341524
Wheat,2024-09-15,per kg,75.498,0.272,5,-0.05765906325085035,-0.3870622046860539
Wheat,2024-10-15,per kg,78.324,0.282,5,0.03743145513788426,-0.3479737604475376
Wheat,2024-11-15,per kg,81.364,0.29,5,0.03881313518206442,-0.3282031804745942
Wheat,2024-12-15,per kg,81.118,0.294,5,-0.0030234501745244335,-0.3520926517571885
Wheat,2025-01-15,per kg,79.898,0.286,5,-0.015039818535959926,-0.3685649706798173
Wheat,2025-02-15,per kg,78.78,0.282,5,-0.013992840872111834,-0.3716500765696784
Wheat,2025-03-15,per kg,79,0.282,5,0.002792586951002818,-0.34595068964946274
Wheat,2025-04-15,per kg,71.51,0.254,5,-0.09481012658227839,-0.31943201933875165
Wheat,2025-05-15,per kg,64.478,0.228,5,-0.09833589707733204,-0.26926760164329233
Wheat,2025-06-15,per kg,64.988,0.23,5,0.007909674617699203,-0.20581693755346453
Wheat,2025-07-15,per kg,64.238,0.226,5,-0.011540592109312464,-0.24612134725971124
Wheat,2025-08-15,per kg,72.206,0.256,5,0.12403873096920837,-0.09874871282803388
Wheat,2025-09-15,per kg,95.316,0.336,5,0.3200565049995845,0.2624970197886036
Wheat,2025-10-15,per kg,98.39,0.34800000000000003,5,0.032250618993663105,0.2561922271589807
Wheat,2025-11-15,per kg,101.2,0.358,5,0.02855981298912491,0.2437933238287202
Wheat,2025-12-15,per kg,105.98,0.376,5,0.04723320158102773,0.3064917774106859
Wheat,2026-01-15,per kg,117.8,0.42,5,0.11153047744857503,0.4743798342887182
Wheat,2026-02-15,per kg,118.6,0.426,5,0.00679117147707986,0.5054582381315054
Wheat,2026-03-15,per kg,111.6,0.4,5,-0.05902192242833049,0.41265822784810124
Wheat,2026-04-15,per kg,105.2,0.376,5,-0.05734767025089593,0.4711229198713467
Wheat,2026-05-15,per kg,109.5,0.3925,4,0.040874524714828775,0.6982536679177396
Wheat flour,2004-01-15,per kg,12.552,0.222,5,NA,NA
Wheat flour,2004-02-15,per kg,12.804,0.224,5,0.020076481835564097,NA
Wheat flour,2004-03-15,per kg,13.288,0.23,5,0.037800687285223455,NA
Wheat flour,2004-04-15,per kg,12.27,0.216,5,-0.07661047561709822,NA
Wheat flour,2004-05-15,per kg,12.866,0.224,5,0.04857375713121437,NA
Wheat flour,2004-06-15,per kg,12.728,0.22,5,-0.01072594434944818,NA
Wheat flour,2004-07-15,per kg,13.234,0.226,5,0.03975487115022003,NA
Wheat flour,2004-08-15,per kg,13.384,0.226,5,0.011334441589844424,NA
Wheat flour,2004-09-15,per kg,13.376,0.226,5,-5.977286312015551e-4,NA
Wheat flour,2004-10-15,per kg,13.514,0.226,5,0.010316985645933086,NA
Wheat flour,2004-11-15,per kg,14.158,0.238,5,0.04765428444575992,NA
Wheat flour,2004-12-15,per kg,14.068,0.23600000000000002,5,-0.006356830060743057,NA
Wheat flour,2005-01-15,per kg,13.802,0.23399999999999999,5,-0.018908160363946602,0.09958572339069471
Wheat flour,2005-02-15,per kg,13.906,0.236,5,0.007535139834806692,0.08606685410809134
Wheat flour,2005-03-15,per kg,14.016,0.236,5,0.007910254566374286,0.054786273329319624
Wheat flour,2005-04-15,per kg,13.77,0.232,5,-0.017551369863013755,0.12224938875305624
Wheat flour,2005-05-15,per kg,13.116,0.222,5,-0.047494553376906334,0.019431058604072682
Wheat flour,2005-06-15,per kg,13.1,0.22,5,-0.0012198841110094838,0.02922690131992467
Wheat flour,2005-07-15,per kg,13.5,0.226,5,0.03053435114503822,0.020099743085990607
Wheat flour,2005-08-15,per kg,12.76,0.214,5,-0.05481481481481487,-0.04662283323371197
Wheat flour,2005-09-15,per kg,12.762,0.214,5,1.5673981191222097e-4,-0.04590311004784686
Wheat flour,2005-10-15,per kg,12.64,0.212,5,-0.009559630152013776,-0.06467367174781702
Wheat flour,2005-11-15,per kg,12.97,0.218,5,0.02610759493670889,-0.08391015680180813
Wheat flour,2005-12-15,per kg,12.994,0.216,5,0.0018504240555126117,-0.07634347455217516
Wheat flour,2006-01-15,per kg,13.196,0.22,5,0.015545636447591216,-0.04390668019127664
Wheat flour,2006-02-15,per kg,13.266,0.222,5,0.0053046377690209034,-0.04602329929526827
Wheat flour,2006-03-15,per kg,13.274000000000001,0.222,5,6.030453791647794e-4,-0.05293949771689488
Wheat flour,2006-04-15,per kg,13.254,0.222,5,-0.0015067048365225988,-0.037472766884531605
Wheat flour,2006-05-15,per kg,13.034,0.216,5,-0.01659876263769422,-0.006251906068923341
Wheat flour,2006-06-15,per kg,13.016,0.218,5,-0.0013810035292313172,-0.006412213740457973
Wheat flour,2006-07-15,per kg,13.136,0.218,5,0.009219422249538978,-0.026962962962962966
Wheat flour,2006-08-15,per kg,13.459999999999999,0.224,5,0.024665042630937828,0.054858934169278895
Wheat flour,2006-09-15,per kg,13.51,0.222,5,0.003714710252600284,0.058611502899232004
Wheat flour,2006-10-15,per kg,13.124,0.218,5,-0.02857142857142847,0.03829113924050631
Wheat flour,2006-11-15,per kg,13.578,0.224,5,0.034593111856141334,0.046877409406322235
Wheat flour,2006-12-15,per kg,13.844,0.228,5,0.019590514066872844,0.06541480683392331
Wheat flour,2007-01-15,per kg,15.414,0.252,5,0.11340652990465183,0.16808123673840547
Wheat flour,2007-02-15,per kg,15.414,0.252,5,0,0.16191768430574394
Wheat flour,2007-03-15,per kg,15.414,0.252,5,0,0.1612174175079102
Wheat flour,2007-04-15,per kg,15.486,0.254,5,0.004671078240560567,0.16840199185151672
Wheat flour,2007-05-15,per kg,14.014,0.23,5,-0.09505359679710712,0.07518796992481191
Wheat flour,2007-06-15,per kg,15.534,0.256,5,0.10846296560582291,0.19345421020282738
Wheat flour,2007-07-15,per kg,16.538,0.272,5,0.06463241920947604,0.25898294762484775
Wheat flour,2007-08-15,per kg,16.65,0.274,5,0.006772282017172504,0.236998514115899
Wheat flour,2007-09-15,per kg,16.502,0.272,5,-0.008888888888888835,0.22146558105107328
Wheat flour,2007-10-15,per kg,18.884,0.31,5,0.1443461398618351,0.43889058213959165
Wheat flour,2007-11-15,per kg,19.934,0.326,5,0.055602626562168966,0.46811017822948897
Wheat flour,2007-12-15,per kg,19.442,0.32,5,-0.024681448780977222,0.40436290089569504
Wheat flour,2008-01-15,per kg,20.382,0.326,5,0.04834893529472284,0.32230439859867666
Wheat flour,2008-02-15,per kg,16.274,0.258,5,-0.20155038759689925,0.05579343454002861
Wheat flour,2008-03-15,per kg,16.986,0.27,5,0.043750768096350034,0.10198520825223834
Wheat flour,2008-04-15,per kg,23.404,0.368,5,0.37784057459083953,0.5113005295105255
Wheat flour,2008-05-15,per kg,25.602,0.372,5,0.0939155699880363,0.8268873983159699
Wheat flour,2008-06-15,per kg,23.898,0.36,5,-0.0665573002109211,0.5384318269602162
Wheat flour,2008-07-15,per kg,25.400000000000002,0.364,5,0.0628504477362124,0.5358568146087799
Wheat flour,2008-08-15,per kg,25.6,0.33599999999999997,5,0.007874015748031482,0.5375375375375377
Wheat flour,2008-09-15,per kg,25.614,0.334,5,5.468749999999467e-4,0.5521754938795298
Wheat flour,2008-10-15,per kg,30.215999999999998,0.378,5,0.17966736940735517,0.6000847278119041
Wheat flour,2008-11-15,per kg,29.002,0.366,5,-0.04017738946253635,0.45490117387378337
Wheat flour,2008-12-15,per kg,28.136,0.354,5,-0.029860009654506525,0.4471762164386379
Wheat flour,2009-01-15,per kg,25.94,0.328,5,-0.07804947398350859,0.2726915906191738
Wheat flour,2009-02-15,per kg,25.304,0.318,5,-0.02451811873554366,0.5548728032444388
Wheat flour,2009-03-15,per kg,24.954,0.314,5,-0.01383180524818206,0.46909219357117626
Wheat flour,2009-04-15,per kg,27.004,0.33799999999999997,5,0.08215115813096108,0.15381985985301672
Wheat flour,2009-05-15,per kg,27.406,0.34,5,0.014886683454302885,0.07046324505897972
Wheat flour,2009-06-15,per kg,27.298000000000002,0.34,5,-0.0039407429030138275,0.1422713197757135
Wheat flour,2009-07-15,per kg,28.024,0.34,5,0.026595354971060026,0.1033070866141732
Wheat flour,2009-08-15,per kg,28.546,0.34600000000000003,5,0.01862689123608341,0.11507812499999992
Wheat flour,2009-09-15,per kg,27.934,0.34,5,-0.021439080781895825,0.0905754665417351
Wheat flour,2009-10-15,per kg,28.758,0.348,5,0.029498102670580506,-0.048252581413820494
Wheat flour,2009-11-15,per kg,28.758,0.342,5,0,-0.008413212881870247
Wheat flour,2009-12-15,per kg,28.9,0.342,5,0.004937756450378972,0.027153824282058592
Wheat flour,2010-01-15,per kg,30.088,0.356,5,0.04110726643598617,0.15990747879722433
Wheat flour,2010-02-15,per kg,30.14,0.356,5,0.0017282637596383044,0.19111602908631053
Wheat flour,2010-03-15,per kg,30.032,0.358,5,-0.0035832780358328042,0.20349442975074128
Wheat flour,2010-04-15,per kg,29.15,0.34800000000000003,5,-0.029368673415024027,0.07946970819137888
Wheat flour,2010-05-15,per kg,27.63,0.328,5,-0.05214408233276158,0.008173392687732539
Wheat flour,2010-06-15,per kg,27.445999999999998,0.322,5,-0.0066594281577995185,0.005421642611180166
Wheat flour,2010-07-15,per kg,27.227999999999998,0.316,5,-0.007942869634919525,-0.02840422495004291
Wheat flour,2010-08-15,per kg,27.368,0.318,5,0.0051417658292933766,-0.0412667273873748
Wheat flour,2010-09-15,per kg,29.114,0.342,5,0.06379713534054376,0.04224242858165672
Wheat flour,2010-10-15,per kg,30.392,0.356,5,0.0438964072267638,0.05681897211210796
Wheat flour,2010-11-15,per kg,29.9875,0.35,4,-0.013309423532508524,0.042753320815077656
Wheat flour,2010-12-15,per kg,30.514,0.358,5,0.01755731554814499,0.05584775086505189
Wheat flour,2011-01-15,per kg,30.616,0.36,5,0.0033427279281641464,0.01754852432863596
Wheat flour,2011-02-15,per kg,30.665,0.36,4,0.001600470342304705,0.017418712674187153
Wheat flour,2011-03-15,per kg,30.774,0.362,5,0.003554541007663614,0.024706979222163028
Wheat flour,2011-04-15,per kg,30.078,0.36,5,-0.022616494443361335,0.031835334476843835
Wheat flour,2011-05-15,per kg,28.876,0.336,5,-0.03996276348161443,0.045095910242490156
Wheat flour,2011-06-15,per kg,28.442,0.334,5,-0.015029782518354406,0.03628944108431109
Wheat flour,2011-07-15,per kg,29.683999999999997,0.34600000000000003,5,0.04366781520286889,0.09020126340531798
Wheat flour,2011-08-15,per kg,28.55,0.332,5,-0.03820239859857155,0.04318912598655378
Wheat flour,2011-09-15,per kg,29.634,0.338,5,0.037968476357267855,0.017860822971766055
Wheat flour,2011-10-15,per kg,29.849999999999998,0.34600000000000003,5,0.007288924883579684,-0.017833640431692555
Wheat flour,2011-11-15,per kg,30.396,0.352,5,0.018291457286432333,0.013622342642767737
Wheat flour,2011-12-15,per kg,31.036,0.34800000000000003,5,0.021055402026582515,0.0171069017500165
Wheat flour,2012-01-15,per kg,31.35,0.34800000000000003,5,0.010117283155045786,0.023974392474523265
Wheat flour,2012-02-15,per kg,31.3,0.34800000000000003,5,-0.0015948963317384823,0.02070764715473672
Wheat flour,2012-03-15,per kg,31.482,0.34600000000000003,5,0.005814696485622939,0.023006434002729614
Wheat flour,2012-04-15,per kg,31.838,0.35200000000000004,5,0.01130804904389815,0.058514528891548734
Wheat flour,2012-05-15,per kg,31.568,0.34800000000000003,5,-0.00848043218795147,0.09322620861615172
Wheat flour,2012-06-15,per kg,31.55,0.334,5,-5.701976685250632e-4,0.1092750158216722
Wheat flour,2012-07-15,per kg,31.574,0.334,5,7.606973058638111e-4,0.06367066433095281
Wheat flour,2012-08-15,per kg,32.372,0.342,5,0.02527395958700196,0.1338704028021016
Wheat flour,2012-09-15,per kg,33.612,0.35400000000000004,5,0.03830470777214878,0.13423769993925894
Wheat flour,2012-10-15,per kg,33.7,0.35400000000000004,5,0.0026181125788409254,0.12897822445561147
Wheat flour,2012-11-15,per kg,34.166,0.358,5,0.013827893175073935,0.124029477562837
Wheat flour,2012-12-15,per kg,34.614,0.356,5,0.01311245097465319,0.11528547493233643
Wheat flour,2013-01-15,per kg,36.806000000000004,0.378,5,0.06332697752354566,0.17403508771929843
Wheat flour,2013-02-15,per kg,36.71,0.374,5,-0.0026082703906972204,0.17284345047923333
Wheat flour,2013-03-15,per kg,36.769999999999996,0.374,5,0.0016344320348677943,0.1679689981576773
Wheat flour,2013-04-15,per kg,35.498,0.362,5,-0.03459341854772913,0.11495696965889812
Wheat flour,2013-05-15,per kg,36.068,0.368,5,0.01605724266155839,0.142549417131272
Wheat flour,2013-06-15,per kg,37.738,0.384,5,0.046301430631030316,0.19613312202852606
Wheat flour,2013-07-15,per kg,38.954,0.388,5,0.032222163336689924,0.2337366187369354
Wheat flour,2013-08-15,per kg,40.368,0.394,5,0.03629922472660074,0.24700358334363037
Wheat flour,2013-09-15,per kg,41.182,0.392,5,0.020164486722156205,0.22521718433892657
Wheat flour,2013-10-15,per kg,41.496,0.39,5,0.007624690398717826,0.23133531157270015
Wheat flour,2013-11-15,per kg,42.774,0.398,5,0.030798149219201765,0.2519463794415502
Wheat flour,2013-12-15,per kg,44.004,0.412,5,0.02875578622527697,0.2712775177673774
Wheat flour,2014-01-15,per kg,44.02,0.42,5,3.6360330879015024e-4,0.19600065206759765
Wheat flour,2014-02-15,per kg,44.1,0.422,5,0.0018173557473875057,0.20130754562789432
Wheat flour,2014-03-15,per kg,44.378,0.448,5,0.006303854875283399,0.20690780527604047
Wheat flour,2014-04-15,per kg,42.73,0.446,5,-0.037135517598810286,0.20372978759366722
Wheat flour,2014-05-15,per kg,40.146,0.406,5,-0.06047273578282231,0.11306421204391714
Wheat flour,2014-06-15,per kg,38.974000000000004,0.398,5,-0.029193443929656726,0.03275213312841174
Wheat flour,2014-07-15,per kg,39.73,0.402,5,0.019397547082670386,0.019920932381783496
Wheat flour,2014-08-15,per kg,41.078,0.412,5,0.03392902089101457,0.017588188664288573
Wheat flour,2014-09-15,per kg,41.066,0.4,5,-2.921271726958885e-4,-0.0028167646058957496
Wheat flour,2014-10-15,per kg,40.638,0.396,5,-0.010422247114401317,-0.020676691729323404
Wheat flour,2014-11-15,per kg,40.558,0.398,5,-0.001968600816969257,-0.051807172581474714
Wheat flour,2014-12-15,per kg,40.338,0.402,5,-0.00542433058829328,-0.0833106081265339
Wheat flour,2015-01-15,per kg,39.658,0.394,5,-0.01685755367147601,-0.09909132212630622
Wheat flour,2015-02-15,per kg,39.9,0.394,5,0.0061021735841444436,-0.09523809523809534
Wheat flour,2015-03-15,per kg,39.658,0.39,5,-0.006065162907268107,-0.10635900671503895
Wheat flour,2015-04-15,per kg,38.902,0.382,5,-0.01906298855212063,-0.0895857711209922
Wheat flour,2015-05-15,per kg,38.226,0.374,5,-0.017376998611896566,-0.047825437154386585
Wheat flour,2015-06-15,per kg,37.618,0.37,5,-0.01590540469837276,-0.03479242571971064
Wheat flour,2015-07-15,per kg,38.04,0.372,5,0.011218033919931925,-0.042537125597785
Wheat flour,2015-08-15,per kg,38.05,0.374,5,2.628811777076745e-4,-0.07371342324358554
Wheat flour,2015-09-15,per kg,38.211999999999996,0.366,5,0.004257555847569039,-0.06949788145911473
Wheat flour,2015-10-15,per kg,39.316,0.378,5,0.028891447712760643,-0.03253112850041817
Wheat flour,2015-11-15,per kg,39.908,0.378,5,0.015057482958591883,-0.016026431283593823
Wheat flour,2015-12-15,per kg,40.116,0.382,5,0.005211987571414278,-0.00550349546333484
Wheat flour,2016-01-15,per kg,40.294,0.384,5,0.0044371323162826215,0.016037117353371322
Wheat flour,2016-02-15,per kg,40.002,0.382,5,-0.0072467364868217254,0.0025563909774437565
Wheat flour,2016-03-15,per kg,39.472,0.378,5,-0.013249337533123406,-0.004690100358061389
Wheat flour,2016-04-15,per kg,38.794000000000004,0.372,5,-0.01717673287393584,-0.0027762068788236283
Wheat flour,2016-05-15,per kg,38.192,0.364,5,-0.015517863587152791,-8.894469732642074e-4
Wheat flour,2016-06-15,per kg,38.19,0.364,5,-5.2366987850938074e-5,0.015205486735073492
Wheat flour,2016-07-15,per kg,38.577999999999996,0.368,5,0.010159727677402364,0.014143007360672977
Wheat flour,2016-08-15,per kg,38.67,0.368,5,0.0023847788895225985,0.016294349540078912
Wheat flour,2016-09-15,per kg,38.728,0.37,5,0.0014998707008015977,0.013503611430964346
Wheat flour,2016-10-15,per kg,39.324,0.376,5,0.015389382359016546,2.0347949944032884e-4
Wheat flour,2016-11-15,per kg,39.654,0.378,5,0.008391821788221066,-0.006364638668938549
Wheat flour,2016-12-15,per kg,39.756,0.378,5,0.002572249962172757,-0.008973975471133655
Wheat flour,2017-01-15,per kg,39.776,0.378,5,5.030687191871497e-4,-0.012855511986896162
Wheat flour,2017-02-15,per kg,39.814,0.38,5,9.553499597747539e-4,-0.004699765011749513
Wheat flour,2017-03-15,per kg,39.83,0.38,5,4.018686894056156e-4,0.009069720308066298
Wheat flour,2017-04-15,per kg,38.982,0.37,5,-0.02129048455937732,0.004846110223230227
Wheat flour,2017-05-15,per kg,38.214,0.364,5,-0.019701400646452205,5.760368663594306e-4
Wheat flour,2017-06-15,per kg,37.798,0.36,5,-0.010886062699534071,-0.010264467137994115
Wheat flour,2017-07-15,per kg,37.508,0.358,5,-0.007672363617122535,-0.027736015345533604
Wheat flour,2017-08-15,per kg,37.168,0.35400000000000004,5,-0.00906473285699061,-0.0388414791828291
Wheat flour,2017-09-15,per kg,37.66,0.358,5,0.013237193284545867,-0.02757694691179524
Wheat flour,2017-10-15,per kg,38.486,0.366,5,0.021933085501858685,-0.021310141389482284
Wheat flour,2017-11-15,per kg,39.618,0.376,5,0.029413293145559516,-9.078529278256919e-4
Wheat flour,2017-12-15,per kg,39.944,0.362,5,0.008228582967338083,0.004728845960358274
Wheat flour,2018-01-15,per kg,39.912,0.36,5,-8.011215701984042e-4,0.0034191472244569088
Wheat flour,2018-02-15,per kg,39.732,0.358,5,-0.004509921828021679,-0.002059577033204474
Wheat flour,2018-03-15,per kg,39.5,0.358,5,-0.00583912211819182,-0.008285212151644461
Wheat flour,2018-04-15,per kg,38.524,0.334,5,-0.024708860759493634,-0.011749012364681066
Wheat flour,2018-05-15,per kg,37.206,0.32,5,-0.03421243899906545,-0.02637776731040964
Wheat flour,2018-06-15,per kg,36.802,0.308,5,-0.010858463688652509,-0.026350600560876347
Wheat flour,2018-07-15,per kg,39.598,0.324,5,0.07597413184066082,0.055721446091500315
Wheat flour,2018-08-15,per kg,39.548,0.322,5,-0.0012626900348501335,0.06403357727077053
Wheat flour,2018-09-15,per kg,39.824,0.324,5,0.006978861130777725,0.05746149761019659
Wheat flour,2018-10-15,per kg,40.448,0.306,5,0.015668943350743314,0.0509795769890351
Wheat flour,2018-11-15,per kg,40.416,0.302,5,-7.911392405064444e-4,0.020142359533545262
Wheat flour,2018-12-15,per kg,40.396,0.29000000000000004,5,-4.948535233569862e-4,0.011315842179050684
Wheat flour,2019-01-15,per kg,40.448,0.29000000000000004,5,0.0012872561639765134,0.013429544998997844
Wheat flour,2019-02-15,per kg,40.589999999999996,0.29200000000000004,5,0.003510680379746667,0.021594684385382035
Wheat flour,2019-03-15,per kg,40.658,0.29000000000000004,5,0.0016752894801677076,0.02931645569620267
Wheat flour,2019-04-15,per kg,40.04,0.28400000000000003,5,-0.015199960647351074,0.03935209220226343
Wheat flour,2019-05-15,per kg,40.524,0.286,5,0.012087912087912045,0.08917916465086262
Wheat flour,2019-06-15,per kg,42.088,0.27,5,0.0385944131872471,0.1436334981794467
Wheat flour,2019-07-15,per kg,43.262,0.274,5,0.027893936513970763,0.0925299257538259
Wheat flour,2019-08-15,per kg,43.172000000000004,0.27,5,-0.0020803476492070594,0.09163548093456053
Wheat flour,2019-09-15,per kg,44.592,0.28600000000000003,5,0.03289168905772244,0.11972679791080765
Wheat flour,2019-10-15,per kg,45.732,0.292,5,0.025565123789020427,0.13063686708860756
Wheat flour,2019-11-15,per kg,47.03,0.304,5,0.028382751683722507,0.16364806017418854
Wheat flour,2019-12-15,per kg,45.1975,0.29000000000000004,4,-0.038964490750584835,0.11886077829488051
Wheat flour,2020-01-15,per kg,49.78,0.322,5,0.1013883511256155,0.23071598101265822
Wheat flour,2020-02-15,per kg,46.74,0.302,5,-0.06106870229007633,0.1515151515151516
Wheat flour,2020-03-15,per kg,46.22,0.296,5,-0.011125374411638966,0.13679964582615955
Wheat flour,2020-04-15,per kg,46.204,0.276,5,-3.461704889657913e-4,0.15394605394605398
Wheat flour,2020-05-15,per kg,45.518,0.28600000000000003,5,-0.014847199376677334,0.12323561346362655
Wheat flour,2020-06-15,per kg,52.064,0.316,5,0.14381123950964447,0.23702718114426902
Wheat flour,2020-07-15,per kg,52.839999999999996,0.318,5,0.014904732636754625,0.2213952198234015
Wheat flour,2020-08-15,per kg,53.554,0.32,5,0.013512490537471722,0.24047994070230705
Wheat flour,2020-09-15,per kg,53.694,0.326,5,0.002614183814467541,0.2041173304628634
Wheat flour,2020-10-15,per kg,55.711999999999996,0.342,5,0.03758334264536067,0.21822793667453855
Wheat flour,2020-11-15,per kg,53.456,0.336,5,-0.04049396898334279,0.13663618966617053
Wheat flour,2020-12-15,per kg,53.186,0.332,5,-0.005050882969171,0.17674650146578919
Wheat flour,2021-01-15,per kg,49.72,0.312,5,-0.0651675252886098,-0.0012053033346726139
Wheat flour,2021-02-15,per kg,50.04,0.314,5,0.006436041834271933,0.0706033376123234
Wheat flour,2021-03-15,per kg,49.376,0.314,5,-0.013269384492406111,0.06828212894850716
Wheat flour,2021-04-15,per kg,51.282,0.334,5,0.03860174983797804,0.10990390442385922
Wheat flour,2021-05-15,per kg,56.912,0.374,5,0.10978510978510991,0.2503185552968057
Wheat flour,2021-06-15,per kg,57.28,0.366,5,0.00646612313747541,0.10018438844499089
Wheat flour,2021-07-15,per kg,57.452,0.362,5,0.0030027932960894343,0.08728236184708549
Wheat flour,2021-08-15,per kg,57.818000000000005,0.35400000000000004,5,0.006370535403467326,0.07962056989207156
Wheat flour,2021-09-15,per kg,61.72,0.364,5,0.06748763360891052,0.14947666405929882
Wheat flour,2021-10-15,per kg,59.245,0.34500000000000003,4,-0.04010045366169801,0.06341542217116602
Wheat flour,2021-11-15,per kg,61.456,0.356,5,0.037319605029960456,0.1496557916791379
Wheat flour,2021-12-15,per kg,60.32,0.338,5,-0.018484769591252337,0.13413304252998914
Wheat flour,2022-01-15,per kg,58.972,0.334,5,-0.02234748010610077,0.18608205953338697
Wheat flour,2022-02-15,per kg,58.716,0.334,5,-0.004341043206945727,0.17338129496402876
Wheat flour,2022-03-15,per kg,59.262,0.334,5,0.009298998569384764,0.20021872974724575
Wheat flour,2022-04-15,per kg,60.315,0.3325,4,0.017768553204414284,0.1761436761436761
Wheat flour,2022-05-15,per kg,63.792,0.332,5,0.057647351405123226,0.12088838909193145
Wheat flour,2022-06-15,per kg,66.57600000000001,0.324,5,0.04364183596689242,0.16229050279329615
Wheat flour,2022-07-15,per kg,68.092,0.322,5,0.0227709685171833,0.1851980783958782
Wheat flour,2022-08-15,per kg,66.386,0.312,5,-0.025054338248252428,0.14818914524888416
Wheat flour,2022-09-15,per kg,77.78,0.328,5,0.1716325731328896,0.26020738820479594
Wheat flour,2022-10-15,per kg,83.534,0.382,5,0.07397788634610447,0.4099755253607902
Wheat flour,2022-11-15,per kg,82.78,0.374,5,-0.009026264754471325,0.34697995313720376
Wheat flour,2022-12-15,per kg,89.472,0.398,5,0.08084078279777707,0.483289124668435
Wheat flour,2023-01-15,per kg,104.704,0.456,5,0.1702432045779685,0.7754866716407784
Wheat flour,2023-02-15,per kg,97.91,0.368,5,-0.06488768337408313,0.6675182233122146
Wheat flour,2023-03-15,per kg,115.18,0.40599999999999997,5,0.17638647737718327,0.9435726097667985
Wheat flour,2023-04-15,per kg,134.328,0.474,5,0.16624413960757067,1.2271076846555586
Wheat flour,2023-05-15,per kg,138.805572,0.49,5,0.033333124888333066,1.1759087659894658
Wheat flour,2023-06-15,per kg,128.452,0.448,5,-0.07459046384679724,0.9294039894256185
Wheat flour,2023-07-15,per kg,128.452,0.464,5,0,0.8864477471655996
Wheat flour,2023-08-15,per kg,140.91357200000002,0.49,5,0.09701345249587412,1.122639893953545
Wheat flour,2023-09-15,per kg,137.875,0.46749999999999997,4,-0.021563373611734216,0.772627924916431
Wheat flour,2023-10-15,per kg,137.31799999999998,0.496,5,-0.004039891205802504,0.6438575909210618
Wheat flour,2023-11-15,per kg,137.934,0.48,5,0.004485937750331459,0.6662720463880163
Wheat flour,2023-12-15,per kg,139.60399999999998,0.492,5,0.012107239694346461,0.5603093705293276
Wheat flour,2024-01-15,per kg,140.344,0.504,5,0.0053007077161113525,0.3403881418092909
Wheat flour,2024-02-15,per kg,138.864,0.496,5,-0.01054551673031967,0.4182820958022675
Wheat flour,2024-03-15,per kg,135.762,0.488,5,-0.022338403041825106,0.17869421774613636
Wheat flour,2024-04-15,per kg,121.886,0.438,5,-0.10220827624814022,-0.09262402477517728
Wheat flour,2024-05-15,per kg,96.136,0.34600000000000003,5,-0.21126298344354566,-0.30740532519832864
Wheat flour,2024-06-15,per kg,89.92,0.322,5,-0.06465840059915118,-0.2999719739669292
Wheat flour,2024-07-15,per kg,97.298,0.35,5,0.08205071174377232,-0.2425341761903279
Wheat flour,2024-08-15,per kg,92.616,0.33,5,-0.04812020802071992,-0.34274606281359477
Wheat flour,2024-09-15,per kg,87.334,0.316,5,-0.05703118251705963,-0.3665711695376246
Wheat flour,2024-10-15,per kg,90.878,0.328,5,0.04057984290196259,-0.33819309922952556
Wheat flour,2024-11-15,per kg,92.464,0.332,5,0.01745196857325193,-0.3296504125161309
Wheat flour,2024-12-15,per kg,91.60600000000001,0.328,5,-0.009279287073888143,-0.3438153634566343
Wheat flour,2025-01-15,per kg,90.528,0.326,5,-0.011767788136148316,-0.3549563928632502
Wheat flour,2025-02-15,per kg,88.732,0.318,5,-0.019839165782962298,-0.3610150939048278
Wheat flour,2025-03-15,per kg,88.594,0.318,5,-0.0015552450074381996,-0.34743153459731
Wheat flour,2025-04-15,per kg,81.77250000000001,0.2925,4,-0.07699731358782747,-0.3291067062665113
Wheat flour,2025-05-15,per kg,75.792,0.27,5,-0.07313583417408065,-0.2116168760922027
Wheat flour,2025-06-15,per kg,75.952,0.268,5,0.002111040743086212,-0.155338078291815
Wheat flour,2025-07-15,per kg,75.55,0.266,5,-0.005292816515694132,-0.22351949680363425
Wheat flour,2025-08-15,per kg,80.152,0.28200000000000003,5,0.06091330244870963,-0.13457717888917675
Wheat flour,2025-09-15,per kg,106.208,0.374,5,0.32508234354726007,0.2161128541003503
Wheat flour,2025-10-15,per kg,110.836,0.392,5,0.043574871949382254,0.2196131076828276
Wheat flour,2025-11-15,per kg,110,0.39,5,-0.007542675664946374,0.18965218896002778
Wheat flour,2025-12-15,per kg,111.32,0.398,5,0.01200000000000001,0.21520424426347606
Wheat flour,2026-01-15,per kg,118.6,0.426,5,0.065397053539346,0.3100919052668787
Wheat flour,2026-02-15,per kg,116.8,0.418,5,-0.015177065767284947,0.31632331064328545
Wheat flour,2026-03-15,per kg,113.6,0.40599999999999997,5,-0.0273972602739726,0.2822538772377363
Wheat flour,2026-04-15,per kg,110,0.394,5,-0.03169014084507038,0.3451955119386101
Wheat flour,2026-05-15,per kg,119.8,0.428,5,0.08909090909090911,0.5806417563858981
